prompt,completion
"Do the two product descriptions refer to the same real-world product? Entity 1: 'HDD 35 4TB Seagate IronWolf Pro NAS ST4000NE001'. Entity 2: 'HD 3,5 4TB 7200RPM IRONWOLF PRO 128 MB SATA3 SEAGATE'.",Yes
Do the two product descriptions refer to the same real-world product? Entity 1: 'Buy Quality Replica Omega Seamaster Planet Ocean 600M Steel Chronometer Chronograph Watch 215.30.46.51.01.001'. Entity 2: 'GIGABYTE Radeon RX 5500 XT OC - 4GB GDDR6 RAM - Grafikkort'.,No
Do the two product descriptions refer to the same real-world product? Entity 1: 'Ubiquiti UVC-G3-FLEX-3 UniFi Protect G3 FLEX Camera 3-Pack'. Entity 2: 'AAA Replica Omega Seamaster Planet Ocean 600M Chronograph Stainless Steel Blue Watch 215.30.46.51.03.001'.,No
Do the two product descriptions refer to the same real-world product? Entity 1: 'Brother HL-L6300DW Business Laser Printer for Mid-Size Workgroups -HL-L6300DW'. Entity 2: 'Epson T6923 Ultrachrome XD rautt Ink 110ml'.,No
Do the two product descriptions refer to the same real-world product? Entity 1: 'KINGSTON 64GB USB 3.0 DataTraveler SE9 G2 (Kovový) DTSE9G2/64GB'. Entity 2: 'Buy Quality Replica Tag Heuer Monaco Steve McQueen Chronograph Watch CAW211P.FC6356'.,No
Do the two product descriptions refer to the same real-world product? Entity 1: 'Swiss Military Hanowa FLAGSHIP 06-5161.2.04.007 Herrenuhr'. Entity 2: 'Swiss Military Hanowa Flagship 06-5161.2.04.003'.,No
Do the two product descriptions refer to the same real-world product? Entity 1: 'Sony SEL24240 FE 24-240mm f/3.5-6.3 OSS Zoom Lens for Mirrorless Cameras'. Entity 2: 'WD My Passport - 1 TB'.,No
"Do the two product descriptions refer to the same real-world product? Entity 1: 'Catalyst 2960-X 24 GigE PoE 370W, 2 x 10G SFP+, LAN Base'. Entity 2: '8GB Corsair ValueSelect DDR4-2133 DIMM CL15 Single'.",No
"Do the two product descriptions refer to the same real-world product? Entity 1: 'Corsair ML140 PRO RGB LED 140MM PWM Premium Magnetic Levitation Fan - Single Pack'. Entity 2: 'Corsair ML140 Pro LED, Red, 140mm Premium Magnetic Levitation Fan'.",No
Do the two product descriptions refer to the same real-world product? Entity 1: 'Samsung Portable SSD T7 Touch - Black - 2TB'. Entity 2: 'Samsung T7 Touch Portable SSD Drive [1TB](Silver)'.,No
Do the two product descriptions refer to the same real-world product? Entity 1: 'HyperX FURY - DDR3 - 8 GB: 2 x 4 GB - DIMM 240-pin - unbuffered'. Entity 2: 'Brother HL-L6200DW Business Laser Printer'.,No
Do the two product descriptions refer to the same real-world product? Entity 1: 'Traveler's Notebook Starter Kit (Passport Size) - Blue'. Entity 2: 'Manfrotto XPRO Fluid Tripod Head with Fluidity Selector'.,No
Do the two product descriptions refer to the same real-world product? Entity 1: 'DJI Mavic Pro automobilinis įkroviklis / Car Charger'. Entity 2: 'DJI Mavic Air Car Charger'.,No
Do the two product descriptions refer to the same real-world product? Entity 1: 'APC RBC140 Replacement Battery Cartridge'. Entity 2: 'APC (APCRBC110) REPLACEMENT BATTERY CATRIDGE #110'.,No
"Do the two product descriptions refer to the same real-world product? Entity 1: '3M - Lightweight 300 Privacy Filter PF322WSkjermfilter mot innsyn, m/ramme 20\""-23\""W (30,7 x 48,5)'. Entity 2: '3M - Privacy filter framed lightweight 18,1\""\""-20\""\"" widescreen'.",No
Do the two product descriptions refer to the same real-world product? Entity 1: 'Brother HL-L8360CDW Laser Printer'. Entity 2: 'Canon PGI-29 Ink Tank Grey 4871B001AA CO68194'.,No
Do the two product descriptions refer to the same real-world product? Entity 1: 'Hydro Flask 21 Oz- Black'. Entity 2: 'Gigabyte GeForce GTX 1650 Super OC'.,No
Do the two product descriptions refer to the same real-world product? Entity 1: 'HyperX 8GB (2x4GB) 1600MHz CL10 Fury Blue'. Entity 2: 'HyperX FURY Blue 4GB (1x4GB) 1600MHz DDR3 Memory'.,No
Do the two product descriptions refer to the same real-world product? Entity 1: 'WD BLUE 1TB SN550 NVME M.2 2280 SSD (WDS100T2B0C)'. Entity 2: 'Samsung 1TB SSD 970 EVO NVMe M.2'.,No
"Do the two product descriptions refer to the same real-world product? Entity 1: 'Western Digital My PassPort, 4TB, BLACK3 Years - WDBYFT0040BBK-WESN'. Entity 2: 'Samsung Portable SSD T7 Touch 1TB - Zilver'.",No
Do the two product descriptions refer to the same real-world product? Entity 1: 'Crucial 8GB (1x8GB) DDR3 1600MHz SODIMM'. Entity 2: 'Crucial 4GB (1x4GB) 2666MHz DDR4 Memory'.,No
Do the two product descriptions refer to the same real-world product? Entity 1: 'Omega Seamaster Planet Ocean Automatic Chronograph Two-Tone Rubber Watch 215.32.46.51.01.001'. Entity 2: 'Sigma 105mm F1.4 Art DG HSM EOS Mount Lens'.,No
Do the two product descriptions refer to the same real-world product? Entity 1: 'Original Epson T1571 Photo Black Ink Cartridge'. Entity 2: 'Epson Ink Cartridge - Matte Black 700ml'.,No
"Do the two product descriptions refer to the same real-world product? Entity 1: 'Samsung 50\"" 4K UHD HDR QLED Smart TV (QN50Q60TAFXZC)'. Entity 2: 'BenQ SW271 Pro 27in IPS LCD Monitor 4K UHD'.",No
Do the two product descriptions refer to the same real-world product? Entity 1: 'Corsair 110R Tempered Glass Mid-Tower ATX Case'. Entity 2: 'Shimano Dura-Ace CS-R9100 11-28T 11sp Cassette'.,No
Do the two product descriptions refer to the same real-world product? Entity 1: 'Samsung 970 EVO Plus 2TB SSD'. Entity 2: 'Samsung 970 EVO Plus 250GB SSD'.,No
"Do the two product descriptions refer to the same real-world product? Entity 1: '3M - Privacy filter framed lightweight 18,1\""\""-20\""\"" widescreen'. Entity 2: '3M - Privacy Filter 23.0\""\"" Framed'.",No
Do the two product descriptions refer to the same real-world product? Entity 1: 'Mavic 2 Part11 Car Charger'. Entity 2: 'DJI Mavic 2 Car Charger'.,Yes
"Do the two product descriptions refer to the same real-world product? Entity 1: 'Johnnie Walker - Blue Label 70cl'. Entity 2: 'Johnnie Walker Blue Label 0,7 ltr.'.",Yes
Do the two product descriptions refer to the same real-world product? Entity 1: 'Jabra EVOLVE 80 MS Stereo (7899-823-109)'. Entity 2: 'Jabra Evolve 80 UC stereo SKype for Business'.,Yes
Do the two product descriptions refer to the same real-world product? Entity 1: 'Ubiquiti UniFi Video Camera G4 Pro (UVC-G4-PRO)'. Entity 2: 'Ubiquiti UniFi Protect G4-PRO Camera'.,Yes
Do the two product descriptions refer to the same real-world product? Entity 1: 'ASUS ROG STRIX B550-E GAMING Presa AM4 ATX AMD B550'. Entity 2: 'HPE 300GB SERVER SMART MEMORY 6G 15K SAS 2.5 652611-B21'.,No
Do the two product descriptions refer to the same real-world product? Entity 1: 'Elixir Phosphor Acoustic Strings - Extra Light'. Entity 2: 'PG-730 7-Speed Cassette'.,No
Do the two product descriptions refer to the same real-world product? Entity 1: 'Manfrotto MVK500AM Fluid Video Head With Lightweight Telescopic Legs'. Entity 2: 'Manfrotto XPRO Fluid Tripod Head with Fluidity Selector'.,No
"Do the two product descriptions refer to the same real-world product? Entity 1: 'Lant Shimano CN-HG601-11, 11 Viteze'. Entity 2: 'Shimano CN-HG601 105 5800 / SLX M7000 Chain With Quick Link 11-Speed - 116 Links, SIL-TEC'.",Yes
Do the two product descriptions refer to the same real-world product? Entity 1: 'SHIMANO RS500 SPD-SL road pedals'. Entity 2: 'Shimano Pedal PD-RS500 SL Black'.,Yes
Do the two product descriptions refer to the same real-world product? Entity 1: 'Mens Daniel Wellington St Mawes 40mm Watch DW00100006'. Entity 2: 'Daniel Wellington - Classic St Mawes Rose Gold - 40mm'.,Yes
Do the two product descriptions refer to the same real-world product? Entity 1: 'Canon EF-S 10-18/4.5-5.6 IS STM'. Entity 2: 'Canon EF-S 55-250 f4-5.6 IS STM'.,No
Do the two product descriptions refer to the same real-world product? Entity 1: 'Gigabyte Radeon RX 5500 XT OC 4GB GDDR6'. Entity 2: 'Gigabyte AMD Radeon RX 5500 XT OC 8GB GDDR6 RDNA PCIe 4.0 Graphics Card'.,No
"Do the two product descriptions refer to the same real-world product? Entity 1: 'Genuine Epson C13T616400 Yellow Ink Cartridge (T6164YOEM)'. Entity 2: 'Epson Tinte T6164 Yellow, 53 ml'.",Yes
"Do the two product descriptions refer to the same real-world product? Entity 1: 'Swiss Military Hanowa Flagship 06-5161.2.04.007'. Entity 2: 'Asus ROG Strix X570-F GAMING Motherboard,DDR4, 3x PCIe x16, SATA III RAID, USB 3.2, GLAN, M.2, DisplayPort, HDMI, 8ch audio, ATX, scAM4, Ryzen | 90MB1160-M0EAY0'.",No
"Do the two product descriptions refer to the same real-world product? Entity 1: 'Corsair 110R Tempered Glass Black ATX Case, Tempered Glass Side Window, No PSU, 2x USB 3.1, HD Audio, 120mm Fan pre-installed'. Entity 2: 'Blaze 2 Burner Professional Built-In Propane Gas Outdoor Grill, BLZ-2PRO-LP'.",No
"Do the two product descriptions refer to the same real-world product? Entity 1: 'Access Point|TP-LINK|300 Mbps|IEEE 802.3af|IEEE 802.11b|IEEE 802.11g|IEEE 802.11n|1xRJ45|Number of antennas 2|EAP115'. Entity 2: 'Seagate 2TB FireCuda 3.5"" SATA 6Gb/s SSHD'.",No
"Do the two product descriptions refer to the same real-world product? Entity 1: 'RAM Triple 1\"" Ball Adapter - RAM-B-289U'. Entity 2: 'RAM Motorcycle Fork Stem Base w 1\"" Ball (RAM-B-342U)'.",No
Do the two product descriptions refer to the same real-world product? Entity 1: 'Crucial CT51264BD160BJ 4GB DDR3L-1600 UDIMM Memory Module'. Entity 2: 'Canon EF-M 18-150mm f/3.5-6.3 IS STM Schwarz EU10'.,No
Do the two product descriptions refer to the same real-world product? Entity 1: '4GB DDR3-1866MHz Kingston HyperX Fury Black'. Entity 2: 'Kingston 4GB DDR3 1600MHz HyperX Fury Black Series'.,No
Do the two product descriptions refer to the same real-world product? Entity 1: 'AMD RYZEN 5 2400G Quad-Core 3.6 GHz (3.9 GHz Max Boost) Socket AM4 65W YD2400C5FBBOX Desktop Processor'. Entity 2: 'Processador Amd Am4 Ryzen R5-2400g 3.9ghz 6mb'.,Yes
"Do the two product descriptions refer to the same real-world product? Entity 1: 'Kingston Technology ValueRAM 4GB DDR3-1600 4GB DDR3 1600MHz memoria'. Entity 2: 'Blaze Grill Cart for 40\"" Gas Grill'.",No
"Do the two product descriptions refer to the same real-world product? Entity 1: 'Nobreak APC Smart-UPS SURT 20kVA/16kW, 230V'. Entity 2: 'Toner Brother - Nero - ricarica toner tn200'.",No
"Do the two product descriptions refer to the same real-world product? Entity 1: 'Blaze 40-Inch Cart For 5-Burner Grill, Cart Only'. Entity 2: 'Ext. HDD LaCie Mobile Drive 2TB USB-C'.",No
"Do the two product descriptions refer to the same real-world product? Entity 1: 'Asus ROG STRIX B550-E GAMING AM4 ATX Motherboard'. Entity 2: 'ASUS AMD ATX ROG STRIX B550 F Gaming Motherboard AM4 Dual DDR4, HDMI, Dual M.2'.",No
Do the two product descriptions refer to the same real-world product? Entity 1: 'Sony SEL24240 FE 24-240mm f/3.5-6.3 OSS Zoom Lens for Mirrorless Cameras'. Entity 2: '3M - Framed Privacy Filter for 19 Widescreen Monitor (16:10)'.,No
Do the two product descriptions refer to the same real-world product? Entity 1: 'HK DVR TURBOHD 8ch DS-7208HQHI-K2/P'. Entity 2: 'DS-7216HQHI-K1 Hikvision 16 cs. TurboHD DVR'.,No
Do the two product descriptions refer to the same real-world product? Entity 1: 'ASUS Dual GeForce GTX 1660 6GB OC Edition EVO 192Bit GDDR5'. Entity 2: 'ASUS Dual GeForce RTX 2060 6G OC EVO Edition 192Bit GDDR6'.,No
Do the two product descriptions refer to the same real-world product? Entity 1: 'Intel Core i7-10700KF Prosessor'. Entity 2: 'Cloud Core Router CCR1036-12G-4S-EM'.,No
Do the two product descriptions refer to the same real-world product? Entity 1: 'EJ16 - Acoustic Phosphor Bronze 12-53'. Entity 2: 'D'Addario EJ16 Phosphor Bronze Light Acoustic Guitar Strings'.,Yes
Do the two product descriptions refer to the same real-world product? Entity 1: 'Samsung Portable SSD T7 Touch 1TB - Zilver'. Entity 2: 'HYDRO FLASK HYDRO FLASK 21OZ STANDARD MOUTH BOTTLE-OLIVE'.,No
"Do the two product descriptions refer to the same real-world product? Entity 1: 'Epson S050189 Cyan, High Capacity Toner Cartridge'. Entity 2: 'Canon PFI107C Cyan Laser Toner Cartridge Remanufactured'.",No
Do the two product descriptions refer to the same real-world product? Entity 1: '8GB Corsair ValueSelect DDR4-2133 DIMM CL15 Single'. Entity 2: 'Corsair Vengeance LPX CMK8GX4M1A2666C16 8GB (1x8GB) 2666Mhz DDR4'.,No
Do the two product descriptions refer to the same real-world product? Entity 1: 'Crucial 4GB DDR4-2666 SODIMM | CT4G4SFS8266 | Crucial UK'. Entity 2: 'Crucial Crucial Memory 4GB DDR3L 1600 1.35V SODIMM Retail CT51264BF160BJ'.,No
Do the two product descriptions refer to the same real-world product? Entity 1: 'Western Digital Western Digital 2TB Blue'. Entity 2: 'Western Digital WD10JFCX RED 1000 GB SATA3 1TB'.,No
Do the two product descriptions refer to the same real-world product? Entity 1: 'Ubiquiti UniFi CloudKey Gen2 Plus'. Entity 2: 'Logitech H540 USB Headset With High-Definition sound and on-ear controls - Black | 981-000480'.,No
Do the two product descriptions refer to the same real-world product? Entity 1: 'Caixa Cooler_Master Caixa para PC NSE-300-KKN1'. Entity 2: 'HyperX 16GB (1x16GB) 3200MHz CL16 Fury'.,No
Do the two product descriptions refer to the same real-world product? Entity 1: 'EPSON Premium Glossy Photo Paper A4/30ks'. Entity 2: 'Epson A4 Premium Glossy Photo Paper'.,Yes
Do the two product descriptions refer to the same real-world product? Entity 1: '0000006490| Canon EF-S 18-135mm f3.5-5.6 IS NANO USM Lens'. Entity 2: 'Crucial Crucial Memory 4GB DDR3L 1600 1.35V SODIMM Retail CT51264BF160BJ'.,No
Do the two product descriptions refer to the same real-world product? Entity 1: 'TP-Link | AC1900 High Gain Dual Band Wifi Adapter | Wireless WiFi Network Adapter for PC (Archer T9UH)'. Entity 2: 'Crucial BX500 480GB SSD Micron 3D NAND SATA III 6Gb/s 2.5 Internal Solid State Drive'.,No
"Do the two product descriptions refer to the same real-world product? Entity 1: 'Crucial MX500 250GB SATA 2.5-inch, SATA 6.0Gb/s 7mm Solid State Drive'. Entity 2: 'Kingston Technology SA400S37/240G A400 SSD Solid State Drive 2.5 Inch SATA-3 - 240GB'.",No
"Do the two product descriptions refer to the same real-world product? Entity 1: '16TB IronWolf Pro ST16000NE000, 7200 RPM, SATA 6Gb/s, 256MB cache, 3.5-Inch HDD'. Entity 2: 'HD 3,5 4TB 7200RPM IRONWOLF PRO 128 MB SATA3 SEAGATE'.",No
Do the two product descriptions refer to the same real-world product? Entity 1: 'Toner Brother original amarillo TN135Y'. Entity 2: 'Canon EF-S 18-135/3.5-5.6 IS USM'.,No
Do the two product descriptions refer to the same real-world product? Entity 1: 'Canon PFI107C Cyan Laser Toner Cartridge Remanufactured'. Entity 2: 'Originlny toner CANON CRG-707 C (Azrov)'.,No
Do the two product descriptions refer to the same real-world product? Entity 1: 'Pokemon TCG:Sword and Shield Rebel Clash Three Booster Blister- Dural'. Entity 2: 'PKM - Pokémon - Sword & Shield - Rebel Clash Booster'.,No
Do the two product descriptions refer to the same real-world product? Entity 1: 'Impresora brother laser monocromo hl - l6300dw a4'. Entity 2: 'HIKVISION DS-7208HQHI-K1 2 MEGAPIXEL HYBRID 8 CHANNEL (8CH) DVR'.,No
Do the two product descriptions refer to the same real-world product? Entity 1: 'Kingston Digital Canvas Select 128GB microSD Card w/ Adapter (SDCS-128GB)'. Entity 2: 'Kingston Technology Canvas Select memory card 128 GB MicroSDXC Class 10 UHS-I'.,Yes
Do the two product descriptions refer to the same real-world product? Entity 1: 'Johnnie Walker - Blue Label 70cl'. Entity 2: 'TP-Link 300Mbps Wireless N Ceiling Mount Access Point with Passive PoE (EAP115)'.,No
Do the two product descriptions refer to the same real-world product? Entity 1: 'GARMIN FENIX 5 GRAY BLACK 010-01688-00'. Entity 2: 'Garmin fenix 5s Sapphire Black'.,No
Do the two product descriptions refer to the same real-world product? Entity 1: 'Cisco Catalyst 2960-Plus 48TC-L - switch - 48 ports - managed - rack-mounta'. Entity 2: 'Catalyst 2960 Plus 48 10/100 +'.,Yes
Do the two product descriptions refer to the same real-world product? Entity 1: 'ASUS Scheda Madre TUF GAMING X570-PLUS AMD'. Entity 2: 'ASUS Scheda Madre ROG STRIX Z390-I GAMING Intel Z390'.,No
"Do the two product descriptions refer to the same real-world product? Entity 1: 'MikroTikCloud Core Router 1036-12G-4S with Tilera Tile-Gx36 CPU (36-cores, 1.2Ghz per core), 16GB RAM, 4xSFP cage, 12xGbit LAN, RouterOS L6, 1U rackmount case, PSU, LCD panel'. Entity 2: 'RAP-B-224-1U RAM Mounts 3.3\"" Diameter Suction Cup Base with 1\"" Composite Ball'.",No
Do the two product descriptions refer to the same real-world product? Entity 1: 'Processador Amd Am4 Ryzen R5-2400g 3.9ghz 6mb'. Entity 2: 'UNPKG RAM DBL SOCKET ARM B BALL C LENGTH'.,No
Do the two product descriptions refer to the same real-world product? Entity 1: 'Shimano HG701 Ultegra R8000 XT M8000 11 Speed Chain with Quick Link'. Entity 2: 'Sigma 35mm F1.4 DG Art HSM EOS Mount Lens'.,No
Do the two product descriptions refer to the same real-world product? Entity 1: 'Adata XPG SX6000 Lite 1TB M.2 PCIe GEN3x4 SSD ASX6000LNP-1TT-C'. Entity 2: 'XPG SX6000 Lite internal solid state drive 1000 GB PCI Express 3.0 3D TLC NVMe M.2 SSD'.,Yes
"Do the two product descriptions refer to the same real-world product? Entity 1: 'D-Link DGS-1210-28P 24-port 1Gb Smart Switch, 4x SFP, PoE'. Entity 2: 'D-LINK DGS-1210-24P 24-port Gig PoE Switch 4x Combo'.",No
Do the two product descriptions refer to the same real-world product? Entity 1: 'DYMO 4500 TAPE BLACK/RED 45017'. Entity 2: 'Corsair Carbide SPEC-01 Tower Black'.,No
Do the two product descriptions refer to the same real-world product? Entity 1: 'Hydro Flask Standard Mouth 621ml Insulated Bottle'. Entity 2: 'Canon EF-M 18-150mm f/3.5-6.3 IS STM (Black)'.,No
"Do the two product descriptions refer to the same real-world product? Entity 1: 'Catalyst 2960-X 24 GigE PoE 370W, 2 x 10G SFP+, LAN Base'. Entity 2: 'Corsair 110R Tempered Glass Black ATX Case, Tempered Glass Side Window, No PSU, 2x USB 3.1, HD Audio, 120mm Fan pre-installed'.",No
"Do the two product descriptions refer to the same real-world product? Entity 1: 'Crucial MX500 2TB 3D NAND SATA 2.5 Inch Internal SSD'. Entity 2: 'SanDisk USB 3.0 Flash Drive Ultra Flair 32 GB Black, Silver'.",No
Do the two product descriptions refer to the same real-world product? Entity 1: 'Epson Premium Glossy Photo Paper 13x18cm'. Entity 2: 'Park Tool PH-1.2 P-Handle Hex Wrench Set - Tool Set'.,No
"Do the two product descriptions refer to the same real-world product? Entity 1: 'Corsair ML140 Pro 14cm PWM RGB Case Fan, Magnetic Levitation Bearing'. Entity 2: 'MONITOR SAMSUNG C27F390 27\"" 1920x1080 4MS USB HDMI CURVO NEGRO'.",No
"Do the two product descriptions refer to the same real-world product? Entity 1: '4GB ValueRAM DDR3, 1600MHz, Non-ECC, Unbuffered, CL11, 1.5V, 240-pin DIMM, Singl'. Entity 2: 'Crucial 1x 8GB DDR3L 1600MHz ECC Unbuffered UDIMM RAM | Discount Computer Needs'.",No
"Do the two product descriptions refer to the same real-world product? Entity 1: 'Maxxis Minion DHR II 29\"" DD/3C/TR'. Entity 2: 'TONERBROTHER ORIGINALE GIALLO TN-135Y'.",No
"Do the two product descriptions refer to the same real-world product? Entity 1: 'Seagate 2TB FireCuda 3.5"" SATA 6Gb/s SSHD'. Entity 2: 'PKM - Pokémon - Sword & Shield - Rebel Clash Booster'.",No
"Do the two product descriptions refer to the same real-world product? Entity 1: 'Western Digital (WDC) 250GB 2.5\"" SATA SSD Blue 7mm Cased'. Entity 2: 'Western Digital 2.5\"" Red 1To SATA 6'.",No
Do the two product descriptions refer to the same real-world product? Entity 1: 'Jabra BIZ 2400 II 3-in-1 Mono IP Headset top only'. Entity 2: 'Jabra Biz 2400 II Mono 3-1 NC IP 2486-820-209'.,Yes
Do the two product descriptions refer to the same real-world product? Entity 1: 'Daniel Wellington Unisex Classic Sheffield 36mm Rose Gold Black DW00100036'. Entity 2: 'Tissot Heritage Visodate Analog Swiss Quartz Sapphire Crystal Men's Watch'.,No
"Do the two product descriptions refer to the same real-world product? Entity 1: 'SEAGATE SATA-3 2TB SSHD FIRECUDA'. Entity 2: 'Seagate 2TB FireCuda 3.5"" SATA 6Gb/s SSHD'.",Yes
Do the two product descriptions refer to the same real-world product? Entity 1: 'Sony FE 70-200mm f/4 OSS Lens'. Entity 2: 'Sony SEL-70200G FE 70-200 mm F4 Lens'.,Yes
"Do the two product descriptions refer to the same real-world product? Entity 1: 'RAM Mount Double Socket Clamp Arm - SHORT - for 1.5\"" C Size Balls'. Entity 2: 'KINGSTON ValueRAM RAM Module - 4 GB (1 x 4 GB) - DDR4 SDRAM'.",No
Do the two product descriptions refer to the same real-world product? Entity 1: 'TISSOT T091.420.46.051.01 T-TOUCH Expert Solar'. Entity 2: 'Canon EF-S 18-200mm f/3.5-5.6 IS'.,No
Do the two product descriptions refer to the same real-world product? Entity 1: 'ASUS GeForce GTX 1660 SUPER DUAL EVO OC'. Entity 2: 'HyperX Predator 16GB - PC4-26600 - DIMM'.,No
Do the two product descriptions refer to the same real-world product? Entity 1: 'Intel - Core i7-9700F 9th Generation 8-core - 8-Threads 3.0 GHz (4.7 GHz Turbo) Socket LGA 2066 Locked Desktop Processor'. Entity 2: 'Zebra 800011-101 ZXP Series 1 Ribbon ZXP Series 1 Load-N-Go Black Monochrome Ribbon'.,No
"Do the two product descriptions refer to the same real-world product? Entity 1: 'Asus MBTUF B450M-Plus Gaming / AM4 / B450 / m.2 / mATX'. Entity 2: 'Motherboard Asus TUF B450M-PLUS GAMING, AM4, USB 3.1, SATA 6GB/S'.",Yes
Do the two product descriptions refer to the same real-world product? Entity 1: 'Jabra BIZ 2300 USB UC Duo'. Entity 2: 'Jabra Biz 2300 USB UC Duo Headset 2399-829-109'.,Yes
Do the two product descriptions refer to the same real-world product? Entity 1: 'Tag Heuer Carrera Quartz Chronograph Stainless Steel Watch CBG2A1Z.BA0658'. Entity 2: 'TAG Heuer Automatic Chronograph Watch CBG2A1Z.BA0658'.,Yes
Do the two product descriptions refer to the same real-world product? Entity 1: 'Manfrotto MHXPRO-2W 2-Way Head'. Entity 2: 'MANFROTTO trpied alu Befree Advanced 2.0 MKBFRLA4BK-BH'.,No
Do the two product descriptions refer to the same real-world product? Entity 1: 'WD My Passport - 1 TB'. Entity 2: 'SANDISK FLASH CRUZER GLIDE 64GB'.,No
Do the two product descriptions refer to the same real-world product? Entity 1: 'SANDISK FLASH CRUZER GLIDE 64GB'. Entity 2: 'Sandisk USB Flash 32GB Cruzer Glide 2.0/3.0'.,No
"Do the two product descriptions refer to the same real-world product? Entity 1: 'Sram/Avid Road Disc Brake Pads - Road/Level (Organic/Steel Back)'. Entity 2: 'SRAM Sram Level Ultimate, Level TLM Disc Brake Pads'.",No
Do the two product descriptions refer to the same real-world product? Entity 1: 'Cisco Catalyst WS-C2960X-24PD-L 24 Ports ManagedRack Mountable Switch'. Entity 2: 'Cisco Catalyst 2960-Plus 48TC-L - switch - 48 ports - managed - rack-mounta'.,No
"Do the two product descriptions refer to the same real-world product? Entity 1: 'SHIMANO PD-R7000, 105, SPD-SL PEDAL.'. Entity 2: 'Shimano Shimano PD-R7000 105 SPD-SL PEDAL W/O REFLECTOR W/CLEAT'.",Yes
Do the two product descriptions refer to the same real-world product? Entity 1: 'Ubiquiti UniFi Dual-Band WiFi PoE Access Point UAP-AC-HD - 5 Pack'. Entity 2: 'UniFi AP ac HD ROW 5Pk'.,Yes
Do the two product descriptions refer to the same real-world product? Entity 1: 'Fujifilm Instax Square Film (10 Pack)'. Entity 2: 'Fujifilm Instax mini Rainbow film 10 pack'.,No
Do the two product descriptions refer to the same real-world product? Entity 1: 'Epson WF4630/5110/5690 Magenta INK 17ML EP53600'. Entity 2: 'SRAM PG-1170 11-Speed Cassette (11-25T)'.,No
Do the two product descriptions refer to the same real-world product? Entity 1: 'Swiss Military Hanowa Swiss Military Hanowa Undercover Multifunction 06-4307.30.007'. Entity 2: 'Relógio Swiss Military Hanowa06-4307.30.007 Undercover Multifunction'.,Yes
Do the two product descriptions refer to the same real-world product? Entity 1: 'Gigabyte GeForce GTX 1650 Super OC'. Entity 2: 'Gigabyte NVIDIA GeForce GTX 1650 4GB D6 OC Turing Graphics Card'.,No
Do the two product descriptions refer to the same real-world product? Entity 1: 'SSD Western Digital Blue 2TB M.2 2280 TLC SATA SSD'. Entity 2: 'Western Digital Blue SSD 250GB SATA M.2 2280 WDS250G2B0B'.,No
Do the two product descriptions refer to the same real-world product? Entity 1: 'Dura-Ace 9100 11-Speed Cassette 11-25T'. Entity 2: 'Western Digital Western Digital 2TB Blue'.,No
Do the two product descriptions refer to the same real-world product? Entity 1: 'Cooler Master MasterCase H500 ARGB Mesh Mid Tower ATX Case TG MCM-H500-IGNN-S01 | PCByte'. Entity 2: 'Cooler Master MasterBox TD500 ARGB Mesh ATX Case Black TG MCB-D500D-KGNN-S01 | PCByte'.,No
Do the two product descriptions refer to the same real-world product? Entity 1: 'AMD Ryzen 5 1500X Wraith Spire Cooler'. Entity 2: 'Gigabyte GeForce GTX 1650 Super OC'.,No
"Do the two product descriptions refer to the same real-world product? Entity 1: 'Maxxis Maxxis High Roller II Tire: 27.5 x 2.50\"", Folding, 60tpi, 3C MaxxTerra, EXO, Tubeless Ready, Wide Trail, Black'. Entity 2: 'High Roller II Bike Tire: 29 x 2.50\"", Folding, 120tpi, 3C MaxxTerra, Double Down, Tubeless Ready, Wide Trail'.",No
"Do the two product descriptions refer to the same real-world product? Entity 1: 'UniFi AP ac HD ROW 5Pk'. Entity 2: 'Ubiquiti UniFi AP, AC, In Wall, 5-Pack'.",No
Do the two product descriptions refer to the same real-world product? Entity 1: 'FUJIFILM Super EBC XF 23mm f/2 R WR Lens - Black'. Entity 2: 'FUJIFILM Aspherical Super EBC XF 80mm f/2.8 R LM OIS WR Macro Lens'.,No
Do the two product descriptions refer to the same real-world product? Entity 1: 'Western Digital Western Digital 2TB Blue'. Entity 2: 'Western digital wd blue - hdd - 2 tb - interno - 3.5 - sata 6Gb/s - 5400 rpm - buffer: 64 mb'.,Yes
"Do the two product descriptions refer to the same real-world product? Entity 1: 'RAM Motorcycle Brake/Clutch Reservoir & Handlebar Ball Base / B Size / RAM-B-309-7U'. Entity 2: 'BROTHER HL-L6200DW WIRELESSMONO LASER PRINTER WITH2-Sided PRINTING(46 PPM, 520 Sheets Paper...'.",No
Do the two product descriptions refer to the same real-world product? Entity 1: 'LOGITECH Logitech USB Headset H390'. Entity 2: 'LOGITECH Corded USB Headset H540 - USB - EMEA'.,No
Do the two product descriptions refer to the same real-world product? Entity 1: 'Logitech H570e Monaural USB Headset'. Entity 2: 'LOGITECH Logitech USB Headset H390'.,No
"Do the two product descriptions refer to the same real-world product? Entity 1: 'Jabra BIZ 2400 II Duo - Mic. 82 NC, Wideband'. Entity 2: 'APC Smart-UPS SRT 6000VA RM 230V'.",No
Do the two product descriptions refer to the same real-world product? Entity 1: 'Traveler's Zip Pocket - Regular Size'. Entity 2: 'Intel Core i7 9700F 9th Gen Desktop Processor/CPU Retail - No iGPU'.,No
Do the two product descriptions refer to the same real-world product? Entity 1: 'MVH500AH FLUID VIDEO HEAD W/FLAT BASE'. Entity 2: 'TP-Link EAP225-Outdoor AC1200 Wireless MU-MIMO Gigabit Indoor/Outdoor Access Point'.,No
Do the two product descriptions refer to the same real-world product? Entity 1: 'Garmin fenix 6X Sapphire Black Silicone Strap Smart Watch'. Entity 2: '8TB - Seagate Enterprise Ironwolf Pro SATA - ST8000NE001'.,No
Do the two product descriptions refer to the same real-world product? Entity 1: 'Shimano Shimano Cs-R8000 Cassette 11-28t Ultegra 11-Speed'. Entity 2: 'ADAPTADOR INALAMBRICO TP-LINK/USB 2.0/N300/QSS/TL-WN821N'.,No
Do the two product descriptions refer to the same real-world product? Entity 1: 'Shimano Pedal PD-RS500 SL Black'. Entity 2: 'Shimano PD-R550 SPD-SL Resin Pedal'.,No
Do the two product descriptions refer to the same real-world product? Entity 1: 'Samyang 24mm f1.4 ED AS IF UMC Lens - Nikon Fit'. Entity 2: 'Epson Cartouche d'encre C13T865140 (T8651)'.,No
"Do the two product descriptions refer to the same real-world product? Entity 1: 'Placa video Gigabyte Radeon RX 5500 XT OC 8GB GDDR6, 128-bit'. Entity 2: 'Gigabyte AMD Radeon RX 5500 XT OC 8GB GDDR6 RDNA PCIe 4.0 Graphics Card'.",Yes
Do the two product descriptions refer to the same real-world product? Entity 1: 'Shimano 105 R7000 Rear Derailleur - 11 Speed'. Entity 2: 'Shimano Cassette Ultegra R8000 11 Speed 11-28T'.,No
Do the two product descriptions refer to the same real-world product? Entity 1: 'Swiss Military Hanowa Immersion 06-4226.30.003.03'. Entity 2: 'Swiss Military Hanowa Swiss Military Hanowa Undercover Multifunction 06-4307.30.007'.,No
Do the two product descriptions refer to the same real-world product? Entity 1: 'APC By Schneider Electric APC Replacement Battery Cartridge'. Entity 2: 'APC - Replacement battery cartridge 140'.,No
Do the two product descriptions refer to the same real-world product? Entity 1: 'TP-Link TL-WN725N 150MbpsWireless USB NANO adapter'. Entity 2: 'TP-Link TL-WN725N Nano Wireless USB Adapter'.,Yes
Do the two product descriptions refer to the same real-world product? Entity 1: 'Casti Hi-Fi Audio-Technica ATH-AD500X'. Entity 2: 'Headset Audio-Technica ATH-M50X'.,No
Do the two product descriptions refer to the same real-world product? Entity 1: 'Tissot T-Sport Seastar 1000 Powermatic 80 Watch T1204071704100'. Entity 2: '0000006490| Canon EF-S 18-135mm f3.5-5.6 IS NANO USM Lens'.,No
Do the two product descriptions refer to the same real-world product? Entity 1: 'Dura-Ace 9100 11-Speed Cassette 11-25T'. Entity 2: 'Dron DJI Mavic 2 Pro'.,No
Do the two product descriptions refer to the same real-world product? Entity 1: 'Seamaster Planet Ocean 600 M Omega Co-Axial Master Chronometer Chronograph 215.30.46.51.03.001'. Entity 2: 'Pokemon TCG: Sword & Shield Boosters'.,No
Do the two product descriptions refer to the same real-world product? Entity 1: 'Jabra EVOLVE 20 Wired Stereo Headset - Over-the-head - Supra-aural'. Entity 2: 'Pokemon TCG:Sword and Shield Rebel Clash Three Booster Blister- Dural'.,No
"Do the two product descriptions refer to the same real-world product? Entity 1: 'RAM Mount Torque™ 3/4"" - 1"" Diameter Handlebar/Rail Base with 1"" Ball and X-Grip®'. Entity 2: '43\"" 2020 Q60T 4K Smart QLED TV'.",No
Do the two product descriptions refer to the same real-world product? Entity 1: 'ASUS TUF Gaming TUF 3-RX5700XT-O8G-GAMING Radeon RX 5700 XT 8 GB GDDR6'. Entity 2: 'WD MY PASSPORT- 1TB RED WORLDWIDE'.,No
Do the two product descriptions refer to the same real-world product? Entity 1: 'Intel Core i3 8300 Quad Core 3.7GHz Processor'. Entity 2: 'Kingston 32GB DDR4 3000MHz Kit(2x16GB) HyperX Predator Intel XMP'.,No
Do the two product descriptions refer to the same real-world product? Entity 1: 'Hydro Flask 32 oz. Wide Mouth 2.0 Flex Cap Hibiscus'. Entity 2: 'Processador Amd Am4 Ryzen R5-2400g 3.9ghz 6mb'.,No
Do the two product descriptions refer to the same real-world product? Entity 1: 'Brother MFC-L2710DW - multifunction printer - B/W'. Entity 2: 'Brother Monochrome Compact Laser All-in-One Printer with Duplex Printing and Wireless Networking'.,Yes
Do the two product descriptions refer to the same real-world product? Entity 1: 'Daniel Wellington Classic Black Cornwall'. Entity 2: 'TRAVELER'S Notebook Blue // Passport'.,No
Do the two product descriptions refer to the same real-world product? Entity 1: 'Blaze 32 Inch 4-Burner LTE Gas Grill With Rear Burner and Built-in Lighting System - BLZ-4LTE2-NG/LP'. Entity 2: 'Tissot T-Sport Seastar 1000 Powermatic 80 Watch T1204071704100'.,No
"Do the two product descriptions refer to the same real-world product? Entity 1: '16TB IronWolf Pro ST16000NE000, 7200 RPM, SATA 6Gb/s, 256MB cache, 3.5-Inch HDD'. Entity 2: 'Canon Multipack PGI-72multi1 (6403B007)'.",No
Do the two product descriptions refer to the same real-world product? Entity 1: 'Memoire DDR3 So Dimm Crucial 4GB DDR3 1600 MT/S (PC3-12800)'. Entity 2: 'Fujifilm XF-56mm f1.2 APD'.,No
"Do the two product descriptions refer to the same real-world product? Entity 1: 'APPLE - Airpods With Charging Case'. Entity 2: 'LaCie Mobile Drive 2,5"" 5 TB Moon Silver USB 3.1 Gen 2'.",No
Do the two product descriptions refer to the same real-world product? Entity 1: 'Ubiquiti UniFi AP AC Pro Indoor / Outdoor Access Point 5 Pack'. Entity 2: 'Ubiquiti UniFi AP AC Mesh PRO 802.11ac Dual Radio Indoor/Outdoor access point - 1750Mbps 5 pack no PoE'.,No
"Do the two product descriptions refer to the same real-world product? Entity 1: 'Tissot T-Sport Seastar 1000 Powermatic 80 Watch T1204071704100'. Entity 2: 'Processore Cpu INTEL Core i3-7100 1151 3,9GHz 3MB Cache Kaby Lake'.",No
"Do the two product descriptions refer to the same real-world product? Entity 1: 'Blaze 4 Burner LTE Grill Built-In Natural Gas Grill with Lights'. Entity 2: 'Samsung UH46F5 46\"" LED Full HD Nero display professionale'.",No
Do the two product descriptions refer to the same real-world product? Entity 1: 'Apple AirPods with Charging Case (Latest Model) from Apple Computer'. Entity 2: 'Apple AirPods with Wired Charging Case (2nd Generation)'.,Yes
Do the two product descriptions refer to the same real-world product? Entity 1: 'TP-Link AC600 T2U Wireless USB Nano Adapter'. Entity 2: 'TP-Link Archer T9UH Wireless AC1900 USB Adapter'.,No
Do the two product descriptions refer to the same real-world product? Entity 1: 'HP 900GB 6G SAS 10K 900 SAS 16 MB Cache 2.5-Inch Internal Bare or OEM Drives 619291-B21'. Entity 2: 'BIZ 2400 II Duo IP Flex'.,No
"Do the two product descriptions refer to the same real-world product? Entity 1: 'JABRA EVOLVE 20 UC Mono'. Entity 2: 'SRAM Sram Level Ultimate, Level TLM Disc Brake Pads'.",No
Do the two product descriptions refer to the same real-world product? Entity 1: 'MAXXIS AGGRESSOR 29X2.3 EXO/TR'. Entity 2: 'Kingston HyperX Predator 32 GB - PC4-24000 - DIMM'.,No
Do the two product descriptions refer to the same real-world product? Entity 1: 'Western Digital WD My Passport Portable HDD 4TB Black'. Entity 2: 'WD HDD 4TB My Passport Black'.,No
Do the two product descriptions refer to the same real-world product? Entity 1: 'WD 1TB Blue SN550 NVME M.2 SSD (WDS100T2B0C) (Warranty 5years with WD SG)'. Entity 2: 'Shimano M05 Disc Brake Pads (Deore) (Resin)'.,No
Do the two product descriptions refer to the same real-world product? Entity 1: 'Ubiquiti UniFi Video Camera G4 Pro (UVC-G4-PRO)'. Entity 2: 'Seiko Presage Watch Zen Gardens Mens'.,No
Do the two product descriptions refer to the same real-world product? Entity 1: 'FUJIFILM XF23/1.4 XF 23mm f/1.4 R'. Entity 2: 'Fujifilm XF 56mm f/1.2 R'.,No
Do the two product descriptions refer to the same real-world product? Entity 1: 'Hikvision DS-7216HUHI-K2 Turbo 1080p HD 16CH DVR - HD-TVI AHD IPC - HDMI COAX'. Entity 2: 'Hikvision 32 Turbo HD/CVI / AHD / CVBS Ref: DS-7332HQHI-K4'.,No
Do the two product descriptions refer to the same real-world product? Entity 1: 'Cooler Master N300 Mesh ATX Case Black NSE-300-KKN1 | PCByte'. Entity 2: 'OKI 44992402 Style Black Compatible Toner'.,No
"Do the two product descriptions refer to the same real-world product? Entity 1: 'APC Replacement Battery Cartridge #133UPS battery - Lead Acid'. Entity 2: 'RAM Triple 1\"" Ball Adapter - RAM-B-289U'.",No
Do the two product descriptions refer to the same real-world product? Entity 1: 'Asus TUF X470-Plus Gaming Socket AM4 ATX AMD'. Entity 2: 'Cooler Master MasterLiquid ML120L V2 RGB All In One Liquid CPU Cooler'.,No
Do the two product descriptions refer to the same real-world product? Entity 1: 'Buy Quality Replica Omega Seamaster Planet Ocean 600M Steel Chronometer Chronograph Watch 215.30.46.51.01.001'. Entity 2: '215.30.46.51.01.001 Omega Seamaster Planet Ocean Chronograph 45.5mm'.,Yes
"Do the two product descriptions refer to the same real-world product? Entity 1: 'Oakley Jawbreaker MTB Solglsasögon Matte Black w/ Prizm Road'. Entity 2: 'ZOTAC Grafikkarte Gaming GeForce RTX 2060 SUPER AMP, 8 GB (ZT-T20610D-10P)'.",No
Do the two product descriptions refer to the same real-world product? Entity 1: 'Logitech BRIO 4K Ultra HD webcam'. Entity 2: 'Logitech BRIO 4K Ultra HD webcamweb camera'.,Yes
Do the two product descriptions refer to the same real-world product? Entity 1: 'Samsung Portable SSD T7 Touch 1TB - Zilver'. Entity 2: 'Samsung T7 Touch Portable SSD Drive [1TB](Silver)'.,Yes
Do the two product descriptions refer to the same real-world product? Entity 1: 'Seagate Ironwolf Pro 6TB (ST6000NE000)'. Entity 2: '8TB - Seagate Enterprise Ironwolf Pro SATA - ST8000NE001'.,No
Do the two product descriptions refer to the same real-world product? Entity 1: 'Ubiquiti UniFi CloudKey Gen2 Plus'. Entity 2: 'OKI C831/841 Cyan Toner 10K'.,No
"Do the two product descriptions refer to the same real-world product? Entity 1: 'TP-Link T1700G-28TQ JetStream 24-Port Gigabit Stackable Smart Switch with 4 10GE SFP+ Slots'. Entity 2: 'T1700G-28TQ GE/XG/SMA/24, Switch'.",Yes
"Do the two product descriptions refer to the same real-world product? Entity 1: 'Western Digital (WDC) 250GB 2.5\"" SATA SSD Blue 7mm Cased'. Entity 2: '3M - PF19 PRIVACY FILTER BLACK FOR 19,0IN / 48,3 CM / 5:4IN ACCS'.",No
Do the two product descriptions refer to the same real-world product? Entity 1: '0000006490| Canon EF-S 18-135mm f3.5-5.6 IS NANO USM Lens'. Entity 2: 'Canon EF-S 18-200mm f/3.5-5.6 IS'.,No
Do the two product descriptions refer to the same real-world product? Entity 1: 'Tissot Seastar 1000 Men's Black Rubber Strap Watch'. Entity 2: 'Karta VGA Gigabyte GeForce GTX 1650 OC 4GB GDDR6 128bit DVI+HDMI+DP PCIe3.0'.,No
Do the two product descriptions refer to the same real-world product? Entity 1: 'D1-TAPE 24MM X 7M BLACK ON WHITE IN'. Entity 2: 'Genuine Dymo D1 Standard Label Cassette Tape 9mm x 7m - Black on White'.,No
Do the two product descriptions refer to the same real-world product? Entity 1: 'Xerox 106R01162 OEM Toner Cartridge For Phaser 7760 Yellow - 25K'. Entity 2: 'Xerox Phaser 6000/6010 Black Toner'.,No
Do the two product descriptions refer to the same real-world product? Entity 1: 'No Break APC Smart-UPS 10Kva Mono230V - SRT10KXLI'. Entity 2: 'Epson - Ink Cartridge Black 10K'.,No
Do the two product descriptions refer to the same real-world product? Entity 1: 'AMD Ryzen 5 1500X Wraith Spire Cooler'. Entity 2: 'YD150XBBAEBOX AMD Ryzen 5 1500X Quad Core 3.50GHz 16MB L3 Cache Socket AM4 Processor. New Retail Factory Sealed With Full Manufacturer Warranty.'.,Yes
Do the two product descriptions refer to the same real-world product? Entity 1: 'ASUS GeForce RTX 2080 SUPER 8GB DUAL OC EVO'. Entity 2: 'ASUS NVIDIA GeForce RTX 2060 SUPER 8GB TURBO EVO Turing Graphics Card'.,No
Do the two product descriptions refer to the same real-world product? Entity 1: 'SanDisk SDHC Ultra UHS-I 256GB Class 10 90MB/S'. Entity 2: 'SanDisk Ultra SDXC Memory Card 100MBs Class 10 UHS-I 256GB'.,Yes
Do the two product descriptions refer to the same real-world product? Entity 1: 'SanDisk SSD Plus 120GB 240GB 530MB/s 480GB 1TB 535MB/sSolid State Drive (120GB)'. Entity 2: 'SanDisk SSD PLUS 120GB Solid State Drive -SDSSDA-120G-G27'.,Yes
"Do the two product descriptions refer to the same real-world product? Entity 1: 'Apple AirPods Pro Bluetooth Earbuds w/ Wireless Charging Case, White (MWP22AM/A)'. Entity 2: 'Audemars Piguet-Audemars Piguet Royal Oak Chronograph 41mm Mens Watch-26331ST.OO.1220ST.02'.",No
"Do the two product descriptions refer to the same real-world product? Entity 1: 'Cisco Catalyst 2960-X | WS-C2960X-24TD-L Catalyst 2960X 24 port 10/100/1000, 2 x 10G SFP+, LAN Base'. Entity 2: 'WS-C2960X-24TD-L Cisco Catalyst 2960X Network Switch (New)'.",Yes
Do the two product descriptions refer to the same real-world product? Entity 1: 'Intel - Core i7-9700F 9th Generation 8-core - 8-Threads 3.0 GHz (4.7 GHz Turbo) Socket LGA 2066 Locked Desktop Processor'. Entity 2: 'Toner kompatibel zu Brother TN-200 Black'.,No
Do the two product descriptions refer to the same real-world product? Entity 1: 'PH-GTX1660S-O6G 6 GB Geforce GTX 1660 Super Overclocked Phoenix Fan Edition Hdmi DP Dvi Graphics Card'. Entity 2: 'Fujifilm XF 56mm F/1.2 R APD Lens'.,No
Do the two product descriptions refer to the same real-world product? Entity 1: 'APC - Schneider SMART-UPS 1000VA LCD 230V'. Entity 2: 'APC UPS 1KVA Tower UPS SMT1000I'.,Yes
Do the two product descriptions refer to the same real-world product? Entity 1: 'Kingston DataTraveler microDuo 128GB USB 3.0'. Entity 2: 'Kingston 256GB DataTraveler 100 G3 (USB 3.0)'.,No
"Do the two product descriptions refer to the same real-world product? Entity 1: 'Evans 14\"" TT14EC2S Clear Drum Head'. Entity 2: 'APC APCRBC117 Replacement Battery Cartridge #117'.",No
Do the two product descriptions refer to the same real-world product? Entity 1: 'Seagate IronWolf PRO 16TB NAS Professional'. Entity 2: 'Jabra BIZ 2300 Mono USB MS Lync Headset'.,No
Do the two product descriptions refer to the same real-world product? Entity 1: 'Shimano Cassette 11s 11-46 CS-M8000'. Entity 2: 'Samsung MLT-D103L must toonerikassett'.,No
"Do the two product descriptions refer to the same real-world product? Entity 1: 'Hewlett Packard Enterprise HDD 146GB 10K SAS 2,5INCH (507125-B21)'. Entity 2: 'Daniel Wellington Horloge Classic Sheffield Rose DW00100036'.",No
Do the two product descriptions refer to the same real-world product? Entity 1: 'Corsair ML140 140mm PWM Premium Magnetic Levitation Fan - Twin Pack'. Entity 2: 'Cooler Master MasterLiquid ML120L V2 RGB Universal Socket 120mm PWM 1800RPM RGB LED AiO Liquid CPU Cooler'.,No
"Do the two product descriptions refer to the same real-world product? Entity 1: 'T1700G-28TQ GE/XG/SMA/24, Switch'. Entity 2: 'ShimanoSm-Sh10 Spd-Sl Cleats, Fixed'.",No
"Do the two product descriptions refer to the same real-world product? Entity 1: 'DVR HDTVI 32 canale Turbo HD Full HD Hikvision DS-7332HQHI-K4 HD-TVI / AHD / CVI + 8 canale IP de pana la 6MP, 4xSATA'. Entity 2: 'Hikvision 32 Turbo HD/CVI / AHD / CVBS Ref: DS-7332HQHI-K4'.",Yes
Do the two product descriptions refer to the same real-world product? Entity 1: 'Sandisk USB Flash 32GB Cruzer Glide 2.0/3.0'. Entity 2: 'AMD Ryzen 9 3900XT AM4 CPU'.,No
Do the two product descriptions refer to the same real-world product? Entity 1: 'Cooler Master MasterCase H500 Mid Tower PC Case'. Entity 2: 'OBUDOWA COOLER MASTER MASTERCASE H500M MIDI TOWER Z OKNEM BEZ PSU WENTYLATOR LED ARGB'.,No
Do the two product descriptions refer to the same real-world product? Entity 1: 'Dymo 53713 Black On White - 24mm'. Entity 2: 'Relógio Swiss Military Hanowa06-4307.30.007 Undercover Multifunction'.,No
"Do the two product descriptions refer to the same real-world product? Entity 1: 'Samsung LH46UHFCLBB - 116,8 cm (46\"") - LED - 1920 x 1080 Pixel - 700 cd/m² - Full HD - 8 ms'. Entity 2: 'Samsung C27F390FHU - Full HD Curved Monitor'.",No
Do the two product descriptions refer to the same real-world product? Entity 1: 'Razer DeathAdder V2 Ergonomic Wired Gaming Mouse (RZ01-03210100-R3M1) (Warranty 2years with Ban Leong)'. Entity 2: '(C13T693500) EPSONSCT3000 UltraChrome XD Matte Black'.,No
Do the two product descriptions refer to the same real-world product? Entity 1: 'Jabra EVOLVE 40 UC MONO USB Headset 6393-829-209'. Entity 2: 'Jabra EVOLVE 65 UC Mono (6593-829-409)'.,No
Do the two product descriptions refer to the same real-world product? Entity 1: 'Logitech H540 USB Headset With High-Definition sound and on-ear controls - Black | 981-000480'. Entity 2: 'Originln toner OKI 44992402 (ern)'.,No
Do the two product descriptions refer to the same real-world product? Entity 1: 'APPLE - Airpods With Charging Case'. Entity 2: 'APPLE - AIRPODS WITH CHARGING CASEIN'.,Yes
Do the two product descriptions refer to the same real-world product? Entity 1: 'Gorra New Era NY Yankees MLB 9Fifty Cap'. Entity 2: 'Evans EC2S 13'' Clear Batter - TT13EC2S'.,No
Do the two product descriptions refer to the same real-world product? Entity 1: 'Shimano R550 SPD-SL Pedals - Black'. Entity 2: 'Shimano Pedal PD-RS500 SL Black'.,No
Do the two product descriptions refer to the same real-world product? Entity 1: 'D'addario XTAPB1356XT Acoustic strings set Phosphor Bronze Medium 13-56'. Entity 2: 'D'Addario XT Acoustic Phosphor Bronze Medium Guitar Strings 13-56'.,Yes
Do the two product descriptions refer to the same real-world product? Entity 1: 'Swiss Military Hanowa Swiss Military Hanowa Undercover Multifunction 06-4307.30.007'. Entity 2: 'Corsair 8GB (1x8GB) 3000MHz CL16 Vengeance LPX Black'.,No
Do the two product descriptions refer to the same real-world product? Entity 1: 'Kingston DataTraveler microDuo 128GB USB 3.0'. Entity 2: 'Crucial BX500 480GB SSD Micron 3D NAND SATA III 6Gb/s 2.5 Internal Solid State Drive'.,No
"Do the two product descriptions refer to the same real-world product? Entity 1: 'Western Digital (WDC) 250GB 2.5\"" SATA SSD Blue 7mm Cased'. Entity 2: 'Elixir Guitar Strings Phosphor Bronze Nanoweb Light 12 - 53'.",No
Do the two product descriptions refer to the same real-world product? Entity 1: 'Daniel Wellington Classic Sheffield Men 40mm Quartz Watch 0206DW'. Entity 2: 'Daniel Wellington - Classic Sheffield Silver - 40mm'.,Yes
Do the two product descriptions refer to the same real-world product? Entity 1: 'Epson C13T70234010 XL Muste Punainen'. Entity 2: 'ASUS ROG STRIX B550-E GAMING Presa AM4 ATX AMD B550'.,No
Do the two product descriptions refer to the same real-world product? Entity 1: 'Cooler Master MasterLiquid ML120L V2 RGB Universal Socket 120mm PWM 1800RPM RGB LED AiO Liquid CPU Cooler'. Entity 2: 'Cooler Master MasterLiquid ML120R ARGB AIO Cooler'.,No
Do the two product descriptions refer to the same real-world product? Entity 1: 'Originln toner OKI 44992402 (ern)'. Entity 2: 'OKI C831/841 Cyan Toner 10K'.,No
Do the two product descriptions refer to the same real-world product? Entity 1: 'Corsair 110R Tempered Glass Mid-Tower ATX Case'. Entity 2: 'Carbide 175R RGB Windowed Mid-Tower Case Tempered Glass'.,No
"Do the two product descriptions refer to the same real-world product? Entity 1: 'Shimano Cassette Ultegra R8000 11 Speed 11-28T'. Entity 2: 'Life Extension Super Ubiquinol COQ10 with Enhanced Mitochondrial Support 100 mg, 60 Count'.",No
"Do the two product descriptions refer to the same real-world product? Entity 1: 'Epson Tinte T6164 Yellow, 53 ml'. Entity 2: 'EPSON (T1285) Multipack róka (T1281,T1282,T1283,T1284) C13T12854010'.",No
Do the two product descriptions refer to the same real-world product? Entity 1: 'Audio Technica ATH-M50x Professional Monitor Audiophile Headphones - Black'. Entity 2: 'Audio Technica ATH-M40x Professional Monitor Audiophile Headphones'.,No
"Do the two product descriptions refer to the same real-world product? Entity 1: 'Western Digital My Passport 1TB 2,5"" USB 3.0'. Entity 2: 'Asus Radeon Dual Evo RX5500 XT 8gb Gddr6 Version OC'.",No
Do the two product descriptions refer to the same real-world product? Entity 1: 'APC UPS 1KVA Tower UPS SMT1000I'. Entity 2: 'No Break APC Smart-UPS 10Kva Mono230V - SRT10KXLI'.,No
Do the two product descriptions refer to the same real-world product? Entity 1: 'Memoire DDR3 So Dimm Crucial 4GB DDR3 1600 MT/S (PC3-12800)'. Entity 2: 'Memoire DDR3 Crucial 4GB DDR3 1600 MT/S (PC3-12800)'.,No
"Do the two product descriptions refer to the same real-world product? Entity 1: 'RAM Double U-Bolt Base with D Size 2.25\"" Ball for Rails from 0.75\"" to 1.25\"" in Diameter - RAM-D-235U'. Entity 2: 'RAM-B-149ZU - RAM Handlebar Rail Mount with Zinc Coated U-Bolt Base for Rails from 0.5\"" to 1.25\"" in Diameter'.",No
"Do the two product descriptions refer to the same real-world product? Entity 1: 'BenQ GW2480 23.8"" Full HD IPS Monitor'. Entity 2: 'Samsung C27F390FHU - Full HD Curved Monitor'.",No
Do the two product descriptions refer to the same real-world product? Entity 1: 'Swiss Military Hanowa Flagship 06-5161.2.04.007'. Entity 2: 'HP printer Color LaserJet Professional CP5225dn (CE712A#B19)'.,No
"Do the two product descriptions refer to the same real-world product? Entity 1: 'Epson - Ink Cartridge Black 10K'. Entity 2: 'T1700G-28TQ GE/XG/SMA/24, Switch'.",No
Do the two product descriptions refer to the same real-world product? Entity 1: '215.30.46.51.01.001 Omega Seamaster Planet Ocean Chronograph 45.5mm'. Entity 2: 'Obudowa Corsair Crystal 680X RGB High Airflow TG White (CC-9011169-WW)'.,No
Do the two product descriptions refer to the same real-world product? Entity 1: 'Razer Viper Mini Optical Ambidextrous RGB Gaming Mouse'. Entity 2: 'Asus PRIME B450-PLUS(PRIME B450-PLUS)'.,No
"Do the two product descriptions refer to the same real-world product? Entity 1: 'Canon PFI-101C Ink, 130 ml - Cyan'. Entity 2: 'Catalyst 2960-X 24 GigE PoE 370W, 2 x 10G SFP+, LAN Base'.",No
Do the two product descriptions refer to the same real-world product? Entity 1: 'Hydro Flask 32 oz Wide Mouth Flex Cap Bottle in Sunflower'. Entity 2: 'Sunflower 32oz. Wide Mouth Water Bottle'.,Yes
Do the two product descriptions refer to the same real-world product? Entity 1: 'Samsung 1TB SSD 970 EVO NVMe M.2'. Entity 2: 'Miška Razer Viper Ultimate Wireless'.,No
"Do the two product descriptions refer to the same real-world product? Entity 1: 'ASUS AMD ATX ROG STRIX B550 F Gaming Motherboard AM4 Dual DDR4, HDMI, Dual M.2'. Entity 2: 'ASUS ROG STRIX B550-E GAMING Presa AM4 ATX AMD B550'.",No
Do the two product descriptions refer to the same real-world product? Entity 1: 'Shimano Cassette Ultegra R8000 11 Speed 11-28T'. Entity 2: 'Traveler's Notebook / Refill 001 / Lined Notebook'.,No
Do the two product descriptions refer to the same real-world product? Entity 1: 'Fujifilm Instax Mini Rainbow (10 sheets) Film'. Entity 2: 'Fujifilm Instax mini Rainbow film 10 pack'.,Yes
"Do the two product descriptions refer to the same real-world product? Entity 1: 'Evans EC2 Clear Drum Head, 8 Inch'. Entity 2: 'Ubiquiti UniFi AC Pro 5-pack UAP-AC-PRO-5 Ubiquiti'.",No
"Do the two product descriptions refer to the same real-world product? Entity 1: 'Lexmark Toner Sort 3.5k - E360/E460 Return'. Entity 2: 'Sandisk Ixpand 64GB USB3.0 Flash Drive for Iphone, Ipad'.",No
Do the two product descriptions refer to the same real-world product? Entity 1: 'WS-C2960-24TT-LCatalyst 2960 24 10/100 + 2 1000BT LAN Base Image'. Entity 2: 'Evans EMAD2 Clear Bass Batter'.,No
"Do the two product descriptions refer to the same real-world product? Entity 1: 'Apple AirPods Pro, Kopfhrer - EU'. Entity 2: 'Apple AirPods Pro Bluetooth Earbuds w/ Wireless Charging Case, White (MWP22AM/A)'.",Yes
Do the two product descriptions refer to the same real-world product? Entity 1: 'SPD-SL-CLEAT-SET-SM-SH11-(YELLOW)-[6DEGREE]'. Entity 2: 'Tissot T-Sport Seastar 1000 Powermatic 80 Watch T1204071704100'.,No
Do the two product descriptions refer to the same real-world product? Entity 1: 'Sigma 50mm F1.4 DG HSM Canon [ART]'. Entity 2: 'Pokemon SWSH3: Darkness Ablaze Elite Trainer Box'.,No
Do the two product descriptions refer to the same real-world product? Entity 1: 'APPLE - Airpods With Charging Case'. Entity 2: 'Apple AirPods with Wired Charging Case (2nd Generation)'.,No
Do the two product descriptions refer to the same real-world product? Entity 1: 'Canon PFI 107C Ink Cartridge Cyan'. Entity 2: 'Genuine Canon PGI-29 Grey Ink Cartridge (PGI29GOEM)'.,No
Do the two product descriptions refer to the same real-world product? Entity 1: 'TAG Heuer Monaco Men's Blue Leather Strap Watch'. Entity 2: 'TAG Heuer Formula 1 Calibre 5 Men's Watch'.,No
Do the two product descriptions refer to the same real-world product? Entity 1: 'Crucial 8GB (1x8GB) DDR3 1600MHz SODIMM'. Entity 2: 'CRUCIAL - DDR3 8GB 1600Hz CL11 Unbuffered CT102472BD160B'.,No
Do the two product descriptions refer to the same real-world product? Entity 1: 'Crucial BX500 480GB SSD Micron 3D NAND SATA III 6Gb/s 2.5 Internal Solid State Drive'. Entity 2: 'Kingston DataTraveler G4 - USB flash drive - 16 GB - USB 3.0 - blue'.,No
"Do the two product descriptions refer to the same real-world product? Entity 1: '8CH HIKVISION 4MP DVR HDMI TURBO 1080P DS-7208HQHI-K1'. Entity 2: 'DVR 8 canale, Turbo HD, 6MP, PoC, Hikvision DS-7208HQHI-K2-P'.",No
"Do the two product descriptions refer to the same real-world product? Entity 1: '0000006490| Canon EF-S 18-135mm f3.5-5.6 IS NANO USM Lens'. Entity 2: 'Cooler Master MasterBox Lite 5 ATX Black Case, Window, NO PSU, 2x USB 3.0, HD Audio, Dark Mirror Front Panel, No External 5.25\"" Drive Bay'.",No
"Do the two product descriptions refer to the same real-world product? Entity 1: 'Gigabyte AMD Radeon RX 5500 XT OC 8GB GDDR6 RDNA PCIe 4.0 Graphics Card'. Entity 2: 'Jabra Biz 2400 II Mono 3-1, NC, 82 mic, QD'.",No
"Do the two product descriptions refer to the same real-world product? Entity 1: 'Johnnie Walker Blue Label 0,7 ltr.'. Entity 2: 'Canon EF-M 18-150mm f/3.5-6.3 IS STM (Black)'.",No
"Do the two product descriptions refer to the same real-world product? Entity 1: 'Apple iPad Air Wi-Fi 256 GB Silver - 10.5\"" Tablet - A12 26.67cm-Display'. Entity 2: 'Sigma 35mm f1.4 EX DG HSM A Nikon'.",No
"Do the two product descriptions refer to the same real-world product? Entity 1: 'CORSAIR CRYSTAL 570X RGB Mid-Tower Case, 3 RGB Fans, Tempered Glass - White| CC-9011110-WW'. Entity 2: 'DJI Mavic Air Car Charger'.",No
"Do the two product descriptions refer to the same real-world product? Entity 1: '120GB Crucial BX500 3D NAND 2.5\"" SATA SSD'. Entity 2: 'New Era 39THIRTY MLB New York Yankees Fullcap - 10298279'.",No
Do the two product descriptions refer to the same real-world product? Entity 1: 'Samsung T7 Touch Black 1TB Portable SSD with Fingerprint ID'. Entity 2: 'TP-Link T1700G-28TQ JetStream 24-Port Gigabit Stackable Smart Switch with 4 10GE SFP+ Slots'.,No
Do the two product descriptions refer to the same real-world product? Entity 1: 'D'Addario XT Acoustic Phosphor Bronze Medium Guitar Strings 13-56'. Entity 2: 'D'Addario EJ16 Phosphor Bronze Light Acoustic Guitar Strings'.,No
Do the two product descriptions refer to the same real-world product? Entity 1: '8CH HIKVISION 4MP DVR HDMI TURBO 1080P DS-7208HQHI-K1'. Entity 2: 'DS-7204HQHI-K1 Turbo HD DVR'.,No
Do the two product descriptions refer to the same real-world product? Entity 1: 'APC Smart UPS SRT 6000VA / 230V On Line / Web Card - SRT6KRMXLI'. Entity 2: 'APC Smart-UPS SRT 3000VA RM 230V SRT3000RMXLI'.,No
Do the two product descriptions refer to the same real-world product? Entity 1: 'Xerox Phaser 7760 Yellow Toner 106R01162'. Entity 2: 'Mens Daniel Wellington St Mawes 40mm Watch DW00100006'.,No
"Do the two product descriptions refer to the same real-world product? Entity 1: 'BenQ GW2480 23.8 inch LED IPS Monitor - Full HD, 5ms, Speakers'. Entity 2: 'BenQ GW2480 23.8"" Full HD IPS Monitor'.",Yes
"Do the two product descriptions refer to the same real-world product? Entity 1: 'Ram Mount 2\"" Double Socket Arm for 1\"" Balls'. Entity 2: 'Jabra Biz 2400 II Mono 3-1, NC, 82 mic, QD'.",No
Do the two product descriptions refer to the same real-world product? Entity 1: 'MANFROTTO trpied alu Befree Advanced 2.0 MKBFRLA4BK-BH'. Entity 2: 'Manfrotto Befree Advanced Twist Tripod'.,Yes
"Do the two product descriptions refer to the same real-world product? Entity 1: 'Crucial BX500 2.5\"" 480 GB Serial ATA III'. Entity 2: 'Carbide Series 275R Tempered Glass Mid-Tower Gaming CaseWhite'.",No
Do the two product descriptions refer to the same real-world product? Entity 1: 'EJ16 - Acoustic Phosphor Bronze 12-53'. Entity 2: 'Elixir E16052 Nanoweb Phosphor Bronze Acoustic Guitar Strings Light Gauge 12-53'.,No
Do the two product descriptions refer to the same real-world product? Entity 1: 'Audio Technica ATH-M50xWH Professional Studio Monitor Headphones'. Entity 2: 'TAG HEUER MONACO AUTOMATIC CHRONOGRAPH'.,No
Do the two product descriptions refer to the same real-world product? Entity 1: 'Shimano R550 SPD-SL Pedals - Black'. Entity 2: 'Shimano PD-R550 SPD-SL Resin Pedal'.,Yes
Do the two product descriptions refer to the same real-world product? Entity 1: 'Daniel Wellington Unisex Classic Sheffield 36mm Rose Gold Black DW00100036'. Entity 2: 'LOGITECH Logitech USB Headset H390'.,No
Do the two product descriptions refer to the same real-world product? Entity 1: 'Fujifilm Instax Black Square Film (10 Pack)'. Entity 2: 'Hydro Flask Standard Mouth 621ml Insulated Bottle'.,No
"Do the two product descriptions refer to the same real-world product? Entity 1: 'TONER CANON CIAN CL707C 2.000 PAGINAS'. Entity 2: 'EPSON S042091 premium glossy photo paper 255g/m², A2/25vel'.",No
Do the two product descriptions refer to the same real-world product? Entity 1: 'Bosch KGN34NWEAG Free-standing fridge-freezer'. Entity 2: 'Samsung 970 EVO Plus 2TB SSD'.,No
Do the two product descriptions refer to the same real-world product? Entity 1: 'Manfrotto MVK500AM Fluid Video System'. Entity 2: 'SanDisk CFast 2.0 64GB Extreme Pro Memory Card | Read 525 MB/s | Write 430MB/s | 4K Video'.,No
Do the two product descriptions refer to the same real-world product? Entity 1: 'SHIMANO XT CN-HG95 HG-X chain'. Entity 2: 'Shimano Shimano Cn-Hg901 11-Spd Chain Xtr / Dura Ace W/ Quick Link'.,No
"Do the two product descriptions refer to the same real-world product? Entity 1: 'Sony FE 24mm f/1.4 GM'. Entity 2: 'SHIMANO PD-R7000, 105, SPD-SL PEDAL.'.",No
"Do the two product descriptions refer to the same real-world product? Entity 1: '3M - Sekretessfilter 27\"" Widescreen 16:9'. Entity 2: 'Zebra ZXP Series 1Black Monochrome Ribbon K - 1000 Prints 800011-101'.",No
Do the two product descriptions refer to the same real-world product? Entity 1: 'Epson T7891 Black Cart - Compatible'. Entity 2: 'Samsung Portable SSD T7 Touch 2TB - Zwart'.,No
Do the two product descriptions refer to the same real-world product? Entity 1: 'Boje Canon PG-545 BK 8ml'. Entity 2: 'Canon Multipack PGI-72multi1 (6403B007)'.,No
"Do the two product descriptions refer to the same real-world product? Entity 1: 'Lant Shimano CN-HG601-11, 11 Viteze'. Entity 2: 'Ernie Ball Hybrid Slinky 9-46'.",No
"Do the two product descriptions refer to the same real-world product? Entity 1: 'SanDisk PLUS SSD Hard Drive 2.5´´ internal, 480 GB, SATA, Black'. Entity 2: 'Zebra 800015-301 (Eltron) Black (K) Resin Ribbon - 1500 Prints'.",No
Do the two product descriptions refer to the same real-world product? Entity 1: 'Pokémon TCG Sword & Shield Darkness Ablaze'. Entity 2: 'POKÉMON TCG Sword and Shield- Darkness Ablaze Trainer Box'.,No
Do the two product descriptions refer to the same real-world product? Entity 1: 'Hydro Flask 32 oz. Wide Mouth 2.0 Flex Cap Hibiscus'. Entity 2: '32 Oz Wide Mouth With Flex Cap W32BTS001'.,No
"Do the two product descriptions refer to the same real-world product? Entity 1: 'Seagate IronWolf Pro ST8000NE001 - Hard drive - 8 TB - internal - 3.5\"" - SATA 6Gb/s - 7200 rpm - buffer_ 256 MB - with 2 years Rescue Data Recovery Service Plan'. Entity 2: '8TB - Seagate Enterprise Ironwolf Pro SATA - ST8000NE001'.",Yes
Do the two product descriptions refer to the same real-world product? Entity 1: 'Sony FE 70-200mm f/4 OSS Lens'. Entity 2: 'Sony Alpha SEL50F18F FE 50mm f/1.8'.,No
Do the two product descriptions refer to the same real-world product? Entity 1: 'Tag Heuer Carrera Quartz Chronograph Stainless Steel Watch CBG2A1Z.BA0658'. Entity 2: 'Tag Heuer Carrera Quartz Chronograph Stainless Steel Watch CBK2112.BA0715'.,No
Do the two product descriptions refer to the same real-world product? Entity 1: 'D'Addario EJ16 Phosphor Bronze Light Acoustic Guitar Strings'. Entity 2: 'D'addario XTAPB1356XT Acoustic strings set Phosphor Bronze Medium 13-56'.,No
"Do the two product descriptions refer to the same real-world product? Entity 1: 'Corsair Chassis, Carbide Series SPEC-OMEGA'. Entity 2: 'Corsair Carbide SPEC-01 Tower Black'.",No
Do the two product descriptions refer to the same real-world product? Entity 1: 'Czapka New Era 39THIRTY New York Yankees - 10298279'. Entity 2: 'NEW ERA ČIAPKA THE LEAGUE GM NY YANKEES'.,No
Do the two product descriptions refer to the same real-world product? Entity 1: 'Ubiquiti IR LED Range Extender'. Entity 2: 'Audio Technica ATH-PRO7X DJ headphones'.,No
Do the two product descriptions refer to the same real-world product? Entity 1: 'Canon EF-S 18-135/3.5-5.6 IS USM'. Entity 2: 'Tissot Seastar 1000 Powermatic 80 Silicium'.,No
Do the two product descriptions refer to the same real-world product? Entity 1: 'Epson A3 Premium Glossy Photo Paper 255gsm (Pack of 20) C13S041315'. Entity 2: 'Epson Premium Glossy Photo Paper 13x18cm'.,No
Do the two product descriptions refer to the same real-world product? Entity 1: 'WS-C2960-24TT-L Cisco Catalyst WS-C2960-24TT-L Switch'. Entity 2: 'WS-C2960-24TT-LCatalyst 2960 24 10/100 + 2 1000BT LAN Base Image'.,Yes
Do the two product descriptions refer to the same real-world product? Entity 1: 'SEAGATE SATA-3 2TB SSHD FIRECUDA'. Entity 2: 'Brother HL-L8360CDW Colour Wireless Laser Printer'.,No
"Do the two product descriptions refer to the same real-world product? Entity 1: 'APC APCrbc110 Replacement Battery Cartridge #110'. Entity 2: 'Jabra BIZ 2400 II Duo - Mic. 82 NC, Wideband'.",No
"Do the two product descriptions refer to the same real-world product? Entity 1: 'Epson A4 Premium Glossy Photo Paper'. Entity 2: 'Epson A4/Premium Semiglossy Photo, 20 sheets'.",No
Do the two product descriptions refer to the same real-world product? Entity 1: 'Epson Strawberry 29 (Prentar 175 síður) Claria Home blekhylki (blátt)'. Entity 2: 'ASUS Radeon RX 5500 XT ROG Strix OC 8GB -Demo'.,No
Do the two product descriptions refer to the same real-world product? Entity 1: 'Cooler Master Hyper H411R CPU Cooler White LED'. Entity 2: 'Cooler Master Hyper H411R CPU Cooler RR-H411-20PW-R1 | PCByte'.,Yes
Do the two product descriptions refer to the same real-world product? Entity 1: 'Kingston 4GB DDR3 1600MHz HyperX Fury Black Series'. Entity 2: 'Wireless TP-LINK Wireless Lan TL-WN781ND'.,No
Do the two product descriptions refer to the same real-world product? Entity 1: 'HyperX Predator 16GB - PC4-26600 - DIMM'. Entity 2: 'Seagate Lacie 2TB 2.5 Rugged Portable Thunderbolt Type C'.,No
Do the two product descriptions refer to the same real-world product? Entity 1: 'APC APCrbc110 Replacement Battery Cartridge #110'. Entity 2: 'APC APCRBC117 Replacement Battery Cartridge #117'.,No
"Do the two product descriptions refer to the same real-world product? Entity 1: 'Corsair 110R Tempered Glass Mid-Tower ATX Case'. Entity 2: 'Corsair 110R Tempered Glass Black ATX Case, Tempered Glass Side Window, No PSU, 2x USB 3.1, HD Audio, 120mm Fan pre-installed'.",Yes
Do the two product descriptions refer to the same real-world product? Entity 1: 'Jabra BIZ 2300 USB MS Mono - headset'. Entity 2: 'Swiss Military Hanowa06-4226.30.003.03 Immersion Uhr'.,No
Do the two product descriptions refer to the same real-world product? Entity 1: 'Canon EF-S 55-250mm f/4-5.6 IS STM'. Entity 2: 'Canon EF-S 10-18/4.5-5.6 IS STM'.,No
Do the two product descriptions refer to the same real-world product? Entity 1: 'Daniel Wellington Classic Sheffield Men 40mm Quartz Watch 0206DW'. Entity 2: 'UniFi AP ac HD ROW 5Pk'.,No
"Do the two product descriptions refer to the same real-world product? Entity 1: 'BenQ GW2480 23.8"" Full HD IPS Monitor'. Entity 2: 'PHILIPS MONITOR LED IPS 24\"" (23.8) 16:9 FULLHD VGA DVI HDMI 243V7QDSB'.",No
"Do the two product descriptions refer to the same real-world product? Entity 1: 'Apple AirPods Pro, Kopfhrer - EU'. Entity 2: 'APPLE - Airpods With Charging Case'.",No
"Do the two product descriptions refer to the same real-world product? Entity 1: '0000012890| Sigma 50mm f/1.4 DG HSM Art for Canon'. Entity 2: 'Epson S050189 Cyan, High Capacity Toner Cartridge'.",No
Do the two product descriptions refer to the same real-world product? Entity 1: 'Audemars Piguet Royal Oak Offshore Selfwinding Chronograph Watch - 26470ST.OO.A099CR.01'. Entity 2: 'Cheap Replica Audemars Piguet Royal Oak Offshore Chronograph Watch 26470OR.OO.A125CR.01'.,No
Do the two product descriptions refer to the same real-world product? Entity 1: 'LOGITECH C922 PRO STREAM FULL HD WEBCAM (960-001090)-WRTY 1YR W/BANLEONG'. Entity 2: 'Tissot Heritage Visodate Analog Swiss Quartz Sapphire Crystal Men's Watch'.,No
Do the two product descriptions refer to the same real-world product? Entity 1: 'AAA Replica Audemars Piguet Royal Oak Chronograph Black Dail Watch 26331ST.OO.1220ST.02'. Entity 2: 'Cheap Replica Audemars Piguet Royal Oak Chronograph White Dail Watch 26331ST.OO.1220ST.03'.,No
"Do the two product descriptions refer to the same real-world product? Entity 1: 'Corsair 32GB DDR4 Vengeance LPX 2666MHz Memory Kit Black'. Entity 2: '16GB Vengeance LPX DDR4 2400MHz, CL14, Black, DIMM Memory'.",No
"Do the two product descriptions refer to the same real-world product? Entity 1: 'HyperX Predator 16GB - PC4-26600 - DIMM'. Entity 2: 'Mouse Gaming RAZER Mamba Elite, 16000 dpi, negru'.",No
Do the two product descriptions refer to the same real-world product? Entity 1: 'SanDisk SSD Plus 120GB 240GB 530MB/s 480GB 1TB 535MB/sSolid State Drive (120GB)'. Entity 2: 'APC - Schneider SMART-UPS 1000VA LCD 230V'.,No
"Do the two product descriptions refer to the same real-world product? Entity 1: 'Epson S050189 Cyan, High Capacity Toner Cartridge'. Entity 2: 'Epson S050189 toner ciano ACULA.C1100 4k'.",Yes
Do the two product descriptions refer to the same real-world product? Entity 1: 'Omega Seamaster Planet Ocean 600m Co-Axial Master Ceramic 215.92.46.22.01.004 Black Dial Replica'. Entity 2: 'Shimano Ultegra Chain HG701 - 116L - with split'.,No
"Do the two product descriptions refer to the same real-world product? Entity 1: 'Reifen Maxxis 29x2.30 Minion DHR II DoubleDown'. Entity 2: 'Maxxis Maxxis Minion DHR II Tire: 29 x 2.40"", Folding, 60tpi, 3C MaxxGrip 2- Ply, Tubeless Ready, Wide Trail, Black'.",No
"Do the two product descriptions refer to the same real-world product? Entity 1: 'Maxxis Maxxis High Roller II Tire: 27.5 x 2.50\"", Folding, 60tpi, 3C MaxxTerra, EXO, Tubeless Ready, Wide Trail, Black'. Entity 2: 'Maxxis High Roller II Tire - 27.5 x 2.4, Tubeless, Folding, Black, 3C Maxx Terra, EXO'.",No
"Do the two product descriptions refer to the same real-world product? Entity 1: 'SanDisk USB 3.0 Flash Drive Ultra Flair 32 GB Black, Silver'. Entity 2: 'DJI Mavic 2 Car Charger'.",No
Do the two product descriptions refer to the same real-world product? Entity 1: 'Sigma 35mm F1.4 DG Art HSM EOS Mount Lens'. Entity 2: 'Sigma 35mm f/1.4 DG HSM Art'.,Yes
Do the two product descriptions refer to the same real-world product? Entity 1: 'OMEGA SEAMASTER DIVER 300 210.20.42.20.03.002'. Entity 2: 'OMEGA Seamaster Planet Ocean Chronograph Steel'.,No
Do the two product descriptions refer to the same real-world product? Entity 1: 'Manfrotto MVH502AH Fluid Video Head with MT055XPRO3 Tripod'. Entity 2: 'Manfrotto MHXPRO-2W 2-Way Head'.,No
"Do the two product descriptions refer to the same real-world product? Entity 1: 'Shimano R550 SPD-SL Pedals - Black'. Entity 2: 'Apple iPad Air Wi-Fi 256 GB Silver - 10.5\"" Tablet - A12 26.67cm-Display'.",No
Do the two product descriptions refer to the same real-world product? Entity 1: 'Traveler's Notebook Refill - Sketch Paper'. Entity 2: 'TRAVELER'S Notebook Blue // Passport'.,No
Do the two product descriptions refer to the same real-world product? Entity 1: 'Crucial 1x 8GB DDR3L 1600MHz ECC Unbuffered UDIMM RAM | Discount Computer Needs'. Entity 2: 'LOGITECH UC Corded Stereo USB Headset H570e (Leatherette Pad) - Business EMEA'.,No
"Do the two product descriptions refer to the same real-world product? Entity 1: 'Manfrotto MHXPRO-2W 2-Way Head'. Entity 2: 'SanDisk 480GB SSD Plus int 2.5\"" SATA3 SSD (SDSSDA-480G-G26) (Local Warranty with 3years with Local Distributor)'.",No
Do the two product descriptions refer to the same real-world product? Entity 1: 'Brother HL-L8360CDW Colour Wireless Laser Printer'. Entity 2: 'Brother HL-L5200DW Laser Printer'.,No
"Do the two product descriptions refer to the same real-world product? Entity 1: '120GB Crucial BX500 3D NAND 2.5\"" SATA SSD'. Entity 2: '0000010490| Samyang 24mm F1.4 Nikon AE Full Frame Lens'.",No
Do the two product descriptions refer to the same real-world product? Entity 1: 'Gigabyte GTX 1650 SUPER OC 4G'. Entity 2: 'EVOLIS RCT023NAA BLACK MONOCHROME RIBBON (2000 PRINTS)'.,No
Do the two product descriptions refer to the same real-world product? Entity 1: 'HyperX 8GB (2x4GB) 1600MHz CL10 Fury Blue'. Entity 2: 'Corsair Vengeance LPX 16GB(2x8GB)'.,No
"Do the two product descriptions refer to the same real-world product? Entity 1: 'Speed Dome IP, 2 MP, IR 150m, Hikvision DS-2DE5225IW-AE'. Entity 2: 'HIKVISION DS-7208HQHI-K1 2 MEGAPIXEL HYBRID 8 CHANNEL (8CH) DVR'.",No
"Do the two product descriptions refer to the same real-world product? Entity 1: 'Apple AirPods Pro, Kopfhrer - EU'. Entity 2: 'Mouse Gaming RAZER Mamba Elite, 16000 dpi, negru'.",No
"Do the two product descriptions refer to the same real-world product? Entity 1: 'DDR4 Vengeance LPX 16GB/3200(2*8GB) CL16-18-18-36 BLACK 1,35VXMP 2.0'. Entity 2: 'Corsair Vengeance LPX 16GB(2x8GB)'.",Yes
Do the two product descriptions refer to the same real-world product? Entity 1: 'AMD Ryzen 9 3900XT 12-Core 3.8 GHz Socket AM4 105W 100-100000277WOF Desktop Processor'. Entity 2: 'AMD Ryzen 9 3900XT AM4 CPU'.,Yes
"Do the two product descriptions refer to the same real-world product? Entity 1: 'Corsair Vengeance LPX, 16GB, DDR4 memory module 2133 MHz'. Entity 2: 'Tissot T-Sport Seastar 1000 Powermatic 80 Watch T1204071704100'.",No
"Do the two product descriptions refer to the same real-world product? Entity 1: 'CORSAIR Crystal Series 570X RGB Tempered Glass,Premium ATX Mid-Tower Case, WHITE'. Entity 2: 'Corsair Crystal Series 570X RGB CC-9011098-WW Steel / Tempered Glass ATX Mid Tower Case'.",No
"Do the two product descriptions refer to the same real-world product? Entity 1: 'Epson Seahorse Multipack 6-kleur T0487'. Entity 2: 'Epson Fox Multipack \""Renard\"" (T1285) - Encre DURABrite Ultra N, C, M, J'.",No
Do the two product descriptions refer to the same real-world product? Entity 1: 'G.Skill Trident Z Neo DDR4 3600MHz 16GB (2X8) Desktop Memory for AMD X570 F4-3600C16D-16GTZNC | PCByte'. Entity 2: 'Memoire DDR4 G.Skill Trident Z F4-3600C16D-16GTZNC'.,Yes
Do the two product descriptions refer to the same real-world product? Entity 1: 'Lexmark - Toner cartridge -black - 3500 pages - LRPE260A11E'. Entity 2: 'Lexmark Toner Sort 3.5k - E360/E460 Return'.,Yes
Do the two product descriptions refer to the same real-world product? Entity 1: 'APC Replacement Battery Cartridges #117'. Entity 2: 'Ryze Tech Tello Battery Charging Hub'.,No
Do the two product descriptions refer to the same real-world product? Entity 1: 'AMD RYZEN 5 2400G Quad-Core 3.6 GHz (3.9 GHz Max Boost) Socket AM4 65W YD2400C5FBBOX Desktop Processor'. Entity 2: 'SanDisk SSD PLUS 120GB Solid State Drive -SDSSDA-120G-G27'.,No
"Do the two product descriptions refer to the same real-world product? Entity 1: 'Fujifilm XF 56mm f/1.2 R'. Entity 2: 'RAM Mount Torque™ 3/4"" - 1"" Diameter Handlebar/Rail Base with 1"" Ball and X-Grip®'.",No
Do the two product descriptions refer to the same real-world product? Entity 1: 'Kingston Technology SA400S37/240G A400 SSD Solid State Drive 2.5 Inch SATA-3 - 240GB'. Entity 2: 'Samsung Portable SSD T7 Touch - Black - 2TB'.,No
"Do the two product descriptions refer to the same real-world product? Entity 1: 'TP-Link Archer T9UH Wireless AC1900 USB Adapter'. Entity 2: 'Intel Processor, Core i7-8700K 8th Gen'.",No
"Do the two product descriptions refer to the same real-world product? Entity 1: 'BenQ GW2480 23.8"" Full HD IPS Monitor'. Entity 2: 'Crucial 500GB MX500 M.2 2880 SATA 6Gb/s SSD'.",No
Do the two product descriptions refer to the same real-world product? Entity 1: 'AAA Replica Audemars Piguet Royal Oak Offshore Chronograph Watch 26470OR.OO.1000OR.02'. Entity 2: 'Basilisk V2 Ergonomic Gaming Mouse'.,No
Do the two product descriptions refer to the same real-world product? Entity 1: 'Audemars Piguet Royal Oak Offshore Selfwinding Chronograph Watch - 26470ST.OO.A099CR.01'. Entity 2: 'Garmin Fenix 5S Plus GPS Watch Silver with Black Band'.,No
"Do the two product descriptions refer to the same real-world product? Entity 1: 'Johnnie Walker - Blue Label 70cl'. Entity 2: 'ASUS GeForce® RTX 2080 SUPER™ Dual Evo OC 8GB (90YV0DJ0-M0NM00) (NVIDIA, Grafikkarte)'.",No
Do the two product descriptions refer to the same real-world product? Entity 1: 'Bosch KGN34NWEAG 60cm Frost Free Fridge Freezer'. Entity 2: 'TP-LINK EAP110 Access point - Wit'.,No
"Do the two product descriptions refer to the same real-world product? Entity 1: 'Philips Monitor LCD 243V7QDSB/00'. Entity 2: 'PHILIPS MONITOR LED IPS 24\"" (23.8) 16:9 FULLHD VGA DVI HDMI 243V7QDSB'.",Yes
Do the two product descriptions refer to the same real-world product? Entity 1: 'Ubiquiti UniFi Dual-Band WiFi PoE Access Point UAP-AC-HD - 5 Pack'. Entity 2: 'Ubiquiti Unifi AC In-Wall AP Wireless Access Point 5 Pack UAP-AC-IW-5 (No PoE Injector)'.,No
Do the two product descriptions refer to the same real-world product? Entity 1: 'Brother HL-L5200DW Laser Printer'. Entity 2: 'Western Digital Blue SSD 250GB SATA M.2 2280 WDS250G2B0B'.,No
Do the two product descriptions refer to the same real-world product? Entity 1: 'Canon EF-S 10-18/4.5-5.6 IS STM'. Entity 2: 'Canon EF-S 18-135/3.5-5.6 IS USM'.,No
Do the two product descriptions refer to the same real-world product? Entity 1: 'ASUS NVIDIA GeForce RTX 2060 6GB DUAL OC EVO Turing Graphics Card'. Entity 2: 'Carto de memria micro SD Kingston 64Gb XC1 classe 10 Canvas Select'.,No
Do the two product descriptions refer to the same real-world product? Entity 1: 'Epson - Premium Semi-Gloss Photo Paper - A4 - 20 Fogli - C13S041332'. Entity 2: 'Epson A4 Premium Glossy Photo Paper'.,No
Do the two product descriptions refer to the same real-world product? Entity 1: 'FUJIFILM Super EBC XF 23mm f/2 R WR Lens - Black'. Entity 2: 'Elixir Phosphor Acoustic Strings - Extra Light'.,No
"Do the two product descriptions refer to the same real-world product? Entity 1: 'Canon PFI-101C Ink, 130 ml - Cyan'. Entity 2: '0884B001 | Canon PFI-101 | Original Canon Ink Cartridge - Cyan'.",Yes
Do the two product descriptions refer to the same real-world product? Entity 1: 'Jabra Evolve 20 SE Special Edition UC monaural USB'. Entity 2: 'Corsair Carbide SPEC-01 Tower Black'.,No
Do the two product descriptions refer to the same real-world product? Entity 1: 'Jabra Evolve 20 SE Special Edition UC monaural USB'. Entity 2: 'AF-S FX 24-85MM F3.5-4.5G ED VR'.,No
"Do the two product descriptions refer to the same real-world product? Entity 1: 'Maxxis Maxxis High Roller II Tire: 27.5 x 2.50\"", Folding, 60tpi, 3C MaxxTerra, EXO, Tubeless Ready, Wide Trail, Black'. Entity 2: 'Maxxis Assegai Tire - 27.5 x 2.5, Folding, Tubeless, Black, 3C Maxx Terra, EXO+, Wide Trail'.",No
"Do the two product descriptions refer to the same real-world product? Entity 1: 'Intel Core i3 8300 Quad Core 3.7GHz Processor'. Entity 2: 'Processore Cpu INTEL Core i3-7100 1151 3,9GHz 3MB Cache Kaby Lake'.",No
Do the two product descriptions refer to the same real-world product? Entity 1: 'TISSOT SEASTAR 1000 POWERMATIC 80'. Entity 2: 'Tissot Seastar 1000 Powermatic 80 T120.407.11.041.01'.,No
Do the two product descriptions refer to the same real-world product? Entity 1: 'Traveler's Notebook Refill - Sketch Paper'. Entity 2: 'Traveler's Notebook / Refill 001 / Lined Notebook'.,No
Do the two product descriptions refer to the same real-world product? Entity 1: 'Samsung Portable SSD T7 Touch 2TB - Zwart'. Entity 2: 'Sunflower 32oz. Wide Mouth Water Bottle'.,No
"Do the two product descriptions refer to the same real-world product? Entity 1: '34\"" Blaze 3 Pro Cart'. Entity 2: 'Blaze Grill Cart for 40\"" Gas Grill'.",No
Do the two product descriptions refer to the same real-world product? Entity 1: 'Switch D-Link DGS-1210-24 20 p 10 / 100 / 1000 Mbps 4 x SFP'. Entity 2: 'Switch D-Link - Web smart - switch - 24 porte - gestito dgs-1210-24'.,Yes
Do the two product descriptions refer to the same real-world product? Entity 1: 'AMD AM4-3400G RYZEN5 3.7GHz'. Entity 2: 'Ryze Tello Battery Charging Charger Hub (Part 9)'.,No
Do the two product descriptions refer to the same real-world product? Entity 1: 'Epson T7551 (Prentar 5000 síður) XL svart blekhylki (100ml) fyrir WorkForce WF-8XXX prentara'. Entity 2: 'Epson Blekk Svart T7031 L - WP4000/4500'.,No
Do the two product descriptions refer to the same real-world product? Entity 1: 'Samsung 970 EVO Plus MZ-V7S250BW / Solid state drive / encrypted / 250GB / internal / M.2 2280 / PCI Express 3.0 x4 (NVMe) / buffer: 512 MB / 256-bit AES / TCG Opal Encryption | MZ-V7S250BW'. Entity 2: 'LOGITECH AURICULARES H650E STEREO USB'.,No
"Do the two product descriptions refer to the same real-world product? Entity 1: 'Maxxis Maxxis Aggressor Tire - 29 x 2.3, Folding, Tubeless, Black, Dual, EXO'. Entity 2: '32 Oz Wide Mouth With Flex Cap W32BTS001'.",No
"Do the two product descriptions refer to the same real-world product? Entity 1: 'RAM Torque 28mm-38mm Handlebar & Rail Base 1.5\"" Ball'. Entity 2: 'RAM Mount Torque™ 3/4"" - 1"" Diameter Handlebar/Rail Base with 1"" Ball and X-Grip®'.",No
Do the two product descriptions refer to the same real-world product? Entity 1: 'TP-Link Omada AC1200 Wireless Dual Band Gigabit Outdoor Access Point'. Entity 2: 'WD 1TB My Passport Portable Storage USB 3.2 Gen 1 - Black - WDBYVG0010BBK-WESN'.,No
"Do the two product descriptions refer to the same real-world product? Entity 1: 'Epson Tinte T6164 Yellow, 53 ml'. Entity 2: 'Epson Tinte T6037 Light Black, 220 ml'.",No
Do the two product descriptions refer to the same real-world product? Entity 1: 'APC Smart-UPS RT192V RM Battery Pack 2 R'. Entity 2: 'APC Smart-UPS RT 192V RM Battery Pack'.,Yes
Do the two product descriptions refer to the same real-world product? Entity 1: 'Canon EF-M 18-150mm f/3.5-6.3 IS STM Schwarz EU10'. Entity 2: 'Evolis RCT023NAA Black Monochrome Ribbon'.,No
Do the two product descriptions refer to the same real-world product? Entity 1: 'Tissot T-Sport Seastar 1000 Chronograph Watch T1204171105100'. Entity 2: 'Tissot Mens T-Sport Seastar 1000 Chronograph Black Dial Stainless Steel Bracelet Watch T120.417.11.051.00'.,Yes
Do the two product descriptions refer to the same real-world product? Entity 1: 'SanDisk SDCZ60-064G-B35 Cruzer Glide USB Flash Drive USB 2.0 - 64 GB'. Entity 2: 'SANDISK FLASH CRUZER GLIDE 64GB'.,Yes
"Do the two product descriptions refer to the same real-world product? Entity 1: 'Epson Tinte T6935 Matt Black UltraChrome, 350 ml'. Entity 2: 'Pen Drive SanDisk 16GB Cruzer Force USB 2.0'.",No
Do the two product descriptions refer to the same real-world product? Entity 1: 'Kingston Technology Canvas Select memory card 128 GB MicroSDXC Class 10 UHS-I'. Entity 2: 'Corsair Vengeance LPX 16GB(2x8GB)'.,No
Do the two product descriptions refer to the same real-world product? Entity 1: 'Kingston ValueRAM 4GB No Heatsink (1 x 4GB) DDR4 2400MHz SODIMM System Memory'. Entity 2: 'Kingston DataTraveler G4 - USB flash drive - 16 GB - USB 3.0 - blue'.,No
Do the two product descriptions refer to the same real-world product? Entity 1: 'Audio Technica Headphones Air Dynamic Series ATH-AD500X'. Entity 2: 'ADAPTADOR INALAMBRICO TP-LINK/USB 2.0/N300/QSS/TL-WN821N'.,No
Do the two product descriptions refer to the same real-world product? Entity 1: 'Toner Brother original amarillo TN135Y'. Entity 2: 'TONERBROTHER ORIGINALE GIALLO TN-135Y'.,Yes
Do the two product descriptions refer to the same real-world product? Entity 1: 'New York Yankees New Era Navy League 9FORTY Adjustable Hat - Men - Navy Blue'. Entity 2: 'Swiss Military Hanowa Navalus Day-Date 06-6278.04.001.07'.,No
Do the two product descriptions refer to the same real-world product? Entity 1: 'Seamaster Planet Ocean 600 M Omega Co-Axial Master Chronometer Chronograph 215.30.46.51.03.001'. Entity 2: 'Buy Quality Replica Omega Seamaster Planet Ocean 600M Steel Chronometer Chronograph Watch 215.30.46.51.01.001'.,No
Do the two product descriptions refer to the same real-world product? Entity 1: 'HyperX 8GB (2x4GB) 1600MHz CL10 Fury Blue'. Entity 2: 'Crucial 4GB (1x4GB) 2666MHz DDR4 Memory'.,No
Do the two product descriptions refer to the same real-world product? Entity 1: 'Jabra EVOLVE 80 MS Stereo (7899-823-109)'. Entity 2: 'JABRA EVOLVE 20 UC Stereo'.,No
Do the two product descriptions refer to the same real-world product? Entity 1: 'Omega Seamaster Planet Ocean Automatic Chronograph Two-Tone Rubber Watch 215.32.46.51.01.001'. Entity 2: 'Omega Horloge Seamaster 46mm Planet Ocean 600M Co-Axial Master ChronometerChronograph 215.32.46.51.01.001'.,Yes
Do the two product descriptions refer to the same real-world product? Entity 1: 'Sigma ART 50mm f/1.4 DG HSM Lens for Nikon'. Entity 2: 'BIZ 2400 II Duo IP Flex'.,No
"Do the two product descriptions refer to the same real-world product? Entity 1: 'DS-7208HUHI-K2-P Hikvision 8 Channel 5MP / 1080P HD-TVI Hybrid DVR with Power over Coax (PoC / Turbo4.0)'. Entity 2: 'DVR 8 canale, Turbo HD, 6MP, PoC, Hikvision DS-7208HQHI-K2-P'.",No
"Do the two product descriptions refer to the same real-world product? Entity 1: 'Logitech 3.5 mm Analog Stereo Headset H151 with Boom Microphone - Black'. Entity 2: 'Logitech H151 Wired Headset, Stereo Headphones with Rotating Noise-Cancelling Microphone, 3.5 mm Audio Jack'.",No
Do the two product descriptions refer to the same real-world product? Entity 1: 'Seiko Prospex Diver Sumo Green Mens Stainless Steel SPB103J1'. Entity 2: 'SEIKO Prospex Automatic Men's 45mm Diver Watch - SPB103J1 – Green Dial'.,Yes
Do the two product descriptions refer to the same real-world product? Entity 1: '32 Oz Wide Mouth With Flex Cap W32BTS001'. Entity 2: 'Maxxis High Roller II MaxxTerra Tire (WT) (3C/EXO/TR) (27.5 x 2.40) (Folding)'.,No
"Do the two product descriptions refer to the same real-world product? Entity 1: '3M - Privacy filter framed lightweight 18,1\""\""-20\""\"" widescreen'. Entity 2: '3M - DESKTOP LCD LW FRAMED FILTER'.",No
Do the two product descriptions refer to the same real-world product? Entity 1: 'Samsung 970 EVO MZ-V7E1T0BW - Solid state drive - krypterat - 1 TB - inbyggd - M.2 2280 - PCI Express 3.0 x4 (NVMe) - 256 bitars AES - TCG Opal Encryption 2.0'. Entity 2: 'Samsung 1TB SSD 970 EVO NVMe M.2'.,Yes
Do the two product descriptions refer to the same real-world product? Entity 1: 'Hikvision Wall Mount for AVPIR3 and 23x5G1-I range of Cameras'. Entity 2: 'DS-1273ZJ-140 Outdoor Indoor Wall Mount Bracket for Hikvision Dome Camera'.,Yes
Do the two product descriptions refer to the same real-world product? Entity 1: 'APC - USV APC SMT1000RMI2UCSMARTUPS 1000VA LCD RM 2U 230V SmartC'. Entity 2: 'Lexmark - Toner cartridge -black - 3500 pages - LRPE260A11E'.,No
"Do the two product descriptions refer to the same real-world product? Entity 1: 'RAZER MAMBA ELITE ERGONOMIC WIRED GAMING MOUSE'. Entity 2: 'Mouse Gaming RAZER Mamba Elite, 16000 dpi, negru'.",Yes
Do the two product descriptions refer to the same real-world product? Entity 1: 'RAM Twist-Lock Dual Suction Cup Base / RAM-B-189BU'. Entity 2: 'RAM Dual Suction Cup Base'.,Yes
Do the two product descriptions refer to the same real-world product? Entity 1: 'Hikvision DS-7216HUHI-K2 Turbo 1080p HD 16CH DVR - HD-TVI AHD IPC - HDMI COAX'. Entity 2: 'EPSON Ink bar WF-8xxx Series Ink Cartridge XL Yellow - 4000str. (39 ml)'.,No
Do the two product descriptions refer to the same real-world product? Entity 1: 'Samsung 970 EVO Plus MZ-V7S250BW / Solid state drive / encrypted / 250GB / internal / M.2 2280 / PCI Express 3.0 x4 (NVMe) / buffer: 512 MB / 256-bit AES / TCG Opal Encryption | MZ-V7S250BW'. Entity 2: 'Samsung 970 EVO MZ-V7E1T0BW - Solid state drive - krypterat - 1 TB - inbyggd - M.2 2280 - PCI Express 3.0 x4 (NVMe) - 256 bitars AES - TCG Opal Encryption 2.0'.,No
Do the two product descriptions refer to the same real-world product? Entity 1: 'Samsung 970 EVO Plus MZ-V7S250BW / Solid state drive / encrypted / 250GB / internal / M.2 2280 / PCI Express 3.0 x4 (NVMe) / buffer: 512 MB / 256-bit AES / TCG Opal Encryption | MZ-V7S250BW'. Entity 2: 'Samsung 970 EVO Plus 250GB SSD'.,Yes
"Do the two product descriptions refer to the same real-world product? Entity 1: 'Intel Processor, Core i7-8700K 8th Gen'. Entity 2: 'Razer Viper Ultimate & Mouse Dock'.",No
"Do the two product descriptions refer to the same real-world product? Entity 1: 'Samsung 50\"" 4K UHD HDR QLED Smart TV (QN50Q60TAFXZC)'. Entity 2: '43\"" 2020 Q60T 4K Smart QLED TV'.",Yes
Do the two product descriptions refer to the same real-world product? Entity 1: 'SANDISK EXTREME PRO SDXC 256GB 170MB/S C10 U3'. Entity 2: '3M - PF230W9F EYE PROTECTION FILTER DESKTOPS FRAME STANDARD 23.0 ACCS'.,No
Do the two product descriptions refer to the same real-world product? Entity 1: 'Shimano 11 SPD Chain RD/MTB Sil-Tec With Quick Link'. Entity 2: 'Evans EC2S 13'' Clear Batter - TT13EC2S'.,No
Do the two product descriptions refer to the same real-world product? Entity 1: 'Maintenance Unit Epson T6190 35000Pgs (C13T619000)'. Entity 2: 'maintenance kit EPSON Business Inkjet B300/310/B500DN/B510DN (´odpad. nadoba´)'.,Yes
Do the two product descriptions refer to the same real-world product? Entity 1: 'APC - Replacement battery cartridge 140'. Entity 2: 'APC RBC140 Replacement Battery Cartridge'.,Yes
"Do the two product descriptions refer to the same real-world product? Entity 1: 'Cloud Core Router CCR1036-12G-4S-EM'. Entity 2: 'MikroTikCloud Core Router 1036-12G-4S with Tilera Tile-Gx36 CPU (36-cores, 1.2Ghz per core), 16GB RAM, 4xSFP cage, 12xGbit LAN, RouterOS L6, 1U rackmount case, PSU, LCD panel'.",Yes
Do the two product descriptions refer to the same real-world product? Entity 1: 'TP-Link T1700G-28TQ JetStream 24-Port Gigabit Stackable Smart Switch with 4 10GE SFP+ Slots'. Entity 2: 'SWITCH TP-LINK 24 PORT GIGA'.,No
Do the two product descriptions refer to the same real-world product? Entity 1: '0000010490| Samyang 24mm F1.4 Nikon AE Full Frame Lens'. Entity 2: '0000006490| Canon EF-S 18-135mm f3.5-5.6 IS NANO USM Lens'.,No
"Do the two product descriptions refer to the same real-world product? Entity 1: 'Crucial Crucial Memory 4GB DDR3L 1600 1.35V SODIMM Retail CT51264BF160BJ'. Entity 2: 'Garmin fenix5 Gray Optic, Black band'.",No
Do the two product descriptions refer to the same real-world product? Entity 1: 'RAM Dual Suction Cup Base'. Entity 2: 'HP 900GB 6G SAS 10K 900 SAS 16 MB Cache 2.5-Inch Internal Bare or OEM Drives 619291-B21'.,No
Do the two product descriptions refer to the same real-world product? Entity 1: 'Kingston Canvas Select Plus 128GB microSD - With Adaptor'. Entity 2: 'KINGSTON MICRO SD CARD CANVAS SELECT PLUS 128GB 100MB/S LIMITED LIFETIME'.,Yes
Do the two product descriptions refer to the same real-world product? Entity 1: 'Seagate Lacie 2TB 2.5 Rugged Portable Thunderbolt Type C'. Entity 2: 'LACIE 2TB 2.5 MOBILE PORTABLE USB 3.0 MOON SILVER'.,No
"Do the two product descriptions refer to the same real-world product? Entity 1: 'Ubiquiti UniFi AP, AC, In Wall, 5-Pack'. Entity 2: 'Cappello New Era Clean Trucker 2 NY Yankees Cap'.",No
Do the two product descriptions refer to the same real-world product? Entity 1: 'FUJIFILM XF23/1.4 XF 23mm f/1.4 R'. Entity 2: 'Fujifilm XF 80mm f2.8 R LM WR Macro Lens'.,No
Do the two product descriptions refer to the same real-world product? Entity 1: 'Crucial BX500 480GB SSD Micron 3D NAND SATA III 6Gb/s 2.5 Internal Solid State Drive'. Entity 2: 'Samsung 860 PRO 1TB SSD 2-bit MLC V-NAND SATA III 6Gb/s 2.5 Internal Solid State Drive'.,No
"Do the two product descriptions refer to the same real-world product? Entity 1: 'CLARKS Sram, PG-730, 7sp cassette, 12-32T'. Entity 2: 'Sram PG 1130 11sp cassette 11-36T'.",No
"Do the two product descriptions refer to the same real-world product? Entity 1: '3M - Framed Privacy Filter for 19 Widescreen Monitor (16:10)'. Entity 2: '3M - PF27.0W9 PRIVACY FILTER BLACK FOR 27,0IN / 68,6 CM / 16:9IN ACCS'.",No
Do the two product descriptions refer to the same real-world product? Entity 1: 'Genuine Epson C13T616400 Yellow Ink Cartridge (T6164YOEM)'. Entity 2: 'Ubiquiti Unifi AC In-Wall AP Wireless Access Point 5 Pack UAP-AC-IW-5 (No PoE Injector)'.,No
Do the two product descriptions refer to the same real-world product? Entity 1: 'Relógio Swiss Military Hanowa06-6278.04.001.07 Navalus'. Entity 2: 'Relógio Swiss Military Hanowa06-4307.30.007 Undercover Multifunction'.,No
Do the two product descriptions refer to the same real-world product? Entity 1: 'Zebra 800015-301 (Eltron) Black (K) Resin Ribbon - 1500 Prints'. Entity 2: 'DVR Hikvision TurboHD 4 canale DS-7204HQHI-K1'.,No
"Do the two product descriptions refer to the same real-world product? Entity 1: 'Evans 14\"" TT14EC2S Clear Drum Head'. Entity 2: 'FUJIFILM XF 8-16mm f/2.8 R LM WR Lens'.",No
Do the two product descriptions refer to the same real-world product? Entity 1: 'Daniel Wellington Classic Black Cornwall'. Entity 2: 'Daniel Wellington DW00100150 Classic Cornwall Rose 36mm Black'.,Yes
Do the two product descriptions refer to the same real-world product? Entity 1: 'Zebra 800015-301 (Eltron) Black (K) Resin Ribbon - 1500 Prints'. Entity 2: 'Brother Monochrome Compact Laser All-in-One Printer with Duplex Printing and Wireless Networking'.,No
Do the two product descriptions refer to the same real-world product? Entity 1: 'Brother HL-L5200DW Laser Printer'. Entity 2: 'Brother HL-L6200DW Business Laser Printer'.,No
Do the two product descriptions refer to the same real-world product? Entity 1: 'No Break APC Smart-UPS 10Kva Mono230V - SRT10KXLI'. Entity 2: 'APC Smart-UPS SRT 10000VA SRT10KXLI'.,Yes
"Do the two product descriptions refer to the same real-world product? Entity 1: 'TAG Heuer Formula 1 Calibre 5 Men's Watch'. Entity 2: 'RAM Handlebar Rail Mount 1.125 - 1.5\"" C (RAM-408-112-15U)'.",No
Do the two product descriptions refer to the same real-world product? Entity 1: 'SEAGATE SATA-3 2TB SSHD FIRECUDA'. Entity 2: 'Toner Brother - Nero - ricarica toner tn200'.,No
"Do the two product descriptions refer to the same real-world product? Entity 1: 'Garmin fenix5S Sapphire Black Optic, Black band'. Entity 2: 'CORSAIR CRYSTAL 570X RGB Mid-Tower Case, 3 RGB Fans, Tempered Glass - White| CC-9011110-WW'.",No
Do the two product descriptions refer to the same real-world product? Entity 1: 'USB STICK SANDISK CRUZER GLIDE 32GB'. Entity 2: 'Sandisk USB Flash 32GB Cruzer Glide 2.0/3.0'.,Yes
Do the two product descriptions refer to the same real-world product? Entity 1: 'LOGITECH UC Corded Stereo USB Headset H570e (Leatherette Pad) - Business EMEA'. Entity 2: 'LOGITECH Logitech USB Headset H390'.,No
"Do the two product descriptions refer to the same real-world product? Entity 1: 'Maxxis Maxxis High Roller II Tire: 27.5 x 2.50\"", Folding, 60tpi, 3C MaxxTerra, EXO, Tubeless Ready, Wide Trail, Black'. Entity 2: 'Maxxis Maxxis, Minion DHR2, Tire, 29''x2.40, Folding, Tubeless Ready, 3C Maxx Grip, 2-ply, Wide Trail, 60TPI, Black'.",No
Do the two product descriptions refer to the same real-world product? Entity 1: 'HIKVISION DS-7208HQHI-K1 2 MEGAPIXEL HYBRID 8 CHANNEL (8CH) DVR'. Entity 2: 'DS-7204HQHI-K1 Turbo HD DVR'.,No
Do the two product descriptions refer to the same real-world product? Entity 1: 'SMSH11 SPDSL CLEAT SET FLOATING MODE YELLOW'. Entity 2: 'Xerox Phaser 7760 Yellow Toner 106R01162'.,No
Do the two product descriptions refer to the same real-world product? Entity 1: 'Corsair Carbide SPEC-01 Tower Black'. Entity 2: 'Traveler's Notebook Refill - Sketch Paper'.,No
Do the two product descriptions refer to the same real-world product? Entity 1: 'TONERBROTHER ORIGINALE GIALLO TN-135Y'. Entity 2: 'Toner kompatibel zu Brother TN-200 Black'.,No
Do the two product descriptions refer to the same real-world product? Entity 1: 'Seiko Prospex Diver Sumo Green Mens Stainless Steel SPB103J1'. Entity 2: 'Seiko Mens Presage Automatic Blue Date Dial Stainless Steel Bracelet Watch SRPD41J1'.,No
Do the two product descriptions refer to the same real-world product? Entity 1: 'Dymo 40913 Black On White - 9mm'. Entity 2: 'Genuine Dymo D1 Standard Label Cassette Tape 9mm x 7m - Black on White'.,Yes
Do the two product descriptions refer to the same real-world product? Entity 1: 'Canon EF-M 18-150mm f/3.5-6.3 IS STM (Black)'. Entity 2: 'Xerox Phaser 6000/6010 Black Toner'.,No
Do the two product descriptions refer to the same real-world product? Entity 1: 'Blaze 40-Inch 5-Burner LTE Built-In Liquid Propane Gas Grill With Rear Infrared Burner & Grill Lights'. Entity 2: 'Blaze 32 Inch 4-Burner LTE Gas Grill With Rear Burner and Built-in Lighting System - BLZ-4LTE2-NG/LP'.,No
"Do the two product descriptions refer to the same real-world product? Entity 1: '4GB ValueRAM DDR3, 1600MHz, Non-ECC, Unbuffered, CL11, 1.5V, 240-pin DIMM, Singl'. Entity 2: 'ADAPTADOR INALAMBRICO TP-LINK/USB 2.0/N300/QSS/TL-WN821N'.",No
Do the two product descriptions refer to the same real-world product? Entity 1: 'APC Smart-UPS RT 192V RM Battery Pack'. Entity 2: 'APC Smart-UPS RT 20kVA RM 230V - SURT20KRMXLI'.,No
"Do the two product descriptions refer to the same real-world product? Entity 1: 'Epson Ink Cartridge - Matte Black 700ml'. Entity 2: 'MONITOR SAMSUNG C27F390 27\"" 1920x1080 4MS USB HDMI CURVO NEGRO'.",No
Do the two product descriptions refer to the same real-world product? Entity 1: 'Fujifilm Instax Square Film (10 Pack)'. Entity 2: 'Fujifilm Instax Square Film Twin Pack 20 Shots'.,No
Do the two product descriptions refer to the same real-world product? Entity 1: 'Hydro Flask 21 Oz- Black'. Entity 2: 'Canon CLI-251BK XL High-Capacity Black Ink Tank'.,No
"Do the two product descriptions refer to the same real-world product? Entity 1: 'Blaze Cart For Professional 3-Burner Grill, Cart Only'. Entity 2: 'Dymo 40913 Black On White - 9mm'.",No
Do the two product descriptions refer to the same real-world product? Entity 1: 'Traveler's Refills: Accessories - 008 / zipper pocket'. Entity 2: 'Traveler's Notebook Refill - Sketch Paper'.,No
Do the two product descriptions refer to the same real-world product? Entity 1: 'Fenix 5X Plus GPS Black Smartwatch'. Entity 2: 'Audemars Piguet Royal Oak Offshore Selfwinding Chronograph Watch - 26470ST.OO.A099CR.01'.,No
Do the two product descriptions refer to the same real-world product? Entity 1: 'Cooler Master MasterBox TD500 ARGB Mesh ATX Case Black TG MCB-D500D-KGNN-S01 | PCByte'. Entity 2: 'Cooler Master MasterBox TD500 Mesh Triple ARGB Full Tower Gaming Cabinet with Dual 360mm Radiator Support and Crystalline Tempered Glass'.,Yes
Do the two product descriptions refer to the same real-world product? Entity 1: 'Xerox 106R01162 OEM Toner Cartridge For Phaser 7760 Yellow - 25K'. Entity 2: 'AMD Ryzen 5 1500X Wraith Spire Cooler'.,No
Do the two product descriptions refer to the same real-world product? Entity 1: 'Jabra EVOLVE 40 UC MONO USB Headset 6393-829-209'. Entity 2: 'LaCie - Lacie Rugged USB-C Hard Drives - 2TB & 5TB'.,No
"Do the two product descriptions refer to the same real-world product? Entity 1: 'Razer Basilisk V2 Wired Ergonomic Gaming Mouse, 11 Programmable Buttons | RZ01-03160100-R3M1'. Entity 2: 'RAZER MAMBA ELITE ERGONOMIC WIRED GAMING MOUSE'.",No
"Do the two product descriptions refer to the same real-world product? Entity 1: 'Gigabyte GeForce RTX 2060 SUPER 8GB Aorus'. Entity 2: 'ZOTAC Grafikkarte Gaming GeForce RTX 2060 SUPER AMP, 8 GB (ZT-T20610D-10P)'.",No
Do the two product descriptions refer to the same real-world product? Entity 1: 'Original Epson T1571 Photo Black Ink Cartridge'. Entity 2: 'Epson Tinte schwarz-photo f. R3000'.,Yes
Do the two product descriptions refer to the same real-world product? Entity 1: 'Shimano XT M786 Direct Mount Shadow Plus SGS Long-Cage Rear Derailleur 10 Speed'. Entity 2: 'Deore XT RD-M786-SGS - Shadow - rear derailleur'.,Yes
"Do the two product descriptions refer to the same real-world product? Entity 1: 'Seagate IronWolf 6TB NAS Internal Hard Drive (3.5"")'. Entity 2: 'Seagate IronWolf PRO 16TB NAS Professional'.",No
"Do the two product descriptions refer to the same real-world product? Entity 1: 'Ubiquiti UniFi Full HD IRNV Indoor Micro Security Camera'. Entity 2: '3M - Privacy Filter 23.0\""\"" Framed'.",No
"Do the two product descriptions refer to the same real-world product? Entity 1: 'Maxxis High Roller II Tire - 27.5 x 2.4, Tubeless, Folding, Black, 3C Maxx Terra, EXO'. Entity 2: 'Maxxis High Roller II MaxxTerra Tire (WT) (3C/EXO/TR) (27.5 x 2.40) (Folding)'.",Yes
Do the two product descriptions refer to the same real-world product? Entity 1: 'Canon 24-70mm f/2.8L II USM EF Lens'. Entity 2: 'Canon EF 100mm F2.8 L IS USM Macro Lens'.,No
"Do the two product descriptions refer to the same real-world product? Entity 1: 'D-Link DGS-1210-28P 24-port 1Gb Smart Switch, 4x SFP, PoE'. Entity 2: 'Switch D-Link - Web smart - switch - 24 porte - gestito dgs-1210-24'.",No
Do the two product descriptions refer to the same real-world product? Entity 1: 'RAM® Composite Double Socket Arm'. Entity 2: 'Kappe New Era NY Yankees MLB 9Fifty Cap'.,No
Do the two product descriptions refer to the same real-world product? Entity 1: 'WD Blue 3D - 2048 GB - M.2 - 560 MB/s - 6 Gbit/s WDS200T2B0B'. Entity 2: 'Evolve 20 Special Edition Mono MS'.,No
Do the two product descriptions refer to the same real-world product? Entity 1: '652589-B21 HP G8 G9 900-GB 6G 10K 2.5 SAS SC'. Entity 2: 'HP 900GB 6G SAS 10K 900 SAS 16 MB Cache 2.5-Inch Internal Bare or OEM Drives 619291-B21'.,No
"Do the two product descriptions refer to the same real-world product? Entity 1: 'Corsair DDR4 Vengeance LPX 16GB/2133(2*8GB) CL13-15-15-28 1,20V XMP2.0'. Entity 2: 'Intel Core i7 9700F 9th Gen Desktop Processor/CPU Retail - No iGPU'.",No
Do the two product descriptions refer to the same real-world product? Entity 1: 'ASUS Scheda Madre ROG STRIX B550-F GAMING'. Entity 2: 'Audio Technica ATH-M50x Professional Monitor Audiophile Headphones - Black'.,No
Do the two product descriptions refer to the same real-world product? Entity 1: 'AF-S FX 24-85MM F3.5-4.5G ED VR'. Entity 2: 'Nikon AF-S NIKKOR 24-85mm f/3.5-4.5 G ED VR Lens'.,Yes
Do the two product descriptions refer to the same real-world product? Entity 1: 'Sandisk Extreme Pro 64GB CFast 2.0'. Entity 2: 'Brother HL-L5200DW S/W- Laserdrucker'.,No
Do the two product descriptions refer to the same real-world product? Entity 1: 'SANDISK EXTREME PRO SDXC 256GB V30 UHS-I U3 - SDSDXXY-256G-GN4IN'. Entity 2: 'SanDisk SD Extreme V30 U3 UHS-I C10 - 128GB'.,No
Do the two product descriptions refer to the same real-world product? Entity 1: 'Corsair Vengeance RGB Pro DDR4 3000MHz 16GB (2x8) Desktop Memory White CMW16GX4M2C3000C15W | PCByte'. Entity 2: 'Carbide Series 275R Tempered Glass Mid-Tower Gaming CaseWhite'.,No
"Do the two product descriptions refer to the same real-world product? Entity 1: 'Tag Heuer Carrera Quartz Chronograph Stainless Steel Watch CBK2112.BA0715'. Entity 2: 'Elixir Phosphor Bronze Acoustic Guitar Strings with NANOWEB Coating, Extra Light (.010-.047)'.",No
Do the two product descriptions refer to the same real-world product? Entity 1: 'Cappello New Era Clean Trucker 2 NY Yankees Cap'. Entity 2: 'Gorra New Era NY Yankees MLB 9Fifty Cap'.,No
Do the two product descriptions refer to the same real-world product? Entity 1: 'CS-M8000 CASSETTE 11-40 XT 11-SPEED'. Entity 2: 'RAZER MAMBA ELITE ERGONOMIC WIRED GAMING MOUSE'.,No
"Do the two product descriptions refer to the same real-world product? Entity 1: 'Life Extension Super Ubiquinol COQ10 with Enhanced Mitochondrial Support 100 mg, 60 Count'. Entity 2: 'Super Ubiquinol CoQ10 with Enhanced Mitochondrial Support 100 mg'.",Yes
"Do the two product descriptions refer to the same real-world product? Entity 1: 'Elixir 11152 Strings Acoustic 80/20 Bronze NANOWEB 12 String, Light'. Entity 2: 'Elixir 12-String Light 80/20 Bronze Nanoweb Acoustic'.",Yes
Do the two product descriptions refer to the same real-world product? Entity 1: 'Samsung T7 Portable SSD [2TB] (Indigo Blue)'. Entity 2: 'Omega Seamaster Planet Ocean 600m Co-Axial Master Ceramic 215.92.46.22.01.004 Black Dial Replica'.,No
Do the two product descriptions refer to the same real-world product? Entity 1: 'ASUS Prime X570-P ATX Motherboard - Socket AM4 - AMD X570 - USB 3.2 Gen 3'. Entity 2: 'ASUS PRIME X570-PRO (AM4) (D) (90MB11B0-M0EAY0)'.,Yes
Do the two product descriptions refer to the same real-world product? Entity 1: 'Garmin fenix 6X Sapphire Black Silicone Strap Smart Watch'. Entity 2: 'RAM Mount Base UBolt Mount - Requires RAM Cradle [RAM-B-149ZU]'.,No
Do the two product descriptions refer to the same real-world product? Entity 1: 'Epson Ink Cartridge - Matte Black 700ml'. Entity 2: 'Oakley Jawbreaker MTB Solglsasögon Matte Black w/ Prizm Road'.,No
"Do the two product descriptions refer to the same real-world product? Entity 1: 'BenQ SW271 Pro 27in IPS LCD Monitor 4K UHD'. Entity 2: 'BenQ GW2480 23.8"" Full HD IPS Monitor'.",No
Do the two product descriptions refer to the same real-world product? Entity 1: 'Fujifilm Instax Mini Rainbow (10 sheets) Film'. Entity 2: 'Fujifilm Instax Mini Film (Monochrome 10's)'.,No
"Do the two product descriptions refer to the same real-world product? Entity 1: 'SRAM Sram Level Ultimate, Level TLM Disc Brake Pads'. Entity 2: 'SRAM Disc Brake Pad Organic Hrd'.",Yes
Do the two product descriptions refer to the same real-world product? Entity 1: 'Cisco Catalyst 2960-Plus 48TC-L - switch - 48 ports - managed - rack-mounta'. Entity 2: 'TP-Link Omada AC1200 Wireless Dual Band Gigabit Outdoor Access Point'.,No
Do the two product descriptions refer to the same real-world product? Entity 1: 'WD 1TB My Passport Portable Hard Drive'. Entity 2: 'EPSON Ink bar WF-8xxx Series Ink Cartridge XL Yellow - 4000str. (39 ml)'.,No
Do the two product descriptions refer to the same real-world product? Entity 1: 'Epson T7551 XL Black High Yield Ink Cartridge C13T755140 / T7551 EP53959'. Entity 2: 'Epson WP4000/4500 Inkjet Cartridge High Yield Magenta. (Eiffel Tower) OEM: C13T70234010 EP48715'.,No
Do the two product descriptions refer to the same real-world product? Entity 1: 'Samsung PORTABLE SSD T7 Touch 1TB Mobile External Solid State'. Entity 2: 'Samsung T7 Touch Black 1TB Portable SSD with Fingerprint ID'.,Yes
Do the two product descriptions refer to the same real-world product? Entity 1: 'instax square film 10pk black'. Entity 2: 'Tissot T-Sport Seastar 1000 Chronograph Watch T1204171105100'.,No
Do the two product descriptions refer to the same real-world product? Entity 1: 'SWITCH TP-LINK 24 PORT GIGA'. Entity 2: 'Kingston Pendrive DataTraveler 100 G3 256GB USB 3.0'.,No
Do the two product descriptions refer to the same real-world product? Entity 1: 'ASUS Scheda Madre ROG STRIX B550-F GAMING'. Entity 2: 'TP-Link 150Mbit-WLAN-Lite -N-PCI Express x1 Adapter'.,No
Do the two product descriptions refer to the same real-world product? Entity 1: 'Samsung 970 EVO 500GB - NVMe PCIe M.2 2280 SSD | MZ-V7E500BW'. Entity 2: 'Samsung SSD 970 EVO Plus NVMe M.2 PCIe 2TB'.,No
"Do the two product descriptions refer to the same real-world product? Entity 1: 'Mouse Gaming RAZER Mamba Elite, 16000 dpi, negru'. Entity 2: 'Gigabyte GTX 1650 SUPER OC 4G'.",No
"Do the two product descriptions refer to the same real-world product? Entity 1: 'Fuji Fuji Instax Square Film 1-Pack'. Entity 2: 'Evans 8\"" TT08EC2S Clear Drum Head'.",No
Do the two product descriptions refer to the same real-world product? Entity 1: 'Sony SEL20F18G.SYX - Sony E-Mount FE 20mm F1.8 G'. Entity 2: 'Sony E-Mount FE 20mm f/1.8 Ultra Wide Angle G Lens'.,Yes
Do the two product descriptions refer to the same real-world product? Entity 1: 'Hydro Flask Standard Mouth 621ml Insulated Bottle'. Entity 2: 'HYDRO FLASK HYDRO FLASK 21OZ STANDARD MOUTH BOTTLE-OLIVE'.,No
"Do the two product descriptions refer to the same real-world product? Entity 1: 'LACIE 2TB 2.5 MOBILE PORTABLE USB 3.0 MOON SILVER'. Entity 2: 'LaCie Mobile Drive 2,5"" 5 TB Moon Silver USB 3.1 Gen 2'.",No
Do the two product descriptions refer to the same real-world product? Entity 1: 'Memoire DDR4 G.Skill Trident Z F4-3600C16D-16GTZNC'. Entity 2: 'Zebra 800015-301 (Eltron) Black (K) Resin Ribbon - 1500 Prints'.,No
"Do the two product descriptions refer to the same real-world product? Entity 1: 'Corsair ML140 PRO LED Rød, 140mm Vifte'. Entity 2: 'Corsair ML140 Pro LED, Red, 140mm Premium Magnetic Levitation Fan'.",Yes
Do the two product descriptions refer to the same real-world product? Entity 1: 'Transcend 128GB Internal SSD 2.5″ SATA3'. Entity 2: 'SSD TRANSCEND SSD230S 128Gb 3D NAND SATA 3 Aluminium (TS128GSSD230S)'.,Yes
Do the two product descriptions refer to the same real-world product? Entity 1: 'HP Color LaserJet Professional CP5225dn'. Entity 2: 'RAM® Composite Double Socket Arm'.,No
Do the two product descriptions refer to the same real-world product? Entity 1: 'SANDISK EXTREME SDXC 128GB 150MB/S C10 U3'. Entity 2: 'SANDISK EXTREME PRO SDXC 256GB 170MB/S C10 U3'.,No
Do the two product descriptions refer to the same real-world product? Entity 1: '215.30.46.51.01.001 Omega Seamaster Planet Ocean Chronograph 45.5mm'. Entity 2: 'SEIKO Prospex Automatic Men's 45mm Diver Watch - SPB103J1 – Green Dial'.,No
Do the two product descriptions refer to the same real-world product? Entity 1: 'AAA Replica Audemars Piguet Royal Oak Chronograph Black Dail Watch 26331ST.OO.1220ST.02'. Entity 2: 'Samsung 860 PRO 1TB SSD 2-bit MLC V-NAND SATA III 6Gb/s 2.5 Internal Solid State Drive'.,No
"Do the two product descriptions refer to the same real-world product? Entity 1: 'D1-TAPE 24MM X 7M BLACK ON WHITE IN'. Entity 2: 'Maxxis High Roller II 650b 27.5\"" Dual Compound EXO Folding Tubeless Ready Mountain Bike Tyre'.",No
"Do the two product descriptions refer to the same real-world product? Entity 1: 'Catalyst 2960-X 24 GigE PoE 370W, 2 x 10G SFP+, LAN Base'. Entity 2: 'Asus PRIME B450-PLUS AM4 DDR4 ATX Motherboard'.",No
Do the two product descriptions refer to the same real-world product? Entity 1: 'APPLE - Apple AirPods 2 with Wireless Charging Case MRXJ2ZM/A - White'. Entity 2: 'Swiss Military Hanowa Navalus Day-Date 06-6278.04.001.07'.,No
Do the two product descriptions refer to the same real-world product? Entity 1: 'Epson Ink Cartridge - Matte Black 700ml'. Entity 2: 'Epson - Ink Cartridge Black 10K'.,No
"Do the two product descriptions refer to the same real-world product? Entity 1: 'Ram Mount 2\"" Double Socket Arm for 1\"" Balls'. Entity 2: 'DS-1273ZJ-140 Outdoor Indoor Wall Mount Bracket for Hikvision Dome Camera'.",No
Do the two product descriptions refer to the same real-world product? Entity 1: 'Ubiquiti UniFi G3 Bullet Video Camera'. Entity 2: 'Razer DeathAdder V2 Ergonomic Wired Gaming Mouse (RZ01-03210100-R3M1) (Warranty 2years with Ban Leong)'.,No
"Do the two product descriptions refer to the same real-world product? Entity 1: 'Sram Force22 PG-1170, 11sp cassette'. Entity 2: 'SRAM PG-1170 11-Speed Cassette (11-25T)'.",Yes
"Do the two product descriptions refer to the same real-world product? Entity 1: 'Traveler's Zip Pocket - Regular Size'. Entity 2: 'Evans EMAD2 Clear Bass Drum Head, 22 Inch'.",No
Do the two product descriptions refer to the same real-world product? Entity 1: 'Xerox Phaser 6000/6010 Black Toner'. Entity 2: 'Shimano Cassette 11s 11-46 CS-M8000'.,No
Do the two product descriptions refer to the same real-world product? Entity 1: 'POKÉMON TCG Sword and Shield- Darkness Ablaze Trainer Box'. Entity 2: 'SanDisk Extreme PRO SD UHS-II USB 3.0'.,No
Do the two product descriptions refer to the same real-world product? Entity 1: 'SANDISK EXTREME PRO SDXC 256GB 170MB/S C10 U3'. Entity 2: 'SanDisk 32GB Extreme Pro SDSDXPK-032G-GN4IN SDHC Memory Card C10'.,No
"Do the two product descriptions refer to the same real-world product? Entity 1: 'RAM Mounts short arm for 1\"" ball'. Entity 2: 'Jabra EVOLVE 65 UC Mono Bluetooth Headset'.",No
"Do the two product descriptions refer to the same real-world product? Entity 1: 'CORSAIR - Crystal 680X RGB White High Airflow, Tempered Glass'. Entity 2: 'Obudowa Corsair Crystal 680X RGB High Airflow TG White (CC-9011169-WW)'.",Yes
"Do the two product descriptions refer to the same real-world product? Entity 1: 'RAM Long Length Double Socket Arm for 1.5\"" Balls'. Entity 2: 'Maxxis Maxxis, High Roller II, Tire, 27.5''x2.30, Folding, Tubeless Ready, Dual, EXO, 60TPI, Black'.",No
Do the two product descriptions refer to the same real-world product? Entity 1: 'Ubiquiti UniFi Video Camera G3 MICRO'. Entity 2: 'Ubiquiti UniFi Full HD IRNV Indoor Micro Security Camera'.,Yes
Do the two product descriptions refer to the same real-world product? Entity 1: 'Audio Technica ATH-M50xWH Professional Studio Monitor Headphones'. Entity 2: 'Kingston Canvas Select Plus 128GB microSD - With Adaptor'.,No
"Do the two product descriptions refer to the same real-world product? Entity 1: 'Western Digital My Passport 1TB 2,5"" USB 3.0'. Entity 2: 'WD 1TB My Passport Portable Storage USB 3.2 Gen 1 - Black - WDBYVG0010BBK-WESN'.",Yes
Do the two product descriptions refer to the same real-world product? Entity 1: 'Canon EF-M 18-150mm f/3.5-6.3 IS STM (Black)'. Entity 2: 'Canon EF-S 55-250mm f/4-5.6 IS STM'.,No
Do the two product descriptions refer to the same real-world product? Entity 1: 'Shimano Shimano Cs-R9100 Cassette 11-25 Dura-Ace 11-Speed'. Entity 2: 'APC Smart-UPS RT 192V RM Battery Pack'.,No
"Do the two product descriptions refer to the same real-world product? Entity 1: 'Samsung T5 external SSD Black 2TB, USB-C'. Entity 2: 'Boje Canon PG-545 BK 8ml'.",No
Do the two product descriptions refer to the same real-world product? Entity 1: 'Asus TUF X470-Plus Gaming Socket AM4 ATX AMD'. Entity 2: 'ASUS TUF X470 Plus Gaming with Aura Sync RGB LED lighting AM4 DDR4 HDMI DVI M.2 ATX Motherboard'.,Yes
Do the two product descriptions refer to the same real-world product? Entity 1: 'Fujifilm Instax Square Film 20 Pack'. Entity 2: 'Fujifilm Instax Square Film (10 Pack)'.,No
Do the two product descriptions refer to the same real-world product? Entity 1: 'Western Digital Blue SSD 250GB SATA M.2 2280 WDS250G2B0B'. Entity 2: 'Wd Blue 3D Nand 250Gb Pc Ssd - Sata Iii 6Gb/S M.2 2280 Solid State Drive'.,Yes
Do the two product descriptions refer to the same real-world product? Entity 1: 'RAM Motorcycle Brake/Clutch Reservoir & Handlebar Ball Base / B Size / RAM-B-309-7U'. Entity 2: 'Seagate Ironwolf Pro 6TB (ST6000NE000)'.,No
Do the two product descriptions refer to the same real-world product? Entity 1: 'Asus ROG STRIX Z390-I Gaming (ROG STRIX Z390-I GAMING)'. Entity 2: 'ASUS Scheda Madre ROG STRIX Z390-I GAMING Intel Z390'.,Yes
Do the two product descriptions refer to the same real-world product? Entity 1: 'Ubiquiti UniFi CloudKey Gen2 Plus'. Entity 2: 'Ubiquiti IR LED Range Extender'.,No
Do the two product descriptions refer to the same real-world product? Entity 1: 'TAG Heuer Formula 1 Calibre 5 Men's Watch'. Entity 2: 'TAG Heuer Formula 1 43mm Mens Watch WAZ2011.BA0842'.,Yes
Do the two product descriptions refer to the same real-world product? Entity 1: 'Logitech C922 Pro Stream webcam + Tripod (price includes delivery)'. Entity 2: 'Logitech HD Pro Webcam C920 - webkamera'.,No
Do the two product descriptions refer to the same real-world product? Entity 1: 'HP 900GB 6G SAS 10K 900 SAS 16 MB Cache 2.5-Inch Internal Bare or OEM Drives 619291-B21'. Entity 2: 'Asus PRIME B450-PLUS(PRIME B450-PLUS)'.,No
Do the two product descriptions refer to the same real-world product? Entity 1: 'Shimano 105 RD-R7000 GS Rear Derailleur'. Entity 2: 'Garmin fenix 6X Sapphire Black Silicone Strap Smart Watch'.,No
Do the two product descriptions refer to the same real-world product? Entity 1: 'Logitech HD Pro Webcam C920 - webkamera'. Entity 2: 'WEBCAM LOGITECH C270 HD 720P'.,No
"Do the two product descriptions refer to the same real-world product? Entity 1: 'RAM-B-149ZU - RAM Handlebar Rail Mount with Zinc Coated U-Bolt Base for Rails from 0.5\"" to 1.25\"" in Diameter'. Entity 2: 'Logitech HD Pro Webcam C920 - webkamera'.",No
"Do the two product descriptions refer to the same real-world product? Entity 1: 'Elixir Guitar Strings Phosphor Bronze Nanoweb Light 12 - 53'. Entity 2: 'Elixir Phosphor Bronze Acoustic Guitar Strings with NANOWEB Coating, Extra Light (.010-.047)'.",No
Do the two product descriptions refer to the same real-world product? Entity 1: 'MultiPlus Inverter/Charger C 12/2000/80-30'. Entity 2: 'Victron MultiPlus Compact 12/2000/80-30 230V VE.Bus'.,Yes
Do the two product descriptions refer to the same real-world product? Entity 1: 'Memoire DDR3 Crucial 4GB DDR3 1600 MT/S (PC3-12800)'. Entity 2: 'Crucial CT51264BD160BJ 4GB DDR3L-1600 UDIMM Memory Module'.,Yes
"Do the two product descriptions refer to the same real-world product? Entity 1: 'Hard disk server HP Hot-Plug SC Enterprise SAS 6G 900GB 10000 RPM 2.5""'. Entity 2: 'SRAM AM BRAKE PAD GUIDE/TRL STLSIN 1 SET'.",No
"Do the two product descriptions refer to the same real-world product? Entity 1: 'Shimano Shimano M05 Resin Disc Brake Pads and Spring for Deore BR-M515, BR- M515LA and Nexave BR-C601 Calipers'. Entity 2: 'Samsung T7 Blue 2TB Portable SSD USB-C/A Gen2'.",No
"Do the two product descriptions refer to the same real-world product? Entity 1: '4GB ValueRAM DDR3, 1600MHz, Non-ECC, Unbuffered, CL11, 1.5V, 240-pin DIMM, Singl'. Entity 2: 'Pre-Owned Audemars Piguet Royal Oak Chronograph 26331ST.OO.1220ST.03'.",No
Do the two product descriptions refer to the same real-world product? Entity 1: 'Samsung 970 EVO Plus MZ-V7S250BW / Solid state drive / encrypted / 250GB / internal / M.2 2280 / PCI Express 3.0 x4 (NVMe) / buffer: 512 MB / 256-bit AES / TCG Opal Encryption | MZ-V7S250BW'. Entity 2: 'Memoire DDR3 So Dimm Crucial 4GB DDR3 1600 MT/S (PC3-12800)'.,No
Do the two product descriptions refer to the same real-world product? Entity 1: 'Garmin fenix 6X Sapphire Black Silicone Strap Smart Watch'. Entity 2: 'Garmin fenix 5s Sapphire Black'.,No
"Do the two product descriptions refer to the same real-world product? Entity 1: 'AMD AM4-3400G RYZEN5 3.7GHz'. Entity 2: 'RAM 2.25\"" Ball with 2 U-Bolts (RAM-D-235U)'.",No
Do the two product descriptions refer to the same real-world product? Entity 1: 'HP 300GB 6G SAS 15K rpm SFF (2.5-inch) SC Enterprise'. Entity 2: 'HP 300GB 6G SAS 10K rpm SFF (2.5-inch) SC Enterprise'.,No
Do the two product descriptions refer to the same real-world product? Entity 1: 'Orologio Garmin Fenix 6 010-02157-11 Fēnix 6X Sapphire'. Entity 2: 'Garmin fenix 6X Sapphire Black Silicone Strap Smart Watch'.,Yes
Do the two product descriptions refer to the same real-world product? Entity 1: 'Epson Cartouche d'encre C13T865140 (T8651)'. Entity 2: 'Epson - Ink Cartridge Black 10K'.,Yes
Do the two product descriptions refer to the same real-world product? Entity 1: 'Cisco Catalyst WS-C2960X-24PD-L 24 Ports ManagedRack Mountable Switch'. Entity 2: 'Gigabyte GeForce RTX 2060 SUPER 8GB Aorus'.,No
Do the two product descriptions refer to the same real-world product? Entity 1: 'WEBCAM LOGITECH C270 HD 720P'. Entity 2: 'Logitech BRIO 4K Ultra HD webcamweb camera'.,No
Do the two product descriptions refer to the same real-world product? Entity 1: 'Crucial MX500 M.2 2280 500GB Internal SSD 560MB/s CT500MX500SSD4 | PCByte'. Entity 2: 'Tissot T-Touch Expert Solar Men's Watch - T0914204605101'.,No
Do the two product descriptions refer to the same real-world product? Entity 1: 'Corsair Vengeance LPX 16GB(2x8GB)'. Entity 2: 'Corsair Vengeance LPX 16GB DDR4 2400MHz(CMK16GX4M1A2400C14)'.,No
Do the two product descriptions refer to the same real-world product? Entity 1: 'Logitech H151 Stereo Headset On Ear Kabelgebunden'. Entity 2: 'Wd Blue 3D Nand 250Gb Pc Ssd - Sata Iii 6Gb/S M.2 2280 Solid State Drive'.,No
Do the two product descriptions refer to the same real-world product? Entity 1: 'Evolve 20 Special Edition Mono MS'. Entity 2: 'FUJIFILM Aspherical Super EBC XF 80mm f/2.8 R LM OIS WR Macro Lens'.,No
Do the two product descriptions refer to the same real-world product? Entity 1: 'SRAM Guide Trail Brake Pad'. Entity 2: 'SRAM Disc Brake Pad Organic Hrd'.,No
Do the two product descriptions refer to the same real-world product? Entity 1: 'Dymo 53713 Black On White - 24mm'. Entity 2: 'Dymo 53718 Black On Yellow - 24mm'.,No
"Do the two product descriptions refer to the same real-world product? Entity 1: 'WD 1TB Blue SN550 NVME M.2 SSD (WDS100T2B0C) (Warranty 5years with WD SG)'. Entity 2: 'Ceas Garmin Garmin fenix5S Plus Silver, Black Band'.",No
Do the two product descriptions refer to the same real-world product? Entity 1: 'TP-Link | AC1900 High Gain Dual Band Wifi Adapter | Wireless WiFi Network Adapter for PC (Archer T9UH)'. Entity 2: 'Ubiquiti UniFi Dual-Band WiFi PoE Access Point UAP-AC-HD - 5 Pack'.,No
"Do the two product descriptions refer to the same real-world product? Entity 1: 'Maxxis Maxxis Aggressor Tire - 29 x 2.3, Folding, Tubeless, Black, Dual, EXO'. Entity 2: 'Maxxis Maxxis, High Roller II, Tire, 29''x2.30, Folding, Tubeless Ready, Dual, EXO, 60TPI, Black'.",No
Do the two product descriptions refer to the same real-world product? Entity 1: 'Razer DeathAdder V2 mouse USB Type-A Right-hand'. Entity 2: 'Canon Ink Jet Cartridge PGI-72 PBK/GY/PM/PC/CO Multipack 40433'.,No
Do the two product descriptions refer to the same real-world product? Entity 1: 'HIKVISION DS-7208HUHI-K1 5 MEGAPIXEL (5MP) HYBRID 8 CHANNEL DVR'. Entity 2: 'DVR 8 canale Hikvision TurboHD 5MP 4 canale alarma audio DS-7208HUHI-K1 H.265'.,Yes
Do the two product descriptions refer to the same real-world product? Entity 1: 'Jabra BIZ 2400 II 3-in-1 Mono IP Headset top only'. Entity 2: 'Dura-Ace 9100 11-Speed Cassette 11-25T'.,No
Do the two product descriptions refer to the same real-world product? Entity 1: 'Tissot Seastar 1000 Powermatic 80 Silicium'. Entity 2: 'TISSOT SEASTAR 1000 POWERMATIC 80'.,No
Do the two product descriptions refer to the same real-world product? Entity 1: 'HP Color LaserJet Professional CP5225dn'. Entity 2: 'HP printer Color LaserJet Professional CP5225dn (CE712A#B19)'.,Yes
Do the two product descriptions refer to the same real-world product? Entity 1: 'Pokémon TCG Sword & Shield Darkness Ablaze'. Entity 2: 'Pokemon Pokemon: Darkness Ablaze Bstr'.,Yes
Do the two product descriptions refer to the same real-world product? Entity 1: 'Cloud Core Router CCR1036-12G-4S-EM'. Entity 2: 'Epson WP4000/4500 Inkjet Cartridge High Yield Magenta. (Eiffel Tower) OEM: C13T70234010 EP48715'.,No
Do the two product descriptions refer to the same real-world product? Entity 1: 'Disco SSD Crucial BX500 120GB 3D TLC SATA III'. Entity 2: 'Karta VGA Gigabyte GeForce GTX 1650 OC 4GB GDDR6 128bit DVI+HDMI+DP PCIe3.0'.,No
"Do the two product descriptions refer to the same real-world product? Entity 1: 'Canon CLI-251BK XL High-Capacity Black Ink Tank'. Entity 2: 'Canon 6448B001 (CLI-251XL) Ink Cartridge, HY Black, OEM'.",Yes
Do the two product descriptions refer to the same real-world product? Entity 1: 'Wd Blue 3D Nand 250Gb Pc Ssd - Sata Iii 6Gb/S M.2 2280 Solid State Drive'. Entity 2: 'WD Blue 3D - 2048 GB - M.2 - 560 MB/s - 6 Gbit/s WDS200T2B0B'.,No
"Do the two product descriptions refer to the same real-world product? Entity 1: '16TB IronWolf Pro ST16000NE000, 7200 RPM, SATA 6Gb/s, 256MB cache, 3.5-Inch HDD'. Entity 2: 'BenQ LCD SW2700PT 27\"" W/IPS LED/2560x1440/5ms/DVI-DL/HDMI/2xUSB3.0/Flicker-free/VESA 9H.LDKLB.QBE'.",No
Do the two product descriptions refer to the same real-world product? Entity 1: 'Fujifilm Instax mini Rainbow film 10 pack'. Entity 2: 'Logitech BRIO 4K Ultra HD webcam'.,No
Do the two product descriptions refer to the same real-world product? Entity 1: 'Audio Technica ATH-M50xWH Professional Studio Monitor Headphones'. Entity 2: 'Audio Technica ATH-M50x Professional Monitor Audiophile Headphones - Black'.,No
"Do the two product descriptions refer to the same real-world product? Entity 1: 'DVR 8 canale, Turbo HD, 6MP, PoC, Hikvision DS-7208HQHI-K2-P'. Entity 2: 'DVR HDTVI 32 canale Turbo HD Full HD Hikvision DS-7332HQHI-K4 HD-TVI / AHD / CVI + 8 canale IP de pana la 6MP, 4xSATA'.",No
Do the two product descriptions refer to the same real-world product? Entity 1: 'TAG HEUER MONACO AUTOMATIC CHRONOGRAPH'. Entity 2: 'TAG Heuer Automatic Chronograph Watch CBG2A1Z.BA0658'.,No
Do the two product descriptions refer to the same real-world product? Entity 1: 'KINGSTON ValueRAM RAM Module - 4 GB (1 x 4 GB) - DDR4 SDRAM'. Entity 2: 'Kingston HyperX Fury 16GB DDR4 3200MHz CL16 Ram'.,No
"Do the two product descriptions refer to the same real-world product? Entity 1: 'TP-Link EAP225-Outdoor AC1200 Wireless MU-MIMO Gigabit Indoor/Outdoor Access Point'. Entity 2: 'Samsung T5 external SSD Black 2TB, USB-C'.",No
Do the two product descriptions refer to the same real-world product? Entity 1: 'Kingston Technology DataTraveler microDuo 3C 128GB USB flash drive USB Type-A / USB Type-C 3.0 (3.1 Gen 1) Silver'. Entity 2: 'Canon EF-S 10-18/4.5-5.6 IS STM'.,No
Do the two product descriptions refer to the same real-world product? Entity 1: 'TP-Link EAP225 Outdoor Access Point'. Entity 2: 'TP-Link AC1200 Wireless MU-MIMO Gigabit Indoor/Outdoor Access Point (EAP225-Outdoor) AC1200 Outdoor'.,No
"Do the two product descriptions refer to the same real-world product? Entity 1: 'RAM Mount Double Socket Clamp Arm - SHORT - for 1.5\"" C Size Balls'. Entity 2: 'Epson T7551 XL Black High Yield Ink Cartridge C13T755140 / T7551 EP53959'.",No
"Do the two product descriptions refer to the same real-world product? Entity 1: 'Shimano Shimano M05 Resin Disc Brake Pads and Spring for Deore BR-M515, BR- M515LA and Nexave BR-C601 Calipers'. Entity 2: 'D'Addario EJ16 Phosphor Bronze Light Acoustic Guitar Strings'.",No
Do the two product descriptions refer to the same real-world product? Entity 1: 'Sony E-Mount FE 20mm f/1.8 Ultra Wide Angle G Lens'. Entity 2: 'Gigabyte GeForce GTX 1650 Super OC'.,No
Do the two product descriptions refer to the same real-world product? Entity 1: 'Tissot T-Sport Seastar 1000 Powermatic 80 Watch T1204071704100'. Entity 2: 'TISSOT SEASTAR 1000 POWERMATIC 80'.,Yes
Do the two product descriptions refer to the same real-world product? Entity 1: 'Samsung 970 EVO Plus 250GB SSD'. Entity 2: 'Samsung SSD 970 EVO Plus NVMe M.2 PCIe 2TB'.,No
"Do the two product descriptions refer to the same real-world product? Entity 1: 'Western Digital Blue PC SSD 2.5\"" 7mm 250GB'. Entity 2: 'Western Digital Blue SSD 250GB SATA M.2 2280 WDS250G2B0B'.",No
"Do the two product descriptions refer to the same real-world product? Entity 1: 'UBIQUITI - UVC G3 Bullet Camera, 3-pack'. Entity 2: 'Ubiquiti UniFi Video Camera G3 FLEX 3-Pack UVC-G3-FLEX-3 Ubiquiti'.",No
"Do the two product descriptions refer to the same real-world product? Entity 1: 'Evans - Clear EMAD Bass Batter, 20\""'. Entity 2: 'Brother HL-L5200DW Laser Printer'.",No
Do the two product descriptions refer to the same real-world product? Entity 1: '2012 SRAM Red XG-1090 10-Speed X-Dome 11-23 Cassette'. Entity 2: 'Shimano - CLEATS SH-10 FIXED RED'.,No
Do the two product descriptions refer to the same real-world product? Entity 1: 'Cheap Replica Audemars Piguet Royal Oak Offshore Chronograph Watch 26470OR.OO.A125CR.01'. Entity 2: 'Buy Quality Replica Audemars Piguet Royal Oak Offshore Chronograph Watch 26470OR.OO.1000OR.02'.,No
"Do the two product descriptions refer to the same real-world product? Entity 1: 'Crucial BX500 480GB SSD Micron 3D NAND SATA III 6Gb/s 2.5 Internal Solid State Drive'. Entity 2: 'Crucial MX500 250GB SATA 2.5-inch, SATA 6.0Gb/s 7mm Solid State Drive'.",No
"Do the two product descriptions refer to the same real-world product? Entity 1: 'Corsair Carbide 175R RGB Black Mid Tower ATX Case, Tempered Glass Side Window, No PSU, 2x USB 3.0, HD Audio, 1x 120mm Fan included'. Entity 2: 'Carbide 175R RGB Windowed Mid-Tower Case Tempered Glass'.",Yes
Do the two product descriptions refer to the same real-world product? Entity 1: 'Logitech H540 USB Headset With High-Definition sound and on-ear controls - Black | 981-000480'. Entity 2: 'Audemars Piguet-Audemars Piguet Royal Oak Chronograph 41mm Mens Watch-26331ST.OO.1220ST.02'.,No
Do the two product descriptions refer to the same real-world product? Entity 1: 'Samsung SSD 970 EVO Plus NVMe M.2 PCIe 2TB'. Entity 2: 'Buy Quality Replica Tag Heuer Monaco Steve McQueen Chronograph Watch CAW211P.FC6356'.,No
"Do the two product descriptions refer to the same real-world product? Entity 1: 'Garmin Fenix 5S Plus GPS Watch Silver with Black Band'. Entity 2: 'Ceas Garmin Garmin fenix5S Plus Silver, Black Band'.",Yes
Do the two product descriptions refer to the same real-world product? Entity 1: 'Jabra Biz 2400 II Mono 3-1 NC IP 2486-820-209'. Entity 2: 'BIZ 2400 II Duo IP Flex'.,No
Do the two product descriptions refer to the same real-world product? Entity 1: 'Epson Singlepack UltraChrome XD MagentaT692300(110ml)'. Entity 2: 'Razer Viper Mini Optical Ambidextrous RGB Gaming Mouse'.,No
"Do the two product descriptions refer to the same real-world product? Entity 1: 'Maxxis Minion DHR II 29\"" DD/3C/TR'. Entity 2: 'Maxxis High Roller II 29"" WideTrail Tire - 3C MT DD / 2.5""'.",No
Do the two product descriptions refer to the same real-world product? Entity 1: 'DJI Mavic Pro automobilinis įkroviklis / Car Charger'. Entity 2: 'Traveler's Notebook Starter Kit (Passport Size) - Blue'.,No
Do the two product descriptions refer to the same real-world product? Entity 1: 'DDR3 8GB PC1600 CL9 Kingston Hypk'. Entity 2: 'Logitech 3.5 mm Analog Stereo Headset H151 with Boom Microphone - Black'.,No
Do the two product descriptions refer to the same real-world product? Entity 1: 'Epson A4 Premium Glossy Photo Paper'. Entity 2: 'Epson Premium Glossy Photo Paper 13x18cm'.,No
"Do the two product descriptions refer to the same real-world product? Entity 1: 'Maxxis Maxxis, High Roller II, Tire, 29''x2.30, Folding, Tubeless Ready, Dual, EXO, 60TPI, Black'. Entity 2: 'LOGITECH - HD WEBCAM C310 - USB - EMEAIN'.",No
Do the two product descriptions refer to the same real-world product? Entity 1: 'Swiss Military Hanowa06-4226.30.003.03 Immersion Uhr'. Entity 2: 'SHIMANO XT CN-HG95 HG-X chain'.,No
"Do the two product descriptions refer to the same real-world product? Entity 1: 'Blaze 40-Inch Cart For 5-Burner Grill, Cart Only'. Entity 2: 'Blaze Cart For Professional 3-Burner Grill, Cart Only'.",No
Do the two product descriptions refer to the same real-world product? Entity 1: 'JABRA Evolve 40 UC USB - Mono'. Entity 2: 'JABRA Evolve 20 UC USB - Mono'.,No
Do the two product descriptions refer to the same real-world product? Entity 1: 'TURBO HD DVRDS-7216HQHI-K1 1080P'. Entity 2: 'DS-7204HQHI-K1 Turbo HD DVR'.,No
Do the two product descriptions refer to the same real-world product? Entity 1: 'Daniel Wellington Mens Classic Sheffield 40mm Rose Gold Black DW00100007'. Entity 2: 'Daniel Wellington Horloge Classic Sheffield Rose DW00100036'.,No
Do the two product descriptions refer to the same real-world product? Entity 1: 'Corsair 8GB (1x8GB) 2666MHz CL16 Vengeance LPX Black'. Entity 2: 'Daniel Wellington Unisex Classic Sheffield 36mm Rose Gold Black DW00100036'.,No
Do the two product descriptions refer to the same real-world product? Entity 1: 'Czapka New Era 39THIRTY New York Yankees - 10298279'. Entity 2: 'Gorra New Era Clean Trucker 2 NY Yankees Cap'.,No
Do the two product descriptions refer to the same real-world product? Entity 1: 'Sony FE 24mm F1.4 GM Lens + Bonus'. Entity 2: 'Sony FE 70-200mm f/4 OSS Lens'.,No
"Do the two product descriptions refer to the same real-world product? Entity 1: 'Corsair ML120 Pro LED, Red, 120mm Premium Magnetic Levitation Fan'. Entity 2: 'Corsair ML140 PRO RGB LED 140MM PWM Premium Magnetic Levitation Fan - Single Pack'.",No
Do the two product descriptions refer to the same real-world product? Entity 1: 'Shimano 105 R7000 Rear Derailleur - 11 Speed'. Entity 2: 'Shimano 105 RD-R7000 GS Rear Derailleur'.,Yes
Do the two product descriptions refer to the same real-world product? Entity 1: '21 oz Standard Mouth With Standard S21SX306'. Entity 2: 'SanDisk Extreme PRO SD UHS-II Card Reader/Writer'.,No
Do the two product descriptions refer to the same real-world product? Entity 1: 'Asus Radeon ROG Strix RX5500 XT 8gb Gddr6 Version OC'. Entity 2: 'APC RBC140 Replacement Battery Cartridge'.,No
Do the two product descriptions refer to the same real-world product? Entity 1: 'Sigma ART 50mm f/1.4 DG HSM Lens for Nikon'. Entity 2: 'Sigma 105mm f1.4 DG HSM Art Lens for Canon'.,No
Do the two product descriptions refer to the same real-world product? Entity 1: 'Samsung Portable SSD T7 Touch 2TB - Zwart'. Entity 2: 'Samsung T7 Blue 2TB Portable SSD USB-C/A Gen2'.,No
Do the two product descriptions refer to the same real-world product? Entity 1: 'WS-C2960X-24TD-L Cisco Catalyst 2960X Network Switch (New)'. Entity 2: 'Cisco Catalyst WS-C2960X-24PD-L 24 Ports ManagedRack Mountable Switch'.,No
Do the two product descriptions refer to the same real-world product? Entity 1: 'Razer Viper Mini Ultra-Lightweight USB RGB Optical Gaming Mouse (RZ01-03250100-R3M1)'. Entity 2: 'GARMIN FENIX 5 GRAY BLACK 010-01688-00'.,No
Do the two product descriptions refer to the same real-world product? Entity 1: 'SSD TRANSCEND SSD230S 128Gb 3D NAND SATA 3 Aluminium (TS128GSSD230S)'. Entity 2: 'Epson T7891 Black Cart - Compatible'.,No
Do the two product descriptions refer to the same real-world product? Entity 1: 'Tag Heuer Carrera Quartz Chronograph Stainless Steel Watch CBK2112.BA0715'. Entity 2: 'TAG Heuer Automatic Chronograph Watch CBG2A1Z.BA0658'.,No
"Do the two product descriptions refer to the same real-world product? Entity 1: '3M - DESKTOP LCD LW FRAMED FILTER'. Entity 2: '3M - Lightweight 300 Privacy Filter PF322WSkjermfilter mot innsyn, m/ramme 20\""-23\""W (30,7 x 48,5)'.",Yes
Do the two product descriptions refer to the same real-world product? Entity 1: 'Genuine SanDiskiXpand Flash Drive 64GB - iPhone lightning connector'. Entity 2: 'Canon PFI107C Cyan Laser Toner Cartridge Remanufactured'.,No
"Do the two product descriptions refer to the same real-world product? Entity 1: 'Switch D-Link DGS-1210-24 20 p 10 / 100 / 1000 Mbps 4 x SFP'. Entity 2: 'D-Link DGS-1210-28P 24-port 1Gb Smart Switch, 4x SFP, PoE'.",No
"Do the two product descriptions refer to the same real-world product? Entity 1: 'RAM® Composite Double Socket Arm'. Entity 2: 'RAM Mounts short arm for 1\"" ball'.",Yes
"Do the two product descriptions refer to the same real-world product? Entity 1: 'WD 1TB My Passport Portable Hard Drive'. Entity 2: 'Hard Disk Drive WD My Passport WDBYNN0010BRD, 1TB, USB 3.0, rosu'.",No
"Do the two product descriptions refer to the same real-world product? Entity 1: 'ASUS Radeon RX 5500 XT DUAL EVO 8GB'. Entity 2: 'Apple iPad Air Wi-Fi 256 GB Silver - 10.5\"" Tablet - A12 26.67cm-Display'.",No
"Do the two product descriptions refer to the same real-world product? Entity 1: 'D-Link DGS-1210-28P 24-port 1Gb Smart Switch, 4x SFP, PoE'. Entity 2: 'Czapka New Era 39THIRTY New York Yankees - 10298279'.",No
Do the two product descriptions refer to the same real-world product? Entity 1: 'Ubiquiti UniFi Video Camera G4 Pro (UVC-G4-PRO)'. Entity 2: 'Ubiquiti UniFi Video Camera G3 FLEX 3-Pack UVC-G3-FLEX-3 Ubiquiti'.,No
"Do the two product descriptions refer to the same real-world product? Entity 1: 'Super Ubiquinol CoQ10 with Enhanced Mitochondrial Support 100 mg'. Entity 2: 'Cartus toner Epson Discproducer PP-100AP, magenta'.",No
Do the two product descriptions refer to the same real-world product? Entity 1: 'Kingston Digital Canvas Select 128GB microSD Card w/ Adapter (SDCS-128GB)'. Entity 2: 'Kingston SDCS Canvas Select Class10 microSD Memory Card - 64GB With Adapter'.,No
Do the two product descriptions refer to the same real-world product? Entity 1: 'Seagate 6TB 7200rpm SATA-600 256MB NAS HDD ST6000NE000'. Entity 2: 'HIKVISION DS-7208HQHI-K1 2 MEGAPIXEL HYBRID 8 CHANNEL (8CH) DVR'.,No
Do the two product descriptions refer to the same real-world product? Entity 1: 'TONER CANON CIAN CL707C 2.000 PAGINAS'. Entity 2: 'Originlny toner CANON CRG-707 C (Azrov)'.,Yes
Do the two product descriptions refer to the same real-world product? Entity 1: 'Hydro Flask 32oz Wide Mouth Flex Cap Hibiscus'. Entity 2: 'Hydro Flask 32 oz. Wide Mouth 2.0 Flex Cap Hibiscus'.,Yes
Do the two product descriptions refer to the same real-world product? Entity 1: 'Tissot T-Sport Seastar 1000 Chronograph Watch T1204171105100'. Entity 2: 'Tissot Seastar 1000 Men's Black Rubber Strap Watch'.,No
Do the two product descriptions refer to the same real-world product? Entity 1: 'TP-Link AC600 T2U Wireless USB Nano Adapter'. Entity 2: 'TP-Link TL-WN725N Nano Wireless USB Adapter'.,No
"Do the two product descriptions refer to the same real-world product? Entity 1: 'Intel Core i3-7100 Dual-Core 3.9GHz LGA1151 (BX80677I37100)'. Entity 2: 'iiyama ProLite XUB2792QSU-B1 27\"" LED LCD Monitor - 16:9 - 5 ms'.",No
"Do the two product descriptions refer to the same real-world product? Entity 1: 'Boje Canon PG-545 BK 8ml'. Entity 2: 'Ubiquiti UniFi AP, AC, In Wall, 5-Pack'.",No
Do the two product descriptions refer to the same real-world product? Entity 1: 'HP printer Color LaserJet Professional CP5225dn (CE712A#B19)'. Entity 2: 'APC Smart-UPS RT 192V RM Battery Pack'.,No
Do the two product descriptions refer to the same real-world product? Entity 1: 'D-Link DGS-1210-28P'. Entity 2: 'OMEGA Seamaster Planet Ocean Chronograph Steel'.,No
Do the two product descriptions refer to the same real-world product? Entity 1: 'Samsung CLT-K406S Black Original Standard Yield Toner Cartridge'. Entity 2: 'Cartus compatibil Samsung CLT-K406S'.,Yes
Do the two product descriptions refer to the same real-world product? Entity 1: 'Ubiquiti UniFi G3 Bullet Video Camera'. Entity 2: 'Ubiquiti UniFi CloudKey Gen2 Plus'.,No
Do the two product descriptions refer to the same real-world product? Entity 1: 'Daniel Wellington Mens Classic Sheffield 40mm Rose Gold Black DW00100007'. Entity 2: 'SanDisk SDCZ60-064G-B35 Cruzer Glide USB Flash Drive USB 2.0 - 64 GB'.,No
"Do the two product descriptions refer to the same real-world product? Entity 1: 'EPSON S042091 premium glossy photo paper 255g/m², A2/25vel'. Entity 2: 'Epson - Ink Cartridge Black 10K'.",No
Do the two product descriptions refer to the same real-world product? Entity 1: 'Corsair ML140 140mm PWM Premium Magnetic Levitation Fan - Twin Pack'. Entity 2: 'AMD Ryzen 9 3900XT AM4 CPU'.,No
Do the two product descriptions refer to the same real-world product? Entity 1: 'Omega Seamaster DIVER 300MOMEGA CO-AXIAL MASTER CHRONOMETER 42 MM'. Entity 2: 'OMEGA SEAMASTER DIVER 300 210.20.42.20.03.002'.,Yes
Do the two product descriptions refer to the same real-world product? Entity 1: 'Shimano Shimano Cs-R8000 Cassette 11-28t Ultegra 11-Speed'. Entity 2: 'Shimano Dura-Ace CS-R9100 11-28T 11sp Cassette'.,No
Do the two product descriptions refer to the same real-world product? Entity 1: 'APC Smart-UPS SRT 6000VA RM 230V'. Entity 2: 'ASUS Dual GeForce GTX 1660 6GB OC Edition EVO 192Bit GDDR5'.,No
Do the two product descriptions refer to the same real-world product? Entity 1: 'RAM® Composite Double Socket Arm'. Entity 2: 'HPE 300GB SERVER SMART MEMORY 6G 15K SAS 2.5 652611-B21'.,No
Do the two product descriptions refer to the same real-world product? Entity 1: 'Super Ubiquinol CoQ10 with Enhanced Mitochondrial Support 100 mg'. Entity 2: 'TAG Heuer Formula 1 Calibre 5 Men's Watch'.,No
Do the two product descriptions refer to the same real-world product? Entity 1: 'Tissot Seastar 1000 Powermatic 80 T120.407.11.041.01'. Entity 2: 'Epson C13T603100 T6031 Black Ink 220ml'.,No
Do the two product descriptions refer to the same real-world product? Entity 1: 'Kingston Technology DataTraveler microDuo 3C 128GB USB flash drive USB Type-A / USB Type-C 3.0 (3.1 Gen 1) Silver'. Entity 2: 'HP 300GB 6G SAS 15K rpm SFF (2.5-inch) SC Enterprise'.,No
"Do the two product descriptions refer to the same real-world product? Entity 1: 'Garmin fenix5 Gray Optic, Black band'. Entity 2: 'Garmin fenix5S Sapphire Black Optic, Black band'.",No
Do the two product descriptions refer to the same real-world product? Entity 1: 'Jabra EVOLVE 80 MS Stereo (7899-823-109)'. Entity 2: 'Epson - Premium Semi-Gloss Photo Paper - A4 - 20 Fogli - C13S041332'.,No
Do the two product descriptions refer to the same real-world product? Entity 1: 'Gorra New Era NY Yankees MLB 9Fifty Cap'. Entity 2: 'Epson Papir Photo Premium Glossy 13X18cm 30-ark 255G'.,No
Do the two product descriptions refer to the same real-world product? Entity 1: '3M - DESKTOP LCD LW FRAMED FILTER'. Entity 2: 'Sigma 35mm f/1.4 DG HSM Art'.,No
"Do the two product descriptions refer to the same real-world product? Entity 1: 'Corsair iCUE 465X RGB Mid-Tower White ATX Case, T/G Window, No PSU'. Entity 2: 'Corsair ML140 Pro LED Blue 140mm Magnetic Levitation Fan | Discount Computer Needs'.",No
Do the two product descriptions refer to the same real-world product? Entity 1: 'Tissot Heritage Visodate Analog Swiss Quartz Sapphire Crystal Men's Watch'. Entity 2: 'HIKVISION DS-7216HUHI-K2 (Turbo HD 4.0) 8MP/5MP/4MP'.,No
Do the two product descriptions refer to the same real-world product? Entity 1: 'DJI Mavic 2 Car Charger'. Entity 2: 'DJI Mavic 2 Pro Drone Quadcopter with Hasselblad Camera HDR Video UAV Adjustable Aperture 20MP 1'.,No
"Do the two product descriptions refer to the same real-world product? Entity 1: 'Maxxis Assegai Tire - 27.5 x 2.5, Folding, Tubeless, Black, 3C Maxx Terra, EXO+, Wide Trail'. Entity 2: 'Sigma Sigma 35mm F1.4 ART DG HSM - Nikon AF mount'.",No
Do the two product descriptions refer to the same real-world product? Entity 1: 'Intel Core i3-7100 Dual-Core 3.9GHz LGA1151 (BX80677I37100)'. Entity 2: 'Intel Core i7-8700K Coffee Lake 6-Core 3.7 GHz (4.7 GHz Turbo) LGA 1151 (300 Series) 95W BX80684I78700K Desktop Processor Intel UHD Graphics 630'.,No
Do the two product descriptions refer to the same real-world product? Entity 1: 'Corsair 32GB DDR4 Vengeance LPX 2666MHz Memory Kit Black'. Entity 2: 'Fujifilm Instax Square Film (10 Pack)'.,No
"Do the two product descriptions refer to the same real-world product? Entity 1: 'Cooler Master MasterCase H500 IRON GREY ATX Mid-Tower, Tempered Glass Panel, two 200mm RGB fans with Controller and Case Handle for Transport'. Entity 2: 'Maintenance Unit Epson T6190 35000Pgs (C13T619000)'.",No
Do the two product descriptions refer to the same real-world product? Entity 1: 'Garmin Fenix 5X Plus Sapphire Black Rubber Strap 010-01989-01'. Entity 2: 'Fenix 5X Plus GPS Black Smartwatch'.,Yes
"Do the two product descriptions refer to the same real-world product? Entity 1: 'Cooler Master MasterBox Lite 5 ATX Black Case, Window, NO PSU, 2x USB 3.0, HD Audio, Dark Mirror Front Panel, No External 5.25\"" Drive Bay'. Entity 2: 'Cooler Master MasterBox Lite 5 Mid Tower Case'.",Yes
Do the two product descriptions refer to the same real-world product? Entity 1: 'EPSON Magenta ink cartridge Discproducer'. Entity 2: 'Samsung 970 EVO MZ-V7E1T0BW - Solid state drive - krypterat - 1 TB - inbyggd - M.2 2280 - PCI Express 3.0 x4 (NVMe) - 256 bitars AES - TCG Opal Encryption 2.0'.,No
"Do the two product descriptions refer to the same real-world product? Entity 1: 'Jabra Biz 2400 II Mono 3-1, NC, 82 mic, QD'. Entity 2: 'Jabra BIZ 2400 II Duo - Mic. 82 NC, Wideband'.",No
"Do the two product descriptions refer to the same real-world product? Entity 1: 'Ram Mount Motorcycle Fork Stem Mount with 1 Ball'. Entity 2: 'RAM Motorcycle Fork Stem Base w 1\"" Ball (RAM-B-342U)'.",Yes
Do the two product descriptions refer to the same real-world product? Entity 1: 'AAA Replica Audemars Piguet Royal Oak Chronograph Black Dail Watch 26331ST.OO.1220ST.02'. Entity 2: 'Audemars Piguet-Audemars Piguet Royal Oak Chronograph 41mm Mens Watch-26331ST.OO.1220ST.02'.,Yes
Do the two product descriptions refer to the same real-world product? Entity 1: 'Apple - AirPods with Wireless Charging Case (Latest Model) - White'. Entity 2: 'Apple AirPods with Wireless Charging Case (2nd Generation) - White'.,Yes
"Do the two product descriptions refer to the same real-world product? Entity 1: 'Evans EC2 Clear Drum Head, 8 Inch'. Entity 2: 'Evans EC2 Clear Drum Head, 14 Inch'.",No
"Do the two product descriptions refer to the same real-world product? Entity 1: 'SAMSUNG 970 EVO PLUS M.2 2280 500GB PCIe Gen 3.0 x4, NVMe 1.3 V-NAND 3-bit MLC Internal Solid State Drive (SSD) MZ-V7S500B/AM'. Entity 2: 'Samsung 970 EVO 500GB - NVMe PCIe M.2 2280 SSD | MZ-V7E500BW'.",No
Do the two product descriptions refer to the same real-world product? Entity 1: 'Apple 10.5-inch iPad Air Wi‑Fi 256GB - Silver - MUUR2FD/A'. Entity 2: 'Gigabyte AMD Radeon RX 5500 XT OC 8GB GDDR6 RDNA PCIe 4.0 Graphics Card'.,No
Do the two product descriptions refer to the same real-world product? Entity 1: 'Cooler master ventola master liquid ML120R rgb lga 775>2066 amd AM2>FM1'. Entity 2: 'Cooler Master MasterLiquid ML120R ARGB AIO Cooler'.,Yes
Do the two product descriptions refer to the same real-world product? Entity 1: 'Shimano Shimano PD-R7000 105 SPD-SL PEDAL W/O REFLECTOR W/CLEAT'. Entity 2: 'SPD-SL-CLEAT-SET-SM-SH11-(YELLOW)-[6DEGREE]'.,No
Do the two product descriptions refer to the same real-world product? Entity 1: 'Shimano 105 R7000 Rear Derailleur - 11 Speed'. Entity 2: 'SSD TRANSCEND SSD230S 128Gb 3D NAND SATA 3 Aluminium (TS128GSSD230S)'.,No
Do the two product descriptions refer to the same real-world product? Entity 1: 'Traveler's Notebook Starter Kit (Passport Size) - Blue'. Entity 2: 'Pokemon Pokemon: Darkness Ablaze Bstr'.,No
Do the two product descriptions refer to the same real-world product? Entity 1: 'BIZ 2400 II Duo IP Flex'. Entity 2: 'New Era 39THIRTY MLB New York Yankees Fullcap - 10298279'.,No
Do the two product descriptions refer to the same real-world product? Entity 1: 'Mens Daniel Wellington St Mawes 40mm Watch DW00100006'. Entity 2: 'Daniel Wellington Classic Sheffield Men 40mm Quartz Watch 0206DW'.,No
Do the two product descriptions refer to the same real-world product? Entity 1: 'Sony E 30mm f/3.5 Macro Lens'. Entity 2: 'Full Frame E-Mount FE 24-240mm F3.5-6.3 OSS Lens'.,No
Do the two product descriptions refer to the same real-world product? Entity 1: 'Epson - Premium Semi-Gloss Photo Paper - A4 - 20 Fogli - C13S041332'. Entity 2: 'Garmin fenix 5s Sapphire Black'.,No
Do the two product descriptions refer to the same real-world product? Entity 1: 'Crucial 8GB (1x8GB) DDR3 1600MHz SODIMM'. Entity 2: 'Jabra Evolve 80 UC stereo SKype for Business'.,No
"Do the two product descriptions refer to the same real-world product? Entity 1: 'Intel Processor, Core i7-8700K 8th Gen'. Entity 2: 'Intel Core i7-8700K Coffee Lake 6-Core 3.7 GHz (4.7 GHz Turbo) LGA 1151 (300 Series) 95W BX80684I78700K Desktop Processor Intel UHD Graphics 630'.",Yes
Do the two product descriptions refer to the same real-world product? Entity 1: 'Cooler Master Hyper H411R CPU Cooler White LED'. Entity 2: 'Swiss Military Hanowa06-4226.30.003.03 Immersion Uhr'.,No
Do the two product descriptions refer to the same real-world product? Entity 1: 'APC Replacement Battery Cartridge #133 (APCRBC133)'. Entity 2: 'APC Replacement Battery Cartridge #133UPS battery - Lead Acid'.,Yes
"Do the two product descriptions refer to the same real-world product? Entity 1: 'Ram Mout Triple Ball Adapter'. Entity 2: 'Audio Technica DJ kõrvaklapid ATH-PRO7X On-ear, Must'.",No
Do the two product descriptions refer to the same real-world product? Entity 1: 'Tissot Mens T-Sport Seastar 1000 Chronograph Black Dial Stainless Steel Bracelet Watch T120.417.11.051.00'. Entity 2: 'Seagate LaCie 4TB 2.5' USB 3 to USB-C Diamond Cut External HDD. STHG4000400. 2 Years Warranty'.,No
"Do the two product descriptions refer to the same real-world product? Entity 1: 'XPG SX6000 Lite internal solid state drive 1000 GB PCI Express 3.0 3D TLC NVMe M.2 SSD'. Entity 2: 'ADATA SX8200 Pro 256GB M.2 NVMe SSD ultra-fast PCIe Gen3x4 interface ,sustained peak read/write speeds of 3500/1200MB per second'.",No
"Do the two product descriptions refer to the same real-world product? Entity 1: 'RAM-B-149ZU - RAM Handlebar Rail Mount with Zinc Coated U-Bolt Base for Rails from 0.5\"" to 1.25\"" in Diameter'. Entity 2: 'RAM Mount Torque™ 3/4"" - 1"" Diameter Handlebar/Rail Base with 1"" Ball and X-Grip®'.",No
"Do the two product descriptions refer to the same real-world product? Entity 1: 'Garmin fenix 5s Sapphire Black'. Entity 2: 'MikroTikCloud Core Router 1036-12G-4S with Tilera Tile-Gx36 CPU (36-cores, 1.2Ghz per core), 16GB RAM, 4xSFP cage, 12xGbit LAN, RouterOS L6, 1U rackmount case, PSU, LCD panel'.",No
Do the two product descriptions refer to the same real-world product? Entity 1: 'Traveler's Zip Pocket - Regular Size'. Entity 2: 'Traveler's Refills: Accessories - 008 / zipper pocket'.,Yes
"Do the two product descriptions refer to the same real-world product? Entity 1: 'Tissot Seastar 1000 Men's Black Rubber Strap Watch'. Entity 2: 'TP-Link TL-SG1024DE 24-Port Gigabit Easy Smart Switch, 24 10/100/1000Mbps RJ45 ports,MTU/Port/Tag-based VLAN, QoS, IGMP Snooping'.",No
Do the two product descriptions refer to the same real-world product? Entity 1: 'Orologio Garmin Venu 010-02173-12 Venu'. Entity 2: 'Orologio Garmin Fenix 6 010-02157-11 Fēnix 6X Sapphire'.,No
Do the two product descriptions refer to the same real-world product? Entity 1: 'Adata XPG SX6000 Lite 1TB M.2 PCIe GEN3x4 SSD ASX6000LNP-1TT-C'. Entity 2: 'Monitor 27 SW271 LED 5ms/QHD/IPS/HDMI/DP/USB'.,No
Do the two product descriptions refer to the same real-world product? Entity 1: 'Daniel Wellington - Classic Sheffield Silver - 40mm'. Entity 2: 'Samsung Portable SSD T5 - 2TB'.,No
Do the two product descriptions refer to the same real-world product? Entity 1: 'Manfrotto MVK500AM Fluid Video System'. Entity 2: 'MVH500AH FLUID VIDEO HEAD W/FLAT BASE'.,No
Do the two product descriptions refer to the same real-world product? Entity 1: 'Jabra Evolve 20 SE Special Edition UC monaural USB'. Entity 2: 'Evolve 20 Special Edition Mono MS'.,Yes
Do the two product descriptions refer to the same real-world product? Entity 1: '502HD PRO VIDEO HEAD WITH FLAT BASE'. Entity 2: 'Manfrotto MVH502AH Fluid Video Head with MT055XPRO3 Tripod'.,Yes
Do the two product descriptions refer to the same real-world product? Entity 1: 'Epson Cartuccia 79xl Magenta Originale per WF-5620 WF-5690 WF-4630 C13T79034010'. Entity 2: 'Epson WF4630/5110/5690 Magenta INK 17ML EP53600'.,Yes
Do the two product descriptions refer to the same real-world product? Entity 1: 'Shimano Ultegra Chain HG701 - 116L - with split'. Entity 2: 'Shimano HG701 Ultegra R8000 XT M8000 11 Speed Chain with Quick Link'.,Yes
Do the two product descriptions refer to the same real-world product? Entity 1: 'SMSH11 SPDSL CLEAT SET FLOATING MODE YELLOW'. Entity 2: 'SPD-SL-CLEAT-SET-SM-SH11-(YELLOW)-[6DEGREE]'.,Yes
"Do the two product descriptions refer to the same real-world product? Entity 1: 'RAM Triple 1\"" Ball Adapter - RAM-B-289U'. Entity 2: 'Epson A4/Premium Semiglossy Photo, 20 sheets'.",No
Do the two product descriptions refer to the same real-world product? Entity 1: 'Shimano Dura-Ace CS-R9100 11-28T 11sp Cassette'. Entity 2: '002 Traveler's Notebook Regular- Refill - Grid Notebook'.,No
"Do the two product descriptions refer to the same real-world product? Entity 1: 'RAM Motorcycle Combination Base for Handlebar or Brake/Clutch Reservoir with 1\"" ...'. Entity 2: 'Ram Mount Motorcycle Fork Stem Mount with 1 Ball'.",No
"Do the two product descriptions refer to the same real-world product? Entity 1: 'Samsung 860 PRO 2.5\"" 1000 GB Serial ATA III 3D MLC'. Entity 2: 'Samsung 860 PRO 1TB SSD 2-bit MLC V-NAND SATA III 6Gb/s 2.5 Internal Solid State Drive'.",Yes
Do the two product descriptions refer to the same real-world product? Entity 1: 'Cheap Replica Audemars Piguet Royal Oak Offshore Chronograph Watch 26470OR.OO.A125CR.01'. Entity 2: 'TAG Heuer Monaco Men's Blue Leather Strap Watch'.,No
"Do the two product descriptions refer to the same real-world product? Entity 1: 'Basilisk V2 Ergonomic Gaming Mouse'. Entity 2: 'Razer Basilisk V2 Wired Ergonomic Gaming Mouse, 11 Programmable Buttons | RZ01-03160100-R3M1'.",Yes
Do the two product descriptions refer to the same real-world product? Entity 1: 'SRAM Disc Brake Pad Organic Hrd'. Entity 2: 'Logitech 3.5 mm Analog Stereo Headset H151 with Boom Microphone - Black'.,No
"Do the two product descriptions refer to the same real-world product? Entity 1: 'Seagate IronWolf PRO 16TB NAS Professional'. Entity 2: '16TB IronWolf Pro ST16000NE000, 7200 RPM, SATA 6Gb/s, 256MB cache, 3.5-Inch HDD'.",Yes
Do the two product descriptions refer to the same real-world product? Entity 1: 'Cooler Master MasterBox Lite 5 Mid Tower Case'. Entity 2: 'Razer Viper Mini Optical Ambidextrous RGB Gaming Mouse'.,No
Do the two product descriptions refer to the same real-world product? Entity 1: 'HP 300GB 6G SAS 10K rpm SFF (2.5-inch) SC Enterprise'. Entity 2: '619291-B21 HP 900GB 6G SAS 10K rpm SFF (2.5-inch) Enterprise Hard Drive'.,No
Do the two product descriptions refer to the same real-world product? Entity 1: 'Epson Premium Glossy A3 20 sheets'. Entity 2: 'Audio Technica ATH-M40x Professional Monitor Audiophile Headphones'.,No
"Do the two product descriptions refer to the same real-world product? Entity 1: 'AMD AM4-3400G RYZEN5 3.7GHz'. Entity 2: 'SanDisk PLUS SSD Hard Drive 2.5´´ internal, 480 GB, SATA, Black'.",No
"Do the two product descriptions refer to the same real-world product? Entity 1: 'Corsair ML140 Magnetic Levitation 140mm Case Fan - Twin Pack'. Entity 2: 'Corsair ML140 Pro 14cm PWM RGB Case Fan, Magnetic Levitation Bearing'.",No
Do the two product descriptions refer to the same real-world product? Entity 1: 'TP-Link Archer T9UH Wireless AC1900 USB Adapter'. Entity 2: 'TP-Link 150Mbit-WLAN-Lite -N-PCI Express x1 Adapter'.,No
"Do the two product descriptions refer to the same real-world product? Entity 1: 'Seagate IronWolf 6TB NAS Internal Hard Drive (3.5"")'. Entity 2: 'Gorra New Era NY Yankees MLB 9Fifty Cap'.",No
Do the two product descriptions refer to the same real-world product? Entity 1: 'Full Frame E-Mount FE 24-240mm F3.5-6.3 OSS Lens'. Entity 2: '8CH HIKVISION 4MP DVR HDMI TURBO 1080P DS-7208HQHI-K1'.,No
Do the two product descriptions refer to the same real-world product? Entity 1: 'Buy Quality Replica Omega Seamaster Planet Ocean 600M Steel Chronometer Chronograph Watch 215.30.46.51.01.001'. Entity 2: 'APC Smart-UPS SRT 6000VA RM 230V'.,No
"Do the two product descriptions refer to the same real-world product? Entity 1: 'Evans - Clear EMAD Bass Batter, 20\""'. Entity 2: 'Evans 20” EMAD Clear Bass Drum Head'.",Yes
Do the two product descriptions refer to the same real-world product? Entity 1: 'Philips Monitor LCD 243V7QDSB/00'. Entity 2: 'Evans 20” EMAD Clear Bass Drum Head'.,No
"Do the two product descriptions refer to the same real-world product? Entity 1: 'Sigma 35mm F1.4 DG Art HSM EOS Mount Lens'. Entity 2: 'Life Extension Super Ubiquinol COQ10 with Enhanced Mitochondrial Support 100 mg, 60 Count'.",No
Do the two product descriptions refer to the same real-world product? Entity 1: 'Shimano BR-M9000 J04C Metal Finned Disc Pad'. Entity 2: 'Buy Quality Replica Audemars Piguet Royal Oak Offshore Chronograph Watch 26470OR.OO.1000OR.02'.,No
Do the two product descriptions refer to the same real-world product? Entity 1: 'Lacie 5TB USB-C Mobile Drive prenosni disk'. Entity 2: 'Ext. HDD LaCie Mobile Drive 2TB USB-C'.,No
"Do the two product descriptions refer to the same real-world product? Entity 1: 'Western Digital 2.5\"" Red 1To SATA 6'. Entity 2: 'RAZER MAMBA ELITE ERGONOMIC WIRED GAMING MOUSE'.",No
Do the two product descriptions refer to the same real-world product? Entity 1: 'Impresora brother laser monocromo hl - l6300dw a4'. Entity 2: 'Brother HL-L8360CDW Laser Printer'.,No
Do the two product descriptions refer to the same real-world product? Entity 1: 'DVR Hikvision TurboHD 4 canale DS-7204HQHI-K1'. Entity 2: '8CH HIKVISION 4MP DVR HDMI TURBO 1080P DS-7208HQHI-K1'.,No
Do the two product descriptions refer to the same real-world product? Entity 1: 'XPG SX6000 Lite internal solid state drive 1000 GB PCI Express 3.0 3D TLC NVMe M.2 SSD'. Entity 2: 'SanDisk SD Extreme V30 U3 UHS-I C10 - 128GB'.,No
Do the two product descriptions refer to the same real-world product? Entity 1: 'DJI DJI | Mavic Mini Drone Fly More Combo'. Entity 2: 'Kingston Technology Canvas Select memory card 128 GB MicroSDXC Class 10 UHS-I'.,No
Do the two product descriptions refer to the same real-world product? Entity 1: 'Shimano Dura-Ace CS-R9100 Cassette 11-speed'. Entity 2: '3M - DESKTOP LCD LW FRAMED FILTER'.,No
Do the two product descriptions refer to the same real-world product? Entity 1: 'HyperX 16GB (1x16GB) 3200MHz CL16 Fury'. Entity 2: 'Epson oryginalny tusz T2982 29 cyan'.,No
Do the two product descriptions refer to the same real-world product? Entity 1: 'Kingston Digital Canvas Select 128GB microSD Card w/ Adapter (SDCS-128GB)'. Entity 2: 'Kingston Canvas Select Plus 128GB microSD - With Adaptor'.,No
Do the two product descriptions refer to the same real-world product? Entity 1: 'SANDISK EXTREME PRO SDXC 256GB V30 UHS-I U3 - SDSDXXY-256G-GN4IN'. Entity 2: 'Epson T6923 Ultrachrome XD rautt Ink 110ml'.,No
"Do the two product descriptions refer to the same real-world product? Entity 1: 'Seagate IronWolf 6TB 3,5'' 256MB ST6000VN0033'. Entity 2: '16TB IronWolf Pro ST16000NE000, 7200 RPM, SATA 6Gb/s, 256MB cache, 3.5-Inch HDD'.",No
Do the two product descriptions refer to the same real-world product? Entity 1: 'Daniel Wellington Mens Classic Sheffield 40mm Rose Gold Black DW00100007'. Entity 2: 'Seiko Presage Watch Zen Gardens Mens'.,No
"Do the two product descriptions refer to the same real-world product? Entity 1: 'Elixir 11152 Strings Acoustic 80/20 Bronze NANOWEB 12 String, Light'. Entity 2: 'Elixir Guitar Strings Phosphor Bronze Nanoweb Light 12 - 53'.",No
Do the two product descriptions refer to the same real-world product? Entity 1: 'Samsung 970 EVO Plus 2TB SSD'. Entity 2: 'Samsung 1TB SSD 970 EVO NVMe M.2'.,No
Do the two product descriptions refer to the same real-world product? Entity 1: 'Dymo 53713 Black On White - 24mm'. Entity 2: 'GENUINE Dymo 24mm x 7m Black on Yellow Label Tape Roll SD53718'.,No
Do the two product descriptions refer to the same real-world product? Entity 1: 'Samsung 1TB SSD 970 EVO NVMe M.2'. Entity 2: 'Samsung SSD 970 EVO Plus NVMe M.2 PCIe 2TB'.,No
Do the two product descriptions refer to the same real-world product? Entity 1: 'DS-7216HQHI-K1 Hikvision 16 cs. TurboHD DVR'. Entity 2: 'TURBO HD DVRDS-7216HQHI-K1 1080P'.,Yes
Do the two product descriptions refer to the same real-world product? Entity 1: 'MultiPlus Inverter/Charger C 12/2000/80-30'. Entity 2: '2222 HYBRID SLINKY 9/46 Ernie Ball'.,No
Do the two product descriptions refer to the same real-world product? Entity 1: 'Hikvision MP Outdoor IR DS-2DE5225IW-AE'. Entity 2: 'Corsair 8GB (1x8GB) 2666MHz CL16 Vengeance LPX Black'.,No
Do the two product descriptions refer to the same real-world product? Entity 1: 'Razer DeathAdder V2 Ergonomic Wired Gaming Mouse (RZ01-03210100-R3M1) (Warranty 2years with Ban Leong)'. Entity 2: 'Intel Core i3-7100 Dual-Core 3.9GHz LGA1151 (BX80677I37100)'.,No
Do the two product descriptions refer to the same real-world product? Entity 1: 'Genuine SanDiskiXpand Flash Drive 64GB - iPhone lightning connector'. Entity 2: 'Bosch KGN34NWEAG Free-standing fridge-freezer'.,No
Do the two product descriptions refer to the same real-world product? Entity 1: 'Sony SEL20F18G.SYX - Sony E-Mount FE 20mm F1.8 G'. Entity 2: 'Sony SEL 30mm 3.5 Makro E-Mount'.,No
Do the two product descriptions refer to the same real-world product? Entity 1: 'BenQ SW2700PT 27in QHD Professional AdobeRGB Monitor'. Entity 2: 'Tissot Seastar 1000 Powermatic 80 Silicium'.,No
Do the two product descriptions refer to the same real-world product? Entity 1: 'Zebra Black Monochrome Ribbon 800033-801 - 1000 Prints'. Entity 2: 'Zebra TrueColours ix Series Monochrome - 1 - black - print ribbon'.,Yes
"Do the two product descriptions refer to the same real-world product? Entity 1: 'Ubiquiti UniFi AP, AC, In Wall, 5-Pack'. Entity 2: 'TISSOT SEASTAR 1000 POWERMATIC 80'.",No
Do the two product descriptions refer to the same real-world product? Entity 1: 'Shimano R550 SPD-SL Pedals - Black'. Entity 2: 'SHIMANO RS500 SPD-SL road pedals'.,No
Do the two product descriptions refer to the same real-world product? Entity 1: 'Ubiquiti UniFi Video Camera G3 MICRO'. Entity 2: 'HyperX FURY - DDR3 - 8 GB: 2 x 4 GB - DIMM 240-pin - unbuffered'.,No
Do the two product descriptions refer to the same real-world product? Entity 1: 'GENUINE Dymo 24mm x 7m Black on Yellow Label Tape Roll SD53718'. Entity 2: 'Genuine Dymo D1 Standard Label Cassette Tape 9mm x 7m - Black on White'.,No
Do the two product descriptions refer to the same real-world product? Entity 1: 'LOGITECH - HD WEBCAM C310 - USB - EMEAIN'. Entity 2: 'Logitech C920 USB HD Pro Webcam with Auto-Focus and Microphone'.,No
Do the two product descriptions refer to the same real-world product? Entity 1: 'BenQ SW271 Pro 27in IPS LCD Monitor 4K UHD'. Entity 2: 'BenQ SW2700PT 27in QHD Professional AdobeRGB Monitor'.,No
Do the two product descriptions refer to the same real-world product? Entity 1: 'Epson Stylus Pro 9880 Black Photo Ink'. Entity 2: 'SEIKO Prospex Automatic Men's 45mm Diver Watch - SPB103J1 – Green Dial'.,No
Do the two product descriptions refer to the same real-world product? Entity 1: 'Crucial 500GB MX500 M.2 2880 SATA 6Gb/s SSD'. Entity 2: 'Crucial MX500 M.2 2280 500GB Internal SSD 560MB/s CT500MX500SSD4 | PCByte'.,Yes
Do the two product descriptions refer to the same real-world product? Entity 1: 'Blaze 40-Inch 5-Burner LTE Built-In Liquid Propane Gas Grill With Rear Infrared Burner & Grill Lights'. Entity 2: 'Crucial MX500 2TB 3D NAND SATA 2.5 Inch Internal SSD'.,No
Do the two product descriptions refer to the same real-world product? Entity 1: 'Fujifilm Instax Mini Film (Monochrome 10's)'. Entity 2: 'Fujifilm INSTAX Mini Monochrome Instant Film (10 Exposures)'.,Yes
"Do the two product descriptions refer to the same real-world product? Entity 1: 'Corsair Vengeance LPX CMK8GX4M1A2666C16 8GB (1x8GB) 2666Mhz DDR4'. Entity 2: 'Corsair DDR4 Vengeance LPX 16GB/2133(2*8GB) CL13-15-15-28 1,20V XMP2.0'.",No
"Do the two product descriptions refer to the same real-world product? Entity 1: 'Intel Core i7-8700K Coffee Lake 6-Core 3.7 GHz (4.7 GHz Turbo) LGA 1151 (300 Series) 95W BX80684I78700K Desktop Processor Intel UHD Graphics 630'. Entity 2: 'Intel Core i3-8300 (Coffee Lake) 3.7 GHz, LGA1151, Intel UHD 630, 8MB, 14nm, 62W, Box'.",No
Do the two product descriptions refer to the same real-world product? Entity 1: 'MVH500AH FLUID VIDEO HEAD W/FLAT BASE'. Entity 2: 'HyperX 8GB (2x4GB) 1600MHz CL10 Fury Blue'.,No
Do the two product descriptions refer to the same real-world product? Entity 1: 'LOGITECH Logitech USB Headset H390'. Entity 2: 'Logitech H650e USB PC Headset'.,No
"Do the two product descriptions refer to the same real-world product? Entity 1: 'BROTHER HL-L6200DW WIRELESSMONO LASER PRINTER WITH2-Sided PRINTING(46 PPM, 520 Sheets Paper...'. Entity 2: 'Brother HL-L6200DW Business Laser Printer'.",Yes
Do the two product descriptions refer to the same real-world product? Entity 1: 'Samsung 970 Evo 500GB NVME M.2 High Speed Solid State Drive with V-Nand'. Entity 2: 'Samsung 970 EVO 500GB - NVMe PCIe M.2 2280 SSD | MZ-V7E500BW'.,Yes
Do the two product descriptions refer to the same real-world product? Entity 1: 'Toner Original Oki Ciano (44844507)'. Entity 2: 'Originln toner OKI 44992402 (ern)'.,No
Do the two product descriptions refer to the same real-world product? Entity 1: 'Garmin VENU Smartwatch Black 010-02173-12 Leather Strap'. Entity 2: 'Garmin Fenix 5X Plus Sapphire Black Rubber Strap 010-01989-01'.,No
"Do the two product descriptions refer to the same real-world product? Entity 1: 'Seagate 6TB 7200rpm SATA-600 256MB NAS HDD ST6000NE000'. Entity 2: 'Seagate IronWolf 6TB 3,5'' 256MB ST6000VN0033'.",No
Do the two product descriptions refer to the same real-world product? Entity 1: 'Ram Mout Triple Ball Adapter'. Entity 2: 'Maxxis High Roller II 27.5 x 2.5 Wide Trail 3C Maxx Terra EXO/TR Folding Mountainbike Tyre'.,No
Do the two product descriptions refer to the same real-world product? Entity 1: '3M - Privacy filter PF19 |30.2 cm x 37.7 cm|'. Entity 2: 'Hydro Flask 32oz Wide Mouth Flex Cap Hibiscus'.,No
"Do the two product descriptions refer to the same real-world product? Entity 1: '3M - Lightweight 300 Privacy Filter PF322WSkjermfilter mot innsyn, m/ramme 20\""-23\""W (30,7 x 48,5)'. Entity 2: 'APC Replacement Battery Cartridges #117'.",No
Do the two product descriptions refer to the same real-world product? Entity 1: 'Samsung 970 Evo 500GB NVME M.2 High Speed Solid State Drive with V-Nand'. Entity 2: 'Cappello New Era Clean Trucker Chicago Bulls Cap'.,No
"Do the two product descriptions refer to the same real-world product? Entity 1: 'Intel Core i7 9700F 9th Gen Desktop Processor/CPU Retail - No iGPU'. Entity 2: 'Intel Processor, Core i7-8700K 8th Gen'.",No
Do the two product descriptions refer to the same real-world product? Entity 1: 'Tag Heuer Carrera Quartz Chronograph Stainless Steel Watch CBG2A1Z.BA0658'. Entity 2: 'Zebra 800011-101 ZXP Series 1 Ribbon ZXP Series 1 Load-N-Go Black Monochrome Ribbon'.,No
Do the two product descriptions refer to the same real-world product? Entity 1: 'Samsung C27F390FHU - Full HD Curved Monitor'. Entity 2: 'Atomos Coiled Full HDMI to Full HDMI Cable (30cm) - ATOMCAB010'.,No
"Do the two product descriptions refer to the same real-world product? Entity 1: 'Ubiquiti UVC-G3-FLEX-3 UniFi Protect G3 FLEX Camera 3-Pack'. Entity 2: 'D-Link DGS-1210-28P 24-port 1Gb Smart Switch, 4x SFP, PoE'.",No
Do the two product descriptions refer to the same real-world product? Entity 1: 'Router wifi archer c60 ac1350 dual'. Entity 2: 'Ubiquiti Unifi AC In-Wall AP Wireless Access Point 5 Pack UAP-AC-IW-5 (No PoE Injector)'.,No
"Do the two product descriptions refer to the same real-world product? Entity 1: 'Maxxis High Roller II 29"" WideTrail Tire - 3C MT DD / 2.5""'. Entity 2: 'CORSAIR Vengeance RGB Pro 16GB (2 x 8GB) 288-Pin DDR4 DRAM DDR4 3000 (PC4 24000) Desktop Memory Model CMW16GX4M2C3000C15W'.",No
Do the two product descriptions refer to the same real-world product? Entity 1: 'Logitech HD Pro Webcam C920 - webkamera'. Entity 2: 'Fujifilm Instax Square Film 20 Pack'.,No
Do the two product descriptions refer to the same real-world product? Entity 1: 'DJI Drone Accessory CP.PT.00000120.01 Mavic Air Part 4 Car Charger Retail'. Entity 2: 'APPLE - AIRPODS WITH CHARGING CASEIN'.,No
Do the two product descriptions refer to the same real-world product? Entity 1: 'Cooler Master MasterLiquid ML120L V2 RGB All In One Liquid CPU Cooler'. Entity 2: 'Logitech BRIO 4K Ultra HD webcam'.,No
Do the two product descriptions refer to the same real-world product? Entity 1: 'Epson T6923 Ultrachrome XD rautt Ink 110ml'. Entity 2: 'Kingston 256GB DataTraveler 100 G3 (USB 3.0)'.,No
Do the two product descriptions refer to the same real-world product? Entity 1: 'Ubiquiti UniFi AP AC Pro Indoor / Outdoor Access Point 5 Pack'. Entity 2: 'CORSAIR 8Gbx1 DDR4 3000Mhz Ram CMK8GX4M1D3000C16 VENGEANCE LPX Gaming RAM'.,No
Do the two product descriptions refer to the same real-world product? Entity 1: 'OKI 44992402 Style Black Compatible Toner'. Entity 2: 'Originln toner OKI 44992402 (ern)'.,Yes
"Do the two product descriptions refer to the same real-world product? Entity 1: 'Cartus toner Epson Discproducer PP-100AP, magenta'. Entity 2: 'EPSON Magenta ink cartridge Discproducer'.",Yes
Do the two product descriptions refer to the same real-world product? Entity 1: 'Kingston Technology DataTraveler microDuo 3C 128GB USB flash drive USB Type-A / USB Type-C 3.0 (3.1 Gen 1) Silver'. Entity 2: 'Kingston DataTraveler microDuo 128GB USB 3.0'.,Yes
Do the two product descriptions refer to the same real-world product? Entity 1: 'Toner Brother original amarillo TN135Y'. Entity 2: 'Toner kompatibel zu Brother TN-200 Black'.,No
"Do the two product descriptions refer to the same real-world product? Entity 1: 'Gigabyte AORUS GeForce RTX™ 2080 Ti XTREME 11G'. Entity 2: 'Cisco Catalyst 2960-X | WS-C2960X-24TD-L Catalyst 2960X 24 port 10/100/1000, 2 x 10G SFP+, LAN Base'.",No
Do the two product descriptions refer to the same real-world product? Entity 1: 'Seastar 1000 Powermatic 80 - T120.407.11.051.00'. Entity 2: 'Carto de memria micro SD Kingston 64Gb XC1 classe 10 Canvas Select'.,No
Do the two product descriptions refer to the same real-world product? Entity 1: 'APC UPS 1KVA Tower UPS SMT1000I'. Entity 2: 'Samsung T7 Touch Portable SSD Drive [1TB](Silver)'.,No
Do the two product descriptions refer to the same real-world product? Entity 1: 'Crucial 500GB MX500 M.2 2880 SATA 6Gb/s SSD'. Entity 2: 'TP-Link EAP225-Outdoor AC1200 Wireless MU-MIMO Gigabit Indoor/Outdoor Access Point'.,No
"Do the two product descriptions refer to the same real-world product? Entity 1: 'SHIMANO PD-R7000, 105, SPD-SL PEDAL.'. Entity 2: 'Shimano 105 RD-R7000 GS Rear Derailleur'.",No
Do the two product descriptions refer to the same real-world product? Entity 1: 'SRAM Disc Brake Pad Set Organic Compound'. Entity 2: 'Sram/Avid Road Disc Brake Pads - Road/Level (Organic/Steel Back)'.,Yes
Do the two product descriptions refer to the same real-world product? Entity 1: 'Sigma 105mm f1.4 DG HSM Art Lens for Canon'. Entity 2: 'Sigma 105mm F1.4 Art DG HSM EOS Mount Lens'.,Yes
"Do the two product descriptions refer to the same real-world product? Entity 1: 'Ram Mount 2\"" Double Socket Arm for 1\"" Balls'. Entity 2: 'RAM Double Socket Clamp Arm SHORT'.",Yes
Do the two product descriptions refer to the same real-world product? Entity 1: 'SHIMANO XT CN-HG95 HG-X chain'. Entity 2: 'Shimano CN-HG95 116 links chain'.,Yes
Do the two product descriptions refer to the same real-world product? Entity 1: 'Zebra 800015-301 (Eltron) Black (K) Resin Ribbon - 1500 Prints'. Entity 2: 'Zebra 800015-101 Black Monochrome Ribbon - 1000 Prints'.,No
Do the two product descriptions refer to the same real-world product? Entity 1: 'Canon EF-S 10-18/4.5-5.6 IS STM'. Entity 2: 'Kingston HyperX Fury 4GB DDR3 1600MHz CL10 Ram'.,No
"Do the two product descriptions refer to the same real-world product? Entity 1: 'Corsair Carbide 175R RGB Black Mid Tower ATX Case, Tempered Glass Side Window, No PSU, 2x USB 3.0, HD Audio, 1x 120mm Fan included'. Entity 2: 'Cooler Master MasterBox Lite 5 ATX Black Case, Window, NO PSU, 2x USB 3.0, HD Audio, Dark Mirror Front Panel, No External 5.25\"" Drive Bay'.",No
Do the two product descriptions refer to the same real-world product? Entity 1: 'APC Smart-UPS RT192V RM Battery Pack 2 R'. Entity 2: 'APC Smart-UPS RT 20kVA RM 230V - SURT20KRMXLI'.,No
"Do the two product descriptions refer to the same real-world product? Entity 1: 'RAM Long Length Double Socket Arm for 1.5\"" Balls'. Entity 2: 'Ram Mount 2\"" Double Socket Arm for 1\"" Balls'.",No
Do the two product descriptions refer to the same real-world product? Entity 1: 'AMD Ryzen 5 3400G Desktop Processor 4 Cores up to 4.2GHz 6MB Cache AM4 Socket (YD3400C5FHBOX)'. Entity 2: 'AMD Ryzen 5 2600X - 4.25 GHz - 6-core - 12 threads - 19 MB cache - Socket AM4 - Box'.,No
Do the two product descriptions refer to the same real-world product? Entity 1: 'Brother HL-L5200DW Laser Printer'. Entity 2: 'Brother MFC-L2710DW - multifunction printer - B/W'.,No
"Do the two product descriptions refer to the same real-world product? Entity 1: 'SANDISK FLASH CRUZER GLIDE 64GB'. Entity 2: 'Sandisk Ixpand 64GB USB3.0 Flash Drive for Iphone, Ipad'.",No
Do the two product descriptions refer to the same real-world product? Entity 1: 'Epson Tinte schwarz-photo f. R3000'. Entity 2: 'Kingston SDCS Canvas Select Class10 microSD Memory Card - 64GB With Adapter'.,No
Do the two product descriptions refer to the same real-world product? Entity 1: 'Gorra New Era NY Yankees MLB 9Fifty Cap'. Entity 2: 'Tag Heuer Carrera Quartz Chronograph Stainless Steel Watch CBK2112.BA0715'.,No
"Do the two product descriptions refer to the same real-world product? Entity 1: 'AMD Ryzen 5 2600X - 4.25 GHz - 6-core - 12 threads - 19 MB cache - Socket AM4 - Box'. Entity 2: 'YD260XBCAFBOX - AMD AM4 Ryzen 5 2600X, 6x 3.60GHz, boxed'.",Yes
"Do the two product descriptions refer to the same real-world product? Entity 1: 'Genuine Epson C13T616400 Yellow Ink Cartridge (T6164YOEM)'. Entity 2: 'Evans EC2 Clear Drum Head, 14 Inch'.",No
Do the two product descriptions refer to the same real-world product? Entity 1: 'Traveler's Notebook / Refill 001 / Lined Notebook'. Entity 2: 'Traveler's Company 001. LINED REFILL MIDORI TRAVELER'S NOTEBOOK'.,Yes
"Do the two product descriptions refer to the same real-world product? Entity 1: 'Pokémon TCG: Sword & Shield-Rebel Clash 3 Booster Packs, Coin & Rayquaza Promo Card'. Entity 2: 'Zebra 800015-101 1000 Prints Black Resin Ribbon for P310i P420i P520i'.",No
Do the two product descriptions refer to the same real-world product? Entity 1: 'Originlny toner CANON CRG-707 C (Azrov)'. Entity 2: 'LOGITECH UC Corded Stereo USB Headset H570e (Leatherette Pad) - Business EMEA'.,No
Do the two product descriptions refer to the same real-world product? Entity 1: 'SANDISK EXTREME PRO SDXC 256GB V30 UHS-I U3 - SDSDXXY-256G-GN4IN'. Entity 2: 'SanDisk Ultra SDXC Memory Card 100MBs Class 10 UHS-I 256GB'.,No
Do the two product descriptions refer to the same real-world product? Entity 1: 'Carbide Series 275R Tempered Glass Mid-Tower Gaming CaseWhite'. Entity 2: 'Nikon AF-S NIKKOR FX 50mm F1.8G Lens'.,No
Do the two product descriptions refer to the same real-world product? Entity 1: 'Jabra BIZ 2400 Mark II - 3-in-1 Mono Headset'. Entity 2: 'Jabra BIZ 2400 II 3-in-1 Mono IP Headset top only'.,No
"Do the two product descriptions refer to the same real-world product? Entity 1: 'Disco Seagate Ironwolf Nas 10Tb Sata3 (St10000vn0008)'. Entity 2: 'Seagate NAS HDD IronWolf - 3.5\"" - 10000 GB - 7200 RPM ST10000VN0008'.",Yes
Do the two product descriptions refer to the same real-world product? Entity 1: 'HyperX FURY Blue 4GB (1x4GB) 1600MHz DDR3 Memory'. Entity 2: 'Garmin VENU Smartwatch Black 010-02173-12 Leather Strap'.,No
Do the two product descriptions refer to the same real-world product? Entity 1: '502HD PRO VIDEO HEAD WITH FLAT BASE'. Entity 2: 'Manfrotto MVH500AH Lightweight Video Head with Flat Base'.,No
"Do the two product descriptions refer to the same real-world product? Entity 1: '3M - PF230W9F EYE PROTECTION FILTER DESKTOPS FRAME STANDARD 23.0 ACCS'. Entity 2: '3M - Privacy Filter 23.0\""\"" Framed'.",Yes
Do the two product descriptions refer to the same real-world product? Entity 1: 'Western Digital Western Digital 2TB Blue'. Entity 2: 'Genuine Dymo D1 Standard Label Cassette Tape 9mm x 7m - Black on White'.,No
Do the two product descriptions refer to the same real-world product? Entity 1: 'Crucial 8GB DDR3 1600MHz CT102464BF160B Notebook Ram'. Entity 2: 'Crucial 1x 8GB DDR3L 1600MHz ECC Unbuffered UDIMM RAM | Discount Computer Needs'.,No
Do the two product descriptions refer to the same real-world product? Entity 1: 'Intel Core i7-8700K Coffee Lake 6-Core 3.7 GHz (4.7 GHz Turbo) LGA 1151 (300 Series) 95W BX80684I78700K Desktop Processor Intel UHD Graphics 630'. Entity 2: 'Cooler Master MasterBox TD500 ARGB Mesh ATX Case Black TG MCB-D500D-KGNN-S01 | PCByte'.,No
Do the two product descriptions refer to the same real-world product? Entity 1: 'Omega Seamaster DIVER 300MOMEGA CO-AXIAL MASTER CHRONOMETER 42 MM'. Entity 2: 'ADAPTADOR INALAMBRICO TP-LINK/USB 2.0/N300/QSS/TL-WN821N'.,No
Do the two product descriptions refer to the same real-world product? Entity 1: 'Xerox Phaser 7760 Yellow Toner 106R01162'. Entity 2: 'Xerox Phaser 6000/6010 Black Toner'.,No
"Do the two product descriptions refer to the same real-world product? Entity 1: 'Maxxis Maxxis Minion DHR II Tire: 29 x 2.40"", Folding, 60tpi, 3C MaxxGrip 2- Ply, Tubeless Ready, Wide Trail, Black'. Entity 2: 'Maxxis Maxxis, Minion DHR2, Tire, 29''x2.40, Folding, Tubeless Ready, 3C Maxx Grip, 2-ply, Wide Trail, 60TPI, Black'.",Yes
Do the two product descriptions refer to the same real-world product? Entity 1: 'Asus Dual GeForce GTX 1660 6GB OC Edition GDDR5 EVO Graphics Card | 90YV0D11-M0NA00'. Entity 2: 'ASUS GeForce GTX 1660 SUPER DUAL EVO OC'.,No
Do the two product descriptions refer to the same real-world product? Entity 1: 'Asus PRIME B450-PLUS(PRIME B450-PLUS)'. Entity 2: 'DYMO 4500 TAPE BLACK/RED 45017'.,No
"Do the two product descriptions refer to the same real-world product? Entity 1: 'Seagate Ironwolf Pro 6TB (ST6000NE000)'. Entity 2: 'Seagate IronWolf 6TB 3,5'' 256MB ST6000VN0033'.",No
"Do the two product descriptions refer to the same real-world product? Entity 1: 'Shimano 11 SPD Chain RD/MTB Sil-Tec With Quick Link'. Entity 2: 'Shimano CN-HG601 105 5800 / SLX M7000 Chain With Quick Link 11-Speed - 116 Links, SIL-TEC'.",No
Do the two product descriptions refer to the same real-world product? Entity 1: 'Cooler Master MasterCase H500 Mid Tower PC Case'. Entity 2: 'Cooler Master MasterBox Lite 5 Mid Tower Case'.,No
Do the two product descriptions refer to the same real-world product? Entity 1: 'APPLE - AIRPODS WITH WIRELESS CHARGING CASE IN'. Entity 2: 'EPSON cartridge T7891 black (WorkForce5)'.,No
Do the two product descriptions refer to the same real-world product? Entity 1: 'Audio Technica ATH-M50xWH Professional Studio Monitor Headphones'. Entity 2: 'Shimano PD-R550 SPD-SL Resin Pedal'.,No
Do the two product descriptions refer to the same real-world product? Entity 1: 'New York Yankees New Era Navy League 9FORTY Adjustable Hat - Men - Navy Blue'. Entity 2: 'Czapka New Era 39THIRTY New York Yankees - 10298279'.,No
Do the two product descriptions refer to the same real-world product? Entity 1: 'KINGSTON ValueRAM RAM Module - 4 GB (1 x 4 GB) - DDR4 SDRAM'. Entity 2: 'Kingston ValueRAM 4GB No Heatsink (1 x 4GB) DDR4 2400MHz SODIMM System Memory'.,Yes
Do the two product descriptions refer to the same real-world product? Entity 1: 'Kingston 16GB DataTraveler microDuo USB 3.0 OTG Flash Drive'. Entity 2: 'Kingston DataTraveler G4 - USB flash drive - 16 GB - USB 3.0 - blue'.,No
Do the two product descriptions refer to the same real-world product? Entity 1: 'Toner Original Oki Ciano (44844507)'. Entity 2: 'OKI C831/841 Cyan Toner 10K'.,Yes
"Do the two product descriptions refer to the same real-world product? Entity 1: '215.30.46.51.01.001 Omega Seamaster Planet Ocean Chronograph 45.5mm'. Entity 2: 'Epson T0487 Multipack (Black, Cyan, Magenta, Yellow, Light Cyan, Light Magenta)'.",No
Do the two product descriptions refer to the same real-world product? Entity 1: 'Kappe New Era NFL New Orleans Saints 9Fifty Cap'. Entity 2: 'Cooler Master MasterCase H500 Mid Tower PC Case'.,No
Do the two product descriptions refer to the same real-world product? Entity 1: 'HP 300GB 6G SAS 15K rpm SFF (2.5-inch) SC Enterprise'. Entity 2: 'HPE 300GB SERVER SMART MEMORY 6G 15K SAS 2.5 652611-B21'.,Yes
Do the two product descriptions refer to the same real-world product? Entity 1: 'Canon PFI 107C Ink Cartridge Cyan'. Entity 2: 'Canon PGI-29 Ink Tank Grey 4871B001AA CO68194'.,No
Do the two product descriptions refer to the same real-world product? Entity 1: 'Cooler master ventola master liquid ML120R rgb lga 775>2066 amd AM2>FM1'. Entity 2: 'Manfrotto Befree Advanced Twist Tripod'.,No
"Do the two product descriptions refer to the same real-world product? Entity 1: 'Blaze 40\"" Stainless Steel 5 Burner LTE Built-In Gas Grill w/ Rear Burner BLZ-5LTE2'. Entity 2: 'Blaze 40-Inch Cart For 5-Burner Grill, Cart Only'.",No
"Do the two product descriptions refer to the same real-world product? Entity 1: 'Shimano - CLEATS SH-10 FIXED RED'. Entity 2: 'ShimanoSm-Sh10 Spd-Sl Cleats, Fixed'.",Yes
Do the two product descriptions refer to the same real-world product? Entity 1: 'Šilterica New Era Clean Trucker Chicago Bulls Cap'. Entity 2: 'Cappello New Era Clean Trucker 2 NY Yankees Cap'.,No
Do the two product descriptions refer to the same real-world product? Entity 1: 'Apple AirPods with Wireless Charging Case (2nd Generation) - White'. Entity 2: 'APPLE - Apple AirPods 2 with Wireless Charging Case MRXJ2ZM/A - White'.,No
Do the two product descriptions refer to the same real-world product? Entity 1: 'EPSON Magenta ink cartridge Discproducer'. Entity 2: 'Epson - Ink Cartridge Black 10K'.,No
"Do the two product descriptions refer to the same real-world product? Entity 1: 'Seiko Prospex Diver Sumo Green Mens Stainless Steel SPB103J1'. Entity 2: 'Apple AirPods Pro Bluetooth Earbuds w/ Wireless Charging Case, White (MWP22AM/A)'.",No
Do the two product descriptions refer to the same real-world product? Entity 1: 'Kingston 32GB DDR4 3000MHz Kit(2x16GB) HyperX Predator Intel XMP'. Entity 2: 'Kingston HyperX Predator 32 GB - PC4-24000 - DIMM'.,Yes
Do the two product descriptions refer to the same real-world product? Entity 1: 'Carbide Series 275R Tempered Glass Mid-Tower Gaming CaseWhite'. Entity 2: 'Carbide 175R RGB Windowed Mid-Tower Case Tempered Glass'.,No
Do the two product descriptions refer to the same real-world product? Entity 1: 'ASUS ROG STRIX B550-E GAMING Presa AM4 ATX AMD B550'. Entity 2: 'Fujifilm Instax mini Rainbow film 10 pack'.,No
"Do the two product descriptions refer to the same real-world product? Entity 1: 'Ram Mount 2\"" Double Socket Arm for 1\"" Balls'. Entity 2: 'RAM Double Socket Arm MC201C LONG'.",No
Do the two product descriptions refer to the same real-world product? Entity 1: 'Corsair Vengeance LPX 16GB(2x8GB)'. Entity 2: 'APC (APCRBC110) REPLACEMENT BATTERY CATRIDGE #110'.,No
"Do the two product descriptions refer to the same real-world product? Entity 1: 'Corsair ML120 Pro LED, Red, 120mm Premium Magnetic Levitation Fan'. Entity 2: 'Corsair ML140 Pro LED, Red, 140mm Premium Magnetic Levitation Fan'.",No
Do the two product descriptions refer to the same real-world product? Entity 1: 'Audio Technica ATH-M50xWH Professional Studio Monitor Headphones'. Entity 2: 'Audio-Technica ATH-M50x Monitor Headphones - White'.,Yes
Do the two product descriptions refer to the same real-world product? Entity 1: 'Asus ROG STRIX Z390-I Gaming (ROG STRIX Z390-I GAMING)'. Entity 2: 'Ubiquiti UniFi Dual-Band WiFi PoE Access Point UAP-AC-HD - 5 Pack'.,No
Do the two product descriptions refer to the same real-world product? Entity 1: 'LOGITECH | G402 Hyperion Fury FPS Gaming Mouse | 910-004068'. Entity 2: 'Basilisk V2 Ergonomic Gaming Mouse'.,No
"Do the two product descriptions refer to the same real-world product? Entity 1: 'Pokemon SWSH3: Darkness Ablaze Elite Trainer Box'. Entity 2: '43\"" 2020 Q60T 4K Smart QLED TV'.",No
Do the two product descriptions refer to the same real-world product? Entity 1: 'WEBCAM LOGITECH C270 HD 720P'. Entity 2: 'LOGITECH - HD WEBCAM C310 - USB - EMEAIN'.,No
"Do the two product descriptions refer to the same real-world product? Entity 1: 'SEIKO Prospex Automatic Men's 45mm Diver Watch - SPB103J1 – Green Dial'. Entity 2: 'APC Smart-UPS SMT1000RMI2UC Noodstroomvoeding - 4x C13, USB, Rack Mountable, SmartConnect, 1000VA'.",No
"Do the two product descriptions refer to the same real-world product? Entity 1: 'CORSAIR 275R (ATX) MID TOWER CABINET - WITH TEMPERED GLASS SIDE PANEL (WHITE) CC-9011133-WW'. Entity 2: 'Crucial 2TB MX500 2.5"" 7mm SATA 6Gb/s SSD'.",No
Do the two product descriptions refer to the same real-world product? Entity 1: 'Karta VGA Gigabyte GeForce GTX 1650 OC 4GB GDDR6 128bit DVI+HDMI+DP PCIe3.0'. Entity 2: 'Asus GeForce GTX 1660 Super Phoenix OC 6GB GDDR6 DVI/HDMI/DP PCi Ex 3.0 x16'.,No
Do the two product descriptions refer to the same real-world product? Entity 1: 'Omega Horloge Seamaster 46mm Planet Ocean 600M Co-Axial Master ChronometerChronograph 215.32.46.51.01.001'. Entity 2: 'Omega Seamaster Planet Ocean 600m Co-Axial Master Chronometer GMT 45.5mm (215.92.46.22.01.004) ETNZ Deep Black'.,No
"Do the two product descriptions refer to the same real-world product? Entity 1: 'RAM Motorcycle Fork Stem Base w 1\"" Ball (RAM-B-342U)'. Entity 2: 'RAM Motorcycle Brake/Clutch Reservoir & Handlebar Ball Base / B Size / RAM-B-309-7U'.",No
"Do the two product descriptions refer to the same real-world product? Entity 1: 'RAM® 3\"" Double Ball Arm for 1.5\"" Ball'. Entity 2: 'RAM Mounts short arm for 1\"" ball'.",No
"Do the two product descriptions refer to the same real-world product? Entity 1: 'SanDisk PLUS SSD Hard Drive 2.5´´ internal, 480 GB, SATA, Black'. Entity 2: 'Dymo 53718 Black On Yellow - 24mm'.",No
"Do the two product descriptions refer to the same real-world product? Entity 1: 'Epson Tinte T6164 Yellow, 53 ml'. Entity 2: 'Sunflower 32oz. Wide Mouth Water Bottle'.",No
Do the two product descriptions refer to the same real-world product? Entity 1: 'Razer DeathAdder V2 Ergonomic Wired Gaming Mouse (RZ01-03210100-R3M1) (Warranty 2years with Ban Leong)'. Entity 2: 'Razer DeathAdder V2 mouse USB Type-A Right-hand'.,Yes
Do the two product descriptions refer to the same real-world product? Entity 1: 'Access Point TP-LINK Wireless N 300Mbs B/G/N - 3 Antenas'. Entity 2: 'Access Point TP-Link 450MBPS TL-WA901ND Wireless'.,Yes
Do the two product descriptions refer to the same real-world product? Entity 1: 'Maxxis High Roller II MaxxTerra Tire (WT) (3C/EXO/TR) (27.5 x 2.40) (Folding)'. Entity 2: 'Cheap Replica Audemars Piguet Royal Oak Offshore Chronograph Watch 26470ST.OO.A099CR.01'.,No
Do the two product descriptions refer to the same real-world product? Entity 1: 'Epson Premium Glossy Photo Paper 13x18cm'. Entity 2: 'Epson Premium Glossy Photo Paperphoto paper - 25 sheet(s) - A2'.,No
Do the two product descriptions refer to the same real-world product? Entity 1: 'Jabra EVOLVE 20 Wired Stereo Headset - Over-the-head - Supra-aural'. Entity 2: 'Cooler Master MasterCase H500 ARGB Mesh Mid Tower ATX Case TG MCM-H500-IGNN-S01 | PCByte'.,No
Do the two product descriptions refer to the same real-world product? Entity 1: 'Nikon AF-S NIKKOR 24-85mm f/3.5-4.5 G ED VR Lens'. Entity 2: 'Kingston StorageDataTraveler SEG G2 64GB USB 3.0 Metal'.,No
Do the two product descriptions refer to the same real-world product? Entity 1: 'TISSOT T1204071105100 Seastar Powermatic 80'. Entity 2: 'Tissot T-Sport Seastar 1000 Powermatic 80 Watch T1204071704100'.,No
Do the two product descriptions refer to the same real-world product? Entity 1: 'Daniel Wellington Classic Sheffield Rose 40mm -rannekello DW00100007'. Entity 2: 'Daniel Wellington Classic Sheffield Men 40mm Quartz Watch 0206DW'.,No
Do the two product descriptions refer to the same real-world product? Entity 1: 'Fujifilm XF 56mm F/1.2 R APD Lens'. Entity 2: 'Fujifilm XF 56mm f/1.2 R'.,No
"Do the two product descriptions refer to the same real-world product? Entity 1: 'Corsair ML140 PRO RGB LED 140MM PWM Premium Magnetic Levitation Fan - Single Pack'. Entity 2: 'Epson Tinte T6935 Matt Black UltraChrome, 350 ml'.",No
Do the two product descriptions refer to the same real-world product? Entity 1: 'Cooler Master MasterBox TD500 ARGB Mesh ATX Case Black TG MCB-D500D-KGNN-S01 | PCByte'. Entity 2: 'Cooler Master N300 Mesh ATX Case Black NSE-300-KKN1 | PCByte'.,No
Do the two product descriptions refer to the same real-world product? Entity 1: 'Corsair ML120 Pro LED 120mm Premium Mag-Lev Fan Red'. Entity 2: 'Canon 24-70mm f/2.8L II USM EF Lens'.,No
Do the two product descriptions refer to the same real-world product? Entity 1: 'ASUS PRIME X570-PRO (AM4) (D) (90MB11B0-M0EAY0)'. Entity 2: 'SRAM Disc Brake Pad Set Organic Compound'.,No
Do the two product descriptions refer to the same real-world product? Entity 1: 'Western Digital My Book 3 To - Noir'. Entity 2: 'Samsung 970 EVO MZ-V7E1T0BW - Solid state drive - krypterat - 1 TB - inbyggd - M.2 2280 - PCI Express 3.0 x4 (NVMe) - 256 bitars AES - TCG Opal Encryption 2.0'.,No
Do the two product descriptions refer to the same real-world product? Entity 1: 'Transcend 128GB Internal SSD 2.5″ SATA3'. Entity 2: 'Omega Seamaster Planet Ocean 600m Co-Axial Master Ceramic 215.92.46.22.01.004 Black Dial Replica'.,No
Do the two product descriptions refer to the same real-world product? Entity 1: 'TAG Heuer Automatic Chronograph Watch CBG2A1Z.BA0658'. Entity 2: 'Swiss Military Hanowa Swiss Military Hanowa Undercover Multifunction 06-4307.30.007'.,No
Do the two product descriptions refer to the same real-world product? Entity 1: 'APPLE - Airpods With Charging Case'. Entity 2: 'Cooler Master MasterLiquid ML120R ARGB AIO Cooler'.,No
Do the two product descriptions refer to the same real-world product? Entity 1: 'DDR3 8GB PC1600 CL9 Kingston Hypk'. Entity 2: 'Ubiquiti UniFi Mesh AP OUT AC1750 5 PACK'.,No
"Do the two product descriptions refer to the same real-world product? Entity 1: 'ASUS GeForce RTX 2080 SUPER 8GB DUAL OC EVO'. Entity 2: 'ASUS GeForce® RTX 2080 SUPER™ Dual Evo OC 8GB (90YV0DJ0-M0NM00) (NVIDIA, Grafikkarte)'.",Yes
Do the two product descriptions refer to the same real-world product? Entity 1: 'Fujifilm XF 56mm F/1.2 R APD Lens'. Entity 2: 'Apple - AirPods with Wireless Charging Case (Latest Model) - White'.,No
Do the two product descriptions refer to the same real-world product? Entity 1: 'Garmin Fenix 5S Plus GPS Watch Silver with Black Band'. Entity 2: 'Fenix 5X Plus GPS Black Smartwatch'.,No
Do the two product descriptions refer to the same real-world product? Entity 1: 'CORSAIR 8Gbx1 DDR4 3000Mhz Ram CMK8GX4M1D3000C16 VENGEANCE LPX Gaming RAM'. Entity 2: 'Czapka New Era 39THIRTY New York Yankees - 10298279'.,No
Do the two product descriptions refer to the same real-world product? Entity 1: 'Intel Core i7-10700KF Prosessor'. Entity 2: 'INTEL CPU 10TH GEN COMET LAKE I7-10700KF 3.80GHZ LGA1200 16.00MB CACHE BOXED'.,Yes
"Do the two product descriptions refer to the same real-world product? Entity 1: 'DDR4 Vengeance LPX 16GB/3200(2*8GB) CL16-18-18-36 BLACK 1,35VXMP 2.0'. Entity 2: 'Jabra BIZ 2300 USB MS Duo'.",No
Do the two product descriptions refer to the same real-world product? Entity 1: 'Obiectiv foto CANON EF-S 10-18mm f/4.5-5.6 IS STM'. Entity 2: 'Canon EF-S 10-18/4.5-5.6 IS STM'.,Yes
Do the two product descriptions refer to the same real-world product? Entity 1: 'LOGITECH - HD WEBCAM C310 - USB - EMEAIN'. Entity 2: 'Logitech® HD Webcam C310 - USB'.,Yes
"Do the two product descriptions refer to the same real-world product? Entity 1: 'Crucial MX500 250GB SATA 2.5-inch, SATA 6.0Gb/s 7mm Solid State Drive'. Entity 2: 'Shimano Shimano PD-R7000 105 SPD-SL PEDAL W/O REFLECTOR W/CLEAT'.",No
Do the two product descriptions refer to the same real-world product? Entity 1: 'Atomos Coiled Full HDMI to Full HDMI Cable (30cm) - ATOMCAB010'. Entity 2: 'Atomos ATOM-CAB010 Full To Full Hdmi Coiled Cable'.,Yes
"Do the two product descriptions refer to the same real-world product? Entity 1: 'Western Digital My Passport 1TB 2,5"" USB 3.0'. Entity 2: 'Western Digital My Book 3 To - Noir'.",No
Do the two product descriptions refer to the same real-world product? Entity 1: 'TP-Link Archer T9UH Wireless AC1900 USB Adapter'. Entity 2: 'Logitech H570e Monaural USB Headset'.,No
Do the two product descriptions refer to the same real-world product? Entity 1: 'Western Digital My Book Micro-USB B 3.0 (3.1 Gen 1) 3000GB N'. Entity 2: 'Maintenance Unit Epson T6190 35000Pgs (C13T619000)'.,No
"Do the two product descriptions refer to the same real-world product? Entity 1: 'Corsair Carbide SPEC-OMEGA RGB Black ATX Cube Case, Tempered Glass Window, No PSU, 2x USB 3.0, HD Audio, 2x HD120 RGB Fan / Lighting Node PRO pre-installed'. Entity 2: 'SRAM Disc Brake Pad Set Organic Compound'.",No
Do the two product descriptions refer to the same real-world product? Entity 1: 'Shimano HG701 Ultegra R8000 XT M8000 11 Speed Chain with Quick Link'. Entity 2: 'Shimano Cassette Ultegra R8000 11 Speed 11-28T'.,No
Do the two product descriptions refer to the same real-world product? Entity 1: 'Daniel Wellington Mens Classic Sheffield 40mm Rose Gold Black DW00100007'. Entity 2: 'Kingston 4GB DDR3 1600MHz HyperX Fury Black Series'.,No
Do the two product descriptions refer to the same real-world product? Entity 1: '32 Oz Wide Mouth With Flex Cap W32BTS001'. Entity 2: 'Epson Seahorse Multipack 6-kleur T0487'.,No
Do the two product descriptions refer to the same real-world product? Entity 1: 'Switch D-Link DGS-1210-24 20 p 10 / 100 / 1000 Mbps 4 x SFP'. Entity 2: 'WD Blue 3D - 2048 GB - M.2 - 560 MB/s - 6 Gbit/s WDS200T2B0B'.,No
"Do the two product descriptions refer to the same real-world product? Entity 1: 'SDS2/32GB, 32GB SDHC Canvas Select Plus 100R C10 UHS-I U1 V10'. Entity 2: 'Manfrotto MVK500AM Fluid Video System'.",No
Do the two product descriptions refer to the same real-world product? Entity 1: 'TP-Link Omada AC1200 Wireless Dual Band Gigabit Outdoor Access Point'. Entity 2: 'TP-Link AC1200 Wireless MU-MIMO Gigabit Indoor/Outdoor Access Point (EAP225-Outdoor) AC1200 Outdoor'.,Yes
"Do the two product descriptions refer to the same real-world product? Entity 1: '507125-B21 HP 146-GB 6G 10K 2.5 DP SAS HDD'. Entity 2: 'Hewlett Packard Enterprise HDD 146GB 10K SAS 2,5INCH (507125-B21)'.",Yes
"Do the two product descriptions refer to the same real-world product? Entity 1: 'Razer Basilisk V2 Wired Ergonomic Gaming Mouse, 11 Programmable Buttons | RZ01-03160100-R3M1'. Entity 2: 'Razer DeathAdder V2 Ergonomic Wired Gaming Mouse (RZ01-03210100-R3M1) (Warranty 2years with Ban Leong)'.",No
Do the two product descriptions refer to the same real-world product? Entity 1: 'ASUS GeForce GTX 1660 SUPER DUAL EVO OC'. Entity 2: 'ASUS Dual GeForce GTX 1660 6GB OC Edition EVO 192Bit GDDR5'.,No
Do the two product descriptions refer to the same real-world product? Entity 1: 'SRAM XG-1090 PowerDome-X 10sp Cassette'. Entity 2: 'Epson oryginalny tusz T2982 29 cyan'.,No
"Do the two product descriptions refer to the same real-world product? Entity 1: 'Corsair ML140 Pro LED, Red, 140mm Premium Magnetic Levitation Fan'. Entity 2: 'Corsair ML120 Pro LED 120mm Premium Mag-Lev Fan Red'.",No
"Do the two product descriptions refer to the same real-world product? Entity 1: 'Zebra ZXP Series 1Black Monochrome Ribbon K - 1000 Prints 800011-101'. Entity 2: 'Western Digital My PassPort, 4TB, BLACK3 Years - WDBYFT0040BBK-WESN'.",No
"Do the two product descriptions refer to the same real-world product? Entity 1: 'SDS2/32GB, 32GB SDHC Canvas Select Plus 100R C10 UHS-I U1 V10'. Entity 2: 'Kingston Canvas Select Plus SDHC Memory Card UHS-I 4K FULL HD 100MB/s - 32GB'.",Yes
"Do the two product descriptions refer to the same real-world product? Entity 1: 'Maxxis Maxxis Minion DHR II Tire: 29 x 2.40"", Folding, 60tpi, 3C MaxxGrip 2- Ply, Tubeless Ready, Wide Trail, Black'. Entity 2: 'Maxxis Maxxis High Roller II Tire: 27.5 x 2.50\"", Folding, 60tpi, 3C MaxxTerra, EXO, Tubeless Ready, Wide Trail, Black'.",No
"Do the two product descriptions refer to the same real-world product? Entity 1: 'Intel Core i3-8300 (Coffee Lake) 3.7 GHz, LGA1151, Intel UHD 630, 8MB, 14nm, 62W, Box'. Entity 2: 'Intel Core i3-7100 Dual-Core 3.9GHz LGA1151 (BX80677I37100)'.",No
Do the two product descriptions refer to the same real-world product? Entity 1: 'Seastar 1000 Powermatic 80 - T120.407.11.051.00'. Entity 2: 'TISSOT T1204071105100 Seastar Powermatic 80'.,Yes
"Do the two product descriptions refer to the same real-world product? Entity 1: 'Brother HL-L6200DW Business Laser Printer'. Entity 2: 'UCK-G2-PlusUbiquiti Unifi Cloud Key, G2, with HDD'.",No
Do the two product descriptions refer to the same real-world product? Entity 1: 'TISSOT SEASTAR 1000 POWERMATIC 80'. Entity 2: 'TISSOT T1204071105100 Seastar Powermatic 80'.,No
Do the two product descriptions refer to the same real-world product? Entity 1: 'Cheap Replica Audemars Piguet Royal Oak Chronograph White Dail Watch 26331ST.OO.1220ST.03'. Entity 2: 'Cheap Replica Audemars Piguet Royal Oak Offshore Chronograph Watch 26470ST.OO.A099CR.01'.,No
"Do the two product descriptions refer to the same real-world product? Entity 1: 'Evans 14\"" TT14EC2S Clear Drum Head'. Entity 2: 'Evans EC2 Clear Drum Head, 14 Inch'.",Yes
Do the two product descriptions refer to the same real-world product? Entity 1: 'Kingston 256GB DataTraveler 100 G3 (USB 3.0)'. Entity 2: 'Kingston Pendrive DataTraveler 100 G3 256GB USB 3.0'.,Yes
"Do the two product descriptions refer to the same real-world product? Entity 1: 'Lant Shimano CN-HG601-11, 11 Viteze'. Entity 2: 'Access Point|TP-LINK|300 Mbps|IEEE 802.3af|IEEE 802.11b|IEEE 802.11g|IEEE 802.11n|1xRJ45|Number of antennas 2|EAP115'.",No
Do the two product descriptions refer to the same real-world product? Entity 1: 'APPLE - AIRPODS WITH CHARGING CASEIN'. Entity 2: 'APPLE - AIRPODS WITH WIRELESS CHARGING CASE IN'.,No
Do the two product descriptions refer to the same real-world product? Entity 1: 'FUJIFILM Aspherical Super EBC XF 80mm f/2.8 R LM OIS WR Macro Lens'. Entity 2: 'Fujifilm XF 80mm f2.8 R LM WR Macro Lens'.,Yes
"Do the two product descriptions refer to the same real-world product? Entity 1: 'Memoria USB Kingston Technology - Color blanco, 16 GB, USB 3.0'. Entity 2: 'Epson - Premium Semi-Gloss Photo Paper - A4 - 20 Fogli - C13S041332'.",No
"Do the two product descriptions refer to the same real-world product? Entity 1: 'Epson T6923 Ultrachrome XD rautt Ink 110ml'. Entity 2: 'DDR4 Vengeance LPX 16GB/3200(2*8GB) CL16-18-18-36 BLACK 1,35VXMP 2.0'.",No
Do the two product descriptions refer to the same real-world product? Entity 1: 'Audio Technica Headphones Air Dynamic Series ATH-AD500X'. Entity 2: 'BenQ SW271 Pro 27in IPS LCD Monitor 4K UHD'.,No
"Do the two product descriptions refer to the same real-world product? Entity 1: 'Audio Technica DJ kõrvaklapid ATH-PRO7X On-ear, Must'. Entity 2: 'TP-Link T1700G-28TQ JetStream 24-Port Gigabit Stackable Smart Switch with 4 10GE SFP+ Slots'.",No
"Do the two product descriptions refer to the same real-world product? Entity 1: 'Seamaster Planet Ocean 600 M Omega Co-Axial Master Chronometer Chronograph 215.30.46.51.03.001'. Entity 2: '3M - Lightweight 300 Privacy Filter PF322WSkjermfilter mot innsyn, m/ramme 20\""-23\""W (30,7 x 48,5)'.",No
Do the two product descriptions refer to the same real-world product? Entity 1: 'Western Digital WD My Passport Portable HDD 4TB Black'. Entity 2: 'APC - Schneider SMART-UPS 1000VA LCD 230V'.,No
Do the two product descriptions refer to the same real-world product? Entity 1: 'TP-Link 300Mbps Wireless N Ceiling Mount Access Point with Passive PoE (EAP115)'. Entity 2: 'Access Point TP-LINK Wireless N 300Mbs B/G/N - 3 Antenas'.,No
Do the two product descriptions refer to the same real-world product? Entity 1: 'ADAPTADOR INALAMBRICO TP-LINK/USB 2.0/N300/QSS/TL-WN821N'. Entity 2: 'TP-Link TL-WN821 wifi 300Mbps USB adapter TL-WN821N'.,Yes
Do the two product descriptions refer to the same real-world product? Entity 1: 'Daniel Wellington Classic Sheffield Men 40mm Quartz Watch 0206DW'. Entity 2: 'TAG Heuer Automatic Chronograph Watch CBL2111.FC6453'.,No
Do the two product descriptions refer to the same real-world product? Entity 1: 'EPSON Ink bar WF-8xxx Series Ink Cartridge XL Yellow - 4000str. (39 ml)'. Entity 2: 'Cooler Master MasterBox Lite 5 Mid Tower Case'.,No
Do the two product descriptions refer to the same real-world product? Entity 1: 'SanDisk SDCZ60-064G-B35 Cruzer Glide USB Flash Drive USB 2.0 - 64 GB'. Entity 2: 'Sandisk Cruzer Force 16GB USB 2.0 Flash Drive - SDCZ71-016G-B35'.,No
Do the two product descriptions refer to the same real-world product? Entity 1: 'Pokemon Sword & Shield Booster pack'. Entity 2: 'Pokémon TCG Sword & Shield Darkness Ablaze'.,No
Do the two product descriptions refer to the same real-world product? Entity 1: 'Kingston HyperX Fury 4GB DDR3 1600MHz CL10 Ram'. Entity 2: 'Kingston 4GB DDR3 1600MHz HyperX Fury Black Series'.,Yes
"Do the two product descriptions refer to the same real-world product? Entity 1: 'Seagate IronWolf 6TB NAS Internal Hard Drive (3.5"")'. Entity 2: 'Crucial MX500 2TB 3D NAND SATA 2.5 Inch Internal SSD'.",No
Do the two product descriptions refer to the same real-world product? Entity 1: 'Zebra Black Monochrome Ribbon 800033-801 - 1000 Prints'. Entity 2: 'Zebra 800015-101 Black Monochrome Ribbon - 1000 Prints'.,No
Do the two product descriptions refer to the same real-world product? Entity 1: 'Tissot T-Touch Expert Solar Men's Watch - T0914204605101'. Entity 2: 'Tissot T-Sport Seastar 1000 Chronograph Watch T1204171105100'.,No
"Do the two product descriptions refer to the same real-world product? Entity 1: 'CS-M8000 CASSETTE 11-40 XT 11-SPEED'. Entity 2: 'Shimano Deore XT CS-M8000 Cassette 11-speed, silver/grey'.",Yes
Do the two product descriptions refer to the same real-world product? Entity 1: 'Crucial Crucial Memory 4GB DDR3L 1600 1.35V SODIMM Retail CT51264BF160BJ'. Entity 2: 'Memoire DDR3 So Dimm Crucial 4GB DDR3 1600 MT/S (PC3-12800)'.,Yes
Do the two product descriptions refer to the same real-world product? Entity 1: 'Kappe New Era NY Yankees MLB 9Fifty Cap'. Entity 2: 'New Era 39THIRTY MLB New York Yankees Fullcap - 10298279'.,No
"Do the two product descriptions refer to the same real-world product? Entity 1: 'Cartus toner Epson Discproducer PP-100AP, magenta'. Entity 2: 'Garmin fenix5 Gray Optic, Black band'.",No
"Do the two product descriptions refer to the same real-world product? Entity 1: 'Nobreak APC Smart-UPS SURT 20kVA/16kW, 230V'. Entity 2: 'RAM-201U-D RAM Mounts C-Size Double-Socket Long Arm with 1.5-Inch Sockets'.",No
Do the two product descriptions refer to the same real-world product? Entity 1: 'TP-LINK EAP110 Access point - Wit'. Entity 2: 'TP-Link EAP110 Auranet Access Point 300Mps'.,Yes
Do the two product descriptions refer to the same real-world product? Entity 1: 'Shimano M05 Disc Brake Pads (Deore) (Resin)'. Entity 2: 'Shimano 11 SPD Chain RD/MTB Sil-Tec With Quick Link'.,No
Do the two product descriptions refer to the same real-world product? Entity 1: 'Relógio Swiss Military Hanowa06-6278.04.001.07 Navalus'. Entity 2: 'Brother HL-L6300DW Business Laser Printer for Mid-Size Workgroups -HL-L6300DW'.,No
Do the two product descriptions refer to the same real-world product? Entity 1: 'Canon EF-S 18-200mm f/3.5-5.6 IS'. Entity 2: 'SANDISK EXTREME PRO SDXC 256GB 170MB/S C10 U3'.,No
"Do the two product descriptions refer to the same real-world product? Entity 1: 'CORSAIR CRYSTAL 570X RGB Mid-Tower Case, 3 RGB Fans, Tempered Glass - White| CC-9011110-WW'. Entity 2: 'CORSAIR Crystal Series 570X RGB Tempered Glass,Premium ATX Mid-Tower Case, WHITE'.",Yes
"Do the two product descriptions refer to the same real-world product? Entity 1: 'Corsair ML140 Pro LED, Red, 140mm Premium Magnetic Levitation Fan'. Entity 2: 'Corsair ML140 Pro LED Blue 140mm Magnetic Levitation Fan | Discount Computer Needs'.",No
"Do the two product descriptions refer to the same real-world product? Entity 1: '16GB Vengeance LPX DDR4 2400MHz, CL14, Black, DIMM Memory'. Entity 2: 'Carto de memria micro SD Kingston 64Gb XC1 classe 10 Canvas Select'.",No
Do the two product descriptions refer to the same real-world product? Entity 1: 'Shimano Pedal PD-RS500 SL Black'. Entity 2: 'SanDisk Extreme PRO SD UHS-II Card Reader/Writer'.,No
Do the two product descriptions refer to the same real-world product? Entity 1: 'APC Replacement Battery Cartridge #124'. Entity 2: 'DYMO 4500 TAPE BLACK/RED 45017'.,No
Do the two product descriptions refer to the same real-world product? Entity 1: 'Epson Papir Photo Premium Glossy 13X18cm 30-ark 255G'. Entity 2: 'Epson oryginalny tusz T2982 29 cyan'.,No
Do the two product descriptions refer to the same real-world product? Entity 1: 'Traveler's Notebook Refill - Sketch Paper'. Entity 2: 'TISSOT SEASTAR 1000 POWERMATIC 80'.,No
"Do the two product descriptions refer to the same real-world product? Entity 1: 'WD My Passport 4TB USB 3.0 + Etui'. Entity 2: 'Hard Disk Drive WD My Passport WDBYNN0010BRD, 1TB, USB 3.0, rosu'.",No
Do the two product descriptions refer to the same real-world product? Entity 1: 'Dron DJI Mavic 2 Pro'. Entity 2: 'DJI Mavic 2 Pro Drone Quadcopter with Hasselblad Camera HDR Video UAV Adjustable Aperture 20MP 1'.,Yes
"Do the two product descriptions refer to the same real-world product? Entity 1: 'Hard disk server HP Hot-Plug SC Enterprise SAS 6G 900GB 10000 RPM 2.5""'. Entity 2: 'HP 300GB 6G SAS 15K rpm SFF (2.5-inch) SC Enterprise'.",No
"Do the two product descriptions refer to the same real-world product? Entity 1: 'YD260XBCAFBOX - AMD AM4 Ryzen 5 2600X, 6x 3.60GHz, boxed'. Entity 2: 'CRUCIAL - DDR3 8GB 1600Hz CL11 Unbuffered CT102472BD160B'.",No
"Do the two product descriptions refer to the same real-world product? Entity 1: 'HD 3,5 4TB 7200RPM IRONWOLF PRO 128 MB SATA3 SEAGATE'. Entity 2: 'Kingston Technology Canvas Select memory card 128 GB MicroSDXC Class 10 UHS-I'.",No
Do the two product descriptions refer to the same real-world product? Entity 1: 'Sony - FE 50mm F1.8 Standard Lens (SEL50F18F)'. Entity 2: 'Sony Alpha SEL50F18F FE 50mm f/1.8'.,Yes
Do the two product descriptions refer to the same real-world product? Entity 1: '2012 SRAM Red XG-1090 10-Speed X-Dome 11-23 Cassette'. Entity 2: 'RAM Double Socket Arm MC201C LONG'.,No
"Do the two product descriptions refer to the same real-world product? Entity 1: 'Sandisk 128gb Extreme Pro USB 3.1 Solid State Flash Drive, 420MB/s'. Entity 2: 'SanDisk SSD PLUS 120GB Solid State Drive -SDSSDA-120G-G27'.",No
"Do the two product descriptions refer to the same real-world product? Entity 1: '619291-B21 HP 900GB 6G SAS 10K rpm SFF (2.5-inch) Enterprise Hard Drive'. Entity 2: 'Maxxis Maxxis, High Roller II, Tire, 29''x2.30, Folding, Tubeless Ready, Dual, EXO, 60TPI, Black'.",No
Do the two product descriptions refer to the same real-world product? Entity 1: 'Gigabyte GeForce RTX 2060 SUPER 8GB Aorus'. Entity 2: 'Gigabyte AORUS GeForce RTX™ 2080 Ti XTREME 11G'.,No
"Do the two product descriptions refer to the same real-world product? Entity 1: 'Ram Mount 2\"" Double Socket Arm for 1\"" Balls'. Entity 2: 'Crucial CT51264BD160BJ 4GB DDR3L-1600 UDIMM Memory Module'.",No
Do the two product descriptions refer to the same real-world product? Entity 1: 'Omega Seamaster Planet Ocean Automatic Chronograph Two-Tone Rubber Watch 215.32.46.51.01.001'. Entity 2: 'RAM-B-408-75-1-UN7U RAM Mounts X-Grip® Phone Mount with RAM® Torque™ Medium Rail Base'.,No
"Do the two product descriptions refer to the same real-world product? Entity 1: 'LaCie Mobile Drive 2,5"" 5 TB Moon Silver USB 3.1 Gen 2'. Entity 2: 'Lacie 5TB USB-C Mobile Drive prenosni disk'.",Yes
Do the two product descriptions refer to the same real-world product? Entity 1: 'Shimano Ultegra Chain HG701 - 116L - with split'. Entity 2: 'Cle Usb KINGSTON 16GB DT MicroDuo USB 3.0 micro USB OTG'.,No
"Do the two product descriptions refer to the same real-world product? Entity 1: 'Cooler Master MasterBox TD500 Mesh Triple ARGB Full Tower Gaming Cabinet with Dual 360mm Radiator Support and Crystalline Tempered Glass'. Entity 2: 'Cooler Master MasterCase H500 IRON GREY ATX Mid-Tower, Tempered Glass Panel, two 200mm RGB fans with Controller and Case Handle for Transport'.",No
Do the two product descriptions refer to the same real-world product? Entity 1: '507125-B21 HP 146-GB 6G 10K 2.5 DP SAS HDD'. Entity 2: '652589-B21 HP G8 G9 900-GB 6G 10K 2.5 SAS SC'.,No
"Do the two product descriptions refer to the same real-world product? Entity 1: 'ADATA SX8200 Pro 256GB M.2 NVMe SSD ultra-fast PCIe Gen3x4 interface ,sustained peak read/write speeds of 3500/1200MB per second'. Entity 2: 'ASUS GeForce® RTX 2080 SUPER™ Dual Evo OC 8GB (90YV0DJ0-M0NM00) (NVIDIA, Grafikkarte)'.",No
"Do the two product descriptions refer to the same real-world product? Entity 1: 'Hikvision MP Outdoor IR DS-2DE5225IW-AE'. Entity 2: 'Speed Dome IP, 2 MP, IR 150m, Hikvision DS-2DE5225IW-AE'.",Yes
"Do the two product descriptions refer to the same real-world product? Entity 1: 'ASUS AMD ATX ROG STRIX B550 F Gaming Motherboard AM4 Dual DDR4, HDMI, Dual M.2'. Entity 2: 'Epson Fox Multipack \""Renard\"" (T1285) - Encre DURABrite Ultra N, C, M, J'.",No
Do the two product descriptions refer to the same real-world product? Entity 1: 'Manfrotto MVH502AH Fluid Video Head with MT055XPRO3 Tripod'. Entity 2: 'Memoire DDR4 G.Skill Trident Z F4-3600C16D-16GTZNC'.,No
"Do the two product descriptions refer to the same real-world product? Entity 1: 'Blaze 40-Inch Cart For 5-Burner Grill, Cart Only'. Entity 2: 'Blaze Grill Cart for 40\"" Gas Grill'.",Yes
Do the two product descriptions refer to the same real-world product? Entity 1: 'YD150XBBAEBOX AMD Ryzen 5 1500X Quad Core 3.50GHz 16MB L3 Cache Socket AM4 Processor. New Retail Factory Sealed With Full Manufacturer Warranty.'. Entity 2: 'ASUS Dual GeForce GTX 1660 6GB OC Edition EVO 192Bit GDDR5'.,No
Do the two product descriptions refer to the same real-world product? Entity 1: 'Cappello New Era Clean Trucker 2 NY Yankees Cap'. Entity 2: 'Gorra New Era Clean Trucker 2 NY Yankees Cap'.,Yes
"Do the two product descriptions refer to the same real-world product? Entity 1: 'Kingston Technology A400 2.5 \""240 GB Serial ATA III TLC'. Entity 2: 'Kingston Technology SA400S37/240G A400 SSD Solid State Drive 2.5 Inch SATA-3 - 240GB'.",Yes
"Do the two product descriptions refer to the same real-world product? Entity 1: 'Shimano CN-HG95 116 links chain'. Entity 2: 'Shimano CN-HG601 105 5800 / SLX M7000 Chain With Quick Link 11-Speed - 116 Links, SIL-TEC'.",No
Do the two product descriptions refer to the same real-world product? Entity 1: 'SANDISK EXTREME PRO SDXC 256GB 170MB/S C10 U3'. Entity 2: 'Kingston Canvas Select Plus SDHC Memory Card UHS-I 4K FULL HD 100MB/s - 32GB'.,No
"Do the two product descriptions refer to the same real-world product? Entity 1: 'Crucial CT51264BD160BJ 4GB DDR3L-1600 UDIMM Memory Module'. Entity 2: 'Johnnie Walker Blue Label 0,7 ltr.'.",No
Do the two product descriptions refer to the same real-world product? Entity 1: 'Samsung MLT-D103L must toonerikassett'. Entity 2: 'Omega Seamaster Planet Ocean Automatic Chronograph Two-Tone Rubber Watch 215.32.46.51.01.001'.,No
Do the two product descriptions refer to the same real-world product? Entity 1: 'Canon EF 100mm F2.8 L IS USM Macro Lens'. Entity 2: 'Logitech 3.5 mm Analog Stereo Headset H151 with Boom Microphone - Black'.,No
"Do the two product descriptions refer to the same real-world product? Entity 1: 'HIKVISION DS-7208HQHI-K1 2 MEGAPIXEL HYBRID 8 CHANNEL (8CH) DVR'. Entity 2: 'LaCie Rugged USB 3.1C 4 TB 2,5'' STFS4000800'.",No
Do the two product descriptions refer to the same real-world product? Entity 1: 'Logitech HD Pro Webcam C920 - webkamera'. Entity 2: 'Logitech H650e USB PC Headset'.,No
Do the two product descriptions refer to the same real-world product? Entity 1: 'Omega Seamaster DIVER 300MOMEGA CO-AXIAL MASTER CHRONOMETER 42 MM'. Entity 2: 'Evolve 20 Special Edition Mono MS'.,No
"Do the two product descriptions refer to the same real-world product? Entity 1: 'Samsung T7 Blue 2TB Portable SSD USB-C/A Gen2'. Entity 2: 'Samsung T5 external SSD Black 2TB, USB-C'.",No
Do the two product descriptions refer to the same real-world product? Entity 1: 'SPD-SL-CLEAT-SET-SM-SH11-(YELLOW)-[6DEGREE]'. Entity 2: 'Apple AirPods with Wired Charging Case (2nd Generation)'.,No
Do the two product descriptions refer to the same real-world product? Entity 1: 'Kingston HyperX Fury 4GB DDR3 1600MHz CL10 Ram'. Entity 2: 'HyperX 4GB (1x4GB) 1866MHz CL10 Fury Black'.,No
Do the two product descriptions refer to the same real-world product? Entity 1: 'Ram Mout Triple Ball Adapter'. Entity 2: 'Canon Multipack PGI-72multi1 (6403B007)'.,No
Do the two product descriptions refer to the same real-world product? Entity 1: 'Maxxis High Roller II 27.5 x 2.5 Wide Trail 3C Maxx Terra EXO/TR Folding Mountainbike Tyre'. Entity 2: 'Shimano BR-M9000 J04C Metal Finned Disc Pad'.,No
"Do the two product descriptions refer to the same real-world product? Entity 1: 'Access Point TP-LINK Wireless N 300Mbs B/G/N - 3 Antenas'. Entity 2: 'WD Blue 1TB 2.5"" SATA Internal Solid State Drive SSD 550MB/s HDD | Discount Computer Needs'.",No
Do the two product descriptions refer to the same real-world product? Entity 1: 'Epson S050189 toner ciano ACULA.C1100 4k'. Entity 2: 'Toner Original Oki Ciano (44844507)'.,No
Do the two product descriptions refer to the same real-world product? Entity 1: 'Fujifilm FUJINON XF-56mm f1.2'. Entity 2: 'Fujinon Lens XF 23mm F1.4 R'.,No
"Do the two product descriptions refer to the same real-world product? Entity 1: 'Western Digital Blue PC SSD 2.5\"" 7mm 250GB'. Entity 2: 'Western Digital (WDC) 250GB 2.5\"" SATA SSD Blue 7mm Cased'.",Yes
Do the two product descriptions refer to the same real-world product? Entity 1: 'KINGSTON 8GB 1600MHz DDR3 CL10 DIMM (Kit of 2) HyperX Fury Series'. Entity 2: 'DDR3 8GB PC1600 CL9 Kingston Hypk'.,No
Do the two product descriptions refer to the same real-world product? Entity 1: 'Gigabyte Radeon RX 5500 XT OC 4GB GDDR6'. Entity 2: 'SEAGATE SATA-3 2TB SSHD FIRECUDA'.,No
"Do the two product descriptions refer to the same real-world product? Entity 1: 'Evans 8\"" TT08EC2S Clear Drum Head'. Entity 2: 'HP Color LaserJet Professional CP5225dn'.",No
Do the two product descriptions refer to the same real-world product? Entity 1: 'Crucial 8GB (1x8GB) DDR3 1600MHz SODIMM'. Entity 2: 'Crucial 8GB DDR3 1600MHz CT102464BF160B Notebook Ram'.,Yes
Do the two product descriptions refer to the same real-world product? Entity 1: 'Samsung Portable SSD T7 Touch 2TB - Zwart'. Entity 2: 'Samsung T7 Portable SSD [2TB] (Indigo Blue)'.,No
Do the two product descriptions refer to the same real-world product? Entity 1: 'Cappello New Era Clean Trucker Chicago Bulls Cap'. Entity 2: 'Cooler Master MasterCase H500 Mid Tower PC Case'.,No
Do the two product descriptions refer to the same real-world product? Entity 1: 'Corsair Crystal 460X RGB ATX Mid Tower Case - Black'. Entity 2: 'Corsair Crystal Series 570X RGB ATX Mid-Tower Case Tempered Glass Black'.,No
Do the two product descriptions refer to the same real-world product? Entity 1: 'Pokemon SWSH3: Darkness Ablaze Elite Trainer Box'. Entity 2: 'Pokemon Pokemon: Darkness Ablaze Bstr'.,No
"Do the two product descriptions refer to the same real-world product? Entity 1: 'Western Digital (WDC) 250GB 2.5\"" SATA SSD Blue 7mm Cased'. Entity 2: 'APPLE - AIRPODS WITH CHARGING CASEIN'.",No
"Do the two product descriptions refer to the same real-world product? Entity 1: 'Ubiquiti UniFi Video Camera G3 1080P 802.3af IP UVC-G3-BULLET-3 3 Pack (No PoE Injectors)'. Entity 2: 'UBIQUITI - UVC G3 Bullet Camera, 3-pack'.",Yes
Do the two product descriptions refer to the same real-world product? Entity 1: 'SanDisk Extreme microSDHC 32GB 100/60 MB/s A1 V30 GoPro'. Entity 2: '64GB SanDisk Extreme micro SD XC Memory Card V-Class 30 U3 4K Video A1 100MB/s'.,Yes
"Do the two product descriptions refer to the same real-world product? Entity 1: '34\"" Blaze 3 Pro Cart'. Entity 2: 'APC Smart-UPS RT 20kVA RM 230V - SURT20KRMXLI'.",No
Do the two product descriptions refer to the same real-world product? Entity 1: 'Xerox Toner 106R01634 black Phaser 6000 2000str.'. Entity 2: 'Asus ROG Strix X570-F Gaming ATX - motherboard'.,No
Do the two product descriptions refer to the same real-world product? Entity 1: 'Epson Blekk Svart T7031 L - WP4000/4500'. Entity 2: 'TISSOT T091.420.46.051.01 T-TOUCH Expert Solar'.,No
Do the two product descriptions refer to the same real-world product? Entity 1: 'Sigma 50mm F1.4 DG HSM Canon [ART]'. Entity 2: 'Sigma 50mm F1.4 Art DG HSM Nikon Mount Lens'.,No
"Do the two product descriptions refer to the same real-world product? Entity 1: 'Impresora brother laser monocromo hl - l6300dw a4'. Entity 2: 'Evans - Clear EMAD Bass Batter, 20\""'.",No
Do the two product descriptions refer to the same real-world product? Entity 1: 'Samsung Portable SSD T7 Touch 2TB - Zwart'. Entity 2: 'Samsung Portable SSD T5 - 2TB'.,No
Do the two product descriptions refer to the same real-world product? Entity 1: 'DYMO D1 Labelling Tape 45803 Black on White 19 mm x 7 m'. Entity 2: 'Dymo Label Casette D1 (19mm x 7m - Black On White)'.,Yes
Do the two product descriptions refer to the same real-world product? Entity 1: 'SRAM Disc Brake Pad Set Organic Compound'. Entity 2: 'Sigma 50mm F1.4 DG HSM Canon [ART]'.,No
"Do the two product descriptions refer to the same real-world product? Entity 1: 'DVR 8 canale, Turbo HD, 6MP, PoC, Hikvision DS-7208HQHI-K2-P'. Entity 2: 'Apple AirPods Pro Bluetooth Earbuds w/ Wireless Charging Case, White (MWP22AM/A)'.",No
Do the two product descriptions refer to the same real-world product? Entity 1: 'ASUS Turbo -RTX2060S-8G-EVO NVIDIA GeForce RTX 2060 SUPER 8 GB GDDR6'. Entity 2: 'No Break APC Smart-UPS 10Kva Mono230V - SRT10KXLI'.,No
Do the two product descriptions refer to the same real-world product? Entity 1: 'Sigma 105mm f1.4 DG HSM Art Lens for Canon'. Entity 2: '3M - PF230W9F EYE PROTECTION FILTER DESKTOPS FRAME STANDARD 23.0 ACCS'.,No
"Do the two product descriptions refer to the same real-world product? Entity 1: 'Traveler's Zip Pocket - Regular Size'. Entity 2: 'Blaze 40\"" Stainless Steel 5 Burner LTE Built-In Gas Grill w/ Rear Burner BLZ-5LTE2'.",No
Do the two product descriptions refer to the same real-world product? Entity 1: 'DS-7204HQHI-K1 Turbo HD DVR'. Entity 2: 'Logitech G G402 Hyperion Fury Oyuncu Mouse 910-004068'.,No
Do the two product descriptions refer to the same real-world product? Entity 1: 'Carto de memria micro SD Kingston 32Gb classe 10 Canvas Select'. Entity 2: 'TP-Link AC1200 Wireless MU-MIMO Gigabit Indoor/Outdoor Access Point (EAP225-Outdoor) AC1200 Outdoor'.,No
"Do the two product descriptions refer to the same real-world product? Entity 1: 'Apple iPad Air Wi-Fi 256 GB Silver - 10.5\"" Tablet - A12 26.67cm-Display'. Entity 2: 'Obiectiv foto CANON EF-S 10-18mm f/4.5-5.6 IS STM'.",No
Do the two product descriptions refer to the same real-world product? Entity 1: 'Intel Core i3 8300 Quad Core 3.7GHz Processor'. Entity 2: 'TP-Link TL-WN821 wifi 300Mbps USB adapter TL-WN821N'.,No
Do the two product descriptions refer to the same real-world product? Entity 1: 'XPG SX8200 Pro M.2 256 GB PCI Express 3.0 3D TLC NVMe'. Entity 2: 'Jabra Biz 2400 II Mono 3-1 NC IP 2486-820-209'.,No
Do the two product descriptions refer to the same real-world product? Entity 1: 'ASUS GeForce RTX 2080 SUPER 8GB DUAL OC EVO'. Entity 2: 'TAG Heuer Carrera Automatic Blue Dial Men's CBK2112.BA0715'.,No
Do the two product descriptions refer to the same real-world product? Entity 1: 'ASUS Radeon RX 5700 XT TUF OC 8GB GDDR6'. Entity 2: 'Gigabyte Radeon RX 5500 XT OC 4GB GDDR6'.,No
Do the two product descriptions refer to the same real-world product? Entity 1: 'Cheap Replica Audemars Piguet Royal Oak Offshore Chronograph Watch 26470ST.OO.A099CR.01'. Entity 2: 'Cheap Replica Audemars Piguet Royal Oak Offshore Chronograph Watch 26470OR.OO.A125CR.01'.,No
"Do the two product descriptions refer to the same real-world product? Entity 1: 'ASUS AMD ATX ROG STRIX B550 F Gaming Motherboard AM4 Dual DDR4, HDMI, Dual M.2'. Entity 2: 'ASUS Scheda Madre ROG STRIX B550-F GAMING'.",Yes
"Do the two product descriptions refer to the same real-world product? Entity 1: 'RAM Mount 3.5\"" Twist Lock Suction Cup Base with 1\"" Ball'. Entity 2: 'Razer Viper Ultimate & Mouse Dock'.",No
Do the two product descriptions refer to the same real-world product? Entity 1: 'SRAM PG-1170 11-Speed Cassette (11-25T)'. Entity 2: 'Dura-Ace 9100 11-Speed Cassette 11-25T'.,No
Do the two product descriptions refer to the same real-world product? Entity 1: 'Epson atrament SPro 7880/9880/7800/9800 light black 220ml C13T603700'. Entity 2: 'Epson C13T603100 T6031 Black Ink 220ml'.,No
Do the two product descriptions refer to the same real-world product? Entity 1: 'Kingston DataTraveler microDuo 128GB USB 3.0'. Entity 2: 'Cle Usb KINGSTON 16GB DT MicroDuo USB 3.0 micro USB OTG'.,No
"Do the two product descriptions refer to the same real-world product? Entity 1: 'Catalyst 2960-X 24 GigE PoE 370W, 2 x 10G SFP+, LAN Base'. Entity 2: 'WS-C2960L-16TS-LLCatalyst 2960L 16 port GigE, 2 x 1G SFP, LAN Lite'.",No
Do the two product descriptions refer to the same real-world product? Entity 1: 'APC - Schneider SMART-UPS 1000VA LCD 230V'. Entity 2: 'Corsair ML140 140mm PWM Premium Magnetic Levitation Fan - Twin Pack'.,No
Do the two product descriptions refer to the same real-world product? Entity 1: 'Fujifilm XF 56mm f/1.2 R'. Entity 2: 'Orologio Garmin Venu 010-02173-12 Venu'.,No
Do the two product descriptions refer to the same real-world product? Entity 1: 'Garmin fenix 5s Sapphire Black'. Entity 2: 'Fenix 5X Plus GPS Black Smartwatch'.,No
"Do the two product descriptions refer to the same real-world product? Entity 1: 'Maxxis Minion DHR II 29\"" DD/3C/TR'. Entity 2: 'APC Replacement Battery Cartridge #133UPS battery - Lead Acid'.",No
Do the two product descriptions refer to the same real-world product? Entity 1: 'Audio Technica ATH-M50x Professional Monitor Audiophile Headphones - Black'. Entity 2: 'Audio-Technica ATH-M50x Monitor Headphones - White'.,No
"Do the two product descriptions refer to the same real-world product? Entity 1: 'Cooler Master MasterBox Lite 5 Mid Tower Case'. Entity 2: 'Blaze 40\"" Stainless Steel 5 Burner LTE Built-In Gas Grill w/ Rear Burner BLZ-5LTE2'.",No
Do the two product descriptions refer to the same real-world product? Entity 1: 'Cooler Master Hyper H411R CPU Cooler RR-H411-20PW-R1 | PCByte'. Entity 2: 'Cooler Master MasterLiquid ML120L V2 RGB All In One Liquid CPU Cooler'.,No
Do the two product descriptions refer to the same real-world product? Entity 1: 'SanDisk SD Extreme V30 U3 UHS-I C10 - 128GB'. Entity 2: 'SANDISK EXTREME SDXC 128GB 150MB/S C10 U3'.,Yes
Do the two product descriptions refer to the same real-world product? Entity 1: 'Kingston DataTraveler microDuo 128GB USB 3.0'. Entity 2: 'Kingston 16GB DataTraveler microDuo USB 3.0 OTG Flash Drive'.,No
Do the two product descriptions refer to the same real-world product? Entity 1: 'SanDisk CFast 2.0 64GB Extreme Pro Memory Card | Read 525 MB/s | Write 430MB/s | 4K Video'. Entity 2: 'Sandisk Extreme Pro 64GB CFast 2.0'.,Yes
"Do the two product descriptions refer to the same real-world product? Entity 1: 'Speed Dome IP, 2 MP, IR 150m, Hikvision DS-2DE5225IW-AE'. Entity 2: 'Corsair Crystal Series 570X RGB CC-9011098-WW Steel / Tempered Glass ATX Mid Tower Case'.",No
Do the two product descriptions refer to the same real-world product? Entity 1: 'Transcend 128GB Internal SSD 2.5″ SATA3'. Entity 2: 'Crucial MX500 2TB 3D NAND SATA 2.5 Inch Internal SSD'.,No
Do the two product descriptions refer to the same real-world product? Entity 1: 'APC Smart UPS SRT 6000VA / 230V On Line / Web Card - SRT6KRMXLI'. Entity 2: 'APC Smart-UPS SRT 6000VA RM 230V'.,Yes
Do the two product descriptions refer to the same real-world product? Entity 1: 'instax square film 10pk black'. Entity 2: 'Fujifilm Instax Black Square Film (10 Pack)'.,Yes
Do the two product descriptions refer to the same real-world product? Entity 1: 'HyperX FURY - DDR3 - 8 GB: 2 x 4 GB - DIMM 240-pin - unbuffered'. Entity 2: 'EPSON Magenta ink cartridge Discproducer'.,No
"Do the two product descriptions refer to the same real-world product? Entity 1: 'Sandisk 128gb Extreme Pro USB 3.1 Solid State Flash Drive, 420MB/s'. Entity 2: 'SanDisk SSD Plus 120GB 240GB 530MB/s 480GB 1TB 535MB/sSolid State Drive (120GB)'.",No
"Do the two product descriptions refer to the same real-world product? Entity 1: 'ASUS PRIME X570-PRO (AM4) (D) (90MB11B0-M0EAY0)'. Entity 2: 'Asus ROG Strix X570-F GAMING Motherboard,DDR4, 3x PCIe x16, SATA III RAID, USB 3.2, GLAN, M.2, DisplayPort, HDMI, 8ch audio, ATX, scAM4, Ryzen | 90MB1160-M0EAY0'.",No
Do the two product descriptions refer to the same real-world product? Entity 1: 'Ext. HDD LaCie Mobile Drive 2TB USB-C'. Entity 2: 'Corsair Vengeance LPX 16GB DDR4 2400MHz(CMK16GX4M1A2400C14)'.,No
"Do the two product descriptions refer to the same real-world product? Entity 1: 'RAM 2.75\"" Diameter Suction Cup Base with 1\"" Ball'. Entity 2: 'RAP-B-224-1U RAM Mounts 3.3\"" Diameter Suction Cup Base with 1\"" Composite Ball'.",Yes
"Do the two product descriptions refer to the same real-world product? Entity 1: '3M - Lightweight 300 Privacy Filter PF322WSkjermfilter mot innsyn, m/ramme 20\""-23\""W (30,7 x 48,5)'. Entity 2: '3M - Privacy filter PF19 |30.2 cm x 37.7 cm|'.",No
"Do the two product descriptions refer to the same real-world product? Entity 1: 'Blaze Cart For Professional 3-Burner Grill, Cart Only'. Entity 2: 'Blaze Grill Cart for 40\"" Gas Grill'.",No
Do the two product descriptions refer to the same real-world product? Entity 1: 'Evolis RCT023NAA Black Monochrome Ribbon'. Entity 2: 'Zebra 800015-101 Black Monochrome Ribbon - 1000 Prints'.,No
Do the two product descriptions refer to the same real-world product? Entity 1: 'Asus GeForce GTX 1660 Super Phoenix OC 6GB GDDR6 DVI/HDMI/DP PCi Ex 3.0 x16'. Entity 2: 'PH-GTX1660S-O6G 6 GB Geforce GTX 1660 Super Overclocked Phoenix Fan Edition Hdmi DP Dvi Graphics Card'.,Yes
Do the two product descriptions refer to the same real-world product? Entity 1: 'Canon EF-M 18-150mm f/3.5-6.3 IS STM (Black)'. Entity 2: 'Canon EF-M 18-150mm f/3.5-6.3 IS STM Schwarz EU10'.,Yes
Do the two product descriptions refer to the same real-world product? Entity 1: 'TP-LINK EAP110 Access point - Wit'. Entity 2: 'TP-Link 300Mbps Wireless N Ceiling Mount Access Point with Passive PoE (EAP115)'.,No
Do the two product descriptions refer to the same real-world product? Entity 1: 'Crucial 8GB DDR3 1600MHz CT102464BF160B Notebook Ram'. Entity 2: 'Crucial Crucial Memory 4GB DDR3L 1600 1.35V SODIMM Retail CT51264BF160BJ'.,No
Do the two product descriptions refer to the same real-world product? Entity 1: 'ZOTAC GeForce RTX 2060 SUPER AMP! 8GB 256Bit GDDR6'. Entity 2: 'Gigabyte GeForce RTX 2060 SUPER 8GB Aorus'.,No
"Do the two product descriptions refer to the same real-world product? Entity 1: 'RAM 3.3\"" DIA. SUCT CUP W 1\"" BALL'. Entity 2: 'RAM 2.75\"" Diameter Suction Cup Base with 1\"" Ball'.",No
Do the two product descriptions refer to the same real-world product? Entity 1: 'Relógio Swiss Military Hanowa06-6278.04.001.07 Navalus'. Entity 2: 'Swiss Military Hanowa Navalus Day-Date 06-6278.04.001.07'.,Yes
Do the two product descriptions refer to the same real-world product? Entity 1: 'Mavic Mini Drone by DJI - Fly More Combo'. Entity 2: 'DJI DJI | Mavic Mini Drone Fly More Combo'.,Yes
Do the two product descriptions refer to the same real-world product? Entity 1: 'DS-7208HUHI-K2-P Hikvision 8 Channel 5MP / 1080P HD-TVI Hybrid DVR with Power over Coax (PoC / Turbo4.0)'. Entity 2: 'maintenance kit EPSON Business Inkjet B300/310/B500DN/B510DN (´odpad. nadoba´)'.,No
Do the two product descriptions refer to the same real-world product? Entity 1: 'Asus Radeon Dual Evo RX5500 XT 8gb Gddr6 Version OC'. Entity 2: 'ASUS Radeon RX 5500 XT DUAL EVO 8GB'.,Yes
Do the two product descriptions refer to the same real-world product? Entity 1: 'Maxxis High Roller II 29er Dual Compound Folding Tubeless Ready Mountain Bike'. Entity 2: 'Brother Monochrome Compact Laser All-in-One Printer with Duplex Printing and Wireless Networking'.,No
"Do the two product descriptions refer to the same real-world product? Entity 1: 'Evans EC2S 13'' Clear Batter - TT13EC2S'. Entity 2: 'EPSON S042091 premium glossy photo paper 255g/m², A2/25vel'.",No
"Do the two product descriptions refer to the same real-world product? Entity 1: 'Carto de memria micro SD Kingston 32Gb classe 10 Canvas Select'. Entity 2: 'ShimanoSm-Sh10 Spd-Sl Cleats, Fixed'.",No
Do the two product descriptions refer to the same real-world product? Entity 1: 'Samsung MLT-D103L must toonerikassett'. Entity 2: 'JABRA Evolve 40 UC USB - Mono'.,No
"Do the two product descriptions refer to the same real-world product? Entity 1: 'Elixir Phosphor Bronze Acoustic Guitar Strings with NANOWEB Coating, Extra Light (.010-.047)'. Entity 2: 'Elixir Phosphor Acoustic Strings - Extra Light'.",Yes
Do the two product descriptions refer to the same real-world product? Entity 1: 'Gorra New Era NY Yankees MLB 9Fifty Cap'. Entity 2: 'Daniel Wellington DW00100150 Classic Cornwall Rose 36mm Black'.,No
"Do the two product descriptions refer to the same real-world product? Entity 1: 'MAXXIS AGGRESSOR 29X2.3 EXO/TR'. Entity 2: 'Maxxis Maxxis Aggressor Tire - 29 x 2.3, Folding, Tubeless, Black, Dual, EXO'.",Yes
Do the two product descriptions refer to the same real-world product? Entity 1: 'Switch D-Link - Web smart - switch - 24 porte - gestito dgs-1210-24'. Entity 2: 'D-Link DGS-1210-28P'.,No
Do the two product descriptions refer to the same real-world product? Entity 1: 'Swiss Military Hanowa06-4226.30.003.03 Immersion Uhr'. Entity 2: 'Relógio Swiss Military Hanowa06-4307.30.007 Undercover Multifunction'.,No
Do the two product descriptions refer to the same real-world product? Entity 1: 'G.Skill Trident Z Neo DDR4 3600MHz 16GB (2X8) Desktop Memory for AMD X570 F4-3600C16D-16GTZNC | PCByte'. Entity 2: 'CRUCIAL - DDR3 8GB 1600Hz CL11 Unbuffered CT102472BD160B'.,No
Do the two product descriptions refer to the same real-world product? Entity 1: 'Hikvision 32 Turbo HD/CVI / AHD / CVBS Ref: DS-7332HQHI-K4'. Entity 2: 'Epson T7551 (Prentar 5000 síður) XL svart blekhylki (100ml) fyrir WorkForce WF-8XXX prentara'.,No
Do the two product descriptions refer to the same real-world product? Entity 1: 'EVOLIS RCT023NAA BLACK MONOCHROME RIBBON (2000 PRINTS)'. Entity 2: 'Zebra 800015-101 Black Monochrome Ribbon - 1000 Prints'.,No
"Do the two product descriptions refer to the same real-world product? Entity 1: 'RAM Mount Double Socket Clamp Arm - SHORT - for 1.5\"" C Size Balls'. Entity 2: 'RAM-201U-D RAM Mounts C-Size Double-Socket Long Arm with 1.5-Inch Sockets'.",No
Do the two product descriptions refer to the same real-world product? Entity 1: 'Canon Ink Jet Cartridge PGI-72 PBK/GY/PM/PC/CO Multipack 40433'. Entity 2: 'Dymo 40913 Black On White - 9mm'.,No
Do the two product descriptions refer to the same real-world product? Entity 1: 'Swiss Military Hanowa Immersion 06-4226.30.003.03'. Entity 2: 'Crucial 4GB DDR4-2666 SODIMM | CT4G4SFS8266 | Crucial UK'.,No
Do the two product descriptions refer to the same real-world product? Entity 1: '002 Traveler's Notebook Regular- Refill - Grid Notebook'. Entity 2: '014 Traveler's Notebook Regular- Refill - Kraft Paper Notebook'.,No
"Do the two product descriptions refer to the same real-world product? Entity 1: 'RAM Motorcycle Fork Stem Base w 1\"" Ball (RAM-B-342U)'. Entity 2: 'Omega Seamaster Planet Ocean Automatic Chronograph Stainless Steel Watch 232.30.46.51.01.002'.",No
"Do the two product descriptions refer to the same real-world product? Entity 1: 'DJI Mavic Air Car Charger'. Entity 2: 'Logitech H151 Wired Headset, Stereo Headphones with Rotating Noise-Cancelling Microphone, 3.5 mm Audio Jack'.",No
"Do the two product descriptions refer to the same real-world product? Entity 1: 'Crucial MX500 250GB SATA 2.5-inch, SATA 6.0Gb/s 7mm Solid State Drive'. Entity 2: 'RAM-B-408-75-1-UN7U RAM Mounts X-Grip® Phone Mount with RAM® Torque™ Medium Rail Base'.",No
Do the two product descriptions refer to the same real-world product? Entity 1: 'Park Tool PH-1.2 P-Handle Hex Set with Holder'. Entity 2: 'Tissot T-Sport Seastar 1000 Chronograph Watch T1204171105100'.,No
Do the two product descriptions refer to the same real-world product? Entity 1: 'Seiko Presage Watch Zen Gardens Mens'. Entity 2: 'Seiko Mens Presage Automatic Blue Date Dial Stainless Steel Bracelet Watch SRPD41J1'.,Yes
"Do the two product descriptions refer to the same real-world product? Entity 1: 'Shimano Deore XT CS-M8000 Cassette 11-speed, silver/grey'. Entity 2: 'Corsair Vengeance LPX, 16GB, DDR4 memory module 2133 MHz'.",No
Do the two product descriptions refer to the same real-world product? Entity 1: 'DS-7216HQHI-K1 Hikvision 16 cs. TurboHD DVR'. Entity 2: 'WD MY PASSPORT- 1TB RED WORLDWIDE'.,No
Do the two product descriptions refer to the same real-world product? Entity 1: 'SEAGATE SATA-3 2TB SSHD FIRECUDA'. Entity 2: '8TB - Seagate Enterprise Ironwolf Pro SATA - ST8000NE001'.,No
Do the two product descriptions refer to the same real-world product? Entity 1: 'Canon EF-S 10-18/4.5-5.6 IS STM'. Entity 2: 'Audio Technica ATH-M40x Professional Monitor Headphones'.,No
"Do the two product descriptions refer to the same real-world product? Entity 1: 'Samsung MZ-V7S500B/AM 970 EVO Plus M.2 Internal SSD, 500GB'. Entity 2: 'SAMSUNG 970 EVO PLUS M.2 2280 500GB PCIe Gen 3.0 x4, NVMe 1.3 V-NAND 3-bit MLC Internal Solid State Drive (SSD) MZ-V7S500B/AM'.",Yes
Do the two product descriptions refer to the same real-world product? Entity 1: 'Epson C13T603100 T6031 Black Ink 220ml'. Entity 2: 'Epson Stylus Pro 9880 Black Photo Ink'.,Yes
Do the two product descriptions refer to the same real-world product? Entity 1: 'TAG Heuer Automatic Chronograph Watch CBL2111.FC6453'. Entity 2: 'TAG Heuer Automatic Chronograph Watch CBG2A1Z.BA0658'.,No
"Do the two product descriptions refer to the same real-world product? Entity 1: 'Lant Shimano CN-HG601-11, 11 Viteze'. Entity 2: 'SRAM Cassette Sram PG 1130 11 vitesses 11-36'.",No
Do the two product descriptions refer to the same real-world product? Entity 1: 'Evans EC2S 13'' Clear Batter - TT13EC2S'. Entity 2: 'Evans EMAD2 Clear Bass Batter'.,No
Do the two product descriptions refer to the same real-world product? Entity 1: 'Omega Seamaster Planet Ocean 600m Co-Axial Master Chronometer GMT 45.5mm (215.92.46.22.01.004) ETNZ Deep Black'. Entity 2: 'Omega Seamaster Planet Ocean 600m Co-Axial Master Ceramic 215.92.46.22.01.004 Black Dial Replica'.,Yes
Do the two product descriptions refer to the same real-world product? Entity 1: 'LOGITECH UC Corded Stereo USB Headset H570e (Leatherette Pad) - Business EMEA'. Entity 2: 'LOGITECH Corded USB Headset H540 - USB - EMEA'.,No
Do the two product descriptions refer to the same real-world product? Entity 1: 'Corsair 8GB (1x8GB) 2666MHz CL16 Vengeance LPX Black'. Entity 2: 'Corsair 8GB (1x8GB) 3000MHz CL16 Vengeance LPX Black'.,No
Do the two product descriptions refer to the same real-world product? Entity 1: 'Epson T7891 Black Cart - Compatible'. Entity 2: 'JABRA Evolve 20 UC USB - Mono'.,No
"Do the two product descriptions refer to the same real-world product? Entity 1: 'Memoria USB Kingston Technology - Color blanco, 16 GB, USB 3.0'. Entity 2: 'Jabra BIZ 2300 Mono USB MS Lync Headset'.",No
Do the two product descriptions refer to the same real-world product? Entity 1: 'DVR 8 canale Hikvision TurboHD 5MP 4 canale alarma audio DS-7208HUHI-K1 H.265'. Entity 2: 'DVR Hikvision TurboHD 4 canale DS-7204HQHI-K1'.,No
Do the two product descriptions refer to the same real-world product? Entity 1: 'APC Smart UPS SRT 6000VA / 230V On Line / Web Card - SRT6KRMXLI'. Entity 2: 'Ilford FP4 Plus 125 120'.,No
"Do the two product descriptions refer to the same real-world product? Entity 1: 'Shimano M05 Disc Brake Pads (Deore) (Resin)'. Entity 2: 'Shimano Shimano M05 Resin Disc Brake Pads and Spring for Deore BR-M515, BR- M515LA and Nexave BR-C601 Calipers'.",Yes
Do the two product descriptions refer to the same real-world product? Entity 1: 'Manfrotto Befree Advanced Twist Tripod'. Entity 2: 'AMD Ryzen 9 3900XT 12-Core 3.8 GHz Socket AM4 105W 100-100000277WOF Desktop Processor'.,No
Do the two product descriptions refer to the same real-world product? Entity 1: 'APC Smart UPS RM 3000VA'. Entity 2: 'APC Smart-UPS SRT 6000VA RM 230V'.,No
Do the two product descriptions refer to the same real-world product? Entity 1: 'KINGSTON 8GB 1600MHz DDR3 CL10 DIMM (Kit of 2) HyperX Fury Series'. Entity 2: 'Kingston HyperX Fury 4GB DDR3 1600MHz CL10 Ram'.,No
"Do the two product descriptions refer to the same real-world product? Entity 1: 'Headset Audio-Technica ATH-M50X'. Entity 2: '43\"" 2020 Q60T 4K Smart QLED TV'.",No
"Do the two product descriptions refer to the same real-world product? Entity 1: 'Garmin fenix5S Sapphire Black Optic, Black band'. Entity 2: 'Gorra New Era Clean Trucker 2 NY Yankees Cap'.",No
Do the two product descriptions refer to the same real-world product? Entity 1: 'Kingston 4GB DDR3 1600MHz HyperX Fury Black Series'. Entity 2: 'Asus GeForce GTX 1660 Super Phoenix OC 6GB GDDR6 DVI/HDMI/DP PCi Ex 3.0 x16'.,No
Do the two product descriptions refer to the same real-world product? Entity 1: 'Logitech 3.5 mm Analog Stereo Headset H151 with Boom Microphone - Black'. Entity 2: 'Logitech H151 Stereo Headset On Ear Kabelgebunden'.,No
Do the two product descriptions refer to the same real-world product? Entity 1: 'Traveler's Company 002. GRID REFILL MIDORI TRAVELER'S NOTEBOOK'. Entity 2: 'Traveler's Company 001. LINED REFILL MIDORI TRAVELER'S NOTEBOOK'.,No
Do the two product descriptions refer to the same real-world product? Entity 1: 'TAG Heuer Formula 1 Calibre 5 Men's Watch'. Entity 2: 'TAG Heuer Carrera Automatic Blue Dial Men's CBK2112.BA0715'.,No
Do the two product descriptions refer to the same real-world product? Entity 1: 'Samsung 970 EVO Plus 2TB SSD'. Entity 2: 'Samsung SSD 970 EVO Plus NVMe M.2 PCIe 2TB'.,Yes
"Do the two product descriptions refer to the same real-world product? Entity 1: 'Shimano Shimano M05 Resin Disc Brake Pads and Spring for Deore BR-M515, BR- M515LA and Nexave BR-C601 Calipers'. Entity 2: 'Canon EF-S 55-250mm f/4-5.6 IS STM'.",No
Do the two product descriptions refer to the same real-world product? Entity 1: 'Samsung 970 Evo 500GB NVME M.2 High Speed Solid State Drive with V-Nand'. Entity 2: '619291-B21 HP 900GB 6G SAS 10K rpm SFF (2.5-inch) Enterprise Hard Drive'.,No
Do the two product descriptions refer to the same real-world product? Entity 1: 'Sigma 35mm f1.4 EX DG HSM A Nikon'. Entity 2: 'Sigma Sigma 35mm F1.4 ART DG HSM - Nikon AF mount'.,Yes
Do the two product descriptions refer to the same real-world product? Entity 1: 'Tissot Seastar 1000 Powermatic 80 T120.407.11.041.01'. Entity 2: 'Canon EF-S 55-250mm f/4-5.6 IS STM'.,No
Do the two product descriptions refer to the same real-world product? Entity 1: '21 oz Standard Mouth With Standard S21SX306'. Entity 2: 'SSD TRANSCEND SSD230S 128Gb 3D NAND SATA 3 Aluminium (TS128GSSD230S)'.,No
Do the two product descriptions refer to the same real-world product? Entity 1: 'Atomos ATOM-CAB010 Full To Full Hdmi Coiled Cable'. Entity 2: 'Fujifilm FUJINON XF-56mm f1.2'.,No
Do the two product descriptions refer to the same real-world product? Entity 1: 'Omega Horloge Seamaster 46mm Planet Ocean 600M Co-Axial Master ChronometerChronograph 215.32.46.51.01.001'. Entity 2: 'Audio Technica Headphones Air Dynamic Series ATH-AD500X'.,No
Do the two product descriptions refer to the same real-world product? Entity 1: 'Corsair Vengeance LPX 16GB(2x8GB)'. Entity 2: 'Corsair 8GB (1x8GB) 3000MHz CL16 Vengeance LPX Black'.,No
Do the two product descriptions refer to the same real-world product? Entity 1: 'Elixir Phosphor Acoustic Strings - Extra Light'. Entity 2: 'HK DVR TURBOHD 8ch DS-7208HQHI-K2/P'.,No
Do the two product descriptions refer to the same real-world product? Entity 1: 'Daniel Wellington Classic Sheffield Rose 40mm -rannekello DW00100007'. Entity 2: 'Daniel Wellington - Classic Sheffield Silver - 40mm'.,No
"Do the two product descriptions refer to the same real-world product? Entity 1: 'CLARKS Sram, PG-730, 7sp cassette, 12-32T'. Entity 2: 'DYMO D1 Labelling Tape 45803 Black on White 19 mm x 7 m'.",No
Do the two product descriptions refer to the same real-world product? Entity 1: 'Xerox Phaser 7760 Yellow Toner 106R01162'. Entity 2: 'Xerox 106R01162 OEM Toner Cartridge For Phaser 7760 Yellow - 25K'.,Yes
Do the two product descriptions refer to the same real-world product? Entity 1: 'Wd Blue 3D Nand 250Gb Pc Ssd - Sata Iii 6Gb/S M.2 2280 Solid State Drive'. Entity 2: 'Crucial BX500 480GB SSD Micron 3D NAND SATA III 6Gb/s 2.5 Internal Solid State Drive'.,No
Do the two product descriptions refer to the same real-world product? Entity 1: 'Gorra New Era Clean Trucker 2 NY Yankees Cap'. Entity 2: 'Gorra New Era NFL New Orleans Saints 9Fifty Cap'.,No
Do the two product descriptions refer to the same real-world product? Entity 1: 'Kingston 16GB/3333MHz DDR-4 HyperX Predator XMP (Kit! 2db 8GB) (HX433C16PB3K2/16) memória'. Entity 2: 'Kingston 32GB DDR4 3000MHz Kit(2x16GB) HyperX Predator Intel XMP'.,No
Do the two product descriptions refer to the same real-world product? Entity 1: 'SanDisk Extreme Pro SD Card 32GB 300MB/s UHS-II'. Entity 2: 'CS-M8000 CASSETTE 11-40 XT 11-SPEED'.,No
"Do the two product descriptions refer to the same real-world product? Entity 1: 'RAM Torque 28mm-38mm Handlebar & Rail Base 1.5\"" Ball'. Entity 2: 'Seagate Ironwolf Pro 6TB (ST6000NE000)'.",No
"Do the two product descriptions refer to the same real-world product? Entity 1: 'Maxxis High Roller II 29"" WideTrail Tire - 3C MT DD / 2.5""'. Entity 2: 'High Roller II Bike Tire: 29 x 2.50\"", Folding, 120tpi, 3C MaxxTerra, Double Down, Tubeless Ready, Wide Trail'.",Yes
Do the two product descriptions refer to the same real-world product? Entity 1: 'Zebra 800015-101 Black Monochrome Ribbon - 1000 Prints'. Entity 2: 'Zebra 800015-101 1000 Prints Black Resin Ribbon for P310i P420i P520i'.,Yes
Do the two product descriptions refer to the same real-world product? Entity 1: 'Corsair 110R Tempered Glass Mid-Tower ATX Case'. Entity 2: 'Ubiquiti UniFi Dual-Band WiFi PoE Access Point UAP-AC-HD - 5 Pack'.,No
Do the two product descriptions refer to the same real-world product? Entity 1: 'TP-Link 150Mbit-WLAN-Lite -N-PCI Express x1 Adapter'. Entity 2: 'Garmin Fenix 5S Plus GPS Watch Silver with Black Band'.,No
"Do the two product descriptions refer to the same real-world product? Entity 1: 'SanDisk SSD PLUS 120GB Solid State Drive -SDSSDA-120G-G27'. Entity 2: 'SanDisk PLUS SSD Hard Drive 2.5´´ internal, 480 GB, SATA, Black'.",No
"Do the two product descriptions refer to the same real-world product? Entity 1: 'Epson A4/Premium Semiglossy Photo, 20 sheets'. Entity 2: 'Epson Premium Glossy A3 20 sheets'.",No
Do the two product descriptions refer to the same real-world product? Entity 1: 'Evolve 20 Special Edition Mono MS'. Entity 2: 'Midori Traveler's Notebook - 012 Sketch Paper Notebook'.,No
Do the two product descriptions refer to the same real-world product? Entity 1: 'Ryze Tello Battery Charging Charger Hub (Part 9)'. Entity 2: 'Victron MultiPlus Compact 12/2000/80-30 230V VE.Bus'.,No
"Do the two product descriptions refer to the same real-world product? Entity 1: 'Memoria USB Kingston Technology - Color blanco, 16 GB, USB 3.0'. Entity 2: 'Kingston DataTraveler microDuo 128GB USB 3.0'.",No
"Do the two product descriptions refer to the same real-world product? Entity 1: 'RAM 3.3\"" DIA. SUCT CUP W 1\"" BALL'. Entity 2: 'RAM Mount 3.5\"" Twist Lock Suction Cup Base with 1\"" Ball'.",Yes
Do the two product descriptions refer to the same real-world product? Entity 1: 'Logitech C922 Pro Stream webcam + Tripod (price includes delivery)'. Entity 2: 'LOGITECH C922 PRO STREAM FULL HD WEBCAM (960-001090)-WRTY 1YR W/BANLEONG'.,Yes
Do the two product descriptions refer to the same real-world product? Entity 1: 'ASUS Scheda Madre TUF GAMING X570-PLUS AMD'. Entity 2: 'TP-Link AC1200 Wireless MU-MIMO Gigabit Indoor/Outdoor Access Point (EAP225-Outdoor) AC1200 Outdoor'.,No
Do the two product descriptions refer to the same real-world product? Entity 1: 'Tissot Mens T-Sport Seastar 1000 Chronograph Black Dial Stainless Steel Bracelet Watch T120.417.11.051.00'. Entity 2: 'DVR 8 canale Hikvision TurboHD 5MP 4 canale alarma audio DS-7208HUHI-K1 H.265'.,No
Do the two product descriptions refer to the same real-world product? Entity 1: 'NEW ERA ČIAPKA THE LEAGUE GM NY YANKEES'. Entity 2: 'Philips Monitor LCD 243V7QDSB/00'.,No
"Do the two product descriptions refer to the same real-world product? Entity 1: 'Canon PFI107C Cyan Laser Toner Cartridge Remanufactured'. Entity 2: 'Canon PFI-101C Ink, 130 ml - Cyan'.",No
Do the two product descriptions refer to the same real-world product? Entity 1: 'Access Point|TP-LINK|300 Mbps|IEEE 802.3af|IEEE 802.11b|IEEE 802.11g|IEEE 802.11n|1xRJ45|Number of antennas 2|EAP115'. Entity 2: 'TP-Link 300Mbps Wireless N Ceiling Mount Access Point with Passive PoE (EAP115)'.,Yes
Do the two product descriptions refer to the same real-world product? Entity 1: 'Mavic Mini Drone by DJI - Fly More Combo'. Entity 2: 'DJI Mavic Air Car Charger'.,No
Do the two product descriptions refer to the same real-world product? Entity 1: 'TAG Heuer Formula 1 43mm Mens Watch WAZ2011.BA0842'. Entity 2: 'TAG Heuer Automatic Chronograph Watch CBG2A1Z.BA0658'.,No
"Do the two product descriptions refer to the same real-world product? Entity 1: 'BenQ LCD SW2700PT 27\"" W/IPS LED/2560x1440/5ms/DVI-DL/HDMI/2xUSB3.0/Flicker-free/VESA 9H.LDKLB.QBE'. Entity 2: 'APC Replacement Battery Cartridge #133 (APCRBC133)'.",No
Do the two product descriptions refer to the same real-world product? Entity 1: 'Jabra BIZ 2400 II 3-in-1 Mono IP Headset top only'. Entity 2: 'Omega Seamaster Planet Ocean Automatic Chronograph Two-Tone Rubber Watch 215.32.46.51.01.001'.,No
Do the two product descriptions refer to the same real-world product? Entity 1: 'DYMO 4500 TAPE BLACK/RED 45017'. Entity 2: 'HP 900GB 6G SAS 10K 900 SAS 16 MB Cache 2.5-Inch Internal Bare or OEM Drives 619291-B21'.,No
Do the two product descriptions refer to the same real-world product? Entity 1: 'Elixir E16052 Nanoweb Phosphor Bronze Acoustic Guitar Strings Light Gauge 12-53'. Entity 2: 'maintenance kit EPSON Business Inkjet B300/310/B500DN/B510DN (´odpad. nadoba´)'.,No
Do the two product descriptions refer to the same real-world product? Entity 1: 'Router wifi archer c60 ac1350 dual'. Entity 2: 'Logitech® HD Webcam C310 - USB'.,No
Do the two product descriptions refer to the same real-world product? Entity 1: 'Canon CLI-251BK XL High-Capacity Black Ink Tank'. Entity 2: 'Pokemon TCG Rebel Clash Booster Pack'.,No
Do the two product descriptions refer to the same real-world product? Entity 1: 'Pokemon Sword & Shield Booster pack'. Entity 2: 'Pokemon TCG Rebel Clash Booster Pack'.,No
"Do the two product descriptions refer to the same real-world product? Entity 1: 'ASUS AMD ATX ROG STRIX B550 F Gaming Motherboard AM4 Dual DDR4, HDMI, Dual M.2'. Entity 2: 'Motherboard Asus TUF B450M-PLUS GAMING, AM4, USB 3.1, SATA 6GB/S'.",No
Do the two product descriptions refer to the same real-world product? Entity 1: 'Cartucho tinta negro l epson t7031 - 24ml - big ben - para wp-4595 dnf/dtwf/ 4535dwf / 4525dnf / 4515dn / 4095dn / 4025dw /'. Entity 2: 'Canon PFI 107C Ink Cartridge Cyan'.,No
"Do the two product descriptions refer to the same real-world product? Entity 1: 'RAM Mount Double Socket Clamp Arm - SHORT - for 1.5\"" C Size Balls'. Entity 2: 'RAM® 3\"" Double Ball Arm for 1.5\"" Ball'.",Yes
Do the two product descriptions refer to the same real-world product? Entity 1: 'Crucial 1x 8GB DDR3L 1600MHz ECC Unbuffered UDIMM RAM | Discount Computer Needs'. Entity 2: 'Monitor 27 SW271 LED 5ms/QHD/IPS/HDMI/DP/USB'.,No
Do the two product descriptions refer to the same real-world product? Entity 1: 'Brother HL-L6300DW Business Laser Printer for Mid-Size Workgroups -HL-L6300DW'. Entity 2: 'Brother HL-L6200DW Business Laser Printer'.,No
Do the two product descriptions refer to the same real-world product? Entity 1: 'Zebra Black Ribbon True Colours Brand i-series 800015-301'. Entity 2: 'HyperX Predator 16GB - PC4-26600 - DIMM'.,No
Do the two product descriptions refer to the same real-world product? Entity 1: 'SanDisk Extreme Pro SD Card 32GB 300MB/s UHS-II'. Entity 2: 'SanDisk SDHC Ultra UHS-I 256GB Class 10 90MB/S'.,No
Do the two product descriptions refer to the same real-world product? Entity 1: 'Asus TUF X470-Plus Gaming Socket AM4 ATX AMD'. Entity 2: 'TUF GAMING X570-PLUS Desktop Motherboard - AMD Chipset - Socket AM4'.,No
"Do the two product descriptions refer to the same real-world product? Entity 1: 'Canon PFI-101C Ink, 130 ml - Cyan'. Entity 2: 'GARMIN FENIX 5 GRAY BLACK 010-01688-00'.",No
Do the two product descriptions refer to the same real-world product? Entity 1: 'Laser Toner Cartridge compatible with Samsung MLT-D103L/ELS High Capacity'. Entity 2: 'ADATT. WIFI TP-LINK AC600 NANO WRLS USB'.,No
Do the two product descriptions refer to the same real-world product? Entity 1: 'DDR3 8GB PC1600 CL9 Kingston Hypk'. Entity 2: 'Sony SEL20F18G.SYX - Sony E-Mount FE 20mm F1.8 G'.,No
Do the two product descriptions refer to the same real-world product? Entity 1: 'Logitech G G402 Hyperion Fury Oyuncu Mouse 910-004068'. Entity 2: 'EJ16 - Acoustic Phosphor Bronze 12-53'.,No
Do the two product descriptions refer to the same real-world product? Entity 1: 'Shimano Dura-Ace CS-R9100 11-28T 11sp Cassette'. Entity 2: 'Shimano Cassette Ultegra R8000 11 Speed 11-28T'.,No
"Do the two product descriptions refer to the same real-world product? Entity 1: 'Apple AirPods Pro Bluetooth Earbuds w/ Wireless Charging Case, White (MWP22AM/A)'. Entity 2: 'APPLE - Apple AirPods 2 with Wireless Charging Case MRXJ2ZM/A - White'.",No
Do the two product descriptions refer to the same real-world product? Entity 1: 'Jabra BIZ 2300 USB MS Mono - headset'. Entity 2: 'Jabra BIZ2300 2399-823-109 DUO USB Headset MS'.,No
"Do the two product descriptions refer to the same real-world product? Entity 1: 'BenQ SW2700PT 27in QHD Professional AdobeRGB Monitor'. Entity 2: 'BenQ LCD SW2700PT 27\"" W/IPS LED/2560x1440/5ms/DVI-DL/HDMI/2xUSB3.0/Flicker-free/VESA 9H.LDKLB.QBE'.",Yes
Do the two product descriptions refer to the same real-world product? Entity 1: 'Corsair 8GB (1x8GB) 3000MHz CL16 Vengeance LPX Black'. Entity 2: 'Sony FE 24mm F1.4 GM Lens + Bonus'.,No
Do the two product descriptions refer to the same real-world product? Entity 1: 'Epson A4 Premium Glossy Photo Paper'. Entity 2: 'Brother Monochrome Compact Laser All-in-One Printer with Duplex Printing and Wireless Networking'.,No
Do the two product descriptions refer to the same real-world product? Entity 1: 'Cheap Replica Audemars Piguet Royal Oak Offshore Chronograph Watch 26470OR.OO.A125CR.01'. Entity 2: 'Audemars Piguet-Audemars Piguet Royal Oak Offshore Chronograph 42mm Mens Watch-26470OR.OO.A125CR.01'.,Yes
"Do the two product descriptions refer to the same real-world product? Entity 1: 'ASUS GeForce® RTX 2080 SUPER™ Dual Evo OC 8GB (90YV0DJ0-M0NM00) (NVIDIA, Grafikkarte)'. Entity 2: 'ASUS NVIDIA GeForce RTX 2060 6GB DUAL OC EVO Turing Graphics Card'.",No
Do the two product descriptions refer to the same real-world product? Entity 1: 'ASUS Scheda Madre TUF GAMING X570-PLUS AMD'. Entity 2: 'SRAM Disc Brake Pad Set Organic Compound'.,No
Do the two product descriptions refer to the same real-world product? Entity 1: 'Traveler's Zip Pocket - Regular Size'. Entity 2: 'Jabra BIZ 2300 USB MS Duo'.,No
Do the two product descriptions refer to the same real-world product? Entity 1: 'Tag Heuer Carrera Quartz Chronograph Stainless Steel Watch CBK2112.BA0715'. Entity 2: 'TAG Heuer Carrera Automatic Blue Dial Men's CBK2112.BA0715'.,Yes
Do the two product descriptions refer to the same real-world product? Entity 1: 'ASUS GeForce RTX 2080 SUPER 8GB DUAL OC EVO'. Entity 2: 'Crucial 500GB MX500 M.2 2880 SATA 6Gb/s SSD'.,No
Do the two product descriptions refer to the same real-world product? Entity 1: 'Epson Papir Photo Premium Glossy 13X18cm 30-ark 255G'. Entity 2: 'G.Skill Trident Z Neo DDR4 3600MHz 16GB (2X8) Desktop Memory for AMD X570 F4-3600C16D-16GTZNC | PCByte'.,No
Do the two product descriptions refer to the same real-world product? Entity 1: 'Manfrotto MVH502AH Fluid Video Head with MT055XPRO3 Tripod'. Entity 2: 'Manfrotto XPRO Fluid Tripod Head with Fluidity Selector'.,No
Do the two product descriptions refer to the same real-world product? Entity 1: 'Asus PRIME B450-PLUS(PRIME B450-PLUS)'. Entity 2: 'Asus MBTUF B450M-Plus Gaming / AM4 / B450 / m.2 / mATX'.,No
Do the two product descriptions refer to the same real-world product? Entity 1: 'Kingston Technology Canvas Select memory card 128 GB MicroSDXC Class 10 UHS-I'. Entity 2: 'TONERBROTHER ORIGINALE GIALLO TN-135Y'.,No
"Do the two product descriptions refer to the same real-world product? Entity 1: 'Hikvision Wall Mount for AVPIR3 and 23x5G1-I range of Cameras'. Entity 2: 'RAM Handlebar Rail Mount 1.125 - 1.5\"" C (RAM-408-112-15U)'.",No
Do the two product descriptions refer to the same real-world product? Entity 1: 'AF-S FX 24-85MM F3.5-4.5G ED VR'. Entity 2: 'Nikon AF-S NIKKOR FX 50mm F1.8G Lens'.,No
"Do the two product descriptions refer to the same real-world product? Entity 1: 'Catalyst 2960 Plus 48 10/100 +'. Entity 2: 'Crucial BX500 2.5\"" 480 GB Serial ATA III'.",No
Do the two product descriptions refer to the same real-world product? Entity 1: 'Logitech C922 Pro Stream webcam + Tripod (price includes delivery)'. Entity 2: 'Access Point TP-Link 450MBPS TL-WA901ND Wireless'.,No
Do the two product descriptions refer to the same real-world product? Entity 1: 'OKI 44992402 Style Black Compatible Toner'. Entity 2: 'Zebra 800015-301 (Eltron) Black (K) Resin Ribbon - 1500 Prints'.,No
Do the two product descriptions refer to the same real-world product? Entity 1: 'Omega Seamaster Planet Ocean Automatic Chronograph Stainless Steel Watch 232.30.46.51.01.002'. Entity 2: 'Buy Quality Replica Omega Seamaster Planet Ocean 600M Steel Chronometer Chronograph Watch 215.30.46.51.01.001'.,No
Do the two product descriptions refer to the same real-world product? Entity 1: 'Zebra TrueColours ix Series Monochrome - 1 - black - print ribbon'. Entity 2: '652589-B21 HP G8 G9 900-GB 6G 10K 2.5 SAS SC'.,No
"Do the two product descriptions refer to the same real-world product? Entity 1: 'Elixir 11152 Strings Acoustic 80/20 Bronze NANOWEB 12 String, Light'. Entity 2: 'Elixir E16052 Nanoweb Phosphor Bronze Acoustic Guitar Strings Light Gauge 12-53'.",No
Do the two product descriptions refer to the same real-world product? Entity 1: 'DJI Accessory CP.PT.000562 Mavic Part 6 Car Charger Retail'. Entity 2: 'DJI Mavic Pro automobilinis įkroviklis / Car Charger'.,Yes
Do the two product descriptions refer to the same real-world product? Entity 1: 'Zebra 800015-301 (Eltron) Black (K) Resin Ribbon - 1500 Prints'. Entity 2: 'WD HDD 4TB My Passport Black'.,No
"Do the two product descriptions refer to the same real-world product? Entity 1: 'SRAM AM BRAKE PAD GUIDE/TRL STLSIN 1 SET'. Entity 2: 'Shimano CN-HG601 105 5800 / SLX M7000 Chain With Quick Link 11-Speed - 116 Links, SIL-TEC'.",No
"Do the two product descriptions refer to the same real-world product? Entity 1: 'ASUS TUF X470 Plus Gaming with Aura Sync RGB LED lighting AM4 DDR4 HDMI DVI M.2 ATX Motherboard'. Entity 2: 'ASUS AMD ATX ROG STRIX B550 F Gaming Motherboard AM4 Dual DDR4, HDMI, Dual M.2'.",No
Do the two product descriptions refer to the same real-world product? Entity 1: 'Carbide Series 275R Tempered Glass Mid-Tower Gaming CaseWhite'. Entity 2: 'Dymo Label Casette D1 (19mm x 7m - Black On White)'.,No
Do the two product descriptions refer to the same real-world product? Entity 1: 'LACIE 2TB 2.5 MOBILE PORTABLE USB 3.0 MOON SILVER'. Entity 2: 'Seagate IronWolf PRO 16TB NAS Professional'.,No
Do the two product descriptions refer to the same real-world product? Entity 1: 'Traveler's Company 002. GRID REFILL MIDORI TRAVELER'S NOTEBOOK'. Entity 2: 'Midori Traveler's Notebook - 012 Sketch Paper Notebook'.,No
Do the two product descriptions refer to the same real-world product? Entity 1: 'Hikvision Wall Mount for AVPIR3 and 23x5G1-I range of Cameras'. Entity 2: 'SRAM SRAM NX Eagle PG-1230 12-Speed Cassette'.,No
Do the two product descriptions refer to the same real-world product? Entity 1: 'Epson Premium Glossy Photo Paper 13x18cm'. Entity 2: 'Epson Papir Photo Premium Glossy 13X18cm 30-ark 255G'.,Yes
"Do the two product descriptions refer to the same real-world product? Entity 1: 'Elixir Phosphor Bronze Acoustic Guitar Strings with NANOWEB Coating, Extra Light (.010-.047)'. Entity 2: 'Elixir E16052 Nanoweb Phosphor Bronze Acoustic Guitar Strings Light Gauge 12-53'.",No
Do the two product descriptions refer to the same real-world product? Entity 1: 'Samsung PORTABLE SSD T7 Touch 1TB Mobile External Solid State'. Entity 2: 'OMEGA SEAMASTER DIVER 300 210.20.42.20.03.002'.,No
"Do the two product descriptions refer to the same real-world product? Entity 1: 'ASUS GeForce® RTX 2080 SUPER™ Dual Evo OC 8GB (90YV0DJ0-M0NM00) (NVIDIA, Grafikkarte)'. Entity 2: 'Samsung T7 Touch Portable SSD Drive [1TB](Silver)'.",No
"Do the two product descriptions refer to the same real-world product? Entity 1: 'Asus Radeon Dual Evo RX5500 XT 8gb Gddr6 Version OC'. Entity 2: 'Epson Tinte T6037 Light Black, 220 ml'.",No
Do the two product descriptions refer to the same real-world product? Entity 1: 'APC Smart-UPS SRT 6000VA RM 230V'. Entity 2: 'Crucial 4GB DDR4-2666 SODIMM | CT4G4SFS8266 | Crucial UK'.,No
Do the two product descriptions refer to the same real-world product? Entity 1: 'CORSAIR Vengeance RGB Pro 16GB (2 x 8GB) 288-Pin DDR4 DRAM DDR4 3000 (PC4 24000) Desktop Memory Model CMW16GX4M2C3000C15W'. Entity 2: 'Corsair Vengeance RGB Pro DDR4 3000MHz 16GB (2x8) Desktop Memory White CMW16GX4M2C3000C15W | PCByte'.,Yes
"Do the two product descriptions refer to the same real-world product? Entity 1: 'Maxxis Maxxis, High Roller II, Tire, 27.5''x2.30, Folding, Tubeless Ready, Dual, EXO, 60TPI, Black'. Entity 2: 'Maxxis High Roller II 650b 27.5\"" Dual Compound EXO Folding Tubeless Ready Mountain Bike Tyre'.",Yes
Do the two product descriptions refer to the same real-world product? Entity 1: 'SRAM Disc Brake Pad Organic Hrd'. Entity 2: 'Sram/Avid Road Disc Brake Pads - Road/Level (Organic/Steel Back)'.,No
Do the two product descriptions refer to the same real-world product? Entity 1: 'Canon EF-M 18-150mm f/3.5-6.3 IS STM (Black)'. Entity 2: 'Sigma 105mm f1.4 DG HSM Art Lens for Canon'.,No
Do the two product descriptions refer to the same real-world product? Entity 1: 'Corsair Crystal 460X RGB ATX Mid Tower Case - Black'. Entity 2: 'Corsair Carbide SPEC-01 Tower Black'.,No
Do the two product descriptions refer to the same real-world product? Entity 1: 'Dymo 12mm Black On Red D1 Tape (45017)'. Entity 2: 'DYMO 4500 TAPE BLACK/RED 45017'.,Yes
Do the two product descriptions refer to the same real-world product? Entity 1: 'Relógio Swiss Military Hanowa06-4307.30.007 Undercover Multifunction'. Entity 2: 'Samsung Portable SSD T7 Touch 1TB - Zilver'.,No
Do the two product descriptions refer to the same real-world product? Entity 1: 'Fujifilm XF 56mm f/1.2 R'. Entity 2: 'D'Addario XT Acoustic Phosphor Bronze Medium Guitar Strings 13-56'.,No
"Do the two product descriptions refer to the same real-world product? Entity 1: 'Corsair DDR4 Vengeance LPX 16GB/2133(2*8GB) CL13-15-15-28 1,20V XMP2.0'. Entity 2: 'Wd Blue 3D Nand 250Gb Pc Ssd - Sata Iii 6Gb/S M.2 2280 Solid State Drive'.",No
"Do the two product descriptions refer to the same real-world product? Entity 1: 'DDR4 Vengeance LPX 16GB/3200(2*8GB) CL16-18-18-36 BLACK 1,35VXMP 2.0'. Entity 2: 'Corsair DDR4 Vengeance LPX 16GB/2133(2*8GB) CL13-15-15-28 1,20V XMP2.0'.",No
Do the two product descriptions refer to the same real-world product? Entity 1: '8GB Corsair ValueSelect DDR4-2133 DIMM CL15 Single'. Entity 2: 'Corsair Value Select 8GB PC4-17000 - 8 GB - 1 x 8 GB - DDR4 - 2133 MHz - 288-pin DIMM'.,Yes
Do the two product descriptions refer to the same real-world product? Entity 1: 'SANDISK EXTREME PRO SDXC 256GB V30 UHS-I U3 - SDSDXXY-256G-GN4IN'. Entity 2: 'SANDISK EXTREME PRO SDXC 256GB 170MB/S C10 U3'.,Yes
Do the two product descriptions refer to the same real-world product? Entity 1: 'WD 1TB Blue SN550 NVME M.2 SSD (WDS100T2B0C) (Warranty 5years with WD SG)'. Entity 2: 'WD BLUE 1TB SN550 NVME M.2 2280 SSD (WDS100T2B0C)'.,Yes
"Do the two product descriptions refer to the same real-world product? Entity 1: '16GB Vengeance LPX DDR4 2400MHz, CL14, Black, DIMM Memory'. Entity 2: 'Corsair Vengeance LPX 16GB DDR4 2400MHz(CMK16GX4M1A2400C14)'.",Yes
Do the two product descriptions refer to the same real-world product? Entity 1: 'Kappe New Era NY Yankees MLB 9Fifty Cap'. Entity 2: 'APC APCrbc110 Replacement Battery Cartridge #110'.,No
Do the two product descriptions refer to the same real-world product? Entity 1: 'Sigma 105mm F1.4 Art DG HSM EOS Mount Lens'. Entity 2: 'Sigma 35mm F1.4 DG Art HSM EOS Mount Lens'.,No
Do the two product descriptions refer to the same real-world product? Entity 1: 'ASUS NVIDIA GeForce RTX 2060 SUPER 8GB TURBO EVO Turing Graphics Card'. Entity 2: 'Gigabyte GeForce RTX 2060 SUPER 8GB Aorus'.,No
Do the two product descriptions refer to the same real-world product? Entity 1: 'Traveler's Notebook Refill - Sketch Paper'. Entity 2: 'Hydro Flask 32 oz Wide Mouth Flex Cap Bottle in Sunflower'.,No
Do the two product descriptions refer to the same real-world product? Entity 1: 'Intel Core i7 9700F 9th Gen Desktop Processor/CPU Retail - No iGPU'. Entity 2: 'TAG Heuer Monaco Men's Blue Leather Strap Watch'.,No
Do the two product descriptions refer to the same real-world product? Entity 1: 'APC APCRBC117 Replacement Battery Cartridge #117'. Entity 2: 'Diadema Logitech H390 USB Computer ...'.,No
Do the two product descriptions refer to the same real-world product? Entity 1: 'Nikon AF-S NIKKOR 24-85mm f/3.5-4.5 G ED VR Lens'. Entity 2: 'Access Point|TP-LINK|300 Mbps|IEEE 802.3af|IEEE 802.11b|IEEE 802.11g|IEEE 802.11n|1xRJ45|Number of antennas 2|EAP115'.,No
Do the two product descriptions refer to the same real-world product? Entity 1: 'Zebra 800015-301 (Eltron) Black (K) Resin Ribbon - 1500 Prints'. Entity 2: 'Traveler's Notebook Refill - Sketch Paper'.,No
"Do the two product descriptions refer to the same real-world product? Entity 1: 'RAM Mount Double Socket Clamp Arm - SHORT - for 1.5\"" C Size Balls'. Entity 2: 'RAM Double Socket Clamp Arm SHORT'.",No
Do the two product descriptions refer to the same real-world product? Entity 1: 'Mavic 2 Part11 Car Charger'. Entity 2: 'DJI Mavic Air Car Charger'.,No
Do the two product descriptions refer to the same real-world product? Entity 1: 'Šilterica New Era Clean Trucker Chicago Bulls Cap'. Entity 2: 'Cappello New Era Clean Trucker Chicago Bulls Cap'.,Yes
"Do the two product descriptions refer to the same real-world product? Entity 1: 'BROTHER HL-L6200DW WIRELESSMONO LASER PRINTER WITH2-Sided PRINTING(46 PPM, 520 Sheets Paper...'. Entity 2: 'Dymo Label Casette D1 (19mm x 7m - Black On White)'.",No
"Do the two product descriptions refer to the same real-world product? Entity 1: 'Life Extension Super Ubiquinol COQ10 with Enhanced Mitochondrial Support 100 mg, 60 Count'. Entity 2: 'Kappe New Era NFL New Orleans Saints 9Fifty Cap'.",No
"Do the two product descriptions refer to the same real-world product? Entity 1: 'Ubiquiti UVC-G3-BULLET (Formerly UVC-G3-AF) UniFi Video Camera G3 1080p PoE IP Camera'. Entity 2: '3M - Privacy Filter 23.0\""\"" Framed'.",No
Do the two product descriptions refer to the same real-world product? Entity 1: 'APC Smart-UPS SRT 3000VA RM 230V SRT3000RMXLI'. Entity 2: 'APC Smart UPS RM 3000VA'.,Yes
"Do the two product descriptions refer to the same real-world product? Entity 1: 'Corsair Vengeance LPX, 16GB, DDR4 memory module 2133 MHz'. Entity 2: 'Samsung 970 EVO 500GB - NVMe PCIe M.2 2280 SSD | MZ-V7E500BW'.",No
"Do the two product descriptions refer to the same real-world product? Entity 1: 'BenQ GW2480 23.8 inch LED IPS Monitor - Full HD, 5ms, Speakers'. Entity 2: 'PHILIPS MONITOR LED IPS 24\"" (23.8) 16:9 FULLHD VGA DVI HDMI 243V7QDSB'.",No
Do the two product descriptions refer to the same real-world product? Entity 1: 'APC RBC140 Replacement Battery Cartridge'. Entity 2: 'APC Replacement Battery Cartridge #133UPS battery - Lead Acid'.,No
Do the two product descriptions refer to the same real-world product? Entity 1: 'Buy Quality Replica Omega Seamaster Planet Ocean 600M Steel Chronometer Chronograph Watch 215.30.46.51.01.001'. Entity 2: 'AAA Replica Omega Seamaster Planet Ocean 600M Chronograph Stainless Steel Blue Watch 215.30.46.51.03.001'.,No
Do the two product descriptions refer to the same real-world product? Entity 1: 'Kingston Pendrive DataTraveler 100 G3 256GB USB 3.0'. Entity 2: 'ASUS TUF X470 Plus Gaming with Aura Sync RGB LED lighting AM4 DDR4 HDMI DVI M.2 ATX Motherboard'.,No
Do the two product descriptions refer to the same real-world product? Entity 1: 'Hydro Flask 32 oz Wide Mouth Flex Cap Bottle in Sunflower'. Entity 2: 'Hydro Flask 32 oz. Wide Mouth 2.0 Flex Cap Hibiscus'.,No
Do the two product descriptions refer to the same real-world product? Entity 1: 'Šilterica New Era Clean Trucker Chicago Bulls Cap'. Entity 2: 'Epson T7551 (Prentar 5000 síður) XL svart blekhylki (100ml) fyrir WorkForce WF-8XXX prentara'.,No
Do the two product descriptions refer to the same real-world product? Entity 1: 'Kingston HyperX Fury 16GB DDR4 3200MHz CL16 Ram'. Entity 2: 'PH-GTX1660S-O6G 6 GB Geforce GTX 1660 Super Overclocked Phoenix Fan Edition Hdmi DP Dvi Graphics Card'.,No
Do the two product descriptions refer to the same real-world product? Entity 1: 'TURBO HD DVRDS-7216HQHI-K1 1080P'. Entity 2: 'Cisco Catalyst 2960-Plus 48TC-L - switch - 48 ports - managed - rack-mounta'.,No
Do the two product descriptions refer to the same real-world product? Entity 1: 'Bosch KGN34NWEAG Free-standing fridge-freezer'. Entity 2: 'Ram Mount Motorcycle Fork Stem Mount with 1 Ball'.,No
"Do the two product descriptions refer to the same real-world product? Entity 1: 'Kingston Technology DataTraveler microDuo 3C 128GB USB flash drive USB Type-A / USB Type-C 3.0 (3.1 Gen 1) Silver'. Entity 2: 'Maxxis High Roller II 29"" WideTrail Tire - 3C MT DD / 2.5""'.",No
Do the two product descriptions refer to the same real-world product? Entity 1: 'Epson Stylus Pro 9880 Black Photo Ink'. Entity 2: 'Crucial 500GB MX500 M.2 2880 SATA 6Gb/s SSD'.,No
Do the two product descriptions refer to the same real-world product? Entity 1: 'Hydro Flask 32oz Wide Mouth Flex Cap Hibiscus'. Entity 2: 'Hydro Flask 32 oz Wide Mouth Flex Cap Bottle in Sunflower'.,No
"Do the two product descriptions refer to the same real-world product? Entity 1: 'Apple 10.5-inch iPad Air Wi‑Fi 256GB - Silver - MUUR2FD/A'. Entity 2: 'Blaze 40-Inch Cart For 5-Burner Grill, Cart Only'.",No
Do the two product descriptions refer to the same real-world product? Entity 1: '8CH HIKVISION 4MP DVR HDMI TURBO 1080P DS-7208HQHI-K1'. Entity 2: 'Original Epson T1571 Photo Black Ink Cartridge'.,No
"Do the two product descriptions refer to the same real-world product? Entity 1: '32 Oz Wide Mouth With Flex Cap W32BTS001'. Entity 2: 'Jabra Biz 2400 II Mono 3-1, NC, 82 mic, QD'.",No
Do the two product descriptions refer to the same real-world product? Entity 1: 'Garmin VENU Smartwatch Black 010-02173-12 Leather Strap'. Entity 2: 'Switch D-Link DGS-1210-24 20 p 10 / 100 / 1000 Mbps 4 x SFP'.,No
"Do the two product descriptions refer to the same real-world product? Entity 1: 'SanDisk Extreme PRO SD UHS-II USB 3.0'. Entity 2: 'Sandisk 128gb Extreme Pro USB 3.1 Solid State Flash Drive, 420MB/s'.",No
Do the two product descriptions refer to the same real-world product? Entity 1: 'TAG Heuer Automatic Chronograph Watch CBL2111.FC6453'. Entity 2: 'Genuine Canon PGI-29 Grey Ink Cartridge (PGI29GOEM)'.,No
Do the two product descriptions refer to the same real-world product? Entity 1: 'Midori Traveler's Notebook - 012 Sketch Paper Notebook'. Entity 2: 'Traveler's Notebook Refill - Sketch Paper'.,Yes
Do the two product descriptions refer to the same real-world product? Entity 1: 'TONERBROTHER ORIGINALE GIALLO TN-135Y'. Entity 2: 'TRAVELERS REFILL KRAFT PAPER NOTEBOOK 14365006-014'.,No
Do the two product descriptions refer to the same real-world product? Entity 1: 'D-Link Switch 24 Puertos- Red'. Entity 2: 'D-LINK DGS-1210-24P 24-port Gig PoE Switch 4x Combo'.,Yes
Do the two product descriptions refer to the same real-world product? Entity 1: 'HYDRO FLASK HYDRO FLASK 32OZ WIDE MOUTH BOTTLE-BLACK'. Entity 2: 'Kingston Canvas Select Plus SDHC Memory Card UHS-I 4K FULL HD 100MB/s - 32GB'.,No
"Do the two product descriptions refer to the same real-world product? Entity 1: 'Fujifilm XF 56mm F/1.2 R APD Lens'. Entity 2: 'iiyama ProLite XUB2792QSU-B1 27\"" LED LCD Monitor - 16:9 - 5 ms'.",No
Do the two product descriptions refer to the same real-world product? Entity 1: 'Garmin Fenix 5X Plus Sapphire Black Rubber Strap 010-01989-01'. Entity 2: '8CH HIKVISION 4MP DVR HDMI TURBO 1080P DS-7208HQHI-K1'.,No
Do the two product descriptions refer to the same real-world product? Entity 1: 'SRAM SRAM NX Eagle PG-1230 12-Speed Cassette'. Entity 2: 'SRAM NX Eagle PG-1230 Cassetta Pignoni 11-50T 12v 2019'.,Yes
Do the two product descriptions refer to the same real-world product? Entity 1: 'SWITCH TP-LINK 24 PORT GIGA'. Entity 2: 'TISSOT HERITAGE VISODATE QUARTZ T118.410.11.057.00 (T118.410.11.057.00)'.,No
Do the two product descriptions refer to the same real-world product? Entity 1: 'Sony - FE 50mm F1.8 Standard Lens (SEL50F18F)'. Entity 2: 'Sony SEL20F18G.SYX - Sony E-Mount FE 20mm F1.8 G'.,No
Do the two product descriptions refer to the same real-world product? Entity 1: 'Fujifilm XF 56mm f/1.2 R'. Entity 2: 'SEIKO Prospex Automatic Men's 45mm Diver Watch - SPB103J1 – Green Dial'.,No
Do the two product descriptions refer to the same real-world product? Entity 1: 'Tissot T-Sport Seastar 1000 Powermatic 80 Watch T1204071704100'. Entity 2: 'Victron MultiPlus Compact 12/2000/80-30 230V VE.Bus'.,No
"Do the two product descriptions refer to the same real-world product? Entity 1: 'Seagate IronWolf 6TB 3,5'' 256MB ST6000VN0033'. Entity 2: 'Sony SEL-70200G FE 70-200 mm F4 Lens'.",No
Do the two product descriptions refer to the same real-world product? Entity 1: 'Swiss Military Hanowa FLAGSHIP 06-5161.2.04.003 Herrenuhr'. Entity 2: 'Swiss Military Hanowa Flagship 06-5161.2.04.003'.,Yes
"Do the two product descriptions refer to the same real-world product? Entity 1: 'Corsair Carbide SPEC-OMEGA RGB Black ATX Cube Case, Tempered Glass Window, No PSU, 2x USB 3.0, HD Audio, 2x HD120 RGB Fan / Lighting Node PRO pre-installed'. Entity 2: 'Corsair Chassis, Carbide Series SPEC-OMEGA'.",Yes
Do the two product descriptions refer to the same real-world product? Entity 1: 'Garmin Fenix 5X Plus Sapphire Black Rubber Strap 010-01989-01'. Entity 2: 'SWITCH TP-LINK 24 PORT GIGA'.,No
Do the two product descriptions refer to the same real-world product? Entity 1: 'Xerox Phaser 6000/6010 Black Toner'. Entity 2: 'OKI 44992402 Style Black Compatible Toner'.,No
Do the two product descriptions refer to the same real-world product? Entity 1: 'Shimano 105 R7000 Rear Derailleur - 11 Speed'. Entity 2: 'Shimano XT M786 Direct Mount Shadow Plus SGS Long-Cage Rear Derailleur 10 Speed'.,No
Do the two product descriptions refer to the same real-world product? Entity 1: 'KINGSTON MICRO SD CARD CANVAS SELECT PLUS 128GB 100MB/S LIMITED LIFETIME'. Entity 2: 'Cooler Master MasterBox Lite 5 Mid Tower Case'.,No
"Do the two product descriptions refer to the same real-world product? Entity 1: 'Corsair ML120 Pro LED, Red, 120mm Premium Magnetic Levitation Fan'. Entity 2: 'Pokemon TCG:Sword and Shield Rebel Clash Three Booster Blister- Dural'.",No
Do the two product descriptions refer to the same real-world product? Entity 1: 'Evans EC2S 13'' Clear Batter - TT13EC2S'. Entity 2: 'Evans EC2 SST Clear Batter Drumhead 13 in.'.,Yes
"Do the two product descriptions refer to the same real-world product? Entity 1: 'Mouse Gaming RAZER Mamba Elite, 16000 dpi, negru'. Entity 2: 'Razer Viper Mini Optical Ambidextrous RGB Gaming Mouse'.",No
Do the two product descriptions refer to the same real-world product? Entity 1: 'Sram/Avid Road Disc Brake Pads - Road/Level (Organic/Steel Back)'. Entity 2: 'DJI Mavic 2 Pro Drone Quadcopter with Hasselblad Camera HDR Video UAV Adjustable Aperture 20MP 1'.,No
Do the two product descriptions refer to the same real-world product? Entity 1: 'TP-Link EAP225-Outdoor AC1200 Wireless MU-MIMO Gigabit Indoor/Outdoor Access Point'. Entity 2: 'Access Point TP-LINK Wireless N 300Mbs B/G/N - 3 Antenas'.,No
"Do the two product descriptions refer to the same real-world product? Entity 1: 'Boje Canon PG-545 BK 8ml'. Entity 2: 'Canon PG-545 Black Original Ink Cartridge, E Zezë'.",Yes
Do the two product descriptions refer to the same real-world product? Entity 1: 'Logitech HD Pro Webcam C920 - webkamera'. Entity 2: 'LOGITECH C922 PRO STREAM FULL HD WEBCAM (960-001090)-WRTY 1YR W/BANLEONG'.,No
Do the two product descriptions refer to the same real-world product? Entity 1: 'TUF GAMING X570-PLUS Desktop Motherboard - AMD Chipset - Socket AM4'. Entity 2: 'Nikon AF-S NIKKOR FX 50mm F1.8G Lens'.,No
"Do the two product descriptions refer to the same real-world product? Entity 1: 'Corsair 110R Tempered Glass Black ATX Case, Tempered Glass Side Window, No PSU, 2x USB 3.1, HD Audio, 120mm Fan pre-installed'. Entity 2: 'Corsair Carbide SPEC-OMEGA RGB Black ATX Cube Case, Tempered Glass Window, No PSU, 2x USB 3.0, HD Audio, 2x HD120 RGB Fan / Lighting Node PRO pre-installed'.",No
Do the two product descriptions refer to the same real-world product? Entity 1: 'Originln toner OKI 44992402 (ern)'. Entity 2: 'Ernie Ball Hybrid Slinky 9-46'.,No
Do the two product descriptions refer to the same real-world product? Entity 1: 'SRAM Disc Brake Pad Set Organic Compound'. Entity 2: 'SRAM AM BRAKE PAD GUIDE/TRL STLSIN 1 SET'.,No
Do the two product descriptions refer to the same real-world product? Entity 1: 'Asus MBTUF B450M-Plus Gaming / AM4 / B450 / m.2 / mATX'. Entity 2: 'Asus PRIME B450-PLUS AM4 DDR4 ATX Motherboard'.,No
"Do the two product descriptions refer to the same real-world product? Entity 1: 'Maxxis High Roller II 29er Dual Compound Folding Tubeless Ready Mountain Bike'. Entity 2: 'Epson S050189 Cyan, High Capacity Toner Cartridge'.",No
Do the two product descriptions refer to the same real-world product? Entity 1: 'Asus TUF X470-Plus Gaming Socket AM4 ATX AMD'. Entity 2: 'Cheap Replica Audemars Piguet Royal Oak Offshore Chronograph Watch 26470ST.OO.A099CR.01'.,No
"Do the two product descriptions refer to the same real-world product? Entity 1: 'D-Link DGS-1210-28P'. Entity 2: 'D-Link DGS-1210-28P 24-port 1Gb Smart Switch, 4x SFP, PoE'.",Yes
"Do the two product descriptions refer to the same real-world product? Entity 1: 'Sandisk 128gb Extreme Pro USB 3.1 Solid State Flash Drive, 420MB/s'. Entity 2: 'Manfrotto MVK500AM Fluid Video System'.",No
"Do the two product descriptions refer to the same real-world product? Entity 1: 'WD Blue 1TB 2.5"" SATA Internal Solid State Drive SSD 550MB/s HDD | Discount Computer Needs'. Entity 2: 'WD Wds100t2b0a 1tb Blue 3d Nand SSD'.",Yes
Do the two product descriptions refer to the same real-world product? Entity 1: 'GARMIN FENIX 5 GRAY BLACK 010-01688-00'. Entity 2: 'Lacie 5TB USB-C Mobile Drive prenosni disk'.,No
Do the two product descriptions refer to the same real-world product? Entity 1: 'EPSON Ink bar WF-8xxx Series Ink Cartridge XL Yellow - 4000str. (39 ml)'. Entity 2: 'Epson C13T755440 T7554 Yellow Ink 39ml'.,Yes
"Do the two product descriptions refer to the same real-world product? Entity 1: 'DS-7208HUHI-k2-P 8 Channel DVR Turbo 4.0 PoC 5MP'. Entity 2: 'DVR 8 canale, Turbo HD, 6MP, PoC, Hikvision DS-7208HQHI-K2-P'.",No
"Do the two product descriptions refer to the same real-world product? Entity 1: 'Jabra Biz 2400 II Mono 3-1 NC IP 2486-820-209'. Entity 2: 'Jabra Biz 2400 II Mono 3-1, NC, 82 mic, QD'.",No
Do the two product descriptions refer to the same real-world product? Entity 1: 'AMD AM4-3400G RYZEN5 3.7GHz'. Entity 2: 'AMD Ryzen 5 3400G Desktop Processor 4 Cores up to 4.2GHz 6MB Cache AM4 Socket (YD3400C5FHBOX)'.,Yes
Do the two product descriptions refer to the same real-world product? Entity 1: 'Cooler Master MasterBox TD500 ARGB Mesh ATX Case Black TG MCB-D500D-KGNN-S01 | PCByte'. Entity 2: 'Epson Tinte schwarz-photo f. R3000'.,No
Do the two product descriptions refer to the same real-world product? Entity 1: 'Pokemon Sword & Shield Booster pack'. Entity 2: 'Pokemon TCG: Sword & Shield Boosters'.,Yes
Do the two product descriptions refer to the same real-world product? Entity 1: 'Daniel Wellington Unisex Classic Sheffield 36mm Rose Gold Black DW00100036'. Entity 2: 'Daniel Wellington DW00100150 Classic Cornwall Rose 36mm Black'.,No
Do the two product descriptions refer to the same real-world product? Entity 1: 'Audio Technica ATH-M50xWH Professional Studio Monitor Headphones'. Entity 2: 'Audio Technica ATH-M40x Professional Monitor Headphones'.,No
"Do the two product descriptions refer to the same real-world product? Entity 1: 'Ubiquiti Networks UVC-G3-LED security camera accessory'. Entity 2: 'UBIQUITI - UVC G3 Bullet Camera, 3-pack'.",No
Do the two product descriptions refer to the same real-world product? Entity 1: 'Sony SEL 30mm 3.5 Makro E-Mount'. Entity 2: 'ADAPTADOR INALAMBRICO TP-LINK/USB 2.0/N300/QSS/TL-WN821N'.,No
"Do the two product descriptions refer to the same real-world product? Entity 1: 'Epson Tinte T6935 Matt Black UltraChrome, 350 ml'. Entity 2: 'Miška Razer Viper Ultimate Wireless'.",No
Do the two product descriptions refer to the same real-world product? Entity 1: 'Epson Tinte matte schwarz 700ml f. 7900/9900'. Entity 2: 'ASUS PRIME X570-PRO (AM4) (D) (90MB11B0-M0EAY0)'.,No
Do the two product descriptions refer to the same real-world product? Entity 1: 'Sony SEL24240 FE 24-240mm f/3.5-6.3 OSS Zoom Lens for Mirrorless Cameras'. Entity 2: 'Ubiquiti UniFi Full HD IRNV Indoor Micro Security Camera'.,No
Do the two product descriptions refer to the same real-world product? Entity 1: 'Nikon AF-S NIKKOR 24-85mm f/3.5-4.5 G ED VR Lens'. Entity 2: 'Samyang 24mm f1.4 ED AS IF UMC Lens - Nikon Fit'.,No
Do the two product descriptions refer to the same real-world product? Entity 1: 'Razer Viper Mini Optical Ambidextrous RGB Gaming Mouse'. Entity 2: 'Ext. HDD LaCie Mobile Drive 2TB USB-C'.,No
"Do the two product descriptions refer to the same real-world product? Entity 1: 'Canon Multipack PGI-72multi1 (6403B007)'. Entity 2: 'CORSAIR CRYSTAL 570X RGB Mid-Tower Case, 3 RGB Fans, Tempered Glass - White| CC-9011110-WW'.",No
Do the two product descriptions refer to the same real-world product? Entity 1: 'SRAM Disc Brake Pad Organic Hrd'. Entity 2: 'Zebra ZXP Series 1Black Monochrome Ribbon K - 1000 Prints 800011-101'.,No
Do the two product descriptions refer to the same real-world product? Entity 1: 'Catalyst 2960 Plus 48 10/100 +'. Entity 2: 'SanDisk Extreme PRO SD UHS-II USB 3.0'.,No
Do the two product descriptions refer to the same real-world product? Entity 1: 'Canon PGI-29 Ink Tank Grey 4871B001AA CO68194'. Entity 2: 'Genuine Canon PGI-29 Grey Ink Cartridge (PGI29GOEM)'.,Yes
"Do the two product descriptions refer to the same real-world product? Entity 1: 'Seagate NAS HDD IronWolf - 3.5\"" - 10000 GB - 7200 RPM ST10000VN0008'. Entity 2: 'Manfrotto MVH502AH Fluid Video Head with MT055XPRO3 Tripod'.",No
"Do the two product descriptions refer to the same real-world product? Entity 1: 'Traveler's Notebook Starter Kit (Passport Size) - Blue'. Entity 2: 'RAM 3.3\"" DIA. SUCT CUP W 1\"" BALL'.",No
Do the two product descriptions refer to the same real-world product? Entity 1: 'Western Digital Western Digital 2TB Blue'. Entity 2: 'Traveler's Notebook Starter Kit (Passport Size) - Blue'.,No
"Do the two product descriptions refer to the same real-world product? Entity 1: 'Samsung 970 Evo 500GB NVME M.2 High Speed Solid State Drive with V-Nand'. Entity 2: 'SAMSUNG 970 EVO PLUS M.2 2280 500GB PCIe Gen 3.0 x4, NVMe 1.3 V-NAND 3-bit MLC Internal Solid State Drive (SSD) MZ-V7S500B/AM'.",No
Do the two product descriptions refer to the same real-world product? Entity 1: 'Samsung Portable SSD T7 Touch 1TB - Zilver'. Entity 2: 'MultiPlus Inverter/Charger C 12/2000/80-30'.,No
Do the two product descriptions refer to the same real-world product? Entity 1: 'Omega Seamaster DIVER 300MOMEGA CO-AXIAL MASTER CHRONOMETER 42 MM'. Entity 2: 'Seamaster Planet Ocean 600 M Omega Co-Axial Master Chronometer Chronograph 215.30.46.51.03.001'.,No
Do the two product descriptions refer to the same real-world product? Entity 1: 'Seiko Presage Watch Zen Gardens Mens'. Entity 2: 'Mens Daniel Wellington St Mawes 40mm Watch DW00100006'.,No
Do the two product descriptions refer to the same real-world product? Entity 1: 'Samsung 970 EVO 500GB - NVMe PCIe M.2 2280 SSD | MZ-V7E500BW'. Entity 2: 'Originlny toner CANON CRG-707 C (Azrov)'.,No
Do the two product descriptions refer to the same real-world product? Entity 1: 'SRAM Disc Brake Pad Set Organic Compound'. Entity 2: 'EPSON Premium Glossy Photo Paper A4/30ks'.,No
"Do the two product descriptions refer to the same real-world product? Entity 1: 'BenQ GW2480 23.8"" Full HD IPS Monitor'. Entity 2: 'Jabra BIZ 2300 USB MS Duo'.",No
Do the two product descriptions refer to the same real-world product? Entity 1: 'HYDRO FLASK HYDRO FLASK 21OZ STANDARD MOUTH BOTTLE-OLIVE'. Entity 2: '21 oz Standard Mouth With Standard S21SX306'.,Yes
Do the two product descriptions refer to the same real-world product? Entity 1: 'HIKVISION DS-7208HQHI-K1 2 MEGAPIXEL HYBRID 8 CHANNEL (8CH) DVR'. Entity 2: 'HIKVISION DS-7208HUHI-K1 5 MEGAPIXEL (5MP) HYBRID 8 CHANNEL DVR'.,No
Do the two product descriptions refer to the same real-world product? Entity 1: 'SanDisk Extreme PRO SD UHS-II Card Reader/Writer'. Entity 2: 'SanDisk Extreme Pro SD Card 32GB 300MB/s UHS-II'.,No
Do the two product descriptions refer to the same real-world product? Entity 1: 'TP-Link TL-WN725N 150MbpsWireless USB NANO adapter'. Entity 2: 'SANDISK EXTREME SDXC 128GB 150MB/S C10 U3'.,No
Do the two product descriptions refer to the same real-world product? Entity 1: 'TP-LINK EAP110 Access point - Wit'. Entity 2: 'TP-Link EAP225 Outdoor Access Point'.,No
Do the two product descriptions refer to the same real-world product? Entity 1: 'Tissot T-Sport Seastar 1000 Chronograph Watch T1204171105100'. Entity 2: 'CANON EF 100mm/2.8L macro IS USME67'.,No
"Do the two product descriptions refer to the same real-world product? Entity 1: 'Access Point TP-LINK Wireless N 300Mbs B/G/N - 3 Antenas'. Entity 2: 'Maxxis High Roller II Tire - 27.5 x 2.4, Tubeless, Folding, Black, 3C Maxx Terra, EXO'.",No
"Do the two product descriptions refer to the same real-world product? Entity 1: 'Corsair ML140 Pro LED Blue 140mm Magnetic Levitation Fan | Discount Computer Needs'. Entity 2: 'Corsair ML140 Pro LED, Blue, 140mm Premium Magnetic Levitation Cooling Fan CO-9050048-WW'.",Yes
"Do the two product descriptions refer to the same real-world product? Entity 1: 'Memoria USB Kingston Technology - Color blanco, 16 GB, USB 3.0'. Entity 2: 'Kingston DataTraveler G4 - USB flash drive - 16 GB - USB 3.0 - blue'.",Yes
Do the two product descriptions refer to the same real-world product? Entity 1: 'ASUS TUF Gaming TUF 3-RX5700XT-O8G-GAMING Radeon RX 5700 XT 8 GB GDDR6'. Entity 2: 'ASUS Radeon RX 5700 XT TUF OC 8GB GDDR6'.,Yes
Do the two product descriptions refer to the same real-world product? Entity 1: 'Corsair 8GB (1x8GB) 3000MHz CL16 Vengeance LPX Black'. Entity 2: 'Corsair Vengeance LPX CMK8GX4M1A2666C16 8GB (1x8GB) 2666Mhz DDR4'.,No
Do the two product descriptions refer to the same real-world product? Entity 1: 'Corsair Carbide SPEC-01 Tower Black'. Entity 2: 'Corsair Carbide Spec-01 Red LED Mid-Tower Case'.,Yes
Do the two product descriptions refer to the same real-world product? Entity 1: 'Epson - Ink Cartridge Black 10K'. Entity 2: 'EPSON cartridge T7891 black (WorkForce5)'.,No
Do the two product descriptions refer to the same real-world product? Entity 1: 'Kingston 16GB/3333MHz DDR-4 HyperX Predator XMP (Kit! 2db 8GB) (HX433C16PB3K2/16) memória'. Entity 2: 'HyperX Predator 16GB - PC4-26600 - DIMM'.,Yes
Do the two product descriptions refer to the same real-world product? Entity 1: 'Atomos ATOM-CAB010 Full To Full Hdmi Coiled Cable'. Entity 2: 'Ubiquiti IR LED Range Extender'.,No
Do the two product descriptions refer to the same real-world product? Entity 1: 'Razer DeathAdder V2 mouse USB Type-A Right-hand'. Entity 2: 'Razer Viper Ultimate & Mouse Dock'.,No
Do the two product descriptions refer to the same real-world product? Entity 1: 'Fujifilm Instax Square Film Twin Pack 20 Shots'. Entity 2: 'Fujifilm Instax Square Film 20 Pack'.,Yes
Do the two product descriptions refer to the same real-world product? Entity 1: 'LaCie - Lacie Rugged USB-C Hard Drives - 2TB & 5TB'. Entity 2: 'Lacie 5TB USB-C Mobile Drive prenosni disk'.,No
"Do the two product descriptions refer to the same real-world product? Entity 1: 'RAM Mount 3.5\"" Twist Lock Suction Cup Base with 1\"" Ball'. Entity 2: 'RAM 2.75\"" Diameter Suction Cup Base with 1\"" Ball'.",No
"Do the two product descriptions refer to the same real-world product? Entity 1: 'SanDisk Ultra Flair 32GB USB 3.0 Pen Drive'. Entity 2: 'SanDisk USB 3.0 Flash Drive Ultra Flair 32 GB Black, Silver'.",Yes
Do the two product descriptions refer to the same real-world product? Entity 1: 'Jabra EVOLVE 65 UC Mono (6593-829-409)'. Entity 2: 'JABRA EVOLVE 20 UC Mono'.,No
Do the two product descriptions refer to the same real-world product? Entity 1: 'Corsair Crystal Series 570X RGB ATX Mid-Tower Case Tempered Glass Black'. Entity 2: 'Corsair Crystal Series 570X RGB CC-9011098-WW Steel / Tempered Glass ATX Mid Tower Case'.,Yes
Do the two product descriptions refer to the same real-world product? Entity 1: 'Fujifilm XF 56mm f/1.2 R'. Entity 2: 'Fujifilm FUJINON XF-56mm f1.2'.,Yes
Do the two product descriptions refer to the same real-world product? Entity 1: 'Laser Toner Cartridge compatible with Samsung MLT-D103L/ELS High Capacity'. Entity 2: 'Cartus compatibil Samsung CLT-K406S'.,No
"Do the two product descriptions refer to the same real-world product? Entity 1: '3M - Lightweight 300 Privacy Filter PF322WSkjermfilter mot innsyn, m/ramme 20\""-23\""W (30,7 x 48,5)'. Entity 2: 'Oakley Jawbreaker 31 Mm Matte Black Sunglasses'.",No
"Do the two product descriptions refer to the same real-world product? Entity 1: 'Maxxis Minion DHR II 29\"" DD/3C/TR'. Entity 2: 'Reifen Maxxis 29x2.30 Minion DHR II DoubleDown'.",Yes
"Do the two product descriptions refer to the same real-world product? Entity 1: 'RAP-B-224-1U RAM Mounts 3.3\"" Diameter Suction Cup Base with 1\"" Composite Ball'. Entity 2: 'RAM 3.3\"" DIA. SUCT CUP W 1\"" BALL'.",No
"Do the two product descriptions refer to the same real-world product? Entity 1: 'Razer Basilisk V2 Wired Ergonomic Gaming Mouse, 11 Programmable Buttons | RZ01-03160100-R3M1'. Entity 2: 'Razer Viper Mini Ultra-Lightweight USB RGB Optical Gaming Mouse (RZ01-03250100-R3M1)'.",No
Do the two product descriptions refer to the same real-world product? Entity 1: 'Omega Seamaster Planet Ocean Automatic Chronograph Two-Tone Rubber Watch 215.32.46.51.01.001'. Entity 2: '215.30.46.51.01.001 Omega Seamaster Planet Ocean Chronograph 45.5mm'.,No
"Do the two product descriptions refer to the same real-world product? Entity 1: 'Maxxis Tire Assegai 3C MAXXTERRA/EXO+/TR Foldable 27.5x2.50WT'. Entity 2: 'Maxxis Assegai Tire - 27.5 x 2.5, Folding, Tubeless, Black, 3C Maxx Terra, EXO+, Wide Trail'.",Yes
Do the two product descriptions refer to the same real-world product? Entity 1: 'Ubiquiti IR LED Range Extender'. Entity 2: 'Ubiquiti Networks UVC-G3-LED security camera accessory'.,Yes
Do the two product descriptions refer to the same real-world product? Entity 1: 'Jabra Evolve 20 SE Special Edition UC monaural USB'. Entity 2: 'Pokemon TCG:Sword and Shield Rebel Clash Three Booster Blister- Dural'.,No
Do the two product descriptions refer to the same real-world product? Entity 1: 'Sigma 50mm F1.4 DG HSM Canon [ART]'. Entity 2: '0000012890| Sigma 50mm f/1.4 DG HSM Art for Canon'.,Yes
Do the two product descriptions refer to the same real-world product? Entity 1: 'Cooler Master MasterBox TD500 ARGB Mesh ATX Case Black TG MCB-D500D-KGNN-S01 | PCByte'. Entity 2: 'Cooler Master MasterBox Lite 5 Mid Tower Case'.,No
Do the two product descriptions refer to the same real-world product? Entity 1: 'Canon EF 100mm F2.8 L IS USM Macro Lens'. Entity 2: 'CANON EF 100mm/2.8L macro IS USME67'.,Yes
Do the two product descriptions refer to the same real-world product? Entity 1: 'Sony SEL-70200G FE 70-200 mm F4 Lens'. Entity 2: 'Sony FE 24mm F1.4 GM Lens + Bonus'.,No
"Do the two product descriptions refer to the same real-world product? Entity 1: 'Kingston DataTraveler G4 - USB flash drive - 16 GB - USB 3.0 - blue'. Entity 2: 'SanDisk USB 3.0 Flash Drive Ultra Flair 32 GB Black, Silver'.",No
"Do the two product descriptions refer to the same real-world product? Entity 1: 'Intel Processor, Core i7-8700K 8th Gen'. Entity 2: 'Kingston 16GB/3333MHz DDR-4 HyperX Predator XMP (Kit! 2db 8GB) (HX433C16PB3K2/16) memória'.",No
Do the two product descriptions refer to the same real-world product? Entity 1: 'Logitech G G402 Hyperion Fury Oyuncu Mouse 910-004068'. Entity 2: 'LOGITECH | G402 Hyperion Fury FPS Gaming Mouse | 910-004068'.,Yes
"Do the two product descriptions refer to the same real-world product? Entity 1: 'Corsair Vengeance LPX 16GB DDR4 2400MHz(CMK16GX4M1A2400C14)'. Entity 2: 'Corsair Vengeance LPX, 16GB, DDR4 memory module 2133 MHz'.",No
Do the two product descriptions refer to the same real-world product? Entity 1: 'KINGSTON MICRO SD CARD CANVAS SELECT PLUS 128GB 100MB/S LIMITED LIFETIME'. Entity 2: 'Lexmark - Toner cartridge -black - 3500 pages - LRPE260A11E'.,No
"Do the two product descriptions refer to the same real-world product? Entity 1: 'Monitor 27 SW271 LED 5ms/QHD/IPS/HDMI/DP/USB'. Entity 2: 'BenQ LCD SW2700PT 27\"" W/IPS LED/2560x1440/5ms/DVI-DL/HDMI/2xUSB3.0/Flicker-free/VESA 9H.LDKLB.QBE'.",No
Do the two product descriptions refer to the same real-world product? Entity 1: 'Epson Ink Cartridge - Matte Black 700ml'. Entity 2: 'Epson Tinte matte schwarz 700ml f. 7900/9900'.,Yes
Do the two product descriptions refer to the same real-world product? Entity 1: 'Super Ubiquinol CoQ10 with Enhanced Mitochondrial Support 100 mg'. Entity 2: 'CRUCIAL - DDR3 8GB 1600Hz CL11 Unbuffered CT102472BD160B'.,No
Do the two product descriptions refer to the same real-world product? Entity 1: 'Shimano M05 Disc Brake Pads (Deore) (Resin)'. Entity 2: 'KINGSTON 64GB USB 3.0 DataTraveler SE9 G2 (Kovový) DTSE9G2/64GB'.,No
Do the two product descriptions refer to the same real-world product? Entity 1: 'Logitech H650e USB PC Headset'. Entity 2: 'LOGITECH AURICULARES H650E STEREO USB'.,Yes
Do the two product descriptions refer to the same real-world product? Entity 1: 'GIGABYTE Radeon RX 5500 XT OC - 4GB GDDR6 RAM - Grafikkort'. Entity 2: 'Gigabyte Radeon RX 5500 XT OC 4GB GDDR6'.,Yes
Do the two product descriptions refer to the same real-world product? Entity 1: 'AMD Ryzen 5 1500X Wraith Spire Cooler'. Entity 2: '0000012890| Sigma 50mm f/1.4 DG HSM Art for Canon'.,No
Do the two product descriptions refer to the same real-world product? Entity 1: 'APC Smart-UPS SRT 10000VA SRT10KXLI'. Entity 2: 'APC Smart-UPS SRT 6000VA RM 230V'.,No
Do the two product descriptions refer to the same real-world product? Entity 1: 'Razer Viper Mini Optical Ambidextrous RGB Gaming Mouse'. Entity 2: 'Razer Viper Mini Ultra-Lightweight USB RGB Optical Gaming Mouse (RZ01-03250100-R3M1)'.,Yes
Do the two product descriptions refer to the same real-world product? Entity 1: 'SWITCH TP-LINK 24 PORT GIGA'. Entity 2: 'D-Link Switch 24 Puertos- Red'.,No
"Do the two product descriptions refer to the same real-world product? Entity 1: 'EPSON S042091 premium glossy photo paper 255g/m², A2/25vel'. Entity 2: 'Intel Core i7-10700KF Prosessor'.",No
Do the two product descriptions refer to the same real-world product? Entity 1: 'JABRA EVOLVE 20 UC Mono'. Entity 2: 'Evolve 20 Special Edition Mono MS'.,No
"Do the two product descriptions refer to the same real-world product? Entity 1: 'Epson S050189 Cyan, High Capacity Toner Cartridge'. Entity 2: 'Epson oryginalny tusz T2982 29 cyan'.",No
Do the two product descriptions refer to the same real-world product? Entity 1: 'Evolis RCT023NAA Black Monochrome Ribbon'. Entity 2: 'EVOLIS RCT023NAA BLACK MONOCHROME RIBBON (2000 PRINTS)'.,Yes
Do the two product descriptions refer to the same real-world product? Entity 1: 'OBUDOWA COOLER MASTER MASTERCASE H500M MIDI TOWER Z OKNEM BEZ PSU WENTYLATOR LED ARGB'. Entity 2: 'Shimano 105 RD-R7000 GS Rear Derailleur'.,No
Do the two product descriptions refer to the same real-world product? Entity 1: 'Cisco Catalyst WS-C2960X-24PD-L 24 Ports ManagedRack Mountable Switch'. Entity 2: 'Sony E-Mount FE 20mm f/1.8 Ultra Wide Angle G Lens'.,No
Do the two product descriptions refer to the same real-world product? Entity 1: 'Ubiquiti UniFi Video Camera G3 FLEX 3-Pack UVC-G3-FLEX-3 Ubiquiti'. Entity 2: 'Ubiquiti UVC-G3-FLEX-3 UniFi Protect G3 FLEX Camera 3-Pack'.,Yes
"Do the two product descriptions refer to the same real-world product? Entity 1: 'Razer DeathAdder V2 Ergonomic Wired Gaming Mouse (RZ01-03210100-R3M1) (Warranty 2years with Ban Leong)'. Entity 2: 'Maxxis Maxxis Minion DHR II Tire: 29 x 2.40"", Folding, 60tpi, 3C MaxxGrip 2- Ply, Tubeless Ready, Wide Trail, Black'.",No
Do the two product descriptions refer to the same real-world product? Entity 1: 'Samsung Portable SSD T7 Touch 1TB - Zilver'. Entity 2: 'Samsung Portable SSD T7 Touch - Black - 2TB'.,No
"Do the two product descriptions refer to the same real-world product? Entity 1: 'Corsair Crystal 460X RGB ATX Mid Tower Case - Black'. Entity 2: 'Corsair iCUE 465X RGB Mid-Tower White ATX Case, T/G Window, No PSU'.",No
Do the two product descriptions refer to the same real-world product? Entity 1: 'AAA Replica Audemars Piguet Royal Oak Chronograph Black Dail Watch 26331ST.OO.1220ST.02'. Entity 2: 'Pre-Owned Audemars Piguet Royal Oak Chronograph 26331ST.OO.1220ST.03'.,No
"Do the two product descriptions refer to the same real-world product? Entity 1: 'Memoria USB Kingston Technology - Color blanco, 16 GB, USB 3.0'. Entity 2: 'Wireless TP-LINK Wireless Lan TL-WN781ND'.",No
"Do the two product descriptions refer to the same real-world product? Entity 1: 'Sram Force22 PG-1170, 11sp cassette'. Entity 2: 'SRAM XG-1090 PowerDome-X 10sp Cassette'.",No
Do the two product descriptions refer to the same real-world product? Entity 1: 'Corsair 32GB DDR4 Vengeance LPX 2666MHz Memory Kit Black'. Entity 2: 'Corsair Vengeance LPX 32GB (2x16GB) DDR4 2666MHz(CMK32GX4M2A2666C16)'.,Yes
Do the two product descriptions refer to the same real-world product? Entity 1: 'Ram Mout Triple Ball Adapter'. Entity 2: 'Reifen Maxxis 29x2.30 Minion DHR II DoubleDown'.,No
Do the two product descriptions refer to the same real-world product? Entity 1: 'Sony - FE 50mm F1.8 Standard Lens (SEL50F18F)'. Entity 2: 'Audio Technica ATH-M50xWH Professional Studio Monitor Headphones'.,No
"Do the two product descriptions refer to the same real-world product? Entity 1: 'SanDisk 480GB SSD Plus int 2.5\"" SATA3 SSD (SDSSDA-480G-G26) (Local Warranty with 3years with Local Distributor)'. Entity 2: 'Corsair ML120 Pro LED, Red, 120mm Premium Magnetic Levitation Fan'.",No
"Do the two product descriptions refer to the same real-world product? Entity 1: 'RAM Mounts short arm for 1\"" ball'. Entity 2: 'CORSAIR CRYSTAL 570X RGB Mid-Tower Case, 3 RGB Fans, Tempered Glass - White| CC-9011110-WW'.",No
Do the two product descriptions refer to the same real-world product? Entity 1: 'Jabra BIZ 2300 USB UC Duo'. Entity 2: 'Jabra BIZ 2300 USB MS Mono - headset'.,No
Do the two product descriptions refer to the same real-world product? Entity 1: 'Epson T7551 XL Black High Yield Ink Cartridge C13T755140 / T7551 EP53959'. Entity 2: 'Epson C13T70234010 XL Muste Punainen'.,No
Do the two product descriptions refer to the same real-world product? Entity 1: 'Logitech H650e USB PC Headset'. Entity 2: 'Ubiquiti UniFi Video Camera G4 Pro (UVC-G4-PRO)'.,No
Do the two product descriptions refer to the same real-world product? Entity 1: 'New Era 39THIRTY MLB New York Yankees Fullcap - 10298279'. Entity 2: 'Czapka New Era 39THIRTY New York Yankees - 10298279'.,Yes
Do the two product descriptions refer to the same real-world product? Entity 1: 'Jabra BIZ 2400 Mark II - 3-in-1 Mono Headset'. Entity 2: 'Samsung T7 Touch Black 1TB Portable SSD with Fingerprint ID'.,No
"Do the two product descriptions refer to the same real-world product? Entity 1: '014 Traveler's Notebook Regular- Refill - Kraft Paper Notebook'. Entity 2: 'Jabra Biz 2400 II Mono 3-1, NC, 82 mic, QD'.",No
Do the two product descriptions refer to the same real-world product? Entity 1: 'Shimano Shimano Cs-R9100 Cassette 11-25 Dura-Ace 11-Speed'. Entity 2: 'Shimano Dura-Ace CS-R9100 11-28T 11sp Cassette'.,No
Do the two product descriptions refer to the same real-world product? Entity 1: 'Original Epson T1571 Photo Black Ink Cartridge'. Entity 2: 'Samsung CLT-K406S Black Original Standard Yield Toner Cartridge'.,No
"Do the two product descriptions refer to the same real-world product? Entity 1: 'Epson Tinte T6935 Matt Black UltraChrome, 350 ml'. Entity 2: '(C13T693500) EPSONSCT3000 UltraChrome XD Matte Black'.",Yes
Do the two product descriptions refer to the same real-world product? Entity 1: 'LOGITECH AURICULARES H650E STEREO USB'. Entity 2: 'Western Digital My Book Micro-USB B 3.0 (3.1 Gen 1) 3000GB N'.,No
Do the two product descriptions refer to the same real-world product? Entity 1: 'LOGITECH C270 3MP 1280 X 720PIXELS USB 2.0 BLACK WEBCAM'. Entity 2: 'Ubiquiti UniFi Dual-Band WiFi PoE Access Point UAP-AC-HD - 5 Pack'.,No
Do the two product descriptions refer to the same real-world product? Entity 1: 'LOGITECH C922 PRO STREAM FULL HD WEBCAM (960-001090)-WRTY 1YR W/BANLEONG'. Entity 2: 'HPE 300GB 6G SAS 10K rpm SFF (2.5-inch) SC Enterprise 3yr Warranty HDD'.,No
Do the two product descriptions refer to the same real-world product? Entity 1: 'Orologio Garmin Venu 010-02173-12 Venu'. Entity 2: 'Garmin VENU Smartwatch Black 010-02173-12 Leather Strap'.,Yes
"Do the two product descriptions refer to the same real-world product? Entity 1: 'Epson T0487 Multipack (Black, Cyan, Magenta, Yellow, Light Cyan, Light Magenta)'. Entity 2: 'Epson Tinte T6037 Light Black, 220 ml'.",No
Do the two product descriptions refer to the same real-world product? Entity 1: 'Corsair ML140 140mm PWM Premium Magnetic Levitation Fan - Twin Pack'. Entity 2: 'Corsair ML140 Magnetic Levitation 140mm Case Fan - Twin Pack'.,Yes
Do the two product descriptions refer to the same real-world product? Entity 1: 'Epson T6923 Ultrachrome XD rautt Ink 110ml'. Entity 2: 'Epson Singlepack UltraChrome XD MagentaT692300(110ml)'.,Yes
Do the two product descriptions refer to the same real-world product? Entity 1: 'Toner kompatibel zu Brother TN-200 Black'. Entity 2: 'Pen Drive SanDisk 16GB Cruzer Force USB 2.0'.,No
Do the two product descriptions refer to the same real-world product? Entity 1: 'Brother HL-L8360CDW Laser Printer'. Entity 2: 'Brother HL-L5200DW S/W- Laserdrucker'.,No
Do the two product descriptions refer to the same real-world product? Entity 1: 'Samsung CLT-K406S Black Original Standard Yield Toner Cartridge'. Entity 2: 'EJ16 - Acoustic Phosphor Bronze 12-53'.,No
Do the two product descriptions refer to the same real-world product? Entity 1: 'Kingston Pendrive DataTraveler 100 G3 256GB USB 3.0'. Entity 2: 'SanDisk Ultra Flair 32GB USB 3.0 Pen Drive'.,No
Do the two product descriptions refer to the same real-world product? Entity 1: 'Swiss Military Hanowa FLAGSHIP 06-5161.2.04.003 Herrenuhr'. Entity 2: 'Swiss Military Hanowa FLAGSHIP 06-5161.2.04.007 Herrenuhr'.,No
Do the two product descriptions refer to the same real-world product? Entity 1: 'Cooler Master MasterBox TD500 Mesh Triple ARGB Full Tower Gaming Cabinet with Dual 360mm Radiator Support and Crystalline Tempered Glass'. Entity 2: 'SanDisk 32GB Extreme Pro SDSDXPK-032G-GN4IN SDHC Memory Card C10'.,No
Do the two product descriptions refer to the same real-world product? Entity 1: 'New York Yankees New Era Navy League 9FORTY Adjustable Hat - Men - Navy Blue'. Entity 2: 'Corsair Crystal Series 570X RGB ATX Mid-Tower Case Tempered Glass Black'.,No
"Do the two product descriptions refer to the same real-world product? Entity 1: 'Evans 8\"" TT08EC2S Clear Drum Head'. Entity 2: 'Evans EC2 Clear Drum Head, 8 Inch'.",Yes
Do the two product descriptions refer to the same real-world product? Entity 1: 'Sandisk Cruzer Force 16GB USB 2.0 Flash Drive - SDCZ71-016G-B35'. Entity 2: 'Fujifilm XF 8-16mm F2.8 R LM WR Lens'.,No
Do the two product descriptions refer to the same real-world product? Entity 1: 'Daniel Wellington Mens Classic Sheffield 40mm Rose Gold Black DW00100007'. Entity 2: 'Daniel Wellington Unisex Classic Sheffield 36mm Rose Gold Black DW00100036'.,No
Do the two product descriptions refer to the same real-world product? Entity 1: 'RAZER MAMBA ELITE ERGONOMIC WIRED GAMING MOUSE'. Entity 2: 'Lexmark Toner Sort 3.5k - E360/E460 Return'.,No
Do the two product descriptions refer to the same real-world product? Entity 1: 'SRAM SRAM NX Eagle PG-1230 12-Speed Cassette'. Entity 2: 'APC Replacement Battery Cartridge #124'.,No
Do the two product descriptions refer to the same real-world product? Entity 1: '652589-B21 HP G8 G9 900-GB 6G 10K 2.5 SAS SC'. Entity 2: 'TISSOT SEASTAR 1000 CHRONOGRAPH T120.417.17.041.00 (T120.417.17.041.00)'.,No
Do the two product descriptions refer to the same real-world product? Entity 1: 'Nikon AF-S NIKKOR 24-85mm f/3.5-4.5 G ED VR Lens'. Entity 2: 'Logitech G G402 Hyperion Fury Oyuncu Mouse 910-004068'.,No
"Do the two product descriptions refer to the same real-world product? Entity 1: 'Samsung 860 PRO 2.5\"" 1000 GB Serial ATA III 3D MLC'. Entity 2: 'RAM-B-149ZU - RAM Handlebar Rail Mount with Zinc Coated U-Bolt Base for Rails from 0.5\"" to 1.25\"" in Diameter'.",No
Do the two product descriptions refer to the same real-world product? Entity 1: 'Ubiquiti UniFi AP AC Pro Indoor / Outdoor Access Point 5 Pack'. Entity 2: 'Ubiquiti UniFi AC Pro 5-pack UAP-AC-PRO-5 Ubiquiti'.,Yes
Do the two product descriptions refer to the same real-world product? Entity 1: 'Ubiquiti UniFi AP AC Pro Indoor / Outdoor Access Point 5 Pack'. Entity 2: 'TP-Link EAP225 Outdoor Access Point'.,No
"Do the two product descriptions refer to the same real-world product? Entity 1: 'Crucial BX500 2.5\"" 480 GB Serial ATA III'. Entity 2: 'Crucial BX500 480GB SSD Micron 3D NAND SATA III 6Gb/s 2.5 Internal Solid State Drive'.",Yes
Do the two product descriptions refer to the same real-world product? Entity 1: 'Audio Technica ATH-M50x Professional Monitor Audiophile Headphones - Black'. Entity 2: 'Audio Technica ATH-M40x Professional Monitor Headphones'.,No
"Do the two product descriptions refer to the same real-world product? Entity 1: 'RAM Mount 3.5\"" Twist Lock Suction Cup Base with 1\"" Ball'. Entity 2: 'Manfrotto Befree Advanced Twist Tripod'.",No
Do the two product descriptions refer to the same real-world product? Entity 1: 'Blaze 40-Inch 5-Burner LTE Built-In Liquid Propane Gas Grill With Rear Infrared Burner & Grill Lights'. Entity 2: 'MEMORIA DDR3 KINGSTON HYPERX FURY BLUE 4GB 1600MHZ'.,No
Do the two product descriptions refer to the same real-world product? Entity 1: 'KINGSTON ValueRAM RAM Module - 4 GB (1 x 4 GB) - DDR4 SDRAM'. Entity 2: '4GB DDR3-1866MHz Kingston HyperX Fury Black'.,No
Do the two product descriptions refer to the same real-world product? Entity 1: 'APPLE - Apple AirPods 2 with Wireless Charging Case MRXJ2ZM/A - White'. Entity 2: 'APPLE - AIRPODS WITH WIRELESS CHARGING CASE IN'.,Yes
"Do the two product descriptions refer to the same real-world product? Entity 1: 'XT CS-M8000 11 Speed Cassette'. Entity 2: 'Shimano Deore XT CS-M8000 Cassette 11-speed, silver/grey'.",No
Do the two product descriptions refer to the same real-world product? Entity 1: 'Cappello New Era Clean Trucker 2 NY Yankees Cap'. Entity 2: 'Cappello New Era Clean Trucker Chicago Bulls Cap'.,No
Do the two product descriptions refer to the same real-world product? Entity 1: 'Crucial Crucial Memory 4GB DDR3L 1600 1.35V SODIMM Retail CT51264BF160BJ'. Entity 2: 'Kingston ValueRAM 4GB No Heatsink (1 x 4GB) DDR4 2400MHz SODIMM System Memory'.,No
"Do the two product descriptions refer to the same real-world product? Entity 1: 'Seagate IronWolf Pro ST8000NE001 - Hard drive - 8 TB - internal - 3.5\"" - SATA 6Gb/s - 7200 rpm - buffer_ 256 MB - with 2 years Rescue Data Recovery Service Plan'. Entity 2: 'Western digital wd blue - hdd - 2 tb - interno - 3.5 - sata 6Gb/s - 5400 rpm - buffer: 64 mb'.",No
Do the two product descriptions refer to the same real-world product? Entity 1: 'PH-GTX1660S-O6G 6 GB Geforce GTX 1660 Super Overclocked Phoenix Fan Edition Hdmi DP Dvi Graphics Card'. Entity 2: 'Asus Dual GeForce GTX 1660 6GB OC Edition GDDR5 EVO Graphics Card | 90YV0D11-M0NA00'.,No
Do the two product descriptions refer to the same real-world product? Entity 1: 'XT CS-M8000 11 Speed Cassette'. Entity 2: 'Shimano Shimano Cs-R8000 Cassette 11-28t Ultegra 11-Speed'.,No
Do the two product descriptions refer to the same real-world product? Entity 1: 'Audio Technica ATH-M50x Professional Monitor Audiophile Headphones - Black'. Entity 2: 'SanDisk Extreme PRO SD UHS-II USB 3.0'.,No
Do the two product descriptions refer to the same real-world product? Entity 1: 'Crucial MX500 250GB 2.5 SATA SSD'. Entity 2: 'Cooler Master MasterCase H500 ARGB Mesh Mid Tower ATX Case TG MCM-H500-IGNN-S01 | PCByte'.,No
Do the two product descriptions refer to the same real-world product? Entity 1: 'Carto de memria micro SD Kingston 64Gb XC1 classe 10 Canvas Select'. Entity 2: '64GB SanDisk Extreme micro SD XC Memory Card V-Class 30 U3 4K Video A1 100MB/s'.,No
Do the two product descriptions refer to the same real-world product? Entity 1: 'Ram Mount Motorcycle Fork Stem Mount with 1 Ball'. Entity 2: 'Corsair ML140 Magnetic Levitation 140mm Case Fan - Twin Pack'.,No
Do the two product descriptions refer to the same real-world product? Entity 1: 'Monitor 27 SW271 LED 5ms/QHD/IPS/HDMI/DP/USB'. Entity 2: 'TP-Link TL-WN821 wifi 300Mbps USB adapter TL-WN821N'.,No
Do the two product descriptions refer to the same real-world product? Entity 1: 'Reifen Maxxis 29x2.30 Minion DHR II DoubleDown'. Entity 2: 'instax square film 10pk black'.,No
Do the two product descriptions refer to the same real-world product? Entity 1: 'Tissot Seastar 1000 Powermatic 80 T120.407.11.041.01'. Entity 2: 'Wd Blue 3D Nand 250Gb Pc Ssd - Sata Iii 6Gb/S M.2 2280 Solid State Drive'.,No
"Do the two product descriptions refer to the same real-world product? Entity 1: 'LaCie Mobile Drive 2,5"" 5 TB Moon Silver USB 3.1 Gen 2'. Entity 2: 'LaCie 4TB USB Type-C Mobile Drive (Moon Silver)'.",No
Do the two product descriptions refer to the same real-world product? Entity 1: 'Toner Original Oki Ciano (44844507)'. Entity 2: 'Originlny toner CANON CRG-707 C (Azrov)'.,No
Do the two product descriptions refer to the same real-world product? Entity 1: 'Atomos Coiled Full HDMI to Full HDMI Cable (30cm) - ATOMCAB010'. Entity 2: 'Epson Cartuccia 79xl Magenta Originale per WF-5620 WF-5690 WF-4630 C13T79034010'.,No
"Do the two product descriptions refer to the same real-world product? Entity 1: 'Seagate IronWolf 6TB NAS Internal Hard Drive (3.5"")'. Entity 2: 'Seagate NAS HDD IronWolf - 3.5\"" - 10000 GB - 7200 RPM ST10000VN0008'.",No
Do the two product descriptions refer to the same real-world product? Entity 1: 'Kingston Canvas Select (32GB) MicroSD Card Class 10 UHS-1 U1 with Adaptor'. Entity 2: 'Orologio Garmin Venu 010-02173-12 Venu'.,No
"Do the two product descriptions refer to the same real-world product? Entity 1: 'RAM Mount Base UBolt Mount - Requires RAM Cradle [RAM-B-149ZU]'. Entity 2: 'RAM-B-149ZU - RAM Handlebar Rail Mount with Zinc Coated U-Bolt Base for Rails from 0.5\"" to 1.25\"" in Diameter'.",Yes
Do the two product descriptions refer to the same real-world product? Entity 1: '4GB DDR3-1866MHz Kingston HyperX Fury Black'. Entity 2: 'HyperX 4GB (1x4GB) 1866MHz CL10 Fury Black'.,Yes
Do the two product descriptions refer to the same real-world product? Entity 1: 'Nikon AF-S NIKKOR 24-85mm f/3.5-4.5 G ED VR Lens'. Entity 2: 'Nikon AF-S NIKKOR FX 50mm F1.8G Lens'.,No
"Do the two product descriptions refer to the same real-world product? Entity 1: 'TP-Link TL-SG1024DE 24-Port Gigabit Easy Smart Switch, 24 10/100/1000Mbps RJ45 ports,MTU/Port/Tag-based VLAN, QoS, IGMP Snooping'. Entity 2: 'SWITCH TP-LINK 24 PORT GIGA'.",Yes
"Do the two product descriptions refer to the same real-world product? Entity 1: 'Apple 10.5-inch iPad Air Wi‑Fi 256GB - Silver - MUUR2FD/A'. Entity 2: 'Apple iPad Air Wi-Fi 256 GB Silver - 10.5\"" Tablet - A12 26.67cm-Display'.",Yes
Do the two product descriptions refer to the same real-world product? Entity 1: 'Sigma ART 50mm f/1.4 DG HSM Lens for Nikon'. Entity 2: 'Sigma 50mm F1.4 Art DG HSM Nikon Mount Lens'.,Yes
"Do the two product descriptions refer to the same real-world product? Entity 1: 'RAM Mount Base UBolt Mount - Requires RAM Cradle [RAM-B-149ZU]'. Entity 2: 'RAM 2.25\"" Ball with 2 U-Bolts (RAM-D-235U)'.",No
Do the two product descriptions refer to the same real-world product? Entity 1: 'Elixir 12-String Light 80/20 Bronze Nanoweb Acoustic'. Entity 2: 'Elixir E16052 Nanoweb Phosphor Bronze Acoustic Guitar Strings Light Gauge 12-53'.,No
"Do the two product descriptions refer to the same real-world product? Entity 1: 'Hikvision Wall Mount for AVPIR3 and 23x5G1-I range of Cameras'. Entity 2: 'Ram Mount 2\"" Double Socket Arm for 1\"" Balls'.",No
"Do the two product descriptions refer to the same real-world product? Entity 1: 'Corsair Crystal Series 570X RGB CC-9011098-WW Steel / Tempered Glass ATX Mid Tower Case'. Entity 2: 'CORSAIR CRYSTAL 570X RGB Mid-Tower Case, 3 RGB Fans, Tempered Glass - White| CC-9011110-WW'.",No
Do the two product descriptions refer to the same real-world product? Entity 1: 'Gigabyte NVIDIA GeForce GTX 1650 4GB D6 OC Turing Graphics Card'. Entity 2: 'Karta VGA Gigabyte GeForce GTX 1650 OC 4GB GDDR6 128bit DVI+HDMI+DP PCIe3.0'.,Yes
Do the two product descriptions refer to the same real-world product? Entity 1: 'Fuji Fuji Instax Square Film 1-Pack'. Entity 2: 'Fujifilm Instax Square Film (10 Pack)'.,Yes
Do the two product descriptions refer to the same real-world product? Entity 1: 'HYDRO FLASK HYDRO FLASK 21OZ STANDARD MOUTH BOTTLE-OLIVE'. Entity 2: 'MEMORIA DDR3 KINGSTON HYPERX FURY BLUE 4GB 1600MHZ'.,No
Do the two product descriptions refer to the same real-world product? Entity 1: 'Logitech HD Pro Webcam C920 - webkamera'. Entity 2: 'Epson Premium Glossy Photo Paperphoto paper - 25 sheet(s) - A2'.,No
Do the two product descriptions refer to the same real-world product? Entity 1: 'PH-GTX1660S-O6G 6 GB Geforce GTX 1660 Super Overclocked Phoenix Fan Edition Hdmi DP Dvi Graphics Card'. Entity 2: 'HyperX FURY Blue 4GB (1x4GB) 1600MHz DDR3 Memory'.,No
Do the two product descriptions refer to the same real-world product? Entity 1: 'AMD Ryzen 5 1500X Wraith Spire Cooler'. Entity 2: 'No Break APC Smart-UPS 10Kva Mono230V - SRT10KXLI'.,No
Do the two product descriptions refer to the same real-world product? Entity 1: 'TP-Link EAP110 Auranet Access Point 300Mps'. Entity 2: 'Epson - Ink Cartridge Black 10K'.,No
"Do the two product descriptions refer to the same real-world product? Entity 1: 'DYMO 4500 TAPE BLACK/RED 45017'. Entity 2: 'SDS2/32GB, 32GB SDHC Canvas Select Plus 100R C10 UHS-I U1 V10'.",No
"Do the two product descriptions refer to the same real-world product? Entity 1: 'Sandisk 128gb Extreme Pro USB 3.1 Solid State Flash Drive, 420MB/s'. Entity 2: '128GB Pendrive SanDisk Extreme PRO SSD USB 3.1 420MB/s'.",Yes
Do the two product descriptions refer to the same real-world product? Entity 1: 'Jabra BIZ 2300 USB MS Mono - headset'. Entity 2: 'Jabra BIZ 2300 USB MS Duo'.,No
Do the two product descriptions refer to the same real-world product? Entity 1: 'Processador Amd Am4 Ryzen R5-2400g 3.9ghz 6mb'. Entity 2: 'AMD AM4-3400G RYZEN5 3.7GHz'.,No
Do the two product descriptions refer to the same real-world product? Entity 1: 'WS-C2960L-16TS-LL: Cisco Catalyst WS-C2960L-16TS-LL'. Entity 2: 'Tag Heuer Carrera Quartz Chronograph Stainless Steel Watch CBK2112.BA0715'.,No
Do the two product descriptions refer to the same real-world product? Entity 1: 'LOGITECH Logitech USB Headset H390'. Entity 2: 'EPSON Ink bar WF-8xxx Series Ink Cartridge XL Yellow - 4000str. (39 ml)'.,No
Do the two product descriptions refer to the same real-world product? Entity 1: 'Epson C13T755440 T7554 Yellow Ink 39ml'. Entity 2: 'Samsung Portable SSD T5 - 2TB'.,No
Do the two product descriptions refer to the same real-world product? Entity 1: 'Gigabyte Radeon RX 5500 XT OC 4GB GDDR6'. Entity 2: 'ASUS TUF Gaming TUF 3-RX5700XT-O8G-GAMING Radeon RX 5700 XT 8 GB GDDR6'.,No
Do the two product descriptions refer to the same real-world product? Entity 1: 'Logitech C922 Pro Stream webcam + Tripod (price includes delivery)'. Entity 2: 'SRAM SRAM NX Eagle PG-1230 12-Speed Cassette'.,No
Do the two product descriptions refer to the same real-world product? Entity 1: 'Kingston 16GB DataTraveler microDuo USB 3.0 OTG Flash Drive'. Entity 2: 'Cle Usb KINGSTON 16GB DT MicroDuo USB 3.0 micro USB OTG'.,Yes
"Do the two product descriptions refer to the same real-world product? Entity 1: 'Kingston DataTraveler G4 - USB flash drive - 16 GB - USB 3.0 - blue'. Entity 2: 'Johnnie Walker Blue Label 0,7 ltr.'.",No
"Do the two product descriptions refer to the same real-world product? Entity 1: 'ShimanoSm-Sh10 Spd-Sl Cleats, Fixed'. Entity 2: 'SPD-SL-CLEAT-SET-SM-SH11-(YELLOW)-[6DEGREE]'.",No
Do the two product descriptions refer to the same real-world product? Entity 1: 'Caixa Cooler_Master Caixa para PC NSE-300-KKN1'. Entity 2: 'Cooler Master N300 Mesh ATX Case Black NSE-300-KKN1 | PCByte'.,Yes
Do the two product descriptions refer to the same real-world product? Entity 1: 'Corsair 8GB (1x8GB) 2666MHz CL16 Vengeance LPX Black'. Entity 2: 'Corsair Vengeance LPX CMK8GX4M1A2666C16 8GB (1x8GB) 2666Mhz DDR4'.,Yes
Do the two product descriptions refer to the same real-world product? Entity 1: 'WS-C2960L-16TS-LL: Cisco Catalyst WS-C2960L-16TS-LL'. Entity 2: 'WS-C2960-24TT-L Cisco Catalyst WS-C2960-24TT-L Switch'.,No
"Do the two product descriptions refer to the same real-world product? Entity 1: 'Epson Premium Glossy A3 20 sheets'. Entity 2: 'Garmin fenix5S Sapphire Black Optic, Black band'.",No
"Do the two product descriptions refer to the same real-world product? Entity 1: 'Corsair ML140 Pro LED, Blue, 140mm Premium Magnetic Levitation Cooling Fan CO-9050048-WW'. Entity 2: '652589-B21 HP G8 G9 900-GB 6G 10K 2.5 SAS SC'.",No
"Do the two product descriptions refer to the same real-world product? Entity 1: 'Cooler Master MasterCase H500 Mid Tower PC Case'. Entity 2: 'Cooler Master MasterCase H500 IRON GREY ATX Mid-Tower, Tempered Glass Panel, two 200mm RGB fans with Controller and Case Handle for Transport'.",No
"Do the two product descriptions refer to the same real-world product? Entity 1: 'TP-Link TL-WN821 wifi 300Mbps USB adapter TL-WN821N'. Entity 2: 'Intel Processor, Core i7-8700K 8th Gen'.",No
Do the two product descriptions refer to the same real-world product? Entity 1: 'Cartus compatibil Samsung CLT-K406S'. Entity 2: 'Maxxis Tire Assegai 3C MAXXTERRA/EXO+/TR Foldable 27.5x2.50WT'.,No
Do the two product descriptions refer to the same real-world product? Entity 1: 'Crucial 4GB DDR4-2666 SODIMM | CT4G4SFS8266 | Crucial UK'. Entity 2: 'Crucial 4GB (1x4GB) 2666MHz DDR4 Memory'.,Yes
Do the two product descriptions refer to the same real-world product? Entity 1: 'DJI Mavic Air Car Charger'. Entity 2: 'DJI Drone Accessory CP.PT.00000120.01 Mavic Air Part 4 Car Charger Retail'.,Yes
"Do the two product descriptions refer to the same real-world product? Entity 1: 'BenQ GW2480 23.8"" Full HD IPS Monitor'. Entity 2: 'Ernie Ball Hybrid Slinky 9-46'.",No
Do the two product descriptions refer to the same real-world product? Entity 1: 'HyperX 16GB (1x16GB) 3200MHz CL16 Fury'. Entity 2: 'Kingston HyperX Fury 16GB DDR4 3200MHz CL16 Ram'.,Yes
Do the two product descriptions refer to the same real-world product? Entity 1: 'Omega Seamaster Planet Ocean Automatic Chronograph Stainless Steel Watch 232.30.46.51.01.002'. Entity 2: 'Ernie Ball Hybrid Slinky 9-46'.,No
Do the two product descriptions refer to the same real-world product? Entity 1: 'TP-Link 150Mbit-WLAN-Lite -N-PCI Express x1 Adapter'. Entity 2: 'Wireless TP-LINK Wireless Lan TL-WN781ND'.,Yes
Do the two product descriptions refer to the same real-world product? Entity 1: 'Buy Quality Replica Tag Heuer Monaco Steve McQueen Chronograph Watch CAW211P.FC6356'. Entity 2: 'TAG Heuer Automatic Chronograph Watch CBL2111.FC6453'.,No
"Do the two product descriptions refer to the same real-world product? Entity 1: 'Jabra EVOLVE 80 MS Stereo (7899-823-109)'. Entity 2: 'Maxxis High Roller II 650b 27.5\"" Dual Compound EXO Folding Tubeless Ready Mountain Bike Tyre'.",No
"Do the two product descriptions refer to the same real-world product? Entity 1: 'Western digital wd blue - hdd - 2 tb - interno - 3.5 - sata 6Gb/s - 5400 rpm - buffer: 64 mb'. Entity 2: 'Western Digital (WDC) 250GB 2.5\"" SATA SSD Blue 7mm Cased'.",No
"Do the two product descriptions refer to the same real-world product? Entity 1: 'Seagate IronWolf 6TB 3,5'' 256MB ST6000VN0033'. Entity 2: 'Seagate IronWolf 6TB NAS Internal Hard Drive (3.5"")'.",Yes
Do the two product descriptions refer to the same real-world product? Entity 1: 'Traveler's Notebook / Refill 001 / Lined Notebook'. Entity 2: 'Epson Tinte schwarz-photo f. R3000'.,No
Do the two product descriptions refer to the same real-world product? Entity 1: 'XT CS-M8000 11 Speed Cassette'. Entity 2: 'CS-M8000 CASSETTE 11-40 XT 11-SPEED'.,No
Do the two product descriptions refer to the same real-world product? Entity 1: 'AF-S FX 24-85MM F3.5-4.5G ED VR'. Entity 2: 'TISSOT HERITAGE VISODATE QUARTZ T118.410.11.057.00 (T118.410.11.057.00)'.,No
"Do the two product descriptions refer to the same real-world product? Entity 1: 'Epson atrament SPro 7880/9880/7800/9800 light black 220ml C13T603700'. Entity 2: 'Epson Tinte T6037 Light Black, 220 ml'.",Yes
Do the two product descriptions refer to the same real-world product? Entity 1: 'RAM Twist-Lock Dual Suction Cup Base / RAM-B-189BU'. Entity 2: 'TONERBROTHER ORIGINALE GIALLO TN-135Y'.,No
Do the two product descriptions refer to the same real-world product? Entity 1: 'Brother MFC-L2710DW - multifunction printer - B/W'. Entity 2: 'Maxxis Tire Assegai 3C MAXXTERRA/EXO+/TR Foldable 27.5x2.50WT'.,No
Do the two product descriptions refer to the same real-world product? Entity 1: 'Manfrotto MVK500AM Fluid Video Head With Lightweight Telescopic Legs'. Entity 2: 'Manfrotto MVH500AH Lightweight Video Head with Flat Base'.,No
"Do the two product descriptions refer to the same real-world product? Entity 1: 'Ram Mount 2\"" Double Socket Arm for 1\"" Balls'. Entity 2: 'RAM Mount Double Socket Clamp Arm - SHORT - for 1.5\"" C Size Balls'.",No
Do the two product descriptions refer to the same real-world product? Entity 1: 'Pokemon Pokemon: Darkness Ablaze Bstr'. Entity 2: 'Pokemon TCG: Sword & Shield Boosters'.,No
"Do the two product descriptions refer to the same real-world product? Entity 1: 'CORSAIR - Crystal 680X RGB White High Airflow, Tempered Glass'. Entity 2: 'Corsair iCue 465X RGB White'.",No
Do the two product descriptions refer to the same real-world product? Entity 1: 'WS-C2960-24TT-L Cisco Catalyst WS-C2960-24TT-L Switch'. Entity 2: 'WS-C2960X-24TD-L Cisco Catalyst 2960X Network Switch (New)'.,No
"Do the two product descriptions refer to the same real-world product? Entity 1: 'Hard Disk Drive WD My Passport WDBYNN0010BRD, 1TB, USB 3.0, rosu'. Entity 2: 'SRAM NX Eagle PG-1230 Cassetta Pignoni 11-50T 12v 2019'.",No
Do the two product descriptions refer to the same real-world product? Entity 1: 'Asus PRIME B450-PLUS(PRIME B450-PLUS)'. Entity 2: 'Asus PRIME B450-PLUS AM4 DDR4 ATX Motherboard'.,Yes
Do the two product descriptions refer to the same real-world product? Entity 1: 'Dymo 40913 Black On White - 9mm'. Entity 2: 'Dymo 12mm Black On Red D1 Tape (45017)'.,No
Do the two product descriptions refer to the same real-world product? Entity 1: 'Kappe New Era NY Yankees MLB 9Fifty Cap'. Entity 2: 'Gorra New Era NY Yankees MLB 9Fifty Cap'.,Yes
Do the two product descriptions refer to the same real-world product? Entity 1: 'Corsair 32GB DDR4 Vengeance LPX 2666MHz Memory Kit Black'. Entity 2: 'Corsair Vengeance LPX CMK8GX4M1A2666C16 8GB (1x8GB) 2666Mhz DDR4'.,No
"Do the two product descriptions refer to the same real-world product? Entity 1: 'WD Blue 1TB 2.5"" SATA Internal Solid State Drive SSD 550MB/s HDD | Discount Computer Needs'. Entity 2: 'Samsung 860 PRO 1TB SSD 2-bit MLC V-NAND SATA III 6Gb/s 2.5 Internal Solid State Drive'.",No
Do the two product descriptions refer to the same real-world product? Entity 1: 'Elixir E16052 Nanoweb Phosphor Bronze Acoustic Guitar Strings Light Gauge 12-53'. Entity 2: 'Elixir Guitar Strings Phosphor Bronze Nanoweb Light 12 - 53'.,Yes
Do the two product descriptions refer to the same real-world product? Entity 1: 'Pokemon SWSH3: Darkness Ablaze Elite Trainer Box'. Entity 2: 'POKÉMON TCG Sword and Shield- Darkness Ablaze Trainer Box'.,Yes
"Do the two product descriptions refer to the same real-world product? Entity 1: 'Seagate IronWolf 6TB 3,5'' 256MB ST6000VN0033'. Entity 2: 'GENUINE Dymo 24mm x 7m Black on Yellow Label Tape Roll SD53718'.",No
Do the two product descriptions refer to the same real-world product? Entity 1: 'Elixir Guitar Strings Phosphor Bronze Nanoweb Light 12 - 53'. Entity 2: 'Sigma 35mm F1.4 DG Art HSM EOS Mount Lens'.,No
"Do the two product descriptions refer to the same real-world product? Entity 1: 'Western Digital WD My Passport Portable HDD 4TB Black'. Entity 2: 'Western Digital My PassPort, 4TB, BLACK3 Years - WDBYFT0040BBK-WESN'.",Yes
Do the two product descriptions refer to the same real-world product? Entity 1: 'Brother MFC-L2710DW - multifunction printer - B/W'. Entity 2: 'LOGITECH C922 PRO STREAM FULL HD WEBCAM (960-001090)-WRTY 1YR W/BANLEONG'.,No
Do the two product descriptions refer to the same real-world product? Entity 1: 'WD Wds100t2b0a 1tb Blue 3d Nand SSD'. Entity 2: 'WD BLUE 1TB SN550 NVME M.2 2280 SSD (WDS100T2B0C)'.,No
Do the two product descriptions refer to the same real-world product? Entity 1: 'Hydro Flask 21 Oz- Black'. Entity 2: 'Hydro Flask Standard Mouth 621ml Insulated Bottle'.,Yes
Do the two product descriptions refer to the same real-world product? Entity 1: 'SanDisk Extreme PRO SD UHS-II USB 3.0'. Entity 2: 'Kingston Digital Canvas Select 128GB microSD Card w/ Adapter (SDCS-128GB)'.,No
Do the two product descriptions refer to the same real-world product? Entity 1: 'SSD TRANSCEND SSD230S 128Gb 3D NAND SATA 3 Aluminium (TS128GSSD230S)'. Entity 2: 'Dymo 12mm Black On Red D1 Tape (45017)'.,No
Do the two product descriptions refer to the same real-world product? Entity 1: 'SanDisk Ultra Flair 32GB USB 3.0 Pen Drive'. Entity 2: 'Sandisk USB Flash 32GB Cruzer Glide 2.0/3.0'.,No
Do the two product descriptions refer to the same real-world product? Entity 1: 'Shimano HG701 Ultegra R8000 XT M8000 11 Speed Chain with Quick Link'. Entity 2: 'Shimano 11 SPD Chain RD/MTB Sil-Tec With Quick Link'.,No
"Do the two product descriptions refer to the same real-world product? Entity 1: 'SanDisk 480GB SSD Plus int 2.5\"" SATA3 SSD (SDSSDA-480G-G26) (Local Warranty with 3years with Local Distributor)'. Entity 2: 'SanDisk SSD Plus 120GB 240GB 530MB/s 480GB 1TB 535MB/sSolid State Drive (120GB)'.",No
"Do the two product descriptions refer to the same real-world product? Entity 1: 'Samsung T5 external SSD Black 2TB, USB-C'. Entity 2: 'Samsung Portable SSD T5 - 2TB'.",Yes
"Do the two product descriptions refer to the same real-world product? Entity 1: 'Corsair Vengeance LPX, 16GB, DDR4 memory module 2133 MHz'. Entity 2: 'Corsair DDR4 Vengeance LPX 16GB/2133(2*8GB) CL13-15-15-28 1,20V XMP2.0'.",Yes
Do the two product descriptions refer to the same real-world product? Entity 1: 'Samyang 24mm f1.4 ED AS IF UMC Lens - Nikon Fit'. Entity 2: '0000010490| Samyang 24mm F1.4 Nikon AE Full Frame Lens'.,Yes
Do the two product descriptions refer to the same real-world product? Entity 1: 'Obudowa Corsair Crystal 680X RGB High Airflow TG White (CC-9011169-WW)'. Entity 2: 'Fujifilm XF 56mm f/1.2 R'.,No
Do the two product descriptions refer to the same real-world product? Entity 1: 'ASUS Scheda Madre ROG STRIX Z390-I GAMING Intel Z390'. Entity 2: 'ASUS Scheda Madre ROG STRIX B550-F GAMING'.,No
Do the two product descriptions refer to the same real-world product? Entity 1: 'Shimano R550 SPD-SL Pedals - Black'. Entity 2: 'Ubiquiti UniFi AC Pro 5-pack UAP-AC-PRO-5 Ubiquiti'.,No
Do the two product descriptions refer to the same real-world product? Entity 1: 'Epson atrament SPro 7880/9880/7800/9800 light black 220ml C13T603700'. Entity 2: 'Shimano M05 Disc Brake Pads (Deore) (Resin)'.,No
Do the two product descriptions refer to the same real-world product? Entity 1: 'SHIMANO RS500 SPD-SL road pedals'. Entity 2: 'WD 1TB My Passport Portable Hard Drive'.,No
"Do the two product descriptions refer to the same real-world product? Entity 1: 'Blaze 40-Inch 5-Burner LTE Built-In Liquid Propane Gas Grill With Rear Infrared Burner & Grill Lights'. Entity 2: 'Blaze 40\"" Stainless Steel 5 Burner LTE Built-In Gas Grill w/ Rear Burner BLZ-5LTE2'.",Yes
Do the two product descriptions refer to the same real-world product? Entity 1: 'Jabra Evolve 20 SE Special Edition UC monaural USB'. Entity 2: 'Kingston StorageDataTraveler SEG G2 64GB USB 3.0 Metal'.,No
Do the two product descriptions refer to the same real-world product? Entity 1: 'AMD Ryzen 5 2600X - 4.25 GHz - 6-core - 12 threads - 19 MB cache - Socket AM4 - Box'. Entity 2: 'Corsair ML140 140mm PWM Premium Magnetic Levitation Fan - Twin Pack'.,No
Do the two product descriptions refer to the same real-world product? Entity 1: 'MAXXIS AGGRESSOR 29X2.3 EXO/TR'. Entity 2: 'New York Yankees New Era Navy League 9FORTY Adjustable Hat - Men - Navy Blue'.,No
"Do the two product descriptions refer to the same real-world product? Entity 1: '16TB IronWolf Pro ST16000NE000, 7200 RPM, SATA 6Gb/s, 256MB cache, 3.5-Inch HDD'. Entity 2: 'Seagate 2TB FireCuda 3.5"" SATA 6Gb/s SSHD'.",No
Do the two product descriptions refer to the same real-world product? Entity 1: 'Blaze 40-Inch 5-Burner LTE Built-In Liquid Propane Gas Grill With Rear Infrared Burner & Grill Lights'. Entity 2: 'Blaze 4 Burner LTE Grill Built-In Natural Gas Grill with Lights'.,No
Do the two product descriptions refer to the same real-world product? Entity 1: 'Canon PFI107C Cyan Laser Toner Cartridge Remanufactured'. Entity 2: 'Shimano Metal Disk Fren Balatası Ice-Tech J04C'.,No
"Do the two product descriptions refer to the same real-world product? Entity 1: 'Ubiquiti UniFi AC Pro 5-pack UAP-AC-PRO-5 Ubiquiti'. Entity 2: 'Ubiquiti UniFi AP, AC, In Wall, 5-Pack'.",No
Do the two product descriptions refer to the same real-world product? Entity 1: 'Epson Papir Photo Premium Glossy 13X18cm 30-ark 255G'. Entity 2: 'Park Tool PH-1.2 P-Handle Hex Wrench Set - Tool Set'.,No
Do the two product descriptions refer to the same real-world product? Entity 1: 'Daniel Wellington Mens Classic Sheffield 40mm Rose Gold Black DW00100007'. Entity 2: 'Daniel Wellington DW00100150 Classic Cornwall Rose 36mm Black'.,No
Do the two product descriptions refer to the same real-world product? Entity 1: 'Shimano 11 SPD Chain RD/MTB Sil-Tec With Quick Link'. Entity 2: 'Shimano Shimano Cn-Hg901 11-Spd Chain Xtr / Dura Ace W/ Quick Link'.,Yes
Do the two product descriptions refer to the same real-world product? Entity 1: 'Intel Core i7 9700F 9th Gen Desktop Processor/CPU Retail - No iGPU'. Entity 2: 'Intel - Core i7-9700F 9th Generation 8-core - 8-Threads 3.0 GHz (4.7 GHz Turbo) Socket LGA 2066 Locked Desktop Processor'.,Yes
Do the two product descriptions refer to the same real-world product? Entity 1: 'Headset Audio-Technica ATH-M50X'. Entity 2: 'Audio Technica ATH-M50x Professional Monitor Audiophile Headphones - Black'.,Yes
"Do the two product descriptions refer to the same real-world product? Entity 1: 'Logitech H151 Wired Headset, Stereo Headphones with Rotating Noise-Cancelling Microphone, 3.5 mm Audio Jack'. Entity 2: 'ASUS Prime X570-P ATX Motherboard - Socket AM4 - AMD X570 - USB 3.2 Gen 3'.",No
Do the two product descriptions refer to the same real-world product? Entity 1: 'SanDisk SD Extreme V30 U3 UHS-I C10 - 128GB'. Entity 2: 'SanDisk Extreme PRO SD UHS-II Card Reader/Writer'.,No
Do the two product descriptions refer to the same real-world product? Entity 1: 'Asus Radeon ROG Strix RX5500 XT 8gb Gddr6 Version OC'. Entity 2: 'Super Ubiquinol CoQ10 with Enhanced Mitochondrial Support 100 mg'.,No
Do the two product descriptions refer to the same real-world product? Entity 1: 'Samsung T7 Touch Black 1TB Portable SSD with Fingerprint ID'. Entity 2: 'Samsung T7 Touch Portable SSD Drive [1TB](Silver)'.,No
Do the two product descriptions refer to the same real-world product? Entity 1: 'Fujifilm XF-56mm f1.2 APD'. Entity 2: 'Fujifilm XF 56mm F/1.2 R APD Lens'.,Yes
Do the two product descriptions refer to the same real-world product? Entity 1: 'Sigma 35mm f/1.4 DG HSM Art'. Entity 2: 'Sigma Sigma 35mm F1.4 ART DG HSM - Nikon AF mount'.,No
Do the two product descriptions refer to the same real-world product? Entity 1: 'Samsung CLT-K406S Black Original Standard Yield Toner Cartridge'. Entity 2: 'Lexmark - Toner cartridge -black - 3500 pages - LRPE260A11E'.,No
"Do the two product descriptions refer to the same real-world product? Entity 1: 'DVR HDTVI 32 canale Turbo HD Full HD Hikvision DS-7332HQHI-K4 HD-TVI / AHD / CVI + 8 canale IP de pana la 6MP, 4xSATA'. Entity 2: 'Western Digital WD10JFCX RED 1000 GB SATA3 1TB'.",No
Do the two product descriptions refer to the same real-world product? Entity 1: 'TRAVELER'S Notebook Blue // Passport'. Entity 2: 'Traveler's Notebook Starter Kit (Passport Size) - Blue'.,Yes
"Do the two product descriptions refer to the same real-world product? Entity 1: 'Audio Technica DJ kõrvaklapid ATH-PRO7X On-ear, Must'. Entity 2: 'Audio Technica ATH-PRO7X DJ headphones'.",Yes
Do the two product descriptions refer to the same real-world product? Entity 1: 'Apple AirPods with Charging Case (Latest Model) from Apple Computer'. Entity 2: 'ADATT. WIFI TP-LINK AC600 NANO WRLS USB'.,No
"Do the two product descriptions refer to the same real-world product? Entity 1: 'Jabra Biz 2300 USB UC Duo Headset 2399-829-109'. Entity 2: 'ADATA SX8200 Pro 256GB M.2 NVMe SSD ultra-fast PCIe Gen3x4 interface ,sustained peak read/write speeds of 3500/1200MB per second'.",No
Do the two product descriptions refer to the same real-world product? Entity 1: 'Fujifilm Instax Mini Rainbow (10 sheets) Film'. Entity 2: 'Canon 24-70mm f/2.8L II USM EF Lens'.,No
Do the two product descriptions refer to the same real-world product? Entity 1: 'Logitech H540 USB Headset With High-Definition sound and on-ear controls - Black | 981-000480'. Entity 2: 'RAM Dual Suction Cup Base'.,No
Do the two product descriptions refer to the same real-world product? Entity 1: 'ASUS Radeon RX 5500 XT DUAL EVO 8GB'. Entity 2: 'ASUS Radeon RX 5700 XT TUF OC 8GB GDDR6'.,No
Do the two product descriptions refer to the same real-world product? Entity 1: 'Swiss Military Hanowa Flagship 06-5161.2.04.007'. Entity 2: 'Swiss Military Hanowa Flagship 06-5161.2.04.003'.,No
Do the two product descriptions refer to the same real-world product? Entity 1: 'APC Smart-UPS SRT 3000VA RM 230V SRT3000RMXLI'. Entity 2: 'APC Smart-UPS RT 20kVA RM 230V - SURT20KRMXLI'.,No
Do the two product descriptions refer to the same real-world product? Entity 1: 'Dymo Label Casette D1 (19mm x 7m - Black On White)'. Entity 2: 'Genuine Dymo D1 Standard Label Cassette Tape 9mm x 7m - Black on White'.,No
Do the two product descriptions refer to the same real-world product? Entity 1: 'MEMORIA DDR3 KINGSTON HYPERX FURY BLUE 4GB 1600MHZ'. Entity 2: 'Kingston HyperX Fury 4GB DDR3 1600MHz CL10 Ram'.,No
Do the two product descriptions refer to the same real-world product? Entity 1: 'Canon EF-S 18-135/3.5-5.6 IS USM'. Entity 2: 'AAA Replica Audemars Piguet Royal Oak Offshore Chronograph Watch 26470OR.OO.1000OR.02'.,No
Do the two product descriptions refer to the same real-world product? Entity 1: 'Kingston Technology ValueRAM 4GB DDR3-1600 4GB DDR3 1600MHz memoria'. Entity 2: 'Memoire DDR3 Crucial 4GB DDR3 1600 MT/S (PC3-12800)'.,No
"Do the two product descriptions refer to the same real-world product? Entity 1: 'WS-C2960-24TT-LCatalyst 2960 24 10/100 + 2 1000BT LAN Base Image'. Entity 2: 'SanDisk PLUS SSD Hard Drive 2.5´´ internal, 480 GB, SATA, Black'.",No
Do the two product descriptions refer to the same real-world product? Entity 1: 'HyperX 8GB (2x4GB) 1600MHz CL10 Fury Blue'. Entity 2: 'KINGSTON 8GB 1600MHz DDR3 CL10 DIMM (Kit of 2) HyperX Fury Series'.,Yes
Do the two product descriptions refer to the same real-world product? Entity 1: 'FUJIFILM XF 8-16mm f/2.8 R LM WR Lens'. Entity 2: 'Fujifilm XF 8-16mm F2.8 R LM WR Lens'.,Yes
Do the two product descriptions refer to the same real-world product? Entity 1: 'Corsair Value Select 8GB PC4-17000 - 8 GB - 1 x 8 GB - DDR4 - 2133 MHz - 288-pin DIMM'. Entity 2: 'Epson oryginalny tusz T2982 29 cyan'.,No
"Do the two product descriptions refer to the same real-world product? Entity 1: 'Brother Monochrome Compact Laser All-in-One Printer with Duplex Printing and Wireless Networking'. Entity 2: '16GB Vengeance LPX DDR4 2400MHz, CL14, Black, DIMM Memory'.",No
"Do the two product descriptions refer to the same real-world product? Entity 1: 'WS-C2960-24TT-LCatalyst 2960 24 10/100 + 2 1000BT LAN Base Image'. Entity 2: 'Cisco Catalyst 2960-X | WS-C2960X-24TD-L Catalyst 2960X 24 port 10/100/1000, 2 x 10G SFP+, LAN Base'.",No
"Do the two product descriptions refer to the same real-world product? Entity 1: 'Dymo Label Casette D1 (19mm x 7m - Black On White)'. Entity 2: 'Canon 6448B001 (CLI-251XL) Ink Cartridge, HY Black, OEM'.",No
Do the two product descriptions refer to the same real-world product? Entity 1: 'Asus TUF X470-Plus Gaming Socket AM4 ATX AMD'. Entity 2: 'ASUS Prime X570-P ATX Motherboard - Socket AM4 - AMD X570 - USB 3.2 Gen 3'.,No
Do the two product descriptions refer to the same real-world product? Entity 1: 'Fujifilm Instax Square Film (10 Pack)'. Entity 2: 'instax square film 10pk black'.,No
Do the two product descriptions refer to the same real-world product? Entity 1: 'KINGSTON MICRO SD CARD CANVAS SELECT PLUS 128GB 100MB/S LIMITED LIFETIME'. Entity 2: 'Kingston Canvas Select Plus SDHC Memory Card UHS-I 4K FULL HD 100MB/s - 32GB'.,No
Do the two product descriptions refer to the same real-world product? Entity 1: 'Tissot Heritage Visodate Analog Swiss Quartz Sapphire Crystal Men's Watch'. Entity 2: 'TISSOT HERITAGE VISODATE QUARTZ T118.410.11.057.00 (T118.410.11.057.00)'.,Yes
"Do the two product descriptions refer to the same real-world product? Entity 1: 'CORSAIR CRYSTAL 570X RGB Mid-Tower Case, 3 RGB Fans, Tempered Glass - White| CC-9011110-WW'. Entity 2: 'Corsair Crystal Series 570X RGB ATX Mid-Tower Case Tempered Glass Black'.",No
Do the two product descriptions refer to the same real-world product? Entity 1: 'LOGITECH C270 3MP 1280 X 720PIXELS USB 2.0 BLACK WEBCAM'. Entity 2: 'WEBCAM LOGITECH C270 HD 720P'.,Yes
"Do the two product descriptions refer to the same real-world product? Entity 1: 'APC Smart-UPS SRT 3000VA RM 230V SRT3000RMXLI'. Entity 2: 'APC Smart-UPS SMT1000RMI2UC Noodstroomvoeding - 4x C13, USB, Rack Mountable, SmartConnect, 1000VA'.",No
"Do the two product descriptions refer to the same real-world product? Entity 1: 'Crucial 2TB MX500 2.5"" 7mm SATA 6Gb/s SSD'. Entity 2: 'Crucial MX500 250GB 2.5 SATA SSD'.",No
Do the two product descriptions refer to the same real-world product? Entity 1: 'Logitech 3.5 mm Analog Stereo Headset H151 with Boom Microphone - Black'. Entity 2: 'Pokemon TCG: Sword & Shield Boosters'.,No
Do the two product descriptions refer to the same real-world product? Entity 1: 'APC Replacement Battery Cartridge #124'. Entity 2: 'APC RBC140 Replacement Battery Cartridge'.,No
Do the two product descriptions refer to the same real-world product? Entity 1: 'Western Digital Blue SSD 250GB SATA M.2 2280 WDS250G2B0B'. Entity 2: 'Canon EF-S 55-250 f4-5.6 IS STM'.,No
"Do the two product descriptions refer to the same real-world product? Entity 1: 'RAM Mounts short arm for 1\"" ball'. Entity 2: 'Ram Mout Triple Ball Adapter'.",No
Do the two product descriptions refer to the same real-world product? Entity 1: 'Canon 24-70mm f/2.8L II USM EF Lens'. Entity 2: 'Sigma 105mm f1.4 DG HSM Art Lens for Canon'.,No
Do the two product descriptions refer to the same real-world product? Entity 1: 'APC - Replacement battery cartridge 140'. Entity 2: '507125-B21 HP 146-GB 6G 10K 2.5 DP SAS HDD'.,No
Do the two product descriptions refer to the same real-world product? Entity 1: 'Asus PRIME B450-PLUS AM4 DDR4 ATX Motherboard'. Entity 2: 'Apple AirPods with Charging Case (Latest Model) from Apple Computer'.,No
Do the two product descriptions refer to the same real-world product? Entity 1: 'Buy Quality Replica Audemars Piguet Royal Oak Offshore Chronograph Watch 26470OR.OO.1000OR.02'. Entity 2: 'TISSOT T1204071105100 Seastar Powermatic 80'.,No
"Do the two product descriptions refer to the same real-world product? Entity 1: '3M - Sekretessfilter 27\"" Widescreen 16:9'. Entity 2: 'WS-C2960L-16TS-LL: Cisco Catalyst WS-C2960L-16TS-LL'.",No
Do the two product descriptions refer to the same real-world product? Entity 1: 'Kingston 4GB DDR3 1600MHz HyperX Fury Black Series'. Entity 2: 'MEMORIA DDR3 KINGSTON HYPERX FURY BLUE 4GB 1600MHZ'.,No
Do the two product descriptions refer to the same real-world product? Entity 1: 'Deore XT RD-M786-SGS - Shadow - rear derailleur'. Entity 2: 'Shimano 105 RD-R7000 GS Rear Derailleur'.,No
Do the two product descriptions refer to the same real-world product? Entity 1: 'Buy Quality Replica Tag Heuer Monaco Steve McQueen Chronograph Watch CAW211P.FC6356'. Entity 2: 'Samsung 970 EVO Plus 250GB SSD'.,No
Do the two product descriptions refer to the same real-world product? Entity 1: 'TP-Link 150Mbit-WLAN-Lite -N-PCI Express x1 Adapter'. Entity 2: 'Asus GTX1660S 6GB Dual EVO'.,No
Do the two product descriptions refer to the same real-world product? Entity 1: 'Tissot Seastar 1000 Powermatic 80 T120.407.11.041.01'. Entity 2: 'HP printer Color LaserJet Professional CP5225dn (CE712A#B19)'.,No
Do the two product descriptions refer to the same real-world product? Entity 1: 'Elixir Phosphor Acoustic Strings - Extra Light'. Entity 2: 'Elixir E16052 Nanoweb Phosphor Bronze Acoustic Guitar Strings Light Gauge 12-53'.,No
Do the two product descriptions refer to the same real-world product? Entity 1: 'Kingston SDCS Canvas Select Class10 microSD Memory Card - 64GB With Adapter'. Entity 2: 'Carto de memria micro SD Kingston 32Gb classe 10 Canvas Select'.,No
Do the two product descriptions refer to the same real-world product? Entity 1: 'Park Tool PH-1.2 P-Handle Hex Set with Holder'. Entity 2: 'Park Tool PH-1.2 P-Handle Hex Wrench Set - Tool Set'.,Yes
Do the two product descriptions refer to the same real-world product? Entity 1: 'MAXXIS AGGRESSOR 29X2.3 EXO/TR'. Entity 2: 'Western digital wd blue - hdd - 2 tb - interno - 3.5 - sata 6Gb/s - 5400 rpm - buffer: 64 mb'.,No
Do the two product descriptions refer to the same real-world product? Entity 1: 'Mavic Mini Drone by DJI - Fly More Combo'. Entity 2: 'Crucial BX500 480GB SSD Micron 3D NAND SATA III 6Gb/s 2.5 Internal Solid State Drive'.,No
"Do the two product descriptions refer to the same real-world product? Entity 1: '120GB Crucial BX500 3D NAND 2.5\"" SATA SSD'. Entity 2: 'Crucial MX500 2TB 3D NAND SATA 2.5 Inch Internal SSD'.",No
Do the two product descriptions refer to the same real-world product? Entity 1: '32 Oz Wide Mouth With Flex Cap W32BTS001'. Entity 2: '21 oz Standard Mouth With Standard S21SX306'.,No
Do the two product descriptions refer to the same real-world product? Entity 1: 'Sigma 35mm f/1.4 DG HSM Art'. Entity 2: 'FUJIFILM Aspherical Super EBC XF 80mm f/2.8 R LM OIS WR Macro Lens'.,No
"Do the two product descriptions refer to the same real-world product? Entity 1: 'JABRA Evolve 40 UC USB - Mono'. Entity 2: 'Corsair iCUE 465X RGB Mid-Tower White ATX Case, T/G Window, No PSU'.",No
Do the two product descriptions refer to the same real-world product? Entity 1: 'Corsair ML140 PRO RGB LED 140MM PWM Premium Magnetic Levitation Fan - Single Pack'. Entity 2: 'Corsair ML140 140mm PWM Premium Magnetic Levitation Fan - Twin Pack'.,No
Do the two product descriptions refer to the same real-world product? Entity 1: 'Philips Monitor LCD 243V7QDSB/00'. Entity 2: 'Kingston DataTraveler microDuo 128GB USB 3.0'.,No
Do the two product descriptions refer to the same real-world product? Entity 1: 'APC Smart-UPS SRT 6000VA RM 230V'. Entity 2: 'APC - Schneider SMART-UPS 1000VA LCD 230V'.,No
"Do the two product descriptions refer to the same real-world product? Entity 1: 'CLARKS Sram, PG-730, 7sp cassette, 12-32T'. Entity 2: 'SEIKO Prospex Automatic Men's 45mm Diver Watch - SPB103J1 – Green Dial'.",No
Do the two product descriptions refer to the same real-world product? Entity 1: 'Kingston Canvas Select (32GB) MicroSD Card Class 10 UHS-1 U1 with Adaptor'. Entity 2: 'Canon EF-M 18-150mm f/3.5-6.3 IS STM Schwarz EU10'.,No
Do the two product descriptions refer to the same real-world product? Entity 1: 'EPSON cartridge T7891 black (WorkForce5)'. Entity 2: 'Epson T7891 Black Cart - Compatible'.,Yes
Do the two product descriptions refer to the same real-world product? Entity 1: 'Zebra Black Ribbon True Colours Brand i-series 800015-301'. Entity 2: 'Razer DeathAdder V2 mouse USB Type-A Right-hand'.,No
"Do the two product descriptions refer to the same real-world product? Entity 1: 'WD MY PASSPORT- 1TB RED WORLDWIDE'. Entity 2: 'Hard Disk Drive WD My Passport WDBYNN0010BRD, 1TB, USB 3.0, rosu'.",Yes
Do the two product descriptions refer to the same real-world product? Entity 1: 'Fujifilm XF 56mm f/1.2 R'. Entity 2: 'FUJIFILM XF 8-16mm f/2.8 R LM WR Lens'.,No
Do the two product descriptions refer to the same real-world product? Entity 1: 'Seagate LaCie 4TB 2.5' USB 3 to USB-C Diamond Cut External HDD. STHG4000400. 2 Years Warranty'. Entity 2: 'LaCie 4TB USB Type-C Mobile Drive (Moon Silver)'.,Yes
Do the two product descriptions refer to the same real-world product? Entity 1: 'WD 1TB My Passport Portable Storage USB 3.2 Gen 1 - Black - WDBYVG0010BBK-WESN'. Entity 2: 'Western Digital WD My Passport Portable HDD 4TB Black'.,No
Do the two product descriptions refer to the same real-world product? Entity 1: 'HyperX FURY - DDR3 - 8 GB: 2 x 4 GB - DIMM 240-pin - unbuffered'. Entity 2: 'DDR3 8GB PC1600 CL9 Kingston Hypk'.,Yes
Do the two product descriptions refer to the same real-world product? Entity 1: 'Seagate IronWolf PRO 16TB NAS Professional'. Entity 2: 'Seagate Ironwolf Pro 6TB (ST6000NE000)'.,No
Do the two product descriptions refer to the same real-world product? Entity 1: 'Tarjeta Gráfica Gigabyte RTX 2080 Ti XTREME 11 Gb'. Entity 2: 'Epson T7551 (Prentar 5000 síður) XL svart blekhylki (100ml) fyrir WorkForce WF-8XXX prentara'.,No
Do the two product descriptions refer to the same real-world product? Entity 1: 'APC Replacement Battery Cartridge #124'. Entity 2: 'APC By Schneider Electric APC Replacement Battery Cartridge'.,Yes
"Do the two product descriptions refer to the same real-world product? Entity 1: 'Logitech H151 Stereo Headset On Ear Kabelgebunden'. Entity 2: 'Logitech H151 Wired Headset, Stereo Headphones with Rotating Noise-Cancelling Microphone, 3.5 mm Audio Jack'.",Yes
Do the two product descriptions refer to the same real-world product? Entity 1: 'Epson Tinte matte schwarz 700ml f. 7900/9900'. Entity 2: 'Epson Tinte schwarz-photo f. R3000'.,No
Do the two product descriptions refer to the same real-world product? Entity 1: 'Swiss Military Hanowa Flagship 06-5161.2.04.007'. Entity 2: 'Swiss Military Hanowa FLAGSHIP 06-5161.2.04.003 Herrenuhr'.,No
Do the two product descriptions refer to the same real-world product? Entity 1: 'Dymo Label Casette D1 (19mm x 7m - Black On White)'. Entity 2: 'TUF GAMING X570-PLUS Desktop Motherboard - AMD Chipset - Socket AM4'.,No
Do the two product descriptions refer to the same real-world product? Entity 1: 'APC Smart-UPS SRT 3000VA RM 230V SRT3000RMXLI'. Entity 2: 'Epson Tinte schwarz-photo f. R3000'.,No
Do the two product descriptions refer to the same real-world product? Entity 1: 'AMD Ryzen 5 1500X Wraith Spire Cooler'. Entity 2: 'Gigabyte GeForce RTX 2060 SUPER 8GB Aorus'.,No
Do the two product descriptions refer to the same real-world product? Entity 1: 'SPD-SL-CLEAT-SET-SM-SH11-(YELLOW)-[6DEGREE]'. Entity 2: 'Asus GTX1660S 6GB Dual EVO'.,No
Do the two product descriptions refer to the same real-world product? Entity 1: 'Samsung Portable SSD T5 - 2TB'. Entity 2: 'Cheap Replica Audemars Piguet Royal Oak Offshore Chronograph Watch 26470ST.OO.A099CR.01'.,No
Do the two product descriptions refer to the same real-world product? Entity 1: 'Crucial 1x 8GB DDR3L 1600MHz ECC Unbuffered UDIMM RAM | Discount Computer Needs'. Entity 2: 'CRUCIAL - DDR3 8GB 1600Hz CL11 Unbuffered CT102472BD160B'.,Yes
Do the two product descriptions refer to the same real-world product? Entity 1: 'Pokemon Pokemon: Darkness Ablaze Bstr'. Entity 2: 'POKÉMON TCG Sword and Shield- Darkness Ablaze Trainer Box'.,No
Do the two product descriptions refer to the same real-world product? Entity 1: 'Original Epson T1571 Photo Black Ink Cartridge'. Entity 2: 'Epson - Ink Cartridge Black 10K'.,No
"Do the two product descriptions refer to the same real-world product? Entity 1: 'Daniel Wellington - Classic St Mawes Rose Gold - 40mm'. Entity 2: 'Blaze 40\"" Stainless Steel 5 Burner LTE Built-In Gas Grill w/ Rear Burner BLZ-5LTE2'.",No
Do the two product descriptions refer to the same real-world product? Entity 1: 'LOGITECH Corded USB Headset H540 - USB - EMEA'. Entity 2: 'OMEGA Seamaster Planet Ocean Chronograph Steel'.,No
Do the two product descriptions refer to the same real-world product? Entity 1: 'Sandisk Cruzer Force 16GB USB 2.0 Flash Drive - SDCZ71-016G-B35'. Entity 2: 'Pen Drive SanDisk 16GB Cruzer Force USB 2.0'.,Yes
Do the two product descriptions refer to the same real-world product? Entity 1: 'Kingston Digital Canvas Select 128GB microSD Card w/ Adapter (SDCS-128GB)'. Entity 2: 'APPLE - Airpods With Charging Case'.,No
"Do the two product descriptions refer to the same real-world product? Entity 1: 'Samsung 970 EVO 500GB - NVMe PCIe M.2 2280 SSD | MZ-V7E500BW'. Entity 2: 'Samsung MZ-V7S500B/AM 970 EVO Plus M.2 Internal SSD, 500GB'.",No
Do the two product descriptions refer to the same real-world product? Entity 1: 'Apple - AirPods with Wireless Charging Case (Latest Model) - White'. Entity 2: 'Apple AirPods with Charging Case (Latest Model) from Apple Computer'.,No
Do the two product descriptions refer to the same real-world product? Entity 1: 'Shimano M05 Disc Brake Pads (Deore) (Resin)'. Entity 2: 'Ubiquiti UVC-G3-BULLET (Formerly UVC-G3-AF) UniFi Video Camera G3 1080p PoE IP Camera'.,No
"Do the two product descriptions refer to the same real-world product? Entity 1: 'Johnnie Walker Blue Label 0,7 ltr.'. Entity 2: 'Evans EC2 SST Clear Batter Drumhead 13 in.'.",No
Do the two product descriptions refer to the same real-world product? Entity 1: 'Seagate Lacie 2TB 2.5 Rugged Portable Thunderbolt Type C'. Entity 2: 'LaCie - Lacie Rugged USB-C Hard Drives - 2TB & 5TB'.,Yes
Do the two product descriptions refer to the same real-world product? Entity 1: 'Traveler's Company 001. LINED REFILL MIDORI TRAVELER'S NOTEBOOK'. Entity 2: 'Super Ubiquinol CoQ10 with Enhanced Mitochondrial Support 100 mg'.,No
"Do the two product descriptions refer to the same real-world product? Entity 1: 'Samsung LH46UHFCLBB - 116,8 cm (46\"") - LED - 1920 x 1080 Pixel - 700 cd/m² - Full HD - 8 ms'. Entity 2: '0884B001 | Canon PFI-101 | Original Canon Ink Cartridge - Cyan'.",No
Do the two product descriptions refer to the same real-world product? Entity 1: 'TAG HEUER MONACO AUTOMATIC CHRONOGRAPH'. Entity 2: 'TAG Heuer Automatic Chronograph Watch CBL2111.FC6453'.,No
"Do the two product descriptions refer to the same real-world product? Entity 1: 'Samsung MZ-V7S500B/AM 970 EVO Plus M.2 Internal SSD, 500GB'. Entity 2: 'Evans EC2 Clear Drum Head, 14 Inch'.",No
"Do the two product descriptions refer to the same real-world product? Entity 1: 'RAM Long Length Double Socket Arm for 1.5\"" Balls'. Entity 2: 'RAM-201U-D RAM Mounts C-Size Double-Socket Long Arm with 1.5-Inch Sockets'.",Yes
"Do the two product descriptions refer to the same real-world product? Entity 1: 'GENUINE Dymo 24mm x 7m Black on Yellow Label Tape Roll SD53718'. Entity 2: '3M - Lightweight 300 Privacy Filter PF322WSkjermfilter mot innsyn, m/ramme 20\""-23\""W (30,7 x 48,5)'.",No
Do the two product descriptions refer to the same real-world product? Entity 1: 'Carto de memria micro SD Kingston 64Gb XC1 classe 10 Canvas Select'. Entity 2: 'Carto de memria micro SD Kingston 32Gb classe 10 Canvas Select'.,No
"Do the two product descriptions refer to the same real-world product? Entity 1: 'Logitech BRIO 4K Ultra HD webcamweb camera'. Entity 2: 'UCK-G2-PlusUbiquiti Unifi Cloud Key, G2, with HDD'.",No
Do the two product descriptions refer to the same real-world product? Entity 1: 'HyperX 8GB (2x4GB) 1600MHz CL10 Fury Blue'. Entity 2: 'TAG Heuer Formula 1 43mm Mens Watch WAZ2011.BA0842'.,No
Do the two product descriptions refer to the same real-world product? Entity 1: 'Asus ROG STRIX B550-E GAMING AM4 ATX Motherboard'. Entity 2: 'ASUS ROG STRIX B550-E GAMING Presa AM4 ATX AMD B550'.,Yes
Do the two product descriptions refer to the same real-world product? Entity 1: 'ZOTAC GeForce RTX 2060 SUPER AMP! 8GB 256Bit GDDR6'. Entity 2: 'Seastar 1000 Powermatic 80 - T120.407.11.051.00'.,No
"Do the two product descriptions refer to the same real-world product? Entity 1: 'RAM-B-408-75-1-UN7U RAM Mounts X-Grip® Phone Mount with RAM® Torque™ Medium Rail Base'. Entity 2: 'RAM Mount Torque™ 3/4"" - 1"" Diameter Handlebar/Rail Base with 1"" Ball and X-Grip®'.",Yes
Do the two product descriptions refer to the same real-world product? Entity 1: '652589-B21 HP G8 G9 900-GB 6G 10K 2.5 SAS SC'. Entity 2: 'USB STICK SANDISK CRUZER GLIDE 32GB'.,No
Do the two product descriptions refer to the same real-world product? Entity 1: 'Tissot Mens T-Sport Seastar 1000 Chronograph Black Dial Stainless Steel Bracelet Watch T120.417.11.051.00'. Entity 2: 'SanDisk Extreme PRO SD UHS-II USB 3.0'.,No
Do the two product descriptions refer to the same real-world product? Entity 1: 'Canon PGI-29 Ink Tank Grey 4871B001AA CO68194'. Entity 2: 'Switch D-Link DGS-1210-24 20 p 10 / 100 / 1000 Mbps 4 x SFP'.,No
Do the two product descriptions refer to the same real-world product? Entity 1: 'Swiss Military Hanowa Immersion 06-4226.30.003.03'. Entity 2: 'Swiss Military Hanowa06-4226.30.003.03 Immersion Uhr'.,Yes
Do the two product descriptions refer to the same real-world product? Entity 1: 'Pokemon TCG: Sword & Shield Boosters'. Entity 2: 'Daniel Wellington - Classic St Mawes Rose Gold - 40mm'.,No
Do the two product descriptions refer to the same real-world product? Entity 1: 'Kingston 32GB DDR4 3000MHz Kit(2x16GB) HyperX Predator Intel XMP'. Entity 2: 'Swiss Military Hanowa FLAGSHIP 06-5161.2.04.003 Herrenuhr'.,No
Do the two product descriptions refer to the same real-world product? Entity 1: 'Epson A3 Premium Glossy Photo Paper 255gsm (Pack of 20) C13S041315'. Entity 2: 'Epson Premium Glossy A3 20 sheets'.,Yes
"Do the two product descriptions refer to the same real-world product? Entity 1: 'ZOTAC Grafikkarte Gaming GeForce RTX 2060 SUPER AMP, 8 GB (ZT-T20610D-10P)'. Entity 2: 'WEBCAM LOGITECH C270 HD 720P'.",No
"Do the two product descriptions refer to the same real-world product? Entity 1: 'Jabra BIZ 2400 Mark II - 3-in-1 Mono Headset'. Entity 2: 'Jabra Biz 2400 II Mono 3-1, NC, 82 mic, QD'.",Yes
Do the two product descriptions refer to the same real-world product? Entity 1: 'APC - Schneider SMART-UPS 1000VA LCD 230V'. Entity 2: 'APPLE - AIRPODS WITH CHARGING CASEIN'.,No
Do the two product descriptions refer to the same real-world product? Entity 1: 'Razer DeathAdder V2 Ergonomic Wired Gaming Mouse (RZ01-03210100-R3M1) (Warranty 2years with Ban Leong)'. Entity 2: 'Razer Viper Mini Ultra-Lightweight USB RGB Optical Gaming Mouse (RZ01-03250100-R3M1)'.,No
Do the two product descriptions refer to the same real-world product? Entity 1: 'APC APCRBC117 Replacement Battery Cartridge #117'. Entity 2: 'APC Replacement Battery Cartridges #117'.,Yes
"Do the two product descriptions refer to the same real-world product? Entity 1: 'Shimano Cassette 11s 11-46 CS-M8000'. Entity 2: 'Shimano Deore XT CS-M8000 Cassette 11-speed, silver/grey'.",No
Do the two product descriptions refer to the same real-world product? Entity 1: 'HIKVISION DS-7216HUHI-K2 (Turbo HD 4.0) 8MP/5MP/4MP'. Entity 2: 'Epson Strawberry 29 (Prentar 175 síður) Claria Home blekhylki (blátt)'.,No
Do the two product descriptions refer to the same real-world product? Entity 1: 'SanDisk SSD Plus 120GB 240GB 530MB/s 480GB 1TB 535MB/sSolid State Drive (120GB)'. Entity 2: 'Corsair 32GB DDR4 Vengeance LPX 2666MHz Memory Kit Black'.,No
"Do the two product descriptions refer to the same real-world product? Entity 1: 'LaCie 4TB Rugged Thunderbolt / USB-C Mobile HDD'. Entity 2: 'LaCie Rugged USB 3.1C 4 TB 2,5'' STFS4000800'.",Yes
"Do the two product descriptions refer to the same real-world product? Entity 1: 'Evans EC2 Clear Drum Head, 8 Inch'. Entity 2: 'INTEL CPU 10TH GEN COMET LAKE I7-10700KF 3.80GHZ LGA1200 16.00MB CACHE BOXED'.",No
"Do the two product descriptions refer to the same real-world product? Entity 1: 'Catalyst 2960-X 24 GigE PoE 370W, 2 x 10G SFP+, LAN Base'. Entity 2: 'Cisco Catalyst WS-C2960X-24PD-L 24 Ports ManagedRack Mountable Switch'.",Yes
"Do the two product descriptions refer to the same real-world product? Entity 1: 'Corsair Chassis, Carbide Series SPEC-OMEGA'. Entity 2: 'Traveler's Company 002. GRID REFILL MIDORI TRAVELER'S NOTEBOOK'.",No
Do the two product descriptions refer to the same real-world product? Entity 1: 'Sram PG 1130 11sp cassette 11-36T'. Entity 2: 'KINGSTON MICRO SD CARD CANVAS SELECT PLUS 128GB 100MB/S LIMITED LIFETIME'.,No
Do the two product descriptions refer to the same real-world product? Entity 1: 'SRAM Guide Trail Brake Pad'. Entity 2: 'ADAPTADOR INALAMBRICO TP-LINK/USB 2.0/N300/QSS/TL-WN821N'.,No
"Do the two product descriptions refer to the same real-world product? Entity 1: 'RAM Triple 1\"" Ball Adapter - RAM-B-289U'. Entity 2: 'ASUS Radeon RX 5500 XT DUAL EVO 8GB'.",No
"Do the two product descriptions refer to the same real-world product? Entity 1: 'APC Smart-UPS RT 192V RM Battery Pack'. Entity 2: 'RAM Handlebar Rail Mount 1.125 - 1.5\"" C (RAM-408-112-15U)'.",No
Do the two product descriptions refer to the same real-world product? Entity 1: 'Samsung 970 EVO MZ-V7E1T0BW - Solid state drive - krypterat - 1 TB - inbyggd - M.2 2280 - PCI Express 3.0 x4 (NVMe) - 256 bitars AES - TCG Opal Encryption 2.0'. Entity 2: 'Mavic Mini Drone by DJI - Fly More Combo'.,No
"Do the two product descriptions refer to the same real-world product? Entity 1: 'RAM Double U-Bolt Base with D Size 2.25\"" Ball for Rails from 0.75\"" to 1.25\"" in Diameter - RAM-D-235U'. Entity 2: 'FUJIFILM Aspherical Super EBC XF 80mm f/2.8 R LM OIS WR Macro Lens'.",No
Do the two product descriptions refer to the same real-world product? Entity 1: 'Sandisk USB Flash 32GB Cruzer Glide 2.0/3.0'. Entity 2: 'Sandisk Cruzer Force 16GB USB 2.0 Flash Drive - SDCZ71-016G-B35'.,No
Do the two product descriptions refer to the same real-world product? Entity 1: 'Sony FE 70-200mm f/4 OSS Lens'. Entity 2: 'Canon 24-70mm f/2.8L II USM EF Lens'.,No
"Do the two product descriptions refer to the same real-world product? Entity 1: 'Shimano M05 Disc Brake Pads (Deore) (Resin)'. Entity 2: 'SRAM Sram Level Ultimate, Level TLM Disc Brake Pads'.",No
Do the two product descriptions refer to the same real-world product? Entity 1: 'Shimano Dura-Ace CS-R9100 Cassette 11-speed'. Entity 2: 'Dura-Ace 9100 11-Speed Cassette 11-25T'.,No
"Do the two product descriptions refer to the same real-world product? Entity 1: 'Kingston 4GB DDR3 1600MHz HyperX Fury Black Series'. Entity 2: '16TB IronWolf Pro ST16000NE000, 7200 RPM, SATA 6Gb/s, 256MB cache, 3.5-Inch HDD'.",No
Do the two product descriptions refer to the same real-world product? Entity 1: 'Tarjeta Gráfica Gigabyte RTX 2080 Ti XTREME 11 Gb'. Entity 2: 'Gigabyte AORUS GeForce RTX™ 2080 Ti XTREME 11G'.,Yes
Do the two product descriptions refer to the same real-world product? Entity 1: 'Miška Razer Viper Ultimate Wireless'. Entity 2: 'Razer Viper Ultimate & Mouse Dock'.,Yes
Do the two product descriptions refer to the same real-world product? Entity 1: 'SRAM Cassette Sram PG 1130 11 vitesses 11-36'. Entity 2: 'SanDisk SSD PLUS 120GB Solid State Drive -SDSSDA-120G-G27'.,No
Do the two product descriptions refer to the same real-world product? Entity 1: 'Apple - AirPods with Wireless Charging Case (Latest Model) - White'. Entity 2: 'WS-C2960-24TT-LCatalyst 2960 24 10/100 + 2 1000BT LAN Base Image'.,No
"Do the two product descriptions refer to the same real-world product? Entity 1: 'Maxxis High Roller II 29"" WideTrail Tire - 3C MT DD / 2.5""'. Entity 2: 'Maxxis High Roller II MaxxTerra Tire (WT) (3C/EXO/TR) (27.5 x 2.40) (Folding)'.",No
Do the two product descriptions refer to the same real-world product? Entity 1: 'Canon Multipack PGI-72multi1 (6403B007)'. Entity 2: 'Audemars Piguet-Audemars Piguet Royal Oak Offshore Chronograph 42mm Mens Watch-26470OR.OO.A125CR.01'.,No
Do the two product descriptions refer to the same real-world product? Entity 1: 'DS-7208HUHI-K2-P Hikvision 8 Channel 5MP / 1080P HD-TVI Hybrid DVR with Power over Coax (PoC / Turbo4.0)'. Entity 2: 'Kingston 32GB DDR4 3000MHz Kit(2x16GB) HyperX Predator Intel XMP'.,No
Do the two product descriptions refer to the same real-world product? Entity 1: 'Canon 24-70mm f/2.8L II USM EF Lens'. Entity 2: 'CANON EF 100mm/2.8L macro IS USME67'.,No
Do the two product descriptions refer to the same real-world product? Entity 1: 'D-Link Switch 24 Puertos- Red'. Entity 2: 'Park Tool PH-1.2 P-Handle Hex Wrench Set - Tool Set'.,No
Do the two product descriptions refer to the same real-world product? Entity 1: 'OKI 44992402 Style Black Compatible Toner'. Entity 2: 'Jabra Evolve 80 UC stereo SKype for Business'.,No
Do the two product descriptions refer to the same real-world product? Entity 1: 'Router wifi archer c60 ac1350 dual'. Entity 2: 'TP-Link | AC1900 High Gain Dual Band Wifi Adapter | Wireless WiFi Network Adapter for PC (Archer T9UH)'.,No
"Do the two product descriptions refer to the same real-world product? Entity 1: 'EPSON Premium Glossy Photo Paper A4/30ks'. Entity 2: 'Garmin fenix5 Gray Optic, Black band'.",No
Do the two product descriptions refer to the same real-world product? Entity 1: 'Seagate IronWolf PRO 16TB NAS Professional'. Entity 2: 'Disco Seagate Ironwolf Nas 10Tb Sata3 (St10000vn0008)'.,No
"Do the two product descriptions refer to the same real-world product? Entity 1: 'iiyama Prolite 27\"" XUB2792QSU-B1 WQHD IPS Monitor Tilt/Swivel/Pivot'. Entity 2: 'iiyama ProLite XUB2792QSU-B1 27\"" LED LCD Monitor - 16:9 - 5 ms'.",Yes
Do the two product descriptions refer to the same real-world product? Entity 1: 'JABRA Evolve 40 UC USB - Mono'. Entity 2: 'Hydro Flask 32 oz. Wide Mouth 2.0 Flex Cap Hibiscus'.,No
Do the two product descriptions refer to the same real-world product? Entity 1: 'Pokemon TCG: Sword & Shield Boosters'. Entity 2: 'Pokémon TCG Sword & Shield Darkness Ablaze'.,No
Do the two product descriptions refer to the same real-world product? Entity 1: 'Memoire DDR3 Crucial 4GB DDR3 1600 MT/S (PC3-12800)'. Entity 2: 'Fujifilm XF 80mm f2.8 R LM WR Macro Lens'.,No
Do the two product descriptions refer to the same real-world product? Entity 1: 'TP-Link AC600 T2U Wireless USB Nano Adapter'. Entity 2: 'Atomos ATOM-CAB010 Full To Full Hdmi Coiled Cable'.,No
"Do the two product descriptions refer to the same real-world product? Entity 1: 'Evans EMAD2 Clear Bass Drum Head, 22 Inch'. Entity 2: 'Evans EC2 Clear Drum Head, 14 Inch'.",No
Do the two product descriptions refer to the same real-world product? Entity 1: 'Seiko Mens Presage Automatic Blue Date Dial Stainless Steel Bracelet Watch SRPD41J1'. Entity 2: 'SEIKO Prospex Automatic Men's 45mm Diver Watch - SPB103J1 – Green Dial'.,No
"Do the two product descriptions refer to the same real-world product? Entity 1: 'Intel Core i3-7100 Dual-Core 3.9GHz LGA1151 (BX80677I37100)'. Entity 2: 'Processore Cpu INTEL Core i3-7100 1151 3,9GHz 3MB Cache Kaby Lake'.",Yes
Do the two product descriptions refer to the same real-world product? Entity 1: 'Park Tool PH-1.2 P-Handle Hex Set with Holder'. Entity 2: 'Sram PG 1130 11sp cassette 11-36T'.,No
Do the two product descriptions refer to the same real-world product? Entity 1: 'APPLE - Apple AirPods 2 with Wireless Charging Case MRXJ2ZM/A - White'. Entity 2: 'TP-Link Archer T9UH Wireless AC1900 USB Adapter'.,No
Do the two product descriptions refer to the same real-world product? Entity 1: 'Fujifilm Instax Mini Film (Monochrome 10's)'. Entity 2: 'Corsair Vengeance LPX 32GB (2x16GB) DDR4 2666MHz(CMK32GX4M2A2666C16)'.,No
Do the two product descriptions refer to the same real-world product? Entity 1: 'D1-TAPE 24MM X 7M BLACK ON WHITE IN'. Entity 2: 'Dymo 53713 Black On White - 24mm'.,Yes
Do the two product descriptions refer to the same real-world product? Entity 1: 'TP-Link TL-WN725N 150MbpsWireless USB NANO adapter'. Entity 2: 'Asus ROG Strix X570-F Gaming ATX - motherboard'.,No
Do the two product descriptions refer to the same real-world product? Entity 1: 'Carto de memria micro SD Kingston 32Gb classe 10 Canvas Select'. Entity 2: 'Kingston Canvas Select (32GB) MicroSD Card Class 10 UHS-1 U1 with Adaptor'.,Yes
Do the two product descriptions refer to the same real-world product? Entity 1: 'TRAVELERS REFILL KRAFT PAPER NOTEBOOK 14365006-014'. Entity 2: '014 Traveler's Notebook Regular- Refill - Kraft Paper Notebook'.,Yes
Do the two product descriptions refer to the same real-world product? Entity 1: 'Logitech H570e Monaural USB Headset'. Entity 2: 'LOGITECH UC Corded Stereo USB Headset H570e (Leatherette Pad) - Business EMEA'.,Yes
"Do the two product descriptions refer to the same real-world product? Entity 1: 'Samsung 860 PRO 2.5\"" 1000 GB Serial ATA III 3D MLC'. Entity 2: 'Crucial BX500 2.5\"" 480 GB Serial ATA III'.",No
"Do the two product descriptions refer to the same real-world product? Entity 1: 'RAM 3.3\"" DIA. SUCT CUP W 1\"" BALL'. Entity 2: 'RAM Motorcycle Fork Stem Base w 1\"" Ball (RAM-B-342U)'.",No
Do the two product descriptions refer to the same real-world product? Entity 1: 'TP-Link EAP225-Outdoor AC1200 Wireless MU-MIMO Gigabit Indoor/Outdoor Access Point'. Entity 2: 'TP-Link Omada AC1200 Wireless Dual Band Gigabit Outdoor Access Point'.,No
"Do the two product descriptions refer to the same real-world product? Entity 1: 'Samsung UH46F5 46\"" LED Full HD Nero display professionale'. Entity 2: 'BLAZE PROFESSIONAL 27-INCH 2 BURNER BUILT-IN GAS GRILL WITH REAR INFRARED BURNER'.",No
Do the two product descriptions refer to the same real-world product? Entity 1: 'Epson Strawberry 29 (Prentar 175 síður) Claria Home blekhylki (blátt)'. Entity 2: 'Epson T7551 (Prentar 5000 síður) XL svart blekhylki (100ml) fyrir WorkForce WF-8XXX prentara'.,No
Do the two product descriptions refer to the same real-world product? Entity 1: 'Logitech H540 USB Headset With High-Definition sound and on-ear controls - Black | 981-000480'. Entity 2: 'LOGITECH Corded USB Headset H540 - USB - EMEA'.,Yes
Do the two product descriptions refer to the same real-world product? Entity 1: 'LACIE 2TB 2.5 MOBILE PORTABLE USB 3.0 MOON SILVER'. Entity 2: 'Disco Seagate Ironwolf Nas 10Tb Sata3 (St10000vn0008)'.,No
"Do the two product descriptions refer to the same real-world product? Entity 1: 'APC - Replacement battery cartridge 140'. Entity 2: 'Placa video Gigabyte Radeon RX 5500 XT OC 8GB GDDR6, 128-bit'.",No
Do the two product descriptions refer to the same real-world product? Entity 1: 'Logitech® HD Webcam C310 - USB'. Entity 2: 'Logitech C920 USB HD Pro Webcam with Auto-Focus and Microphone'.,No
Do the two product descriptions refer to the same real-world product? Entity 1: 'Omega Seamaster Planet Ocean Automatic Chronograph Stainless Steel Watch 232.30.46.51.01.002'. Entity 2: '4GB DDR3-1866MHz Kingston HyperX Fury Black'.,No
Do the two product descriptions refer to the same real-world product? Entity 1: 'Canon PFI 107C Ink Cartridge Cyan'. Entity 2: 'Canon PFI107C Cyan Laser Toner Cartridge Remanufactured'.,Yes
Do the two product descriptions refer to the same real-world product? Entity 1: 'AMD Ryzen 9 3900XT 12-Core 3.8 GHz Socket AM4 105W 100-100000277WOF Desktop Processor'. Entity 2: 'Sigma 105mm f1.4 DG HSM Art Lens for Canon'.,No
Do the two product descriptions refer to the same real-world product? Entity 1: 'Zebra 800015-101 1000 Prints Black Resin Ribbon for P310i P420i P520i'. Entity 2: 'Zebra 800015-301 (Eltron) Black (K) Resin Ribbon - 1500 Prints'.,No
"Do the two product descriptions refer to the same real-world product? Entity 1: 'Epson Tinte T6935 Matt Black UltraChrome, 350 ml'. Entity 2: 'Epson Tinte T6037 Light Black, 220 ml'.",No
Do the two product descriptions refer to the same real-world product? Entity 1: 'HP Color LaserJet Professional CP5225dn'. Entity 2: 'Cooler Master Hyper H411R CPU Cooler White LED'.,No
Do the two product descriptions refer to the same real-world product? Entity 1: 'Corsair Carbide Spec-01 Red LED Mid-Tower Case'. Entity 2: 'Genuine SanDiskiXpand Flash Drive 64GB - iPhone lightning connector'.,No
Do the two product descriptions refer to the same real-world product? Entity 1: 'Sigma 105mm f1.4 DG HSM Art Lens for Canon'. Entity 2: 'Sigma 50mm F1.4 DG HSM Canon [ART]'.,No
Do the two product descriptions refer to the same real-world product? Entity 1: 'Samsung 1TB SSD 970 EVO NVMe M.2'. Entity 2: 'Adata XPG SX6000 Lite 1TB M.2 PCIe GEN3x4 SSD ASX6000LNP-1TT-C'.,No
"Do the two product descriptions refer to the same real-world product? Entity 1: 'Evans EMAD2 Clear Bass Drum Head, 22 Inch'. Entity 2: 'Evans 20” EMAD Clear Bass Drum Head'.",No
Do the two product descriptions refer to the same real-world product? Entity 1: 'Cheap Replica Audemars Piguet Royal Oak Chronograph White Dail Watch 26331ST.OO.1220ST.03'. Entity 2: 'Pre-Owned Audemars Piguet Royal Oak Chronograph 26331ST.OO.1220ST.03'.,Yes
"Do the two product descriptions refer to the same real-world product? Entity 1: 'LaCie Rugged USB 3.1C 4 TB 2,5'' STFS4000800'. Entity 2: 'Hikvision DS-7216HUHI-K2 Turbo 1080p HD 16CH DVR - HD-TVI AHD IPC - HDMI COAX'.",No
Do the two product descriptions refer to the same real-world product? Entity 1: 'Sunflower 32oz. Wide Mouth Water Bottle'. Entity 2: 'Ubiquiti UniFi AP AC Mesh PRO 802.11ac Dual Radio Indoor/Outdoor access point - 1750Mbps 5 pack no PoE'.,No
Do the two product descriptions refer to the same real-world product? Entity 1: 'Access Point TP-LINK Wireless N 300Mbs B/G/N - 3 Antenas'. Entity 2: 'maintenance kit EPSON Business Inkjet B300/310/B500DN/B510DN (´odpad. nadoba´)'.,No
Do the two product descriptions refer to the same real-world product? Entity 1: '002 Traveler's Notebook Regular- Refill - Grid Notebook'. Entity 2: 'Traveler's Company 002. GRID REFILL MIDORI TRAVELER'S NOTEBOOK'.,Yes
Do the two product descriptions refer to the same real-world product? Entity 1: 'LaCie - Lacie Rugged USB-C Hard Drives - 2TB & 5TB'. Entity 2: 'Orologio Garmin Venu 010-02173-12 Venu'.,No
Do the two product descriptions refer to the same real-world product? Entity 1: 'Brother HL-L6200DW Business Laser Printer'. Entity 2: 'Brother HL-L8360CDW Laser Printer'.,No
"Do the two product descriptions refer to the same real-world product? Entity 1: 'DVR 8 canale, Turbo HD, 6MP, PoC, Hikvision DS-7208HQHI-K2-P'. Entity 2: 'HK DVR TURBOHD 8ch DS-7208HQHI-K2/P'.",Yes
Do the two product descriptions refer to the same real-world product? Entity 1: 'Asus ROG STRIX B550-E GAMING AM4 ATX Motherboard'. Entity 2: 'Samsung T7 Portable SSD [2TB] (Indigo Blue)'.,No
Do the two product descriptions refer to the same real-world product? Entity 1: 'Kingston Canvas Select (32GB) MicroSD Card Class 10 UHS-1 U1 with Adaptor'. Entity 2: 'Ubiquiti IR LED Range Extender'.,No
Do the two product descriptions refer to the same real-world product? Entity 1: 'Bosch KGN34NWEAG Free-standing fridge-freezer'. Entity 2: '002 Traveler's Notebook Regular- Refill - Grid Notebook'.,No
Do the two product descriptions refer to the same real-world product? Entity 1: '8CH HIKVISION 4MP DVR HDMI TURBO 1080P DS-7208HQHI-K1'. Entity 2: 'HIKVISION DS-7208HQHI-K1 2 MEGAPIXEL HYBRID 8 CHANNEL (8CH) DVR'.,Yes
Do the two product descriptions refer to the same real-world product? Entity 1: 'TONER CANON CIAN CL707C 2.000 PAGINAS'. Entity 2: 'Canon PFI107C Cyan Laser Toner Cartridge Remanufactured'.,No
Do the two product descriptions refer to the same real-world product? Entity 1: 'Jabra BIZ 2300 USB MS Duo'. Entity 2: 'KINGSTON 8GB 1600MHz DDR3 CL10 DIMM (Kit of 2) HyperX Fury Series'.,No
Do the two product descriptions refer to the same real-world product? Entity 1: 'XPG SX8200 Pro M.2 256 GB PCI Express 3.0 3D TLC NVMe'. Entity 2: 'XPG SX6000 Lite internal solid state drive 1000 GB PCI Express 3.0 3D TLC NVMe M.2 SSD'.,No
Do the two product descriptions refer to the same real-world product? Entity 1: 'AAA Replica Audemars Piguet Royal Oak Offshore Chronograph Watch 26470OR.OO.1000OR.02'. Entity 2: 'Buy Quality Replica Audemars Piguet Royal Oak Offshore Chronograph Watch 26470OR.OO.1000OR.02'.,Yes
Do the two product descriptions refer to the same real-world product? Entity 1: 'TP-Link | AC1900 High Gain Dual Band Wifi Adapter | Wireless WiFi Network Adapter for PC (Archer T9UH)'. Entity 2: 'TP-Link Archer T9UH Wireless AC1900 USB Adapter'.,Yes
Do the two product descriptions refer to the same real-world product? Entity 1: 'Kingston HyperX Predator 32 GB - PC4-24000 - DIMM'. Entity 2: 'HyperX Predator 16GB - PC4-26600 - DIMM'.,No
"Do the two product descriptions refer to the same real-world product? Entity 1: '4GB ValueRAM DDR3, 1600MHz, Non-ECC, Unbuffered, CL11, 1.5V, 240-pin DIMM, Singl'. Entity 2: 'Kingston Technology ValueRAM 4GB DDR3-1600 4GB DDR3 1600MHz memoria'.",Yes
"Do the two product descriptions refer to the same real-world product? Entity 1: 'Samsung UH46F5 46\"" LED Full HD Nero display professionale'. Entity 2: 'Samsung LH46UHFCLBB - 116,8 cm (46\"") - LED - 1920 x 1080 Pixel - 700 cd/m² - Full HD - 8 ms'.",Yes
Do the two product descriptions refer to the same real-world product? Entity 1: 'Diadema Logitech H390 USB Computer ...'. Entity 2: 'Logitech H570e Monaural USB Headset'.,No
Do the two product descriptions refer to the same real-world product? Entity 1: 'CORSAIR 8Gbx1 DDR4 3000Mhz Ram CMK8GX4M1D3000C16 VENGEANCE LPX Gaming RAM'. Entity 2: 'XPG SX6000 Lite internal solid state drive 1000 GB PCI Express 3.0 3D TLC NVMe M.2 SSD'.,No
Do the two product descriptions refer to the same real-world product? Entity 1: 'Laser Toner Cartridge compatible with Samsung MLT-D103L/ELS High Capacity'. Entity 2: 'Maxxis High Roller II 27.5 x 2.5 Wide Trail 3C Maxx Terra EXO/TR Folding Mountainbike Tyre'.,No
Do the two product descriptions refer to the same real-world product? Entity 1: 'Razer Viper Mini Optical Ambidextrous RGB Gaming Mouse'. Entity 2: 'Elixir 12-String Light 80/20 Bronze Nanoweb Acoustic'.,No
Do the two product descriptions refer to the same real-world product? Entity 1: 'Shimano Cassette 11s 11-46 CS-M8000'. Entity 2: 'XT CS-M8000 11 Speed Cassette'.,Yes
"Do the two product descriptions refer to the same real-world product? Entity 1: 'ZOTAC GeForce RTX 2060 SUPER AMP! 8GB 256Bit GDDR6'. Entity 2: 'ZOTAC Grafikkarte Gaming GeForce RTX 2060 SUPER AMP, 8 GB (ZT-T20610D-10P)'.",Yes
"Do the two product descriptions refer to the same real-world product? Entity 1: 'Maxxis High Roller II 27.5 x 2.5 Wide Trail 3C Maxx Terra EXO/TR Folding Mountainbike Tyre'. Entity 2: 'Maxxis Maxxis High Roller II Tire: 27.5 x 2.50\"", Folding, 60tpi, 3C MaxxTerra, EXO, Tubeless Ready, Wide Trail, Black'.",Yes
"Do the two product descriptions refer to the same real-world product? Entity 1: 'Pokemon TCG:Sword and Shield Rebel Clash Three Booster Blister- Dural'. Entity 2: 'Pokémon TCG: Sword & Shield-Rebel Clash 3 Booster Packs, Coin & Rayquaza Promo Card'.",Yes
Do the two product descriptions refer to the same real-world product? Entity 1: 'Dura-Ace 9100 11-Speed Cassette 11-25T'. Entity 2: 'AMD Ryzen 9 3900XT AM4 CPU'.,No
Do the two product descriptions refer to the same real-world product? Entity 1: 'Deore XT RD-M786-SGS - Shadow - rear derailleur'. Entity 2: 'Mens Daniel Wellington St Mawes 40mm Watch DW00100006'.,No
Do the two product descriptions refer to the same real-world product? Entity 1: 'Ryze Tech Tello Battery Charging Hub'. Entity 2: 'Ryze Tello Battery Charging Charger Hub (Part 9)'.,Yes
"Do the two product descriptions refer to the same real-world product? Entity 1: 'High Roller II Bike Tire: 29 x 2.50\"", Folding, 120tpi, 3C MaxxTerra, Double Down, Tubeless Ready, Wide Trail'. Entity 2: 'Access Point TP-LINK Wireless N 300Mbs B/G/N - 3 Antenas'.",No
Do the two product descriptions refer to the same real-world product? Entity 1: 'APC APCrbc110 Replacement Battery Cartridge #110'. Entity 2: 'APC Replacement Battery Cartridges #117'.,No
Do the two product descriptions refer to the same real-world product? Entity 1: 'TUF GAMING X570-PLUS Desktop Motherboard - AMD Chipset - Socket AM4'. Entity 2: 'ASUS Dual GeForce RTX 2060 6G OC EVO Edition 192Bit GDDR6'.,No
Do the two product descriptions refer to the same real-world product? Entity 1: 'TP-Link EAP225-Outdoor AC1200 Wireless MU-MIMO Gigabit Indoor/Outdoor Access Point'. Entity 2: 'TP-Link AC1200 Wireless MU-MIMO Gigabit Indoor/Outdoor Access Point (EAP225-Outdoor) AC1200 Outdoor'.,No
Do the two product descriptions refer to the same real-world product? Entity 1: 'Sony FE 24mm F1.4 GM Lens + Bonus'. Entity 2: 'Sony - FE 50mm F1.8 Standard Lens (SEL50F18F)'.,No
Do the two product descriptions refer to the same real-world product? Entity 1: 'New York Yankees New Era Navy League 9FORTY Adjustable Hat - Men - Navy Blue'. Entity 2: 'NEW ERA ČIAPKA THE LEAGUE GM NY YANKEES'.,Yes
Do the two product descriptions refer to the same real-world product? Entity 1: 'Asus ROG STRIX B550-E GAMING AM4 ATX Motherboard'. Entity 2: 'Asus ROG Strix X570-F Gaming ATX - motherboard'.,No
Do the two product descriptions refer to the same real-world product? Entity 1: 'Razer DeathAdder V2 Ergonomic Wired Gaming Mouse (RZ01-03210100-R3M1) (Warranty 2years with Ban Leong)'. Entity 2: 'RAZER MAMBA ELITE ERGONOMIC WIRED GAMING MOUSE'.,No
"Do the two product descriptions refer to the same real-world product? Entity 1: 'Dura-Ace 9100 11-Speed Cassette 11-25T'. Entity 2: 'iiyama Prolite 27\"" XUB2792QSU-B1 WQHD IPS Monitor Tilt/Swivel/Pivot'.",No
Do the two product descriptions refer to the same real-world product? Entity 1: 'Corsair iCue 465X RGB White'. Entity 2: 'SWITCH TP-LINK 24 PORT GIGA'.,No
Do the two product descriptions refer to the same real-world product? Entity 1: '507125-B21 HP 146-GB 6G 10K 2.5 DP SAS HDD'. Entity 2: 'Seagate IronWolf PRO 16TB NAS Professional'.,No
Do the two product descriptions refer to the same real-world product? Entity 1: 'Ext. HDD LaCie Mobile Drive 2TB USB-C'. Entity 2: 'LaCie 4TB Rugged Thunderbolt / USB-C Mobile HDD'.,No
Do the two product descriptions refer to the same real-world product? Entity 1: 'Carto de memria micro SD Kingston 64Gb XC1 classe 10 Canvas Select'. Entity 2: 'Kingston SDCS Canvas Select Class10 microSD Memory Card - 64GB With Adapter'.,Yes
Do the two product descriptions refer to the same real-world product? Entity 1: 'Ilford FP4 Plus 125 120'. Entity 2: 'Canon EF-S 18-200mm f/3.5-5.6 IS'.,Yes
Do the two product descriptions refer to the same real-world product? Entity 1: 'DS-7208HUHI-K2-P Hikvision 8 Channel 5MP / 1080P HD-TVI Hybrid DVR with Power over Coax (PoC / Turbo4.0)'. Entity 2: 'Fujinon Lens XF 23mm F1.4 R'.,No
Do the two product descriptions refer to the same real-world product? Entity 1: 'ASUS NVIDIA GeForce RTX 2060 6GB DUAL OC EVO Turing Graphics Card'. Entity 2: 'TP-Link AC600 T2U Wireless USB Nano Adapter'.,No
Do the two product descriptions refer to the same real-world product? Entity 1: 'ASUS Dual GeForce RTX 2060 6G OC EVO Edition 192Bit GDDR6'. Entity 2: 'ASUS NVIDIA GeForce RTX 2060 6GB DUAL OC EVO Turing Graphics Card'.,Yes
Do the two product descriptions refer to the same real-world product? Entity 1: 'JABRA EVOLVE 20 UC Mono'. Entity 2: 'JABRA EVOLVE 20 UC Stereo'.,No
Do the two product descriptions refer to the same real-world product? Entity 1: 'Traveler's Notebook Starter Kit (Passport Size) - Blue'. Entity 2: 'SanDisk Ultra Flair 32GB USB 3.0 Pen Drive'.,No
Do the two product descriptions refer to the same real-world product? Entity 1: 'Canon EF-S 55-250 f4-5.6 IS STM'. Entity 2: 'Canon EF-S 55-250mm f/4-5.6 IS STM'.,Yes
Do the two product descriptions refer to the same real-world product? Entity 1: '2012 SRAM Red XG-1090 10-Speed X-Dome 11-23 Cassette'. Entity 2: 'SRAM XG-1090 PowerDome-X 10sp Cassette'.,Yes
Do the two product descriptions refer to the same real-world product? Entity 1: 'Toner Brother - Nero - ricarica toner tn200'. Entity 2: 'Epson Blekk Svart T7031 L - WP4000/4500'.,No
Do the two product descriptions refer to the same real-world product? Entity 1: 'Epson Strawberry 29 (Prentar 175 síður) Claria Home blekhylki (blátt)'. Entity 2: 'Evans 20” EMAD Clear Bass Drum Head'.,No
"Do the two product descriptions refer to the same real-world product? Entity 1: 'RAM® 3\"" Double Ball Arm for 1.5\"" Ball'. Entity 2: 'Omega Seamaster Planet Ocean 600m Co-Axial Master Ceramic 215.92.46.22.01.004 Black Dial Replica'.",No
Do the two product descriptions refer to the same real-world product? Entity 1: 'ASUS GeForce GTX 1660 SUPER DUAL EVO OC'. Entity 2: 'Asus GTX1660S 6GB Dual EVO'.,Yes
"Do the two product descriptions refer to the same real-world product? Entity 1: 'Hewlett Packard Enterprise HDD 146GB 10K SAS 2,5INCH (507125-B21)'. Entity 2: 'SanDisk SDHC Ultra UHS-I 256GB Class 10 90MB/S'.",No
"Do the two product descriptions refer to the same real-world product? Entity 1: '619291-B21 HP 900GB 6G SAS 10K rpm SFF (2.5-inch) Enterprise Hard Drive'. Entity 2: 'Hewlett Packard Enterprise HDD 146GB 10K SAS 2,5INCH (507125-B21)'.",No
"Do the two product descriptions refer to the same real-world product? Entity 1: 'Maxxis Maxxis, High Roller II, Tire, 29''x2.30, Folding, Tubeless Ready, Dual, EXO, 60TPI, Black'. Entity 2: 'Maxxis Maxxis High Roller II Tire: 27.5 x 2.50\"", Folding, 60tpi, 3C MaxxTerra, EXO, Tubeless Ready, Wide Trail, Black'.",No
Do the two product descriptions refer to the same real-world product? Entity 1: 'Switch D-Link - Web smart - switch - 24 porte - gestito dgs-1210-24'. Entity 2: 'Epson Tinte matte schwarz 700ml f. 7900/9900'.,No
Do the two product descriptions refer to the same real-world product? Entity 1: 'APC - Replacement battery cartridge 140'. Entity 2: 'Corsair 110R Tempered Glass Mid-Tower ATX Case'.,No
Do the two product descriptions refer to the same real-world product? Entity 1: 'Maxxis High Roller II 27.5 x 2.5 Wide Trail 3C Maxx Terra EXO/TR Folding Mountainbike Tyre'. Entity 2: 'MEMORIA DDR3 KINGSTON HYPERX FURY BLUE 4GB 1600MHZ'.,No
Do the two product descriptions refer to the same real-world product? Entity 1: 'Gigabyte Nvidia RTX 2060 SUPER Aorus OC 8Gb GDDR6'. Entity 2: 'ASUS Turbo -RTX2060S-8G-EVO NVIDIA GeForce RTX 2060 SUPER 8 GB GDDR6'.,No
Do the two product descriptions refer to the same real-world product? Entity 1: 'TISSOT SEASTAR 1000 CHRONOGRAPH T120.417.17.041.00 (T120.417.17.041.00)'. Entity 2: 'Tissot Seastar 1000 Men's Black Rubber Strap Watch'.,Yes
Do the two product descriptions refer to the same real-world product? Entity 1: 'Diadema Logitech H390 USB Computer ...'. Entity 2: 'Cisco Catalyst 2960-Plus 48TC-L - switch - 48 ports - managed - rack-mounta'.,No
Do the two product descriptions refer to the same real-world product? Entity 1: 'Corsair Value Select 8GB PC4-17000 - 8 GB - 1 x 8 GB - DDR4 - 2133 MHz - 288-pin DIMM'. Entity 2: 'HyperX FURY - DDR3 - 8 GB: 2 x 4 GB - DIMM 240-pin - unbuffered'.,No
Do the two product descriptions refer to the same real-world product? Entity 1: 'Kingston Canvas Select (32GB) MicroSD Card Class 10 UHS-1 U1 with Adaptor'. Entity 2: 'Kingston Canvas Select Plus 128GB microSD - With Adaptor'.,No
Do the two product descriptions refer to the same real-world product? Entity 1: 'Ubiquiti UVC-G3-FLEX-3 UniFi Protect G3 FLEX Camera 3-Pack'. Entity 2: 'Ubiquiti UniFi Protect G4-PRO Camera'.,No
Do the two product descriptions refer to the same real-world product? Entity 1: 'Zebra Black Ribbon True Colours Brand i-series 800015-301'. Entity 2: 'Zebra 800015-301 (Eltron) Black (K) Resin Ribbon - 1500 Prints'.,Yes
Do the two product descriptions refer to the same real-world product? Entity 1: 'Disco SSD Crucial BX500 120GB 3D TLC SATA III'. Entity 2: 'EPSON Magenta ink cartridge Discproducer'.,No
"Do the two product descriptions refer to the same real-world product? Entity 1: 'Samsung UH46F5 46\"" LED Full HD Nero display professionale'. Entity 2: 'Evans 20” EMAD Clear Bass Drum Head'.",No
"Do the two product descriptions refer to the same real-world product? Entity 1: 'RAM Torque 28mm-38mm Handlebar & Rail Base 1.5\"" Ball'. Entity 2: 'RAM Handlebar Rail Mount 1.125 - 1.5\"" C (RAM-408-112-15U)'.",Yes
"Do the two product descriptions refer to the same real-world product? Entity 1: 'Ubiquiti UniFi AP, AC, In Wall, 5-Pack'. Entity 2: 'Ubiquiti Unifi AC In-Wall AP Wireless Access Point 5 Pack UAP-AC-IW-5 (No PoE Injector)'.",Yes
Do the two product descriptions refer to the same real-world product? Entity 1: 'Tissot Mens T-Sport Seastar 1000 Chronograph Black Dial Stainless Steel Bracelet Watch T120.417.11.051.00'. Entity 2: 'TISSOT SEASTAR 1000 CHRONOGRAPH T120.417.17.041.00 (T120.417.17.041.00)'.,No
Do the two product descriptions refer to the same real-world product? Entity 1: 'ASUS GeForce GTX 1660 SUPER DUAL EVO OC'. Entity 2: 'Asus GeForce GTX 1660 Super Phoenix OC 6GB GDDR6 DVI/HDMI/DP PCi Ex 3.0 x16'.,No
"Do the two product descriptions refer to the same real-world product? Entity 1: 'Epson Tinte T6037 Light Black, 220 ml'. Entity 2: 'Atomos ATOM-CAB010 Full To Full Hdmi Coiled Cable'.",No
Do the two product descriptions refer to the same real-world product? Entity 1: 'Brother HL-L6300DW Business Laser Printer for Mid-Size Workgroups -HL-L6300DW'. Entity 2: 'D-LINK DGS-1210-24P 24-port Gig PoE Switch 4x Combo'.,No
Do the two product descriptions refer to the same real-world product? Entity 1: 'SanDisk CFast 2.0 64GB Extreme Pro Memory Card | Read 525 MB/s | Write 430MB/s | 4K Video'. Entity 2: 'Epson Cartouche d'encre C13T865140 (T8651)'.,No
Do the two product descriptions refer to the same real-world product? Entity 1: 'LaCie 4TB Rugged Thunderbolt / USB-C Mobile HDD'. Entity 2: 'Seagate Lacie 2TB 2.5 Rugged Portable Thunderbolt Type C'.,No
Do the two product descriptions refer to the same real-world product? Entity 1: 'APC - Replacement battery cartridge 140'. Entity 2: 'TRAVELERS REFILL KRAFT PAPER NOTEBOOK 14365006-014'.,No
"Do the two product descriptions refer to the same real-world product? Entity 1: 'Evans EMAD2 Clear Bass Drum Head, 22 Inch'. Entity 2: 'Sony Alpha SEL50F18F FE 50mm f/1.8'.",No
Do the two product descriptions refer to the same real-world product? Entity 1: 'Audio Technica Headphones Air Dynamic Series ATH-AD500X'. Entity 2: 'Casti Hi-Fi Audio-Technica ATH-AD500X'.,Yes
Do the two product descriptions refer to the same real-world product? Entity 1: 'Shimano Shimano Cs-R9100 Cassette 11-25 Dura-Ace 11-Speed'. Entity 2: 'Dura-Ace 9100 11-Speed Cassette 11-25T'.,Yes
Do the two product descriptions refer to the same real-world product? Entity 1: 'Canon Ink Jet Cartridge PGI-72 PBK/GY/PM/PC/CO Multipack 40433'. Entity 2: 'Canon Multipack PGI-72multi1 (6403B007)'.,Yes
"Do the two product descriptions refer to the same real-world product? Entity 1: 'Swiss Military Hanowa06-4226.30.003.03 Immersion Uhr'. Entity 2: 'Maxxis Minion DHR II 29\"" DD/3C/TR'.",No
"Do the two product descriptions refer to the same real-world product? Entity 1: 'Maxxis Maxxis High Roller II Tire: 27.5 x 2.50\"", Folding, 60tpi, 3C MaxxTerra, EXO, Tubeless Ready, Wide Trail, Black'. Entity 2: 'Corsair Vengeance LPX 32GB (2x16GB) DDR4 2666MHz(CMK32GX4M2A2666C16)'.",No
Do the two product descriptions refer to the same real-world product? Entity 1: 'SANDISK EXTREME PRO SDXC 256GB 170MB/S C10 U3'. Entity 2: 'ASUS GeForce RTX 2080 SUPER 8GB DUAL OC EVO'.,No
Do the two product descriptions refer to the same real-world product? Entity 1: '0000006490| Canon EF-S 18-135mm f3.5-5.6 IS NANO USM Lens'. Entity 2: 'Canon EF-S 18-135/3.5-5.6 IS USM'.,Yes
Do the two product descriptions refer to the same real-world product? Entity 1: 'Crucial Crucial Memory 4GB DDR3L 1600 1.35V SODIMM Retail CT51264BF160BJ'. Entity 2: 'Crucial CT51264BD160BJ 4GB DDR3L-1600 UDIMM Memory Module'.,No
Do the two product descriptions refer to the same real-world product? Entity 1: 'Kingston HyperX Fury 4GB DDR3 1600MHz CL10 Ram'. Entity 2: 'Kingston HyperX Fury 16GB DDR4 3200MHz CL16 Ram'.,No
Do the two product descriptions refer to the same real-world product? Entity 1: 'HP 900GB 6G SAS 10K 900 SAS 16 MB Cache 2.5-Inch Internal Bare or OEM Drives 619291-B21'. Entity 2: '619291-B21 HP 900GB 6G SAS 10K rpm SFF (2.5-inch) Enterprise Hard Drive'.,Yes
Do the two product descriptions refer to the same real-world product? Entity 1: 'MVH500AH FLUID VIDEO HEAD W/FLAT BASE'. Entity 2: '502HD PRO VIDEO HEAD WITH FLAT BASE'.,No
Do the two product descriptions refer to the same real-world product? Entity 1: 'SanDisk Extreme microSDHC 32GB 100/60 MB/s A1 V30 GoPro'. Entity 2: 'Processador Amd Am4 Ryzen R5-2400g 3.9ghz 6mb'.,No
"Do the two product descriptions refer to the same real-world product? Entity 1: 'BROTHER HL-L6200DW WIRELESSMONO LASER PRINTER WITH2-Sided PRINTING(46 PPM, 520 Sheets Paper...'. Entity 2: 'Brother HL-L5200DW Laser Printer'.",No
"Do the two product descriptions refer to the same real-world product? Entity 1: 'DYMO 4500 TAPE BLACK/RED 45017'. Entity 2: 'Apple AirPods Pro, Kopfhrer - EU'.",No
"Do the two product descriptions refer to the same real-world product? Entity 1: 'Jabra BIZ 2400 Mark II - 3-in-1 Mono Headset'. Entity 2: 'CLARKS Sram, PG-730, 7sp cassette, 12-32T'.",No
Do the two product descriptions refer to the same real-world product? Entity 1: 'Ubiquiti UVC-G3-BULLET (Formerly UVC-G3-AF) UniFi Video Camera G3 1080p PoE IP Camera'. Entity 2: 'Ubiquiti UniFi Video Camera G3 1080P 802.3af IP UVC-G3-BULLET-3 3 Pack (No PoE Injectors)'.,No
"Do the two product descriptions refer to the same real-world product? Entity 1: 'Placa video Gigabyte Radeon RX 5500 XT OC 8GB GDDR6, 128-bit'. Entity 2: 'Sony SEL20F18G.SYX - Sony E-Mount FE 20mm F1.8 G'.",No
Do the two product descriptions refer to the same real-world product? Entity 1: 'APPLE - AIRPODS WITH WIRELESS CHARGING CASE IN'. Entity 2: 'SANDISK EXTREME SDXC 128GB 150MB/S C10 U3'.,No
Do the two product descriptions refer to the same real-world product? Entity 1: 'Maxxis Tire Assegai 3C MAXXTERRA/EXO+/TR Foldable 27.5x2.50WT'. Entity 2: 'Maxxis High Roller II MaxxTerra Tire (WT) (3C/EXO/TR) (27.5 x 2.40) (Folding)'.,No
Do the two product descriptions refer to the same real-world product? Entity 1: 'Sigma Sigma 35mm F1.4 ART DG HSM - Nikon AF mount'. Entity 2: 'Sigma 50mm F1.4 Art DG HSM Nikon Mount Lens'.,No
Do the two product descriptions refer to the same real-world product? Entity 1: 'Sony FE 24mm f/1.4 GM'. Entity 2: 'Jabra BIZ2300 2399-823-109 DUO USB Headset MS'.,No
"Do the two product descriptions refer to the same real-world product? Entity 1: 'Crucial MX500 M.2 2280 500GB Internal SSD 560MB/s CT500MX500SSD4 | PCByte'. Entity 2: 'Crucial 2TB MX500 2.5"" 7mm SATA 6Gb/s SSD'.",No
Do the two product descriptions refer to the same real-world product? Entity 1: 'Manfrotto MVK500AM Fluid Video Head With Lightweight Telescopic Legs'. Entity 2: 'USB STICK SANDISK CRUZER GLIDE 32GB'.,No
Do the two product descriptions refer to the same real-world product? Entity 1: '4GB DDR3-1866MHz Kingston HyperX Fury Black'. Entity 2: 'Dymo 53713 Black On White - 24mm'.,No
Do the two product descriptions refer to the same real-world product? Entity 1: 'SanDisk Extreme Pro SD Card 32GB 300MB/s UHS-II'. Entity 2: 'SanDisk Ultra SDXC Memory Card 100MBs Class 10 UHS-I 256GB'.,No
Do the two product descriptions refer to the same real-world product? Entity 1: 'Samsung 970 Evo 500GB NVME M.2 High Speed Solid State Drive with V-Nand'. Entity 2: 'D'Addario EJ16 Phosphor Bronze Light Acoustic Guitar Strings'.,No
Do the two product descriptions refer to the same real-world product? Entity 1: 'Nikon AF-S NIKKOR 24-85mm f/3.5-4.5 G ED VR Lens'. Entity 2: 'Sony E 30mm f/3.5 Macro Lens'.,No
Do the two product descriptions refer to the same real-world product? Entity 1: 'Sigma 105mm F1.4 Art DG HSM EOS Mount Lens'. Entity 2: 'Sigma 50mm F1.4 Art DG HSM Nikon Mount Lens'.,No
Do the two product descriptions refer to the same real-world product? Entity 1: 'Blaze 40-Inch 5-Burner LTE Built-In Liquid Propane Gas Grill With Rear Infrared Burner & Grill Lights'. Entity 2: 'BLAZE PROFESSIONAL 27-INCH 2 BURNER BUILT-IN GAS GRILL WITH REAR INFRARED BURNER'.,No
Do the two product descriptions refer to the same real-world product? Entity 1: 'WD HDD 4TB My Passport Black'. Entity 2: 'WD My Passport - 1 TB'.,No
Do the two product descriptions refer to the same real-world product? Entity 1: 'Sigma 35mm f/1.4 DG HSM Art'. Entity 2: 'LaCie 4TB USB Type-C Mobile Drive (Moon Silver)'.,No
Do the two product descriptions refer to the same real-world product? Entity 1: 'Shimano Shimano Cs-R9100 Cassette 11-25 Dura-Ace 11-Speed'. Entity 2: 'Shimano Dura-Ace CS-R9100 Cassette 11-speed'.,No
"Do the two product descriptions refer to the same real-world product? Entity 1: 'CORSAIR CRYSTAL 570X RGB Mid-Tower Case, 3 RGB Fans, Tempered Glass - White| CC-9011110-WW'. Entity 2: 'Obudowa Corsair Crystal 680X RGB High Airflow TG White (CC-9011169-WW)'.",No
"Do the two product descriptions refer to the same real-world product? Entity 1: 'YD260XBCAFBOX - AMD AM4 Ryzen 5 2600X, 6x 3.60GHz, boxed'. Entity 2: 'Apple AirPods Pro, Kopfhrer - EU'.",No
"Do the two product descriptions refer to the same real-world product? Entity 1: 'Corsair Crystal 460X RGB ATX Mid Tower Case - Black'. Entity 2: 'Nobreak APC Smart-UPS SURT 20kVA/16kW, 230V'.",No
"Do the two product descriptions refer to the same real-world product? Entity 1: 'TRAVELERS REFILL KRAFT PAPER NOTEBOOK 14365006-014'. Entity 2: '43\"" 2020 Q60T 4K Smart QLED TV'.",No
"Do the two product descriptions refer to the same real-world product? Entity 1: 'Western Digital Blue PC SSD 2.5\"" 7mm 250GB'. Entity 2: 'Western Digital Western Digital 2TB Blue'.",No
Do the two product descriptions refer to the same real-world product? Entity 1: 'TP-Link EAP110 Auranet Access Point 300Mps'. Entity 2: 'Cooler Master MasterBox Lite 5 Mid Tower Case'.,No
Do the two product descriptions refer to the same real-world product? Entity 1: 'Swiss Military Hanowa FLAGSHIP 06-5161.2.04.007 Herrenuhr'. Entity 2: 'Epson - Ink Cartridge Black 10K'.,No
Do the two product descriptions refer to the same real-world product? Entity 1: 'Shimano BR-M9000 J04C Metal Finned Disc Pad'. Entity 2: 'Shimano Metal Disk Fren Balatası Ice-Tech J04C'.,Yes
Do the two product descriptions refer to the same real-world product? Entity 1: 'TP-Link | AC1900 High Gain Dual Band Wifi Adapter | Wireless WiFi Network Adapter for PC (Archer T9UH)'. Entity 2: 'TP Link AC1350 Wireless Dual Band Cable Router - White | ARCHER C60'.,No
Do the two product descriptions refer to the same real-world product? Entity 1: 'Omega Horloge Seamaster 46mm Planet Ocean 600M Co-Axial Master ChronometerChronograph 215.32.46.51.01.001'. Entity 2: 'Fujifilm XF 56mm f/1.2 R'.,No
Do the two product descriptions refer to the same real-world product? Entity 1: 'TRAVELER'S Notebook Blue // Passport'. Entity 2: 'HyperX 16GB (1x16GB) 3200MHz CL16 Fury'.,No
"Do the two product descriptions refer to the same real-world product? Entity 1: 'SHIMANO XT CN-HG95 HG-X chain'. Entity 2: 'Hard Disk Drive WD My Passport WDBYNN0010BRD, 1TB, USB 3.0, rosu'.",No
"Do the two product descriptions refer to the same real-world product? Entity 1: 'Maxxis Maxxis, Minion DHR2, Tire, 29''x2.40, Folding, Tubeless Ready, 3C Maxx Grip, 2-ply, Wide Trail, 60TPI, Black'. Entity 2: 'Sigma 35mm f/1.4 DG HSM Art'.",No
"Do the two product descriptions refer to the same real-world product? Entity 1: 'Western Digital My PassPort, 4TB, BLACK3 Years - WDBYFT0040BBK-WESN'. Entity 2: 'TP-Link | AC1900 High Gain Dual Band Wifi Adapter | Wireless WiFi Network Adapter for PC (Archer T9UH)'.",No
Do the two product descriptions refer to the same real-world product? Entity 1: 'Shimano - CLEATS SH-10 FIXED RED'. Entity 2: 'Seiko Mens Presage Automatic Blue Date Dial Stainless Steel Bracelet Watch SRPD41J1'.,No
Do the two product descriptions refer to the same real-world product? Entity 1: 'HPE 300GB SERVER SMART MEMORY 6G 15K SAS 2.5 652611-B21'. Entity 2: 'D'addario XTAPB1356XT Acoustic strings set Phosphor Bronze Medium 13-56'.,No
Do the two product descriptions refer to the same real-world product? Entity 1: 'Fujifilm INSTAX Mini Monochrome Instant Film (10 Exposures)'. Entity 2: 'Fujifilm Instax mini Rainbow film 10 pack'.,No
Do the two product descriptions refer to the same real-world product? Entity 1: 'Tissot T-Sport Seastar 1000 Chronograph Watch T1204171105100'. Entity 2: 'Tissot T-Sport Seastar 1000 Powermatic 80 Watch T1204071704100'.,No
"Do the two product descriptions refer to the same real-world product? Entity 1: 'Ubiquiti UniFi CloudKey Gen2 Plus'. Entity 2: 'UCK-G2-PlusUbiquiti Unifi Cloud Key, G2, with HDD'.",Yes
Do the two product descriptions refer to the same real-world product? Entity 1: 'XT CS-M8000 11 Speed Cassette'. Entity 2: 'Kingston ValueRAM 4GB No Heatsink (1 x 4GB) DDR4 2400MHz SODIMM System Memory'.,No
"Do the two product descriptions refer to the same real-world product? Entity 1: 'CORSAIR Crystal Series 570X RGB Tempered Glass,Premium ATX Mid-Tower Case, WHITE'. Entity 2: 'RAP-B-224-1U RAM Mounts 3.3\"" Diameter Suction Cup Base with 1\"" Composite Ball'.",No
Do the two product descriptions refer to the same real-world product? Entity 1: 'Brother HL-L8360CDW Colour Wireless Laser Printer'. Entity 2: 'Brother HL-L8360CDW Laser Printer'.,Yes
"Do the two product descriptions refer to the same real-world product? Entity 1: 'Corsair ML140 PRO LED Rød, 140mm Vifte'. Entity 2: 'Corsair ML140 Pro LED Blue 140mm Magnetic Levitation Fan | Discount Computer Needs'.",No
Do the two product descriptions refer to the same real-world product? Entity 1: 'Shimano XT M786 Direct Mount Shadow Plus SGS Long-Cage Rear Derailleur 10 Speed'. Entity 2: 'Omega Seamaster DIVER 300MOMEGA CO-AXIAL MASTER CHRONOMETER 42 MM'.,No
Do the two product descriptions refer to the same real-world product? Entity 1: 'Kingston 4GB DDR3 1600MHz HyperX Fury Black Series'. Entity 2: 'APC UPS 1KVA Tower UPS SMT1000I'.,No
"Do the two product descriptions refer to the same real-world product? Entity 1: 'Maxxis High Roller II 29er Dual Compound Folding Tubeless Ready Mountain Bike'. Entity 2: 'Maxxis Maxxis, High Roller II, Tire, 27.5''x2.30, Folding, Tubeless Ready, Dual, EXO, 60TPI, Black'.",No
Do the two product descriptions refer to the same real-world product? Entity 1: 'Gigabyte AMD Radeon RX 5500 XT OC 8GB GDDR6 RDNA PCIe 4.0 Graphics Card'. Entity 2: 'Daniel Wellington Classic Black Cornwall'.,No
"Do the two product descriptions refer to the same real-world product? Entity 1: 'Evans - Clear EMAD Bass Batter, 20\""'. Entity 2: 'Evans EMAD2 Clear Bass Batter'.",No
Do the two product descriptions refer to the same real-world product? Entity 1: 'Intel Core i7-10700KF Prosessor'. Entity 2: 'Intel Core i3-7100 Dual-Core 3.9GHz LGA1151 (BX80677I37100)'.,No
Do the two product descriptions refer to the same real-world product? Entity 1: 'APC Smart-UPS SRT 3000VA RM 230V SRT3000RMXLI'. Entity 2: 'Asus PRIME B450-PLUS(PRIME B450-PLUS)'.,No
Do the two product descriptions refer to the same real-world product? Entity 1: 'Shimano Shimano Cs-R8000 Cassette 11-28t Ultegra 11-Speed'. Entity 2: 'Shimano Shimano Cs-R9100 Cassette 11-25 Dura-Ace 11-Speed'.,No
Do the two product descriptions refer to the same real-world product? Entity 1: 'Fujifilm FUJINON XF-56mm f1.2'. Entity 2: 'Fuji Fuji Instax Square Film 1-Pack'.,No
Do the two product descriptions refer to the same real-world product? Entity 1: 'Western Digital WD10JFCX RED 1000 GB SATA3 1TB'. Entity 2: 'Audio Technica ATH-PRO7X DJ headphones'.,No
"Do the two product descriptions refer to the same real-world product? Entity 1: 'Shimano 11 SPD Chain RD/MTB Sil-Tec With Quick Link'. Entity 2: 'BenQ GW2480 23.8 inch LED IPS Monitor - Full HD, 5ms, Speakers'.",No
"Do the two product descriptions refer to the same real-world product? Entity 1: 'Speed Dome IP, 2 MP, IR 150m, Hikvision DS-2DE5225IW-AE'. Entity 2: 'Corsair Vengeance LPX 16GB DDR4 2400MHz(CMK16GX4M1A2400C14)'.",No
Do the two product descriptions refer to the same real-world product? Entity 1: '64GB SanDisk Extreme micro SD XC Memory Card V-Class 30 U3 4K Video A1 100MB/s'. Entity 2: 'SanDisk CFast 2.0 64GB Extreme Pro Memory Card | Read 525 MB/s | Write 430MB/s | 4K Video'.,No
Do the two product descriptions refer to the same real-world product? Entity 1: 'Garmin VENU Smartwatch Black 010-02173-12 Leather Strap'. Entity 2: 'Crucial 8GB DDR3 1600MHz CT102464BF160B Notebook Ram'.,No
Do the two product descriptions refer to the same real-world product? Entity 1: 'Shimano M05 Disc Brake Pads (Deore) (Resin)'. Entity 2: 'Genuine Epson C13T616400 Yellow Ink Cartridge (T6164YOEM)'.,No
Do the two product descriptions refer to the same real-world product? Entity 1: 'Canon PFI 107C Ink Cartridge Cyan'. Entity 2: '0884B001 | Canon PFI-101 | Original Canon Ink Cartridge - Cyan'.,No
"Do the two product descriptions refer to the same real-world product? Entity 1: 'Omega Seamaster Planet Ocean 600m Co-Axial Master Chronometer GMT 45.5mm (215.92.46.22.01.004) ETNZ Deep Black'. Entity 2: 'High Roller II Bike Tire: 29 x 2.50\"", Folding, 120tpi, 3C MaxxTerra, Double Down, Tubeless Ready, Wide Trail'.",No
Do the two product descriptions refer to the same real-world product? Entity 1: 'DVR Hikvision TurboHD 4 canale DS-7204HQHI-K1'. Entity 2: 'DS-7204HQHI-K1 Turbo HD DVR'.,Yes
Do the two product descriptions refer to the same real-world product? Entity 1: 'Jabra BIZ2300 2399-823-109 DUO USB Headset MS'. Entity 2: 'Jabra BIZ 2300 USB MS Duo'.,Yes
"Do the two product descriptions refer to the same real-world product? Entity 1: 'HyperX 8GB (2x4GB) 1600MHz CL10 Fury Blue'. Entity 2: 'CORSAIR Crystal Series 570X RGB Tempered Glass,Premium ATX Mid-Tower Case, WHITE'.",No
"Do the two product descriptions refer to the same real-world product? Entity 1: '3M - Framed Privacy Filter for 19 Widescreen Monitor (16:10)'. Entity 2: '3M - Privacy Filter 23.0\""\"" Framed'.",No
Do the two product descriptions refer to the same real-world product? Entity 1: 'SanDisk Extreme Pro SD Card 32GB 300MB/s UHS-II'. Entity 2: 'SanDisk 32GB Extreme Pro SDSDXPK-032G-GN4IN SDHC Memory Card C10'.,Yes
"Do the two product descriptions refer to the same real-world product? Entity 1: 'Blaze 2 Burner Professional Built-In Propane Gas Outdoor Grill, BLZ-2PRO-LP'. Entity 2: 'Ubiquiti UVC-G3-FLEX-3 UniFi Protect G3 FLEX Camera 3-Pack'.",No
Do the two product descriptions refer to the same real-world product? Entity 1: 'Kappe New Era NFL New Orleans Saints 9Fifty Cap'. Entity 2: 'Kappe New Era NY Yankees MLB 9Fifty Cap'.,No
"Do the two product descriptions refer to the same real-world product? Entity 1: '3M - PF27.0W9 PRIVACY FILTER BLACK FOR 27,0IN / 68,6 CM / 16:9IN ACCS'. Entity 2: '3M - Sekretessfilter 27\"" Widescreen 16:9'.",Yes
Do the two product descriptions refer to the same real-world product? Entity 1: 'TP-Link EAP225-Outdoor AC1200 Wireless MU-MIMO Gigabit Indoor/Outdoor Access Point'. Entity 2: 'TP-Link EAP225 Outdoor Access Point'.,Yes
Do the two product descriptions refer to the same real-world product? Entity 1: 'FUJIFILM XF 8-16mm f/2.8 R LM WR Lens'. Entity 2: 'HIKVISION DS-7208HUHI-K1 5 MEGAPIXEL (5MP) HYBRID 8 CHANNEL DVR'.,No
Do the two product descriptions refer to the same real-world product? Entity 1: 'Cooler Master MasterCase H500 ARGB Mesh Mid Tower ATX Case TG MCM-H500-IGNN-S01 | PCByte'. Entity 2: 'Cooler Master MasterCase H500 Mid Tower PC Case'.,Yes
Do the two product descriptions refer to the same real-world product? Entity 1: 'Memoire DDR3 Crucial 4GB DDR3 1600 MT/S (PC3-12800)'. Entity 2: 'Cooler Master MasterCase H500 Mid Tower PC Case'.,No
Do the two product descriptions refer to the same real-world product? Entity 1: 'TP-Link EAP110 Auranet Access Point 300Mps'. Entity 2: 'APC Smart UPS RM 3000VA'.,No
Do the two product descriptions refer to the same real-world product? Entity 1: 'Corsair ML140 PRO RGB LED 140MM PWM Premium Magnetic Levitation Fan - Single Pack'. Entity 2: 'Corsair ML140 Magnetic Levitation 140mm Case Fan - Twin Pack'.,No
Do the two product descriptions refer to the same real-world product? Entity 1: 'APPLE - AIRPODS WITH WIRELESS CHARGING CASE IN'. Entity 2: 'WS-C2960-24TT-L Cisco Catalyst WS-C2960-24TT-L Switch'.,No
"Do the two product descriptions refer to the same real-world product? Entity 1: 'Jabra Evolve 80 UC stereo SKype for Business'. Entity 2: 'Epson Tinte T6164 Yellow, 53 ml'.",No
Do the two product descriptions refer to the same real-world product? Entity 1: 'Western Digital Blue SSD 250GB SATA M.2 2280 WDS250G2B0B'. Entity 2: 'Asus MBTUF B450M-Plus Gaming / AM4 / B450 / m.2 / mATX'.,No
Do the two product descriptions refer to the same real-world product? Entity 1: 'TAG Heuer Formula 1 43mm Mens Watch WAZ2011.BA0842'. Entity 2: 'Kingston 32GB DDR4 3000MHz Kit(2x16GB) HyperX Predator Intel XMP'.,No
Do the two product descriptions refer to the same real-world product? Entity 1: 'Jabra Evolve 80 UC stereo SKype for Business'. Entity 2: 'JABRA EVOLVE 20 UC Stereo'.,No
"Do the two product descriptions refer to the same real-world product? Entity 1: 'Corsair Carbide 175R RGB Black Mid Tower ATX Case, Tempered Glass Side Window, No PSU, 2x USB 3.0, HD Audio, 1x 120mm Fan included'. Entity 2: 'Speed Dome IP, 2 MP, IR 150m, Hikvision DS-2DE5225IW-AE'.",No
Do the two product descriptions refer to the same real-world product? Entity 1: 'Shimano Shimano Cn-Hg901 11-Spd Chain Xtr / Dura Ace W/ Quick Link'. Entity 2: 'Shimano Ultegra Chain HG701 - 116L - with split'.,No
Do the two product descriptions refer to the same real-world product? Entity 1: 'SPD-SL-CLEAT-SET-SM-SH11-(YELLOW)-[6DEGREE]'. Entity 2: 'WD Wds100t2b0a 1tb Blue 3d Nand SSD'.,No
Do the two product descriptions refer to the same real-world product? Entity 1: 'ASUS Radeon RX 5700 XT TUF OC 8GB GDDR6'. Entity 2: 'Asus Radeon Dual Evo RX5500 XT 8gb Gddr6 Version OC'.,No
Do the two product descriptions refer to the same real-world product? Entity 1: 'Pokémon TCG Sword & Shield Darkness Ablaze'. Entity 2: 'Fujifilm XF 56mm f/1.2 R'.,No
Do the two product descriptions refer to the same real-world product? Entity 1: 'JABRA Evolve 40 UC USB - Mono'. Entity 2: 'JABRA EVOLVE 20 UC Mono'.,No
Do the two product descriptions refer to the same real-world product? Entity 1: 'Tissot Mens T-Sport Seastar 1000 Chronograph Black Dial Stainless Steel Bracelet Watch T120.417.11.051.00'. Entity 2: 'TISSOT HERITAGE VISODATE QUARTZ T118.410.11.057.00 (T118.410.11.057.00)'.,No
Do the two product descriptions refer to the same real-world product? Entity 1: 'Toner Brother - Nero - ricarica toner tn200'. Entity 2: 'Toner Brother original amarillo TN135Y'.,No
Do the two product descriptions refer to the same real-world product? Entity 1: 'DS-7208HUHI-K2-P Hikvision 8 Channel 5MP / 1080P HD-TVI Hybrid DVR with Power over Coax (PoC / Turbo4.0)'. Entity 2: 'Shimano Shimano PD-R7000 105 SPD-SL PEDAL W/O REFLECTOR W/CLEAT'.,No
Do the two product descriptions refer to the same real-world product? Entity 1: 'AMD RYZEN 5 2400G Quad-Core 3.6 GHz (3.9 GHz Max Boost) Socket AM4 65W YD2400C5FBBOX Desktop Processor'. Entity 2: 'AMD Ryzen 9 3900XT 12-Core 3.8 GHz Socket AM4 105W 100-100000277WOF Desktop Processor'.,No
Do the two product descriptions refer to the same real-world product? Entity 1: 'Epson A3 Premium Glossy Photo Paper 255gsm (Pack of 20) C13S041315'. Entity 2: 'Ubiquiti Networks UVC-G3-LED security camera accessory'.,No
"Do the two product descriptions refer to the same real-world product? Entity 1: 'Corsair Crystal Series 570X RGB CC-9011098-WW Steel / Tempered Glass ATX Mid Tower Case'. Entity 2: 'PHILIPS MONITOR LED IPS 24\"" (23.8) 16:9 FULLHD VGA DVI HDMI 243V7QDSB'.",No
"Do the two product descriptions refer to the same real-world product? Entity 1: 'CORSAIR - Crystal 680X RGB White High Airflow, Tempered Glass'. Entity 2: 'Ubiquiti UniFi AP, AC, In Wall, 5-Pack'.",No
Do the two product descriptions refer to the same real-world product? Entity 1: 'Epson T7891 Black Cart - Compatible'. Entity 2: 'SSD Western Digital Blue 2TB M.2 2280 TLC SATA SSD'.,No
Do the two product descriptions refer to the same real-world product? Entity 1: 'HPE 300GB 6G SAS 10K rpm SFF (2.5-inch) SC Enterprise 3yr Warranty HDD'. Entity 2: 'HP 300GB 6G SAS 10K rpm SFF (2.5-inch) SC Enterprise'.,Yes
"Do the two product descriptions refer to the same real-world product? Entity 1: 'Epson Premium Glossy Photo Paper 13x18cm'. Entity 2: '3M - PF27.0W9 PRIVACY FILTER BLACK FOR 27,0IN / 68,6 CM / 16:9IN ACCS'.",No
"Do the two product descriptions refer to the same real-world product? Entity 1: 'Evans EC2 Clear Drum Head, 14 Inch'. Entity 2: 'Evans EC2 SST Clear Batter Drumhead 13 in.'.",No
Do the two product descriptions refer to the same real-world product? Entity 1: 'KINGSTON 8GB 1600MHz DDR3 CL10 DIMM (Kit of 2) HyperX Fury Series'. Entity 2: 'Kingston 16GB/3333MHz DDR-4 HyperX Predator XMP (Kit! 2db 8GB) (HX433C16PB3K2/16) memória'.,No
Do the two product descriptions refer to the same real-world product? Entity 1: '215.30.46.51.01.001 Omega Seamaster Planet Ocean Chronograph 45.5mm'. Entity 2: 'Cheap Replica Audemars Piguet Royal Oak Offshore Chronograph Watch 26470ST.OO.A099CR.01'.,No
"Do the two product descriptions refer to the same real-world product? Entity 1: 'Ubiquiti UVC-G3-FLEX-3 UniFi Protect G3 FLEX Camera 3-Pack'. Entity 2: 'UBIQUITI - UVC G3 Bullet Camera, 3-pack'.",No
Do the two product descriptions refer to the same real-world product? Entity 1: 'Intel Core i3 8300 Quad Core 3.7GHz Processor'. Entity 2: 'Zebra Black Monochrome Ribbon 800033-801 - 1000 Prints'.,No
Do the two product descriptions refer to the same real-world product? Entity 1: 'Audio Technica Headphones Air Dynamic Series ATH-AD500X'. Entity 2: 'Headset Audio-Technica ATH-M50X'.,No
"Do the two product descriptions refer to the same real-world product? Entity 1: 'Corsair iCUE 465X RGB Mid-Tower White ATX Case, T/G Window, No PSU'. Entity 2: 'Corsair iCue 465X RGB White'.",Yes
Do the two product descriptions refer to the same real-world product? Entity 1: 'HP 300GB 6G SAS 10K rpm SFF (2.5-inch) SC Enterprise'. Entity 2: 'BenQ SW2700PT 27in QHD Professional AdobeRGB Monitor'.,No
Do the two product descriptions refer to the same real-world product? Entity 1: 'DJI Mavic 2 Car Charger'. Entity 2: 'DJI Mavic Air Car Charger'.,No
"Do the two product descriptions refer to the same real-world product? Entity 1: 'CORSAIR - Crystal 680X RGB White High Airflow, Tempered Glass'. Entity 2: 'CORSAIR Crystal Series 570X RGB Tempered Glass,Premium ATX Mid-Tower Case, WHITE'.",No
Do the two product descriptions refer to the same real-world product? Entity 1: 'RAM Double Socket Arm MC201C LONG'. Entity 2: 'RAM® Composite Double Socket Arm'.,No
Do the two product descriptions refer to the same real-world product? Entity 1: 'Sigma 35mm F1.4 DG Art HSM EOS Mount Lens'. Entity 2: 'Sigma 35mm f1.4 EX DG HSM A Nikon'.,No
Do the two product descriptions refer to the same real-world product? Entity 1: 'Canon 24-70mm f/2.8L II USM EF Lens'. Entity 2: 'Nikon AF-S NIKKOR FX 50mm F1.8G Lens'.,Yes
Do the two product descriptions refer to the same real-world product? Entity 1: 'OMEGA Seamaster Planet Ocean Chronograph Steel'. Entity 2: 'AAA Replica Omega Seamaster Planet Ocean 600M Chronograph Stainless Steel Blue Watch 215.30.46.51.03.001'.,No
Do the two product descriptions refer to the same real-world product? Entity 1: 'Cisco Catalyst 2960-Plus 48TC-L - switch - 48 ports - managed - rack-mounta'. Entity 2: 'Ryze Tech Tello Battery Charging Hub'.,No
Do the two product descriptions refer to the same real-world product? Entity 1: 'APC Smart-UPS SRT 3000VA RM 230V SRT3000RMXLI'. Entity 2: 'APC Smart-UPS SRT 6000VA RM 230V'.,No
"Do the two product descriptions refer to the same real-world product? Entity 1: 'Western Digital My Passport 1TB 2,5"" USB 3.0'. Entity 2: 'WD My Passport 4TB USB 3.0 + Etui'.",No
Do the two product descriptions refer to the same real-world product? Entity 1: 'Asus ROG STRIX Z390-I Gaming (ROG STRIX Z390-I GAMING)'. Entity 2: 'ASUS Scheda Madre ROG STRIX B550-F GAMING'.,No
"Do the two product descriptions refer to the same real-world product? Entity 1: 'Placa video Gigabyte Radeon RX 5500 XT OC 8GB GDDR6, 128-bit'. Entity 2: 'Maxxis Maxxis High Roller II Tire: 27.5 x 2.50\"", Folding, 60tpi, 3C MaxxTerra, EXO, Tubeless Ready, Wide Trail, Black'.",No
Do the two product descriptions refer to the same real-world product? Entity 1: 'Intel Core i7 9700F 9th Gen Desktop Processor/CPU Retail - No iGPU'. Entity 2: 'Shimano Metal Disk Fren Balatası Ice-Tech J04C'.,No
Do the two product descriptions refer to the same real-world product? Entity 1: 'Manfrotto MVH500AH Lightweight Video Head with Flat Base'. Entity 2: 'Epson Blekk Svart T7031 L - WP4000/4500'.,No
"Do the two product descriptions refer to the same real-world product? Entity 1: 'Corsair 110R Tempered Glass Black ATX Case, Tempered Glass Side Window, No PSU, 2x USB 3.1, HD Audio, 120mm Fan pre-installed'. Entity 2: 'Corsair Carbide 175R RGB Black Mid Tower ATX Case, Tempered Glass Side Window, No PSU, 2x USB 3.0, HD Audio, 1x 120mm Fan included'.",No
Do the two product descriptions refer to the same real-world product? Entity 1: 'Ernie Ball Hybrid Slinky 9-46'. Entity 2: '2222 HYBRID SLINKY 9/46 Ernie Ball'.,Yes
Do the two product descriptions refer to the same real-world product? Entity 1: 'Manfrotto MVH500AH Lightweight Video Head with Flat Base'. Entity 2: 'MVH500AH FLUID VIDEO HEAD W/FLAT BASE'.,Yes
Do the two product descriptions refer to the same real-world product? Entity 1: 'Swiss Military Hanowa Immersion 06-4226.30.003.03'. Entity 2: 'Swiss Military Hanowa Flagship 06-5161.2.04.003'.,No
Do the two product descriptions refer to the same real-world product? Entity 1: 'Gorra New Era NFL New Orleans Saints 9Fifty Cap'. Entity 2: 'Kappe New Era NFL New Orleans Saints 9Fifty Cap'.,Yes
Do the two product descriptions refer to the same real-world product? Entity 1: 'Logitech H540 USB Headset With High-Definition sound and on-ear controls - Black | 981-000480'. Entity 2: 'Logitech H151 Stereo Headset On Ear Kabelgebunden'.,No
"Do the two product descriptions refer to the same real-world product? Entity 1: 'Corsair ML140 PRO LED Rød, 140mm Vifte'. Entity 2: 'Cooler Master MasterCase H500 IRON GREY ATX Mid-Tower, Tempered Glass Panel, two 200mm RGB fans with Controller and Case Handle for Transport'.",No
Do the two product descriptions refer to the same real-world product? Entity 1: 'Carbide Series 275R Tempered Glass Mid-Tower Gaming CaseWhite'. Entity 2: 'CORSAIR 275R (ATX) MID TOWER CABINET - WITH TEMPERED GLASS SIDE PANEL (WHITE) CC-9011133-WW'.,Yes
Do the two product descriptions refer to the same real-world product? Entity 1: 'Zebra Black Ribbon True Colours Brand i-series 800015-301'. Entity 2: 'Cloud Core Router CCR1036-12G-4S-EM'.,No
Do the two product descriptions refer to the same real-world product? Entity 1: '2012 SRAM Red XG-1090 10-Speed X-Dome 11-23 Cassette'. Entity 2: 'Epson Ink Cartridge - Matte Black 700ml'.,No
Do the two product descriptions refer to the same real-world product? Entity 1: '2222 HYBRID SLINKY 9/46 Ernie Ball'. Entity 2: 'Ram Mout Triple Ball Adapter'.,No
Do the two product descriptions refer to the same real-world product? Entity 1: 'APC Smart-UPS RT 192V RM Battery Pack'. Entity 2: 'RAM-B-408-75-1-UN7U RAM Mounts X-Grip® Phone Mount with RAM® Torque™ Medium Rail Base'.,No
"Do the two product descriptions refer to the same real-world product? Entity 1: 'PG-730 7-Speed Cassette'. Entity 2: 'CLARKS Sram, PG-730, 7sp cassette, 12-32T'.",Yes
Do the two product descriptions refer to the same real-world product? Entity 1: 'SanDisk Extreme microSDHC 32GB 100/60 MB/s A1 V30 GoPro'. Entity 2: 'SanDisk Extreme Pro SD Card 32GB 300MB/s UHS-II'.,No
Do the two product descriptions refer to the same real-world product? Entity 1: 'Corsair ML120 Pro LED 120mm Premium Mag-Lev Fan Red'. Entity 2: 'Fujifilm Instax mini Rainbow film 10 pack'.,No
Do the two product descriptions refer to the same real-world product? Entity 1: 'Elixir 12-String Light 80/20 Bronze Nanoweb Acoustic'. Entity 2: 'SRAM PG-1170 11-Speed Cassette (11-25T)'.,No
Do the two product descriptions refer to the same real-world product? Entity 1: 'TP-LINK EAP110 Access point - Wit'. Entity 2: 'Access Point|TP-LINK|300 Mbps|IEEE 802.3af|IEEE 802.11b|IEEE 802.11g|IEEE 802.11n|1xRJ45|Number of antennas 2|EAP115'.,No
"Do the two product descriptions refer to the same real-world product? Entity 1: 'RAM Motorcycle Fork Stem Base w 1\"" Ball (RAM-B-342U)'. Entity 2: 'Gigabyte AMD Radeon RX 5500 XT OC 8GB GDDR6 RDNA PCIe 4.0 Graphics Card'.",No
"Do the two product descriptions refer to the same real-world product? Entity 1: 'Ryze Tello Battery Charging Charger Hub (Part 9)'. Entity 2: 'Jabra Biz 2400 II Mono 3-1, NC, 82 mic, QD'.",No
"Do the two product descriptions refer to the same real-world product? Entity 1: 'GARMIN FENIX 5 GRAY BLACK 010-01688-00'. Entity 2: 'Garmin fenix5 Gray Optic, Black band'.",Yes
Do the two product descriptions refer to the same real-world product? Entity 1: 'Ubiquiti UVC-G3-BULLET (Formerly UVC-G3-AF) UniFi Video Camera G3 1080p PoE IP Camera'. Entity 2: 'Logitech C920 USB HD Pro Webcam with Auto-Focus and Microphone'.,No
"Do the two product descriptions refer to the same real-world product? Entity 1: 'CLARKS Sram, PG-730, 7sp cassette, 12-32T'. Entity 2: 'Crucial MX500 M.2 2280 500GB Internal SSD 560MB/s CT500MX500SSD4 | PCByte'.",No
"Do the two product descriptions refer to the same real-world product? Entity 1: 'USB STICK SANDISK CRUZER GLIDE 32GB'. Entity 2: 'LaCie Rugged USB 3.1C 4 TB 2,5'' STFS4000800'.",No
"Do the two product descriptions refer to the same real-world product? Entity 1: 'Samsung UH46F5 46\"" LED Full HD Nero display professionale'. Entity 2: 'Lacie 5TB USB-C Mobile Drive prenosni disk'.",No
Do the two product descriptions refer to the same real-world product? Entity 1: 'Audemars Piguet Royal Oak Offshore Selfwinding Chronograph Watch - 26470ST.OO.A099CR.01'. Entity 2: 'Audemars Piguet-Audemars Piguet Royal Oak Offshore Chronograph 42mm Mens Watch-26470OR.OO.A125CR.01'.,No
Do the two product descriptions refer to the same real-world product? Entity 1: 'HyperX FURY Blue 4GB (1x4GB) 1600MHz DDR3 Memory'. Entity 2: 'MEMORIA DDR3 KINGSTON HYPERX FURY BLUE 4GB 1600MHZ'.,Yes
"Do the two product descriptions refer to the same real-world product? Entity 1: '0884B001 | Canon PFI-101 | Original Canon Ink Cartridge - Cyan'. Entity 2: 'Canon 6448B001 (CLI-251XL) Ink Cartridge, HY Black, OEM'.",No
Do the two product descriptions refer to the same real-world product? Entity 1: 'Jabra EVOLVE 65 UC Mono Bluetooth Headset'. Entity 2: 'JABRA EVOLVE 20 UC Mono'.,No
"Do the two product descriptions refer to the same real-world product? Entity 1: 'RAM Mount 3.5\"" Twist Lock Suction Cup Base with 1\"" Ball'. Entity 2: 'Relógio Swiss Military Hanowa06-6278.04.001.07 Navalus'.",No
Do the two product descriptions refer to the same real-world product? Entity 1: 'TAG Heuer Automatic Chronograph Watch CBL2111.FC6453'. Entity 2: 'TAG Heuer Monaco Men's Blue Leather Strap Watch'.,Yes
"Do the two product descriptions refer to the same real-world product? Entity 1: 'Asus ROG Strix X570-F GAMING Motherboard,DDR4, 3x PCIe x16, SATA III RAID, USB 3.2, GLAN, M.2, DisplayPort, HDMI, 8ch audio, ATX, scAM4, Ryzen | 90MB1160-M0EAY0'. Entity 2: 'Asus ROG Strix X570-F Gaming ATX - motherboard'.",Yes
Do the two product descriptions refer to the same real-world product? Entity 1: 'Logitech C920 USB HD Pro Webcam with Auto-Focus and Microphone'. Entity 2: 'Cooler Master Hyper H411R CPU Cooler White LED'.,No
Do the two product descriptions refer to the same real-world product? Entity 1: 'Epson Blekk Svart T7031 L - WP4000/4500'. Entity 2: 'Epson WP4000/4500 Inkjet Cartridge High Yield Magenta. (Eiffel Tower) OEM: C13T70234010 EP48715'.,No
Do the two product descriptions refer to the same real-world product? Entity 1: 'Cooler Master MasterCase H500 ARGB Mesh Mid Tower ATX Case TG MCM-H500-IGNN-S01 | PCByte'. Entity 2: 'Carbide 175R RGB Windowed Mid-Tower Case Tempered Glass'.,No
Do the two product descriptions refer to the same real-world product? Entity 1: 'APC APCRBC117 Replacement Battery Cartridge #117'. Entity 2: 'APC (APCRBC110) REPLACEMENT BATTERY CATRIDGE #110'.,No
Do the two product descriptions refer to the same real-world product? Entity 1: 'Crucial 4GB (1x4GB) 2666MHz DDR4 Memory'. Entity 2: 'Corsair Crystal Series 570X RGB CC-9011098-WW Steel / Tempered Glass ATX Mid Tower Case'.,No
Do the two product descriptions refer to the same real-world product? Entity 1: 'Mavic 2 Part11 Car Charger'. Entity 2: 'WS-C2960-24TT-L Cisco Catalyst WS-C2960-24TT-L Switch'.,No
"Do the two product descriptions refer to the same real-world product? Entity 1: 'Epson A4/Premium Semiglossy Photo, 20 sheets'. Entity 2: 'Epson - Premium Semi-Gloss Photo Paper - A4 - 20 Fogli - C13S041332'.",Yes
Do the two product descriptions refer to the same real-world product? Entity 1: 'HIKVISION DS-7216HUHI-K2 (Turbo HD 4.0) 8MP/5MP/4MP'. Entity 2: 'Hikvision DS-7216HUHI-K2 Turbo 1080p HD 16CH DVR - HD-TVI AHD IPC - HDMI COAX'.,Yes
"Do the two product descriptions refer to the same real-world product? Entity 1: '34\"" Blaze 3 Pro Cart'. Entity 2: 'Samsung PORTABLE SSD T7 Touch 1TB Mobile External Solid State'.",No
"Do the two product descriptions refer to the same real-world product? Entity 1: 'Evans 20” EMAD Clear Bass Drum Head'. Entity 2: 'Evans 8\"" TT08EC2S Clear Drum Head'.",No
Do the two product descriptions refer to the same real-world product? Entity 1: 'Fujifilm XF-56mm f1.2 APD'. Entity 2: 'APC By Schneider Electric APC Replacement Battery Cartridge'.,No
Do the two product descriptions refer to the same real-world product? Entity 1: 'Evolis RCT023NAA Black Monochrome Ribbon'. Entity 2: 'Zebra 800011-101 ZXP Series 1 Ribbon ZXP Series 1 Load-N-Go Black Monochrome Ribbon'.,No
Do the two product descriptions refer to the same real-world product? Entity 1: 'Shimano Dura-Ace CS-R9100 Cassette 11-speed'. Entity 2: 'Shimano Dura-Ace CS-R9100 11-28T 11sp Cassette'.,Yes
Do the two product descriptions refer to the same real-world product? Entity 1: 'DS-7208HUHI-k2-P 8 Channel DVR Turbo 4.0 PoC 5MP'. Entity 2: 'DS-7208HUHI-K2-P Hikvision 8 Channel 5MP / 1080P HD-TVI Hybrid DVR with Power over Coax (PoC / Turbo4.0)'.,Yes
"Do the two product descriptions refer to the same real-world product? Entity 1: 'Cisco Catalyst 2960-X | WS-C2960X-24TD-L Catalyst 2960X 24 port 10/100/1000, 2 x 10G SFP+, LAN Base'. Entity 2: 'Catalyst 2960-X 24 GigE PoE 370W, 2 x 10G SFP+, LAN Base'.",No
Do the two product descriptions refer to the same real-world product? Entity 1: 'Sigma 35mm f/1.4 DG HSM Art'. Entity 2: '0000012890| Sigma 50mm f/1.4 DG HSM Art for Canon'.,No
Do the two product descriptions refer to the same real-world product? Entity 1: 'Gorra New Era Clean Trucker 2 NY Yankees Cap'. Entity 2: 'Cappello New Era Clean Trucker Chicago Bulls Cap'.,No
"Do the two product descriptions refer to the same real-world product? Entity 1: 'Jabra BIZ 2400 II Duo - Mic. 82 NC, Wideband'. Entity 2: 'Corsair Carbide SPEC-OMEGA RGB Black ATX Cube Case, Tempered Glass Window, No PSU, 2x USB 3.0, HD Audio, 2x HD120 RGB Fan / Lighting Node PRO pre-installed'.",No
"Do the two product descriptions refer to the same real-world product? Entity 1: 'Maxxis High Roller II 650b 27.5\"" Dual Compound EXO Folding Tubeless Ready Mountain Bike Tyre'. Entity 2: 'BenQ SW271 Pro 27in IPS LCD Monitor 4K UHD'.",No
Do the two product descriptions refer to the same real-world product? Entity 1: 'Fujifilm Instax Black Square Film (10 Pack)'. Entity 2: 'Fuji Fuji Instax Square Film 1-Pack'.,No
Do the two product descriptions refer to the same real-world product? Entity 1: 'Epson - Ink Cartridge Black 10K'. Entity 2: 'Epson C13T603100 T6031 Black Ink 220ml'.,No
"Do the two product descriptions refer to the same real-world product? Entity 1: '3M - Privacy filter framed lightweight 18,1\""\""-20\""\"" widescreen'. Entity 2: 'Samsung T7 Blue 2TB Portable SSD USB-C/A Gen2'.",No
Do the two product descriptions refer to the same real-world product? Entity 1: 'Zebra 800015-101 1000 Prints Black Resin Ribbon for P310i P420i P520i'. Entity 2: 'CORSAIR Vengeance RGB Pro 16GB (2 x 8GB) 288-Pin DDR4 DRAM DDR4 3000 (PC4 24000) Desktop Memory Model CMW16GX4M2C3000C15W'.,No
Do the two product descriptions refer to the same real-world product? Entity 1: 'WD 1TB My Passport Portable Hard Drive'. Entity 2: 'WD MY PASSPORT- 1TB RED WORLDWIDE'.,No
"Do the two product descriptions refer to the same real-world product? Entity 1: 'Intel Core i7-10700KF Prosessor'. Entity 2: 'Intel Processor, Core i7-8700K 8th Gen'.",No
Do the two product descriptions refer to the same real-world product? Entity 1: 'LOGITECH | G402 Hyperion Fury FPS Gaming Mouse | 910-004068'. Entity 2: 'Gigabyte GeForce GTX 1650 Super OC'.,No
Do the two product descriptions refer to the same real-world product? Entity 1: 'Logitech H151 Single Pin Stereo Headset - Black'. Entity 2: 'Logitech H151 Stereo Headset On Ear Kabelgebunden'.,No
Do the two product descriptions refer to the same real-world product? Entity 1: 'Toner Brother - Nero - ricarica toner tn200'. Entity 2: 'Toner kompatibel zu Brother TN-200 Black'.,Yes
"Do the two product descriptions refer to the same real-world product? Entity 1: 'SanDisk Extreme PRO SD UHS-II USB 3.0'. Entity 2: 'SRAM Sram Level Ultimate, Level TLM Disc Brake Pads'.",No
Do the two product descriptions refer to the same real-world product? Entity 1: 'Jabra EVOLVE 40 UC MONO USB Headset 6393-829-209'. Entity 2: 'JABRA Evolve 40 UC USB - Mono'.,Yes
Do the two product descriptions refer to the same real-world product? Entity 1: '(C13T693500) EPSONSCT3000 UltraChrome XD Matte Black'. Entity 2: 'Epson T6923 Ultrachrome XD rautt Ink 110ml'.,No
Do the two product descriptions refer to the same real-world product? Entity 1: 'Razer DeathAdder V2 Ergonomic Wired Gaming Mouse (RZ01-03210100-R3M1) (Warranty 2years with Ban Leong)'. Entity 2: 'Fujifilm Instax Square Film Twin Pack 20 Shots'.,No
Do the two product descriptions refer to the same real-world product? Entity 1: 'Corsair Vengeance LPX 16GB DDR4 2400MHz(CMK16GX4M1A2400C14)'. Entity 2: 'CORSAIR 8Gbx1 DDR4 3000Mhz Ram CMK8GX4M1D3000C16 VENGEANCE LPX Gaming RAM'.,No
"Do the two product descriptions refer to the same real-world product? Entity 1: 'Jabra Biz 2400 II Mono 3-1, NC, 82 mic, QD'. Entity 2: 'Crucial BX500 480GB SSD Micron 3D NAND SATA III 6Gb/s 2.5 Internal Solid State Drive'.",No
"Do the two product descriptions refer to the same real-world product? Entity 1: 'SanDisk SDHC Ultra UHS-I 256GB Class 10 90MB/S'. Entity 2: 'Corsair ML140 PRO LED Rød, 140mm Vifte'.",No
"Do the two product descriptions refer to the same real-world product? Entity 1: 'Gorra New Era NFL New Orleans Saints 9Fifty Cap'. Entity 2: 'Catalyst 2960-X 24 GigE PoE 370W, 2 x 10G SFP+, LAN Base'.",No
Do the two product descriptions refer to the same real-world product? Entity 1: 'Shimano HG701 Ultegra R8000 XT M8000 11 Speed Chain with Quick Link'. Entity 2: 'Shimano Shimano Cn-Hg901 11-Spd Chain Xtr / Dura Ace W/ Quick Link'.,No
Do the two product descriptions refer to the same real-world product? Entity 1: 'APC - Replacement battery cartridge 140'. Entity 2: 'APC Replacement Battery Cartridge #124'.,No
"Do the two product descriptions refer to the same real-world product? Entity 1: '120GB Crucial BX500 3D NAND 2.5\"" SATA SSD'. Entity 2: 'Disco SSD Crucial BX500 120GB 3D TLC SATA III'.",Yes
"Do the two product descriptions refer to the same real-world product? Entity 1: 'Corsair Vengeance LPX, 16GB, DDR4 memory module 2133 MHz'. Entity 2: 'Corsair Vengeance RGB Pro DDR4 3000MHz 16GB (2x8) Desktop Memory White CMW16GX4M2C3000C15W | PCByte'.",No
"Do the two product descriptions refer to the same real-world product? Entity 1: 'Crucial MX500 2TB 3D NAND SATA 2.5 Inch Internal SSD'. Entity 2: 'Crucial 2TB MX500 2.5"" 7mm SATA 6Gb/s SSD'.",Yes
Do the two product descriptions refer to the same real-world product? Entity 1: 'DYMO D1 Labelling Tape 45803 Black on White 19 mm x 7 m'. Entity 2: 'D1-TAPE 24MM X 7M BLACK ON WHITE IN'.,No
Do the two product descriptions refer to the same real-world product? Entity 1: 'AMD RYZEN 5 2400G Quad-Core 3.6 GHz (3.9 GHz Max Boost) Socket AM4 65W YD2400C5FBBOX Desktop Processor'. Entity 2: 'YD150XBBAEBOX AMD Ryzen 5 1500X Quad Core 3.50GHz 16MB L3 Cache Socket AM4 Processor. New Retail Factory Sealed With Full Manufacturer Warranty.'.,No
Do the two product descriptions refer to the same real-world product? Entity 1: 'Samsung T7 Blue 2TB Portable SSD USB-C/A Gen2'. Entity 2: 'Samsung T7 Portable SSD [2TB] (Indigo Blue)'.,Yes
Do the two product descriptions refer to the same real-world product? Entity 1: 'Asus TUF X470-Plus Gaming Socket AM4 ATX AMD'. Entity 2: 'ASUS Scheda Madre TUF GAMING X570-PLUS AMD'.,No
"Do the two product descriptions refer to the same real-world product? Entity 1: 'Hard disk server HP Hot-Plug SC Enterprise SAS 6G 900GB 10000 RPM 2.5""'. Entity 2: '652589-B21 HP G8 G9 900-GB 6G 10K 2.5 SAS SC'.",Yes
Do the two product descriptions refer to the same real-world product? Entity 1: 'Shimano PD-R550 SPD-SL Resin Pedal'. Entity 2: 'LaCie 4TB Rugged Thunderbolt / USB-C Mobile HDD'.,No
Do the two product descriptions refer to the same real-world product? Entity 1: 'Traveler's Refills: Accessories - 008 / zipper pocket'. Entity 2: 'Seiko Mens Presage Automatic Blue Date Dial Stainless Steel Bracelet Watch SRPD41J1'.,No
Do the two product descriptions refer to the same real-world product? Entity 1: 'Headset Audio-Technica ATH-M50X'. Entity 2: 'Audio-Technica ATH-M50x Monitor Headphones - White'.,No
Do the two product descriptions refer to the same real-world product? Entity 1: 'Epson Premium Glossy Photo Paperphoto paper - 25 sheet(s) - A2'. Entity 2: 'Epson A4 Premium Glossy Photo Paper'.,No
Do the two product descriptions refer to the same real-world product? Entity 1: 'Cartucho tinta negro l epson t7031 - 24ml - big ben - para wp-4595 dnf/dtwf/ 4535dwf / 4525dnf / 4515dn / 4095dn / 4025dw /'. Entity 2: 'Obiectiv foto CANON EF-S 10-18mm f/4.5-5.6 IS STM'.,No
Do the two product descriptions refer to the same real-world product? Entity 1: 'Kingston HyperX Fury 4GB DDR3 1600MHz CL10 Ram'. Entity 2: 'Midori Traveler's Notebook - 012 Sketch Paper Notebook'.,No
Do the two product descriptions refer to the same real-world product? Entity 1: 'Router wifi archer c60 ac1350 dual'. Entity 2: 'TP Link AC1350 Wireless Dual Band Cable Router - White | ARCHER C60'.,Yes
Do the two product descriptions refer to the same real-world product? Entity 1: 'Zebra 800015-101 1000 Prints Black Resin Ribbon for P310i P420i P520i'. Entity 2: 'Oakley Jawbreaker 31 Mm Matte Black Sunglasses'.,No
Do the two product descriptions refer to the same real-world product? Entity 1: 'Jabra BIZ 2300 USB UC Duo'. Entity 2: 'Shimano 11 SPD Chain RD/MTB Sil-Tec With Quick Link'.,No
Do the two product descriptions refer to the same real-world product? Entity 1: 'Seagate Ironwolf Pro 6TB (ST6000NE000)'. Entity 2: 'Seagate 6TB 7200rpm SATA-600 256MB NAS HDD ST6000NE000'.,Yes
Do the two product descriptions refer to the same real-world product? Entity 1: 'Kingston Technology Canvas Select memory card 128 GB MicroSDXC Class 10 UHS-I'. Entity 2: 'Asus Dual GeForce GTX 1660 6GB OC Edition GDDR5 EVO Graphics Card | 90YV0D11-M0NA00'.,No
Do the two product descriptions refer to the same real-world product? Entity 1: 'Asus Dual GeForce GTX 1660 6GB OC Edition GDDR5 EVO Graphics Card | 90YV0D11-M0NA00'. Entity 2: 'ASUS Dual GeForce GTX 1660 6GB OC Edition EVO 192Bit GDDR5'.,Yes
"Do the two product descriptions refer to the same real-world product? Entity 1: 'Audio Technica ATH-PRO7X DJ headphones'. Entity 2: 'Shimano CN-HG601 105 5800 / SLX M7000 Chain With Quick Link 11-Speed - 116 Links, SIL-TEC'.",No
Do the two product descriptions refer to the same real-world product? Entity 1: 'Manfrotto MVH500AH Lightweight Video Head with Flat Base'. Entity 2: 'SanDisk SSD PLUS 120GB Solid State Drive -SDSSDA-120G-G27'.,No
Do the two product descriptions refer to the same real-world product? Entity 1: 'Epson Ink Cartridge - Matte Black 700ml'. Entity 2: 'Epson Premium Glossy Photo Paper 13x18cm'.,No
"Do the two product descriptions refer to the same real-world product? Entity 1: 'Maxxis High Roller II 29er Dual Compound Folding Tubeless Ready Mountain Bike'. Entity 2: 'Maxxis High Roller II 650b 27.5\"" Dual Compound EXO Folding Tubeless Ready Mountain Bike Tyre'.",No
Do the two product descriptions refer to the same real-world product? Entity 1: 'Garmin fenix 5s Sapphire Black'. Entity 2: 'Garmin Fenix 5S Plus GPS Watch Silver with Black Band'.,No
Do the two product descriptions refer to the same real-world product? Entity 1: 'ASUS Radeon RX 5500 XT DUAL EVO 8GB'. Entity 2: 'ASUS Radeon RX 5500 XT ROG Strix OC 8GB -Demo'.,No
Do the two product descriptions refer to the same real-world product? Entity 1: 'Sandisk USB Flash 32GB Cruzer Glide 2.0/3.0'. Entity 2: 'SanDisk SDCZ60-064G-B35 Cruzer Glide USB Flash Drive USB 2.0 - 64 GB'.,No
"Do the two product descriptions refer to the same real-world product? Entity 1: '502HD PRO VIDEO HEAD WITH FLAT BASE'. Entity 2: 'Epson T0487 Multipack (Black, Cyan, Magenta, Yellow, Light Cyan, Light Magenta)'.",No
"Do the two product descriptions refer to the same real-world product? Entity 1: 'Epson T0487 Multipack (Black, Cyan, Magenta, Yellow, Light Cyan, Light Magenta)'. Entity 2: 'Samsung MZ-V7S500B/AM 970 EVO Plus M.2 Internal SSD, 500GB'.",No
Do the two product descriptions refer to the same real-world product? Entity 1: 'Carbide 175R RGB Windowed Mid-Tower Case Tempered Glass'. Entity 2: 'LOGITECH | G402 Hyperion Fury FPS Gaming Mouse | 910-004068'.,No
"Do the two product descriptions refer to the same real-world product? Entity 1: 'RAP-B-224-1U RAM Mounts 3.3\"" Diameter Suction Cup Base with 1\"" Composite Ball'. Entity 2: 'RAM Mount 3.5\"" Twist Lock Suction Cup Base with 1\"" Ball'.",No
Do the two product descriptions refer to the same real-world product? Entity 1: '014 Traveler's Notebook Regular- Refill - Kraft Paper Notebook'. Entity 2: 'APC RBC140 Replacement Battery Cartridge'.,No
Do the two product descriptions refer to the same real-world product? Entity 1: 'Gorra New Era NY Yankees MLB 9Fifty Cap'. Entity 2: 'Kappe New Era NFL New Orleans Saints 9Fifty Cap'.,No
Do the two product descriptions refer to the same real-world product? Entity 1: 'Lexmark - Toner cartridge -black - 3500 pages - LRPE260A11E'. Entity 2: 'Ubiquiti UVC-G3-FLEX-3 UniFi Protect G3 FLEX Camera 3-Pack'.,No
"Do the two product descriptions refer to the same real-world product? Entity 1: 'Epson S050189 Cyan, High Capacity Toner Cartridge'. Entity 2: 'EPSON S042091 premium glossy photo paper 255g/m², A2/25vel'.",No
Do the two product descriptions refer to the same real-world product? Entity 1: 'Brother HL-L8360CDW Colour Wireless Laser Printer'. Entity 2: 'Epson T7891 Black Cart - Compatible'.,No
Do the two product descriptions refer to the same real-world product? Entity 1: 'Kingston StorageDataTraveler SEG G2 64GB USB 3.0 Metal'. Entity 2: 'KINGSTON 64GB USB 3.0 DataTraveler SE9 G2 (Kovový) DTSE9G2/64GB'.,Yes
Do the two product descriptions refer to the same real-world product? Entity 1: 'Swiss Military Hanowa FLAGSHIP 06-5161.2.04.007 Herrenuhr'. Entity 2: 'Swiss Military Hanowa Flagship 06-5161.2.04.007'.,Yes
Do the two product descriptions refer to the same real-world product? Entity 1: 'EPSON Magenta ink cartridge Discproducer'. Entity 2: 'Epson WF4630/5110/5690 Magenta INK 17ML EP53600'.,No
Do the two product descriptions refer to the same real-world product? Entity 1: 'FUJIFILM XF 8-16mm f/2.8 R LM WR Lens'. Entity 2: 'Fujifilm XF 80mm f2.8 R LM WR Macro Lens'.,No
Do the two product descriptions refer to the same real-world product? Entity 1: 'Traveler's Company 001. LINED REFILL MIDORI TRAVELER'S NOTEBOOK'. Entity 2: 'Pokemon Sword & Shield Booster pack'.,No
Do the two product descriptions refer to the same real-world product? Entity 1: 'SanDisk SDHC Ultra UHS-I 256GB Class 10 90MB/S'. Entity 2: 'ASUS PRIME X570-PRO (AM4) (D) (90MB11B0-M0EAY0)'.,No
"Do the two product descriptions refer to the same real-world product? Entity 1: 'Brother Monochrome Compact Laser All-in-One Printer with Duplex Printing and Wireless Networking'. Entity 2: 'Seagate IronWolf Pro ST8000NE001 - Hard drive - 8 TB - internal - 3.5\"" - SATA 6Gb/s - 7200 rpm - buffer_ 256 MB - with 2 years Rescue Data Recovery Service Plan'.",No
"Do the two product descriptions refer to the same real-world product? Entity 1: 'LOGITECH AURICULARES H650E STEREO USB'. Entity 2: 'ADATA SX8200 Pro 256GB M.2 NVMe SSD ultra-fast PCIe Gen3x4 interface ,sustained peak read/write speeds of 3500/1200MB per second'.",No
"Do the two product descriptions refer to the same real-world product? Entity 1: 'RAM 2.25\"" Ball with 2 U-Bolts (RAM-D-235U)'. Entity 2: 'HyperX 4GB (1x4GB) 1866MHz CL10 Fury Black'.",No
Do the two product descriptions refer to the same real-world product? Entity 1: 'Swiss Military Hanowa06-4226.30.003.03 Immersion Uhr'. Entity 2: '64GB SanDisk Extreme micro SD XC Memory Card V-Class 30 U3 4K Video A1 100MB/s'.,No
Do the two product descriptions refer to the same real-world product? Entity 1: 'Audemars Piguet Royal Oak Offshore Selfwinding Chronograph Watch - 26470ST.OO.A099CR.01'. Entity 2: 'Cheap Replica Audemars Piguet Royal Oak Offshore Chronograph Watch 26470ST.OO.A099CR.01'.,Yes
"Do the two product descriptions refer to the same real-world product? Entity 1: 'DS-7208HUHI-k2-P 8 Channel DVR Turbo 4.0 PoC 5MP'. Entity 2: '16TB IronWolf Pro ST16000NE000, 7200 RPM, SATA 6Gb/s, 256MB cache, 3.5-Inch HDD'.",No
Do the two product descriptions refer to the same real-world product? Entity 1: 'SanDisk Extreme PRO SD UHS-II Card Reader/Writer'. Entity 2: 'SanDisk Extreme PRO SD UHS-II USB 3.0'.,Yes
Do the two product descriptions refer to the same real-world product? Entity 1: 'DJI Mavic 2 Pro Drone Quadcopter with Hasselblad Camera HDR Video UAV Adjustable Aperture 20MP 1'. Entity 2: 'Traveler's Notebook Refill - Sketch Paper'.,No
"Do the two product descriptions refer to the same real-world product? Entity 1: 'ADATA SX8200 Pro 256GB M.2 NVMe SSD ultra-fast PCIe Gen3x4 interface ,sustained peak read/write speeds of 3500/1200MB per second'. Entity 2: 'XPG SX8200 Pro M.2 256 GB PCI Express 3.0 3D TLC NVMe'.",Yes
"Do the two product descriptions refer to the same real-world product? Entity 1: 'D-Link DGS-1210-28P 24-port 1Gb Smart Switch, 4x SFP, PoE'. Entity 2: 'TP-Link T1700G-28TQ JetStream 24-Port Gigabit Stackable Smart Switch with 4 10GE SFP+ Slots'.",No
Do the two product descriptions refer to the same real-world product? Entity 1: 'Western Digital Western Digital 2TB Blue'. Entity 2: 'Genuine SanDiskiXpand Flash Drive 64GB - iPhone lightning connector'.,No
Do the two product descriptions refer to the same real-world product? Entity 1: 'PH-GTX1660S-O6G 6 GB Geforce GTX 1660 Super Overclocked Phoenix Fan Edition Hdmi DP Dvi Graphics Card'. Entity 2: 'Ubiquiti UVC-G3-BULLET (Formerly UVC-G3-AF) UniFi Video Camera G3 1080p PoE IP Camera'.,No
Do the two product descriptions refer to the same real-world product? Entity 1: 'Fujifilm Instax Square Film (10 Pack)'. Entity 2: 'Fujifilm Instax Black Square Film (10 Pack)'.,No
"Do the two product descriptions refer to the same real-world product? Entity 1: 'Elixir 11152 Strings Acoustic 80/20 Bronze NANOWEB 12 String, Light'. Entity 2: 'Sandisk Cruzer Force 16GB USB 2.0 Flash Drive - SDCZ71-016G-B35'.",No
"Do the two product descriptions refer to the same real-world product? Entity 1: 'APC - Schneider SMART-UPS 1000VA LCD 230V'. Entity 2: 'Nobreak APC Smart-UPS SURT 20kVA/16kW, 230V'.",No
Do the two product descriptions refer to the same real-world product? Entity 1: 'Tissot T-Sport Seastar 1000 Chronograph Watch T1204171105100'. Entity 2: 'TISSOT T1204071105100 Seastar Powermatic 80'.,No
Do the two product descriptions refer to the same real-world product? Entity 1: 'Gigabyte AORUS GeForce RTX™ 2080 Ti XTREME 11G'. Entity 2: 'FUJIFILM Aspherical Super EBC XF 80mm f/2.8 R LM OIS WR Macro Lens'.,No
"Do the two product descriptions refer to the same real-world product? Entity 1: 'RAM Handlebar Rail Mount 1.125 - 1.5\"" C (RAM-408-112-15U)'. Entity 2: 'Seagate Ironwolf Pro 6TB (ST6000NE000)'.",No
Do the two product descriptions refer to the same real-world product? Entity 1: 'APPLE - AIRPODS WITH CHARGING CASEIN'. Entity 2: 'Ryze Tech Tello Battery Charging Hub'.,No
Do the two product descriptions refer to the same real-world product? Entity 1: 'MultiPlus Inverter/Charger C 12/2000/80-30'. Entity 2: 'Ubiquiti UniFi Full HD IRNV Indoor Micro Security Camera'.,No
Do the two product descriptions refer to the same real-world product? Entity 1: 'Daniel Wellington Classic Sheffield Men 40mm Quartz Watch 0206DW'. Entity 2: 'SRAM XG-1090 PowerDome-X 10sp Cassette'.,No
Do the two product descriptions refer to the same real-world product? Entity 1: 'TP-Link TL-WN821 wifi 300Mbps USB adapter TL-WN821N'. Entity 2: 'TP-Link TL-WN725N Nano Wireless USB Adapter'.,No
"Do the two product descriptions refer to the same real-world product? Entity 1: 'Blaze Cart For Professional 3-Burner Grill, Cart Only'. Entity 2: 'LOGITECH UC Corded Stereo USB Headset H570e (Leatherette Pad) - Business EMEA'.",No
Do the two product descriptions refer to the same real-world product? Entity 1: 'Sony FE 24mm f/1.4 GM'. Entity 2: 'Sony FE 24mm F1.4 GM Lens + Bonus'.,Yes
Do the two product descriptions refer to the same real-world product? Entity 1: 'Daniel Wellington Horloge Classic Sheffield Rose DW00100036'. Entity 2: 'Daniel Wellington Unisex Classic Sheffield 36mm Rose Gold Black DW00100036'.,Yes
Do the two product descriptions refer to the same real-world product? Entity 1: 'Tag Heuer Carrera Quartz Chronograph Stainless Steel Watch CBG2A1Z.BA0658'. Entity 2: 'TAG Heuer Carrera Automatic Blue Dial Men's CBK2112.BA0715'.,No
Do the two product descriptions refer to the same real-world product? Entity 1: 'Cooler Master MasterCase H500 ARGB Mesh Mid Tower ATX Case TG MCM-H500-IGNN-S01 | PCByte'. Entity 2: 'Adata XPG SX6000 Lite 1TB M.2 PCIe GEN3x4 SSD ASX6000LNP-1TT-C'.,No
Do the two product descriptions refer to the same real-world product? Entity 1: 'DJI Mavic 2 Car Charger'. Entity 2: 'APC (APCRBC110) REPLACEMENT BATTERY CATRIDGE #110'.,No
Do the two product descriptions refer to the same real-world product? Entity 1: 'GIGABYTE Radeon RX 5500 XT OC - 4GB GDDR6 RAM - Grafikkort'. Entity 2: 'Ubiquiti UniFi AP AC Mesh PRO 802.11ac Dual Radio Indoor/Outdoor access point - 1750Mbps 5 pack no PoE'.,No
Do the two product descriptions refer to the same real-world product? Entity 1: 'Audio-Technica ATH-M50x Monitor Headphones - White'. Entity 2: 'Canon EF 100mm F2.8 L IS USM Macro Lens'.,No
Do the two product descriptions refer to the same real-world product? Entity 1: 'Cooler Master MasterLiquid ML120R ARGB AIO Cooler'. Entity 2: 'SanDisk Extreme microSDHC 32GB 100/60 MB/s A1 V30 GoPro'.,No
"Do the two product descriptions refer to the same real-world product? Entity 1: 'Western Digital My Passport 1TB 2,5"" USB 3.0'. Entity 2: 'Hard Disk Drive WD My Passport WDBYNN0010BRD, 1TB, USB 3.0, rosu'.",No
Do the two product descriptions refer to the same real-world product? Entity 1: 'RAZER MAMBA ELITE ERGONOMIC WIRED GAMING MOUSE'. Entity 2: 'Basilisk V2 Ergonomic Gaming Mouse'.,No
Do the two product descriptions refer to the same real-world product? Entity 1: 'Samsung 970 EVO Plus 2TB SSD'. Entity 2: 'ASUS Prime X570-P ATX Motherboard - Socket AM4 - AMD X570 - USB 3.2 Gen 3'.,No
"Do the two product descriptions refer to the same real-world product? Entity 1: 'Maxxis Maxxis, High Roller II, Tire, 29''x2.30, Folding, Tubeless Ready, Dual, EXO, 60TPI, Black'. Entity 2: 'Maxxis High Roller II 29er Dual Compound Folding Tubeless Ready Mountain Bike'.",Yes
Do the two product descriptions refer to the same real-world product? Entity 1: 'Kingston HyperX Fury 4GB DDR3 1600MHz CL10 Ram'. Entity 2: 'Daniel Wellington Classic Sheffield Rose 40mm -rannekello DW00100007'.,No
Do the two product descriptions refer to the same real-world product? Entity 1: 'Sony FE 24mm f/1.4 GM'. Entity 2: 'Sony Alpha SEL50F18F FE 50mm f/1.8'.,No
"Do the two product descriptions refer to the same real-world product? Entity 1: 'RAM 2.25\"" Ball with 2 U-Bolts (RAM-D-235U)'. Entity 2: 'RAM Double U-Bolt Base with D Size 2.25\"" Ball for Rails from 0.75\"" to 1.25\"" in Diameter - RAM-D-235U'.",Yes
Do the two product descriptions refer to the same real-world product? Entity 1: 'Ubiquiti Networks UVC-G3-LED security camera accessory'. Entity 2: 'Crucial 1x 8GB DDR3L 1600MHz ECC Unbuffered UDIMM RAM | Discount Computer Needs'.,No
Do the two product descriptions refer to the same real-world product? Entity 1: 'Crucial CT51264BD160BJ 4GB DDR3L-1600 UDIMM Memory Module'. Entity 2: 'Crucial 4GB (1x4GB) 2666MHz DDR4 Memory'.,No
"Do the two product descriptions refer to the same real-world product? Entity 1: 'APC - USV APC SMT1000RMI2UCSMARTUPS 1000VA LCD RM 2U 230V SmartC'. Entity 2: 'APC Smart-UPS SMT1000RMI2UC Noodstroomvoeding - 4x C13, USB, Rack Mountable, SmartConnect, 1000VA'.",Yes
Do the two product descriptions refer to the same real-world product? Entity 1: 'Samsung Portable SSD T5 - 2TB'. Entity 2: 'Ubiquiti UniFi Dual-Band WiFi PoE Access Point UAP-AC-HD - 5 Pack'.,No
Do the two product descriptions refer to the same real-world product? Entity 1: 'Razer DeathAdder V2 mouse USB Type-A Right-hand'. Entity 2: 'Apple AirPods with Wireless Charging Case (2nd Generation) - White'.,No
"Do the two product descriptions refer to the same real-world product? Entity 1: 'LaCie Rugged USB 3.1C 4 TB 2,5'' STFS4000800'. Entity 2: 'LaCie Mobile Drive 2,5"" 5 TB Moon Silver USB 3.1 Gen 2'.",No
Do the two product descriptions refer to the same real-world product? Entity 1: 'Genuine Dymo D1 Standard Label Cassette Tape 9mm x 7m - Black on White'. Entity 2: 'TP-Link TL-WN725N Nano Wireless USB Adapter'.,No
Do the two product descriptions refer to the same real-world product? Entity 1: 'Atomos Coiled Full HDMI to Full HDMI Cable (30cm) - ATOMCAB010'. Entity 2: 'Jabra Biz 2400 II Mono 3-1 NC IP 2486-820-209'.,No
"Do the two product descriptions refer to the same real-world product? Entity 1: 'UBIQUITI - UVC G3 Bullet Camera, 3-pack'. Entity 2: 'Seagate Lacie 2TB 2.5 Rugged Portable Thunderbolt Type C'.",No
"Do the two product descriptions refer to the same real-world product? Entity 1: 'AMD Ryzen 5 3400G Desktop Processor 4 Cores up to 4.2GHz 6MB Cache AM4 Socket (YD3400C5FHBOX)'. Entity 2: 'Pokémon TCG: Sword & Shield-Rebel Clash 3 Booster Packs, Coin & Rayquaza Promo Card'.",No
Do the two product descriptions refer to the same real-world product? Entity 1: 'Kingston 256GB DataTraveler 100 G3 (USB 3.0)'. Entity 2: 'ZOTAC GeForce RTX 2060 SUPER AMP! 8GB 256Bit GDDR6'.,No
Do the two product descriptions refer to the same real-world product? Entity 1: 'Crystal Series 460X RGB Compact ATX Mid-Tower Case - CC-9011101-WW'. Entity 2: 'SanDisk SDCZ60-064G-B35 Cruzer Glide USB Flash Drive USB 2.0 - 64 GB'.,No
"Do the two product descriptions refer to the same real-world product? Entity 1: 'Garmin fenix5S Sapphire Black Optic, Black band'. Entity 2: 'Garmin fenix 5s Sapphire Black'.",Yes
Do the two product descriptions refer to the same real-world product? Entity 1: 'Canon EF 100mm F2.8 L IS USM Macro Lens'. Entity 2: 'ASUS Scheda Madre ROG STRIX Z390-I GAMING Intel Z390'.,No
Do the two product descriptions refer to the same real-world product? Entity 1: 'Audio Technica ATH-M40x Professional Monitor Headphones'. Entity 2: 'Audio Technica ATH-M40x Professional Monitor Audiophile Headphones'.,Yes
Do the two product descriptions refer to the same real-world product? Entity 1: 'Brother HL-L8360CDW Laser Printer'. Entity 2: 'Bosch KGN34NWEAG 60cm Frost Free Fridge Freezer'.,No
Do the two product descriptions refer to the same real-world product? Entity 1: 'AAA Replica Omega Seamaster Planet Ocean 600M Chronograph Stainless Steel Blue Watch 215.30.46.51.03.001'. Entity 2: 'Seamaster Planet Ocean 600 M Omega Co-Axial Master Chronometer Chronograph 215.30.46.51.03.001'.,Yes
Do the two product descriptions refer to the same real-world product? Entity 1: 'Catalyst 2960 Plus 48 10/100 +'. Entity 2: 'SanDisk Extreme PRO SD UHS-II Card Reader/Writer'.,No
Do the two product descriptions refer to the same real-world product? Entity 1: 'Zebra TrueColours ix Series Monochrome - 1 - black - print ribbon'. Entity 2: 'Zebra 800015-101 Black Monochrome Ribbon - 1000 Prints'.,No
"Do the two product descriptions refer to the same real-world product? Entity 1: 'Western Digital Blue SSD 250GB SATA M.2 2280 WDS250G2B0B'. Entity 2: 'Samsung 50\"" 4K UHD HDR QLED Smart TV (QN50Q60TAFXZC)'.",No
Do the two product descriptions refer to the same real-world product? Entity 1: 'Switch D-Link - Web smart - switch - 24 porte - gestito dgs-1210-24'. Entity 2: 'Logitech BRIO 4K Ultra HD webcam'.,No
Do the two product descriptions refer to the same real-world product? Entity 1: 'SanDisk Ultra Flair 32GB USB 3.0 Pen Drive'. Entity 2: 'Pen Drive SanDisk 16GB Cruzer Force USB 2.0'.,No
"Do the two product descriptions refer to the same real-world product? Entity 1: 'Epson Tinte T6037 Light Black, 220 ml'. Entity 2: 'Fujifilm Fujinon XF 27mm f/2.8 black | 2 Years Warranty'.",No
Do the two product descriptions refer to the same real-world product? Entity 1: 'Manfrotto MVK500AM Fluid Video System'. Entity 2: 'Manfrotto MVH502AH Fluid Video Head with MT055XPRO3 Tripod'.,No
Do the two product descriptions refer to the same real-world product? Entity 1: 'Kingston Technology ValueRAM 4GB DDR3-1600 4GB DDR3 1600MHz memoria'. Entity 2: 'MEMORIA DDR3 KINGSTON HYPERX FURY BLUE 4GB 1600MHZ'.,No
Do the two product descriptions refer to the same real-world product? Entity 1: 'LOGITECH Corded USB Headset H540 - USB - EMEA'. Entity 2: 'Sigma Sigma 35mm F1.4 ART DG HSM - Nikon AF mount'.,No
Do the two product descriptions refer to the same real-world product? Entity 1: 'Shimano PD-R550 SPD-SL Resin Pedal'. Entity 2: 'Shimano Shimano PD-R7000 105 SPD-SL PEDAL W/O REFLECTOR W/CLEAT'.,No
Do the two product descriptions refer to the same real-world product? Entity 1: 'Jabra Evolve 80 UC stereo SKype for Business'. Entity 2: 'Garmin Fenix 5S Plus GPS Watch Silver with Black Band'.,No
"Do the two product descriptions refer to the same real-world product? Entity 1: 'Corsair Crystal Series 570X RGB ATX Mid-Tower Case Tempered Glass Black'. Entity 2: 'CORSAIR Crystal Series 570X RGB Tempered Glass,Premium ATX Mid-Tower Case, WHITE'.",No
"Do the two product descriptions refer to the same real-world product? Entity 1: 'Crucial MX500 250GB 2.5 SATA SSD'. Entity 2: 'Crucial MX500 250GB SATA 2.5-inch, SATA 6.0Gb/s 7mm Solid State Drive'.",Yes
Do the two product descriptions refer to the same real-world product? Entity 1: 'Epson Seahorse Multipack 6-kleur T0487'. Entity 2: 'TP-Link EAP225 Outdoor Access Point'.,No
Do the two product descriptions refer to the same real-world product? Entity 1: 'Wireless TP-LINK Wireless Lan TL-WN781ND'. Entity 2: 'Access Point TP-Link 450MBPS TL-WA901ND Wireless'.,No
Do the two product descriptions refer to the same real-world product? Entity 1: 'Canon EF-S 55-250 f4-5.6 IS STM'. Entity 2: 'Epson - Ink Cartridge Black 10K'.,No
Do the two product descriptions refer to the same real-world product? Entity 1: 'FUJIFILM Aspherical Super EBC XF 80mm f/2.8 R LM OIS WR Macro Lens'. Entity 2: 'Casti Hi-Fi Audio-Technica ATH-AD500X'.,No
"Do the two product descriptions refer to the same real-world product? Entity 1: 'RAM 2.25\"" Ball with 2 U-Bolts (RAM-D-235U)'. Entity 2: 'RAM 3.3\"" DIA. SUCT CUP W 1\"" BALL'.",No
Do the two product descriptions refer to the same real-world product? Entity 1: 'Kingston StorageDataTraveler SEG G2 64GB USB 3.0 Metal'. Entity 2: 'Western Digital WD My Passport Portable HDD 4TB Black'.,No
Do the two product descriptions refer to the same real-world product? Entity 1: 'Fujifilm Instax Mini Film (Monochrome 10's)'. Entity 2: 'Fujifilm Instax mini Rainbow film 10 pack'.,No
Do the two product descriptions refer to the same real-world product? Entity 1: 'Gigabyte GeForce GTX 1650 Super OC'. Entity 2: 'Omega Seamaster Planet Ocean Automatic Chronograph Two-Tone Rubber Watch 215.32.46.51.01.001'.,No
Do the two product descriptions refer to the same real-world product? Entity 1: 'Hikvision MP Outdoor IR DS-2DE5225IW-AE'. Entity 2: 'DS-1273ZJ-140 Outdoor Indoor Wall Mount Bracket for Hikvision Dome Camera'.,No
Do the two product descriptions refer to the same real-world product? Entity 1: 'Asus PRIME B450-PLUS(PRIME B450-PLUS)'. Entity 2: 'Ilford FP4 Plus 125 120'.,No
Do the two product descriptions refer to the same real-world product? Entity 1: 'USB STICK SANDISK CRUZER GLIDE 32GB'. Entity 2: 'SANDISK FLASH CRUZER GLIDE 64GB'.,No
Do the two product descriptions refer to the same real-world product? Entity 1: 'Sigma 50mm F1.4 Art DG HSM Nikon Mount Lens'. Entity 2: 'Dura-Ace 9100 11-Speed Cassette 11-25T'.,No
Do the two product descriptions refer to the same real-world product? Entity 1: 'Xerox Phaser 7760 Yellow Toner 106R01162'. Entity 2: 'Obiectiv foto CANON EF-S 10-18mm f/4.5-5.6 IS STM'.,No
Do the two product descriptions refer to the same real-world product? Entity 1: 'Shimano R550 SPD-SL Pedals - Black'. Entity 2: 'WS-C2960X-24TD-L Cisco Catalyst 2960X Network Switch (New)'.,No
Do the two product descriptions refer to the same real-world product? Entity 1: 'Samsung Portable SSD T7 Touch 2TB - Zwart'. Entity 2: 'Samsung Portable SSD T7 Touch - Black - 2TB'.,Yes
Do the two product descriptions refer to the same real-world product? Entity 1: 'LOGITECH Logitech USB Headset H390'. Entity 2: 'Diadema Logitech H390 USB Computer ...'.,Yes
"Do the two product descriptions refer to the same real-world product? Entity 1: 'Sandisk Ixpand 64GB USB3.0 Flash Drive for Iphone, Ipad'. Entity 2: 'Genuine SanDiskiXpand Flash Drive 64GB - iPhone lightning connector'.",Yes
Do the two product descriptions refer to the same real-world product? Entity 1: 'WD My Passport 4TB USB 3.0 + Etui'. Entity 2: 'Jabra EVOLVE 20 Wired Stereo Headset - Over-the-head - Supra-aural'.,No
Do the two product descriptions refer to the same real-world product? Entity 1: 'Toner Original Oki Ciano (44844507)'. Entity 2: 'TAG Heuer Automatic Chronograph Watch CBG2A1Z.BA0658'.,No
Do the two product descriptions refer to the same real-world product? Entity 1: 'Traveler's Company 002. GRID REFILL MIDORI TRAVELER'S NOTEBOOK'. Entity 2: 'Xerox 106R01162 OEM Toner Cartridge For Phaser 7760 Yellow - 25K'.,No
Do the two product descriptions refer to the same real-world product? Entity 1: 'CORSAIR 275R (ATX) MID TOWER CABINET - WITH TEMPERED GLASS SIDE PANEL (WHITE) CC-9011133-WW'. Entity 2: 'Corsair 110R Tempered Glass Mid-Tower ATX Case'.,No
Do the two product descriptions refer to the same real-world product? Entity 1: 'Fujifilm XF-56mm f1.2 APD'. Entity 2: 'Fujifilm FUJINON XF-56mm f1.2'.,No
Do the two product descriptions refer to the same real-world product? Entity 1: 'HDD 35 4TB Seagate IronWolf Pro NAS ST4000NE001'. Entity 2: 'Seagate IronWolf PRO 16TB NAS Professional'.,No
Do the two product descriptions refer to the same real-world product? Entity 1: 'Xerox 106R01162 OEM Toner Cartridge For Phaser 7760 Yellow - 25K'. Entity 2: 'Pokemon Pokemon: Darkness Ablaze Bstr'.,No
Do the two product descriptions refer to the same real-world product? Entity 1: 'MANFROTTO trpied alu Befree Advanced 2.0 MKBFRLA4BK-BH'. Entity 2: 'AMD Ryzen 5 2600X - 4.25 GHz - 6-core - 12 threads - 19 MB cache - Socket AM4 - Box'.,No
Do the two product descriptions refer to the same real-world product? Entity 1: 'CORSAIR Vengeance RGB Pro 16GB (2 x 8GB) 288-Pin DDR4 DRAM DDR4 3000 (PC4 24000) Desktop Memory Model CMW16GX4M2C3000C15W'. Entity 2: 'Corsair Value Select 8GB PC4-17000 - 8 GB - 1 x 8 GB - DDR4 - 2133 MHz - 288-pin DIMM'.,No
"Do the two product descriptions refer to the same real-world product? Entity 1: '0884B001 | Canon PFI-101 | Original Canon Ink Cartridge - Cyan'. Entity 2: 'Pokémon TCG: Sword & Shield-Rebel Clash 3 Booster Packs, Coin & Rayquaza Promo Card'.",No
Do the two product descriptions refer to the same real-world product? Entity 1: 'TP Link AC1350 Wireless Dual Band Cable Router - White | ARCHER C60'. Entity 2: 'YD150XBBAEBOX AMD Ryzen 5 1500X Quad Core 3.50GHz 16MB L3 Cache Socket AM4 Processor. New Retail Factory Sealed With Full Manufacturer Warranty.'.,No
Do the two product descriptions refer to the same real-world product? Entity 1: 'DJI Accessory CP.PT.000562 Mavic Part 6 Car Charger Retail'. Entity 2: 'DJI Drone Accessory CP.PT.00000120.01 Mavic Air Part 4 Car Charger Retail'.,No
Do the two product descriptions refer to the same real-world product? Entity 1: 'SRAM Cassette Sram PG 1130 11 vitesses 11-36'. Entity 2: 'Sram PG 1130 11sp cassette 11-36T'.,Yes
"Do the two product descriptions refer to the same real-world product? Entity 1: 'TISSOT SEASTAR 1000 CHRONOGRAPH T120.417.17.041.00 (T120.417.17.041.00)'. Entity 2: 'Blaze Grill Cart for 40\"" Gas Grill'.",No
Do the two product descriptions refer to the same real-world product? Entity 1: 'Jabra Biz 2300 USB UC Duo Headset 2399-829-109'. Entity 2: 'Jabra BIZ2300 2399-823-109 DUO USB Headset MS'.,No
"Do the two product descriptions refer to the same real-world product? Entity 1: 'Canon PG-545 Black Original Ink Cartridge, E Zezë'. Entity 2: 'Asus ROG STRIX B550-E GAMING AM4 ATX Motherboard'.",No
"Do the two product descriptions refer to the same real-world product? Entity 1: 'iiyama Prolite 27\"" XUB2792QSU-B1 WQHD IPS Monitor Tilt/Swivel/Pivot'. Entity 2: 'Monitor 27 SW271 LED 5ms/QHD/IPS/HDMI/DP/USB'.",No
Do the two product descriptions refer to the same real-world product? Entity 1: 'APC APCrbc110 Replacement Battery Cartridge #110'. Entity 2: 'APC Replacement Battery Cartridge #133 (APCRBC133)'.,No
Do the two product descriptions refer to the same real-world product? Entity 1: 'WD 1TB Blue SN550 NVME M.2 SSD (WDS100T2B0C) (Warranty 5years with WD SG)'. Entity 2: '3M - Privacy filter PF19 |30.2 cm x 37.7 cm|'.,No
"Do the two product descriptions refer to the same real-world product? Entity 1: 'Canon PFI-101C Ink, 130 ml - Cyan'. Entity 2: 'Ceas Garmin Garmin fenix5S Plus Silver, Black Band'.",No
"Do the two product descriptions refer to the same real-world product? Entity 1: 'Asus PRIME B450-PLUS AM4 DDR4 ATX Motherboard'. Entity 2: 'Motherboard Asus TUF B450M-PLUS GAMING, AM4, USB 3.1, SATA 6GB/S'.",No
Do the two product descriptions refer to the same real-world product? Entity 1: 'Gigabyte GTX 1650 SUPER OC 4G'. Entity 2: 'Gigabyte GeForce GTX 1650 Super OC'.,Yes
"Do the two product descriptions refer to the same real-world product? Entity 1: '3M - PF230W9F EYE PROTECTION FILTER DESKTOPS FRAME STANDARD 23.0 ACCS'. Entity 2: '3M - PF19 PRIVACY FILTER BLACK FOR 19,0IN / 48,3 CM / 5:4IN ACCS'.",No
Do the two product descriptions refer to the same real-world product? Entity 1: 'Cloud Core Router CCR1036-12G-4S-EM'. Entity 2: 'Cooler Master MasterBox TD500 Mesh Triple ARGB Full Tower Gaming Cabinet with Dual 360mm Radiator Support and Crystalline Tempered Glass'.,No
"Do the two product descriptions refer to the same real-world product? Entity 1: 'WS-C2960L-16TS-LL: Cisco Catalyst WS-C2960L-16TS-LL'. Entity 2: 'WS-C2960L-16TS-LLCatalyst 2960L 16 port GigE, 2 x 1G SFP, LAN Lite'.",Yes
Do the two product descriptions refer to the same real-world product? Entity 1: 'WD My Passport 4TB USB 3.0 + Etui'. Entity 2: 'WD HDD 4TB My Passport Black'.,Yes
Do the two product descriptions refer to the same real-world product? Entity 1: 'Ubiquiti UniFi Video Camera G3 FLEX 3-Pack UVC-G3-FLEX-3 Ubiquiti'. Entity 2: 'Brother HL-L5200DW Laser Printer'.,No
"Do the two product descriptions refer to the same real-world product? Entity 1: 'Headset Audio-Technica ATH-M50X'. Entity 2: 'Cisco Catalyst 2960-X | WS-C2960X-24TD-L Catalyst 2960X 24 port 10/100/1000, 2 x 10G SFP+, LAN Base'.",No
Do the two product descriptions refer to the same real-world product? Entity 1: 'Crystal Series 460X RGB Compact ATX Mid-Tower Case - CC-9011101-WW'. Entity 2: 'Corsair Crystal 460X RGB ATX Mid Tower Case - Black'.,Yes
Do the two product descriptions refer to the same real-world product? Entity 1: 'Samsung PORTABLE SSD T7 Touch 1TB Mobile External Solid State'. Entity 2: 'Samsung Portable SSD T7 Touch 1TB - Zilver'.,No
Do the two product descriptions refer to the same real-world product? Entity 1: 'DJI Mavic 2 Car Charger'. Entity 2: 'DJI Drone Accessory CP.PT.00000120.01 Mavic Air Part 4 Car Charger Retail'.,No
Do the two product descriptions refer to the same real-world product? Entity 1: 'Dron DJI Mavic 2 Pro'. Entity 2: 'Šilterica New Era Clean Trucker Chicago Bulls Cap'.,No
Do the two product descriptions refer to the same real-world product? Entity 1: 'Cooler Master Hyper H411R CPU Cooler RR-H411-20PW-R1 | PCByte'. Entity 2: 'Disco SSD Crucial BX500 120GB 3D TLC SATA III'.,No
Do the two product descriptions refer to the same real-world product? Entity 1: 'TUF GAMING X570-PLUS Desktop Motherboard - AMD Chipset - Socket AM4'. Entity 2: 'ASUS Scheda Madre TUF GAMING X570-PLUS AMD'.,Yes
"Do the two product descriptions refer to the same real-world product? Entity 1: 'Samsung 970 EVO MZ-V7E1T0BW - Solid state drive - krypterat - 1 TB - inbyggd - M.2 2280 - PCI Express 3.0 x4 (NVMe) - 256 bitars AES - TCG Opal Encryption 2.0'. Entity 2: 'SAMSUNG 970 EVO PLUS M.2 2280 500GB PCIe Gen 3.0 x4, NVMe 1.3 V-NAND 3-bit MLC Internal Solid State Drive (SSD) MZ-V7S500B/AM'.",No
"Do the two product descriptions refer to the same real-world product? Entity 1: '3M - PF19 PRIVACY FILTER BLACK FOR 19,0IN / 48,3 CM / 5:4IN ACCS'. Entity 2: '3M - PF27.0W9 PRIVACY FILTER BLACK FOR 27,0IN / 68,6 CM / 16:9IN ACCS'.",No
Do the two product descriptions refer to the same real-world product? Entity 1: 'Fujinon Lens XF 23mm F1.4 R'. Entity 2: 'RAM Double Socket Arm MC201C LONG'.,No
Do the two product descriptions refer to the same real-world product? Entity 1: 'Ubiquiti UniFi AC Pro 5-pack UAP-AC-PRO-5 Ubiquiti'. Entity 2: 'Ubiquiti UniFi Dual-Band WiFi PoE Access Point UAP-AC-HD - 5 Pack'.,No
Do the two product descriptions refer to the same real-world product? Entity 1: 'FUJIFILM XF 8-16mm f/2.8 R LM WR Lens'. Entity 2: '4GB DDR3-1866MHz Kingston HyperX Fury Black'.,No
Do the two product descriptions refer to the same real-world product? Entity 1: 'Gigabyte GeForce RTX 2060 SUPER 8GB Aorus'. Entity 2: 'Gigabyte Nvidia RTX 2060 SUPER Aorus OC 8Gb GDDR6'.,Yes
Do the two product descriptions refer to the same real-world product? Entity 1: 'TISSOT T091.420.46.051.01 T-TOUCH Expert Solar'. Entity 2: 'HyperX Predator 16GB - PC4-26600 - DIMM'.,No
Do the two product descriptions refer to the same real-world product? Entity 1: 'Canon EF-S 18-135/3.5-5.6 IS USM'. Entity 2: 'Elixir Phosphor Acoustic Strings - Extra Light'.,No
"Do the two product descriptions refer to the same real-world product? Entity 1: 'Evans 14\"" TT14EC2S Clear Drum Head'. Entity 2: 'Evans 8\"" TT08EC2S Clear Drum Head'.",No
Do the two product descriptions refer to the same real-world product? Entity 1: 'OMEGA SEAMASTER DIVER 300 210.20.42.20.03.002'. Entity 2: 'Memoire DDR4 G.Skill Trident Z F4-3600C16D-16GTZNC'.,No
"Do the two product descriptions refer to the same real-world product? Entity 1: 'UBIQUITI - UVC G3 Bullet Camera, 3-pack'. Entity 2: 'Ubiquiti UniFi G3 Bullet Video Camera'.",No
Do the two product descriptions refer to the same real-world product? Entity 1: 'ASUS GeForce RTX 2080 SUPER 8GB DUAL OC EVO'. Entity 2: 'ASUS GeForce GTX 1660 SUPER DUAL EVO OC'.,No
Do the two product descriptions refer to the same real-world product? Entity 1: 'Western Digital My Book 3 To - Noir'. Entity 2: 'Gigabyte Radeon RX 5500 XT OC 4GB GDDR6'.,No
"Do the two product descriptions refer to the same real-world product? Entity 1: 'Western Digital 2.5\"" Red 1To SATA 6'. Entity 2: 'Western Digital WD10JFCX RED 1000 GB SATA3 1TB'.",Yes
Do the two product descriptions refer to the same real-world product? Entity 1: 'INTEL CPU 10TH GEN COMET LAKE I7-10700KF 3.80GHZ LGA1200 16.00MB CACHE BOXED'. Entity 2: 'SanDisk Ultra SDXC Memory Card 100MBs Class 10 UHS-I 256GB'.,No
Do the two product descriptions refer to the same real-world product? Entity 1: 'FUJIFILM Super EBC XF 23mm f/2 R WR Lens - Black'. Entity 2: 'Fujifilm Fujinon XF 27mm f/2.8 black | 2 Years Warranty'.,Yes
Do the two product descriptions refer to the same real-world product? Entity 1: 'SANDISK EXTREME PRO SDXC 256GB 170MB/S C10 U3'. Entity 2: 'Ubiquiti UniFi AP AC Mesh PRO 802.11ac Dual Radio Indoor/Outdoor access point - 1750Mbps 5 pack no PoE'.,No
"Do the two product descriptions refer to the same real-world product? Entity 1: 'Maxxis High Roller II Tire - 27.5 x 2.4, Tubeless, Folding, Black, 3C Maxx Terra, EXO'. Entity 2: 'Maxxis Assegai Tire - 27.5 x 2.5, Folding, Tubeless, Black, 3C Maxx Terra, EXO+, Wide Trail'.",No
Do the two product descriptions refer to the same real-world product? Entity 1: 'HyperX 16GB (1x16GB) 3200MHz CL16 Fury'. Entity 2: 'HyperX FURY Blue 4GB (1x4GB) 1600MHz DDR3 Memory'.,No
"Do the two product descriptions refer to the same real-world product? Entity 1: 'Epson T6923 Ultrachrome XD rautt Ink 110ml'. Entity 2: 'Epson Tinte T6935 Matt Black UltraChrome, 350 ml'.",No
Do the two product descriptions refer to the same real-world product? Entity 1: 'Crucial 8GB DDR3 1600MHz CT102464BF160B Notebook Ram'. Entity 2: 'Brother HL-L6200DW Business Laser Printer'.,No
Do the two product descriptions refer to the same real-world product? Entity 1: 'Corsair Vengeance LPX 32GB (2x16GB) DDR4 2666MHz(CMK32GX4M2A2666C16)'. Entity 2: 'Corsair Vengeance LPX CMK8GX4M1A2666C16 8GB (1x8GB) 2666Mhz DDR4'.,No
Do the two product descriptions refer to the same real-world product? Entity 1: 'Corsair ML140 PRO RGB LED 140MM PWM Premium Magnetic Levitation Fan - Single Pack'. Entity 2: 'ASUS NVIDIA GeForce RTX 2060 SUPER 8GB TURBO EVO Turing Graphics Card'.,No
Do the two product descriptions refer to the same real-world product? Entity 1: 'KINGSTON 8GB 1600MHz DDR3 CL10 DIMM (Kit of 2) HyperX Fury Series'. Entity 2: 'HyperX FURY - DDR3 - 8 GB: 2 x 4 GB - DIMM 240-pin - unbuffered'.,No
Do the two product descriptions refer to the same real-world product? Entity 1: 'PKM - Pokémon - Sword & Shield - Rebel Clash Booster'. Entity 2: 'Mavic 2 Part11 Car Charger'.,No
Do the two product descriptions refer to the same real-world product? Entity 1: 'SRAM Disc Brake Pad Organic Hrd'. Entity 2: 'SRAM Disc Brake Pad Set Organic Compound'.,No
Do the two product descriptions refer to the same real-world product? Entity 1: 'KINGSTON 8GB 1600MHz DDR3 CL10 DIMM (Kit of 2) HyperX Fury Series'. Entity 2: 'Crucial 8GB (1x8GB) DDR3 1600MHz SODIMM'.,No
Do the two product descriptions refer to the same real-world product? Entity 1: 'APPLE - Airpods With Charging Case'. Entity 2: 'APPLE - AIRPODS WITH WIRELESS CHARGING CASE IN'.,No
Do the two product descriptions refer to the same real-world product? Entity 1: 'Intel Core i7-8700K Coffee Lake 6-Core 3.7 GHz (4.7 GHz Turbo) LGA 1151 (300 Series) 95W BX80684I78700K Desktop Processor Intel UHD Graphics 630'. Entity 2: 'DS-7208HUHI-K2-P Hikvision 8 Channel 5MP / 1080P HD-TVI Hybrid DVR with Power over Coax (PoC / Turbo4.0)'.,No
"Do the two product descriptions refer to the same real-world product? Entity 1: 'Intel Core i3-8300 (Coffee Lake) 3.7 GHz, LGA1151, Intel UHD 630, 8MB, 14nm, 62W, Box'. Entity 2: 'Intel Core i3 8300 Quad Core 3.7GHz Processor'.",Yes
Do the two product descriptions refer to the same real-world product? Entity 1: 'GENUINE Dymo 24mm x 7m Black on Yellow Label Tape Roll SD53718'. Entity 2: 'Cooler Master MasterBox TD500 Mesh Triple ARGB Full Tower Gaming Cabinet with Dual 360mm Radiator Support and Crystalline Tempered Glass'.,No
"Do the two product descriptions refer to the same real-world product? Entity 1: 'Canon PFI 107C Ink Cartridge Cyan'. Entity 2: 'Canon PFI-101C Ink, 130 ml - Cyan'.",No
Do the two product descriptions refer to the same real-world product? Entity 1: 'TP-Link Archer T9UH Wireless AC1900 USB Adapter'. Entity 2: 'WD HDD 4TB My Passport Black'.,No
"Do the two product descriptions refer to the same real-world product? Entity 1: 'RAM Long Length Double Socket Arm for 1.5\"" Balls'. Entity 2: 'Jabra EVOLVE 65 UC Mono Bluetooth Headset'.",No
Do the two product descriptions refer to the same real-world product? Entity 1: '0000010490| Samyang 24mm F1.4 Nikon AE Full Frame Lens'. Entity 2: 'Cooler master ventola master liquid ML120R rgb lga 775>2066 amd AM2>FM1'.,No
"Do the two product descriptions refer to the same real-world product? Entity 1: '34\"" Blaze 3 Pro Cart'. Entity 2: 'Blaze Cart For Professional 3-Burner Grill, Cart Only'.",Yes
Do the two product descriptions refer to the same real-world product? Entity 1: 'ASUS Radeon RX 5500 XT ROG Strix OC 8GB -Demo'. Entity 2: 'Asus Radeon ROG Strix RX5500 XT 8gb Gddr6 Version OC'.,Yes
Do the two product descriptions refer to the same real-world product? Entity 1: 'Bosch KGN34NWEAG 60cm Frost Free Fridge Freezer'. Entity 2: 'Bosch KGN34NWEAG Free-standing fridge-freezer'.,Yes
Do the two product descriptions refer to the same real-world product? Entity 1: 'Logitech 3.5 mm Analog Stereo Headset H151 with Boom Microphone - Black'. Entity 2: 'Logitech H151 Single Pin Stereo Headset - Black'.,Yes
"Do the two product descriptions refer to the same real-world product? Entity 1: 'Nikon AF-S NIKKOR FX 50mm F1.8G Lens'. Entity 2: 'Sandisk Ixpand 64GB USB3.0 Flash Drive for Iphone, Ipad'.",No
"Do the two product descriptions refer to the same real-world product? Entity 1: 'Western Digital My Book Micro-USB B 3.0 (3.1 Gen 1) 3000GB N'. Entity 2: 'Western Digital My Passport 1TB 2,5"" USB 3.0'.",No
"Do the two product descriptions refer to the same real-world product? Entity 1: 'RAM Torque 28mm-38mm Handlebar & Rail Base 1.5\"" Ball'. Entity 2: 'Gigabyte NVIDIA GeForce GTX 1650 4GB D6 OC Turing Graphics Card'.",No
"Do the two product descriptions refer to the same real-world product? Entity 1: 'Life Extension Super Ubiquinol COQ10 with Enhanced Mitochondrial Support 100 mg, 60 Count'. Entity 2: 'SanDisk Extreme microSDHC 32GB 100/60 MB/s A1 V30 GoPro'.",No
Do the two product descriptions refer to the same real-world product? Entity 1: 'TRAVELERS REFILL KRAFT PAPER NOTEBOOK 14365006-014'. Entity 2: 'Sandisk Extreme Pro 64GB CFast 2.0'.,No
Do the two product descriptions refer to the same real-world product? Entity 1: 'Cartucho tinta negro l epson t7031 - 24ml - big ben - para wp-4595 dnf/dtwf/ 4535dwf / 4525dnf / 4515dn / 4095dn / 4025dw /'. Entity 2: 'Epson Blekk Svart T7031 L - WP4000/4500'.,Yes
Do the two product descriptions refer to the same real-world product? Entity 1: 'Corsair Crystal Series 570X RGB CC-9011098-WW Steel / Tempered Glass ATX Mid Tower Case'. Entity 2: 'Crystal Series 460X RGB Compact ATX Mid-Tower Case - CC-9011101-WW'.,No
Do the two product descriptions refer to the same real-world product? Entity 1: 'Epson Ink Cartridge - Matte Black 700ml'. Entity 2: 'Johnnie Walker - Blue Label 70cl'.,No
Do the two product descriptions refer to the same real-world product? Entity 1: 'SMSH11 SPDSL CLEAT SET FLOATING MODE YELLOW'. Entity 2: 'Cooler Master N300 Mesh ATX Case Black NSE-300-KKN1 | PCByte'.,No
Do the two product descriptions refer to the same real-world product? Entity 1: 'Swiss Military Hanowa FLAGSHIP 06-5161.2.04.007 Herrenuhr'. Entity 2: 'Epson S050189 toner ciano ACULA.C1100 4k'.,No
"Do the two product descriptions refer to the same real-world product? Entity 1: 'RAM Motorcycle Brake/Clutch Reservoir & Handlebar Ball Base / B Size / RAM-B-309-7U'. Entity 2: 'RAM Motorcycle Combination Base for Handlebar or Brake/Clutch Reservoir with 1\"" ...'.",Yes
"Do the two product descriptions refer to the same real-world product? Entity 1: 'Jabra BIZ 2400 II Duo - Mic. 82 NC, Wideband'. Entity 2: 'BIZ 2400 II Duo IP Flex'.",Yes
Do the two product descriptions refer to the same real-world product? Entity 1: 'Maxxis Tire Assegai 3C MAXXTERRA/EXO+/TR Foldable 27.5x2.50WT'. Entity 2: 'APC Smart-UPS SRT 10000VA SRT10KXLI'.,No
Do the two product descriptions refer to the same real-world product? Entity 1: 'Samsung Portable SSD T5 - 2TB'. Entity 2: 'Epson T7551 XL Black High Yield Ink Cartridge C13T755140 / T7551 EP53959'.,No
Do the two product descriptions refer to the same real-world product? Entity 1: 'Hydro Flask 32oz Wide Mouth Flex Cap Hibiscus'. Entity 2: 'HYDRO FLASK HYDRO FLASK 32OZ WIDE MOUTH BOTTLE-BLACK'.,No
Do the two product descriptions refer to the same real-world product? Entity 1: '8CH HIKVISION 4MP DVR HDMI TURBO 1080P DS-7208HQHI-K1'. Entity 2: 'HIKVISION DS-7216HUHI-K2 (Turbo HD 4.0) 8MP/5MP/4MP'.,No
Do the two product descriptions refer to the same real-world product? Entity 1: 'Dymo 53713 Black On White - 24mm'. Entity 2: 'Epson Stylus Pro 9880 Black Photo Ink'.,No
"Do the two product descriptions refer to the same real-world product? Entity 1: 'Zebra Black Monochrome Ribbon 800033-801 - 1000 Prints'. Entity 2: 'Epson S050189 Cyan, High Capacity Toner Cartridge'.",No
"Do the two product descriptions refer to the same real-world product? Entity 1: 'Corsair ML120 Pro LED, Red, 120mm Premium Magnetic Levitation Fan'. Entity 2: 'Seiko Mens Presage Automatic Blue Date Dial Stainless Steel Bracelet Watch SRPD41J1'.",No
"Do the two product descriptions refer to the same real-world product? Entity 1: '3M - Privacy filter framed lightweight 18,1\""\""-20\""\"" widescreen'. Entity 2: 'ASUS Radeon RX 5700 XT TUF OC 8GB GDDR6'.",No
Do the two product descriptions refer to the same real-world product? Entity 1: 'Ubiquiti UniFi Video Camera G3 MICRO'. Entity 2: 'Ubiquiti UniFi G3 Bullet Video Camera'.,No
"Do the two product descriptions refer to the same real-world product? Entity 1: 'Crucial 2TB MX500 2.5"" 7mm SATA 6Gb/s SSD'. Entity 2: 'Crucial 500GB MX500 M.2 2880 SATA 6Gb/s SSD'.",No
Do the two product descriptions refer to the same real-world product? Entity 1: 'TAG HEUER MONACO AUTOMATIC CHRONOGRAPH'. Entity 2: 'Mavic 2 Part11 Car Charger'.,No
Do the two product descriptions refer to the same real-world product? Entity 1: 'OMEGA Seamaster Planet Ocean Chronograph Steel'. Entity 2: 'Omega Seamaster Planet Ocean Automatic Chronograph Stainless Steel Watch 232.30.46.51.01.002'.,Yes
"Do the two product descriptions refer to the same real-world product? Entity 1: 'RAM Double U-Bolt Base with D Size 2.25\"" Ball for Rails from 0.75\"" to 1.25\"" in Diameter - RAM-D-235U'. Entity 2: 'SanDisk Ultra SDXC Memory Card 100MBs Class 10 UHS-I 256GB'.",No
Do the two product descriptions refer to the same real-world product? Entity 1: 'LOGITECH | G402 Hyperion Fury FPS Gaming Mouse | 910-004068'. Entity 2: 'Samsung Portable SSD T7 Touch 2TB - Zwart'.,No
Do the two product descriptions refer to the same real-world product? Entity 1: 'Logitech BRIO 4K Ultra HD webcam'. Entity 2: 'Logitech HD Pro Webcam C920 - webkamera'.,No
Do the two product descriptions refer to the same real-world product? Entity 1: 'Ubiquiti UniFi Video Camera G3 1080P 802.3af IP UVC-G3-BULLET-3 3 Pack (No PoE Injectors)'. Entity 2: 'maintenance kit EPSON Business Inkjet B300/310/B500DN/B510DN (´odpad. nadoba´)'.,No
Do the two product descriptions refer to the same real-world product? Entity 1: 'ASUS NVIDIA GeForce RTX 2060 SUPER 8GB TURBO EVO Turing Graphics Card'. Entity 2: 'ASUS NVIDIA GeForce RTX 2060 6GB DUAL OC EVO Turing Graphics Card'.,No
Do the two product descriptions refer to the same real-world product? Entity 1: 'Xerox Toner 106R01634 black Phaser 6000 2000str.'. Entity 2: 'Kingston HyperX Predator 32 GB - PC4-24000 - DIMM'.,No
"Do the two product descriptions refer to the same real-world product? Entity 1: 'Shimano Pedal PD-RS500 SL Black'. Entity 2: 'SHIMANO PD-R7000, 105, SPD-SL PEDAL.'.",No
"Do the two product descriptions refer to the same real-world product? Entity 1: 'RAM® 3\"" Double Ball Arm for 1.5\"" Ball'. Entity 2: 'Razer Basilisk V2 Wired Ergonomic Gaming Mouse, 11 Programmable Buttons | RZ01-03160100-R3M1'.",No
Do the two product descriptions refer to the same real-world product? Entity 1: 'G.Skill Trident Z Neo DDR4 3600MHz 16GB (2X8) Desktop Memory for AMD X570 F4-3600C16D-16GTZNC | PCByte'. Entity 2: 'TAG Heuer Automatic Chronograph Watch CBG2A1Z.BA0658'.,No
Do the two product descriptions refer to the same real-world product? Entity 1: 'Oakley Jawbreaker MTB Solglsasögon Matte Black w/ Prizm Road'. Entity 2: 'DS-7216HQHI-K1 Hikvision 16 cs. TurboHD DVR'.,No
Do the two product descriptions refer to the same real-world product? Entity 1: 'Traveler's Company 001. LINED REFILL MIDORI TRAVELER'S NOTEBOOK'. Entity 2: 'Traveler's Notebook Refill - Sketch Paper'.,No
Do the two product descriptions refer to the same real-world product? Entity 1: 'Corsair Vengeance LPX CMK8GX4M1A2666C16 8GB (1x8GB) 2666Mhz DDR4'. Entity 2: 'Gigabyte GeForce RTX 2060 SUPER 8GB Aorus'.,No
Do the two product descriptions refer to the same real-world product? Entity 1: 'Ubiquiti UniFi Mesh AP OUT AC1750 5 PACK'. Entity 2: 'DJI Mavic 2 Car Charger'.,No
"Do the two product descriptions refer to the same real-world product? Entity 1: 'FUJIFILM XF 8-16mm f/2.8 R LM WR Lens'. Entity 2: 'ASUS AMD ATX ROG STRIX B550 F Gaming Motherboard AM4 Dual DDR4, HDMI, Dual M.2'.",No
Do the two product descriptions refer to the same real-world product? Entity 1: 'Atomos ATOM-CAB010 Full To Full Hdmi Coiled Cable'. Entity 2: 'Maxxis High Roller II MaxxTerra Tire (WT) (3C/EXO/TR) (27.5 x 2.40) (Folding)'.,No
"Do the two product descriptions refer to the same real-world product? Entity 1: 'Epson Seahorse Multipack 6-kleur T0487'. Entity 2: 'Epson T0487 Multipack (Black, Cyan, Magenta, Yellow, Light Cyan, Light Magenta)'.",Yes
Do the two product descriptions refer to the same real-world product? Entity 1: 'CORSAIR 275R (ATX) MID TOWER CABINET - WITH TEMPERED GLASS SIDE PANEL (WHITE) CC-9011133-WW'. Entity 2: 'DDR3 8GB PC1600 CL9 Kingston Hypk'.,No
Do the two product descriptions refer to the same real-world product? Entity 1: 'JABRA EVOLVE 20 UC Stereo'. Entity 2: 'Samsung Portable SSD T7 Touch 2TB - Zwart'.,No
Do the two product descriptions refer to the same real-world product? Entity 1: 'APC Smart-UPS RT192V RM Battery Pack 2 R'. Entity 2: 'Kingston HyperX Fury 4GB DDR3 1600MHz CL10 Ram'.,No
Do the two product descriptions refer to the same real-world product? Entity 1: 'Traveler's Notebook / Refill 001 / Lined Notebook'. Entity 2: 'Shimano BR-M9000 J04C Metal Finned Disc Pad'.,No
Do the two product descriptions refer to the same real-world product? Entity 1: 'WD Blue 3D - 2048 GB - M.2 - 560 MB/s - 6 Gbit/s WDS200T2B0B'. Entity 2: 'SSD Western Digital Blue 2TB M.2 2280 TLC SATA SSD'.,Yes
Do the two product descriptions refer to the same real-world product? Entity 1: 'Epson WP4000/4500 Inkjet Cartridge High Yield Magenta. (Eiffel Tower) OEM: C13T70234010 EP48715'. Entity 2: 'Epson C13T70234010 XL Muste Punainen'.,Yes
Do the two product descriptions refer to the same real-world product? Entity 1: 'SanDisk SDHC Ultra UHS-I 256GB Class 10 90MB/S'. Entity 2: 'Pokemon Pokemon: Darkness Ablaze Bstr'.,No
Do the two product descriptions refer to the same real-world product? Entity 1: 'JABRA EVOLVE 20 UC Stereo'. Entity 2: 'JABRA Evolve 20 UC USB - Mono'.,No
"Do the two product descriptions refer to the same real-world product? Entity 1: 'BLAZE PROFESSIONAL 27-INCH 2 BURNER BUILT-IN GAS GRILL WITH REAR INFRARED BURNER'. Entity 2: 'Blaze 2 Burner Professional Built-In Propane Gas Outdoor Grill, BLZ-2PRO-LP'.",Yes
Do the two product descriptions refer to the same real-world product? Entity 1: 'Daniel Wellington Mens Classic Sheffield 40mm Rose Gold Black DW00100007'. Entity 2: 'Daniel Wellington Classic Sheffield Rose 40mm -rannekello DW00100007'.,Yes
Do the two product descriptions refer to the same real-world product? Entity 1: 'Sony SEL 30mm 3.5 Makro E-Mount'. Entity 2: 'Sony E 30mm f/3.5 Macro Lens'.,Yes
Do the two product descriptions refer to the same real-world product? Entity 1: 'Gigabyte Nvidia RTX 2060 SUPER Aorus OC 8Gb GDDR6'. Entity 2: 'Swiss Military Hanowa FLAGSHIP 06-5161.2.04.007 Herrenuhr'.,No
"Do the two product descriptions refer to the same real-world product? Entity 1: 'DJI Accessory CP.PT.000562 Mavic Part 6 Car Charger Retail'. Entity 2: 'UBIQUITI - UVC G3 Bullet Camera, 3-pack'.",No
Do the two product descriptions refer to the same real-world product? Entity 1: 'Ubiquiti UniFi Mesh AP OUT AC1750 5 PACK'. Entity 2: 'Router wifi archer c60 ac1350 dual'.,No
Do the two product descriptions refer to the same real-world product? Entity 1: 'Sandisk Cruzer Force 16GB USB 2.0 Flash Drive - SDCZ71-016G-B35'. Entity 2: 'Gigabyte AMD Radeon RX 5500 XT OC 8GB GDDR6 RDNA PCIe 4.0 Graphics Card'.,No
"Do the two product descriptions refer to the same real-world product? Entity 1: 'DJI DJI | Mavic Mini Drone Fly More Combo'. Entity 2: 'RAM 2.75\"" Diameter Suction Cup Base with 1\"" Ball'.",No
Do the two product descriptions refer to the same real-world product? Entity 1: 'Logitech C920 USB HD Pro Webcam with Auto-Focus and Microphone'. Entity 2: 'Logitech HD Pro Webcam C920 - webkamera'.,Yes
Do the two product descriptions refer to the same real-world product? Entity 1: 'Shimano 105 RD-R7000 GS Rear Derailleur'. Entity 2: 'Swiss Military Hanowa Flagship 06-5161.2.04.003'.,No
Do the two product descriptions refer to the same real-world product? Entity 1: 'APC - Schneider SMART-UPS 1000VA LCD 230V'. Entity 2: 'APC - USV APC SMT1000RMI2UCSMARTUPS 1000VA LCD RM 2U 230V SmartC'.,No
"Do the two product descriptions refer to the same real-world product? Entity 1: 'Evans EC2 Clear Drum Head, 8 Inch'. Entity 2: 'Evans EMAD2 Clear Bass Drum Head, 22 Inch'.",No
Do the two product descriptions refer to the same real-world product? Entity 1: 'JABRA EVOLVE 20 UC Stereo'. Entity 2: 'Jabra EVOLVE 20 Wired Stereo Headset - Over-the-head - Supra-aural'.,Yes
Do the two product descriptions refer to the same real-world product? Entity 1: 'Corsair Crystal Series 570X RGB CC-9011098-WW Steel / Tempered Glass ATX Mid Tower Case'. Entity 2: 'Garmin Fenix 5X Plus Sapphire Black Rubber Strap 010-01989-01'.,No
"Do the two product descriptions refer to the same real-world product? Entity 1: 'Corsair ML140 Pro LED, Blue, 140mm Premium Magnetic Levitation Cooling Fan CO-9050048-WW'. Entity 2: 'Corsair ML140 Pro LED, Red, 140mm Premium Magnetic Levitation Fan'.",No
"Do the two product descriptions refer to the same real-world product? Entity 1: 'Samsung 860 PRO 2.5\"" 1000 GB Serial ATA III 3D MLC'. Entity 2: 'Kingston Technology A400 2.5 \""240 GB Serial ATA III TLC'.",No
"Do the two product descriptions refer to the same real-world product? Entity 1: 'RAM Motorcycle Combination Base for Handlebar or Brake/Clutch Reservoir with 1\"" ...'. Entity 2: 'Hikvision MP Outdoor IR DS-2DE5225IW-AE'.",No
Do the two product descriptions refer to the same real-world product? Entity 1: 'Ext. HDD LaCie Mobile Drive 2TB USB-C'. Entity 2: 'LACIE 2TB 2.5 MOBILE PORTABLE USB 3.0 MOON SILVER'.,Yes
Do the two product descriptions refer to the same real-world product? Entity 1: 'SRAM AM BRAKE PAD GUIDE/TRL STLSIN 1 SET'. Entity 2: 'SRAM Guide Trail Brake Pad'.,Yes
"Do the two product descriptions refer to the same real-world product? Entity 1: 'WS-C2960L-16TS-LLCatalyst 2960L 16 port GigE, 2 x 1G SFP, LAN Lite'. Entity 2: 'DJI Mavic Pro automobilinis įkroviklis / Car Charger'.",No
Do the two product descriptions refer to the same real-world product? Entity 1: 'Wireless TP-LINK Wireless Lan TL-WN781ND'. Entity 2: 'TP-Link TL-WN725N Nano Wireless USB Adapter'.,No
"Do the two product descriptions refer to the same real-world product? Entity 1: 'PHILIPS MONITOR LED IPS 24\"" (23.8) 16:9 FULLHD VGA DVI HDMI 243V7QDSB'. Entity 2: 'Corsair ML140 Pro LED, Red, 140mm Premium Magnetic Levitation Fan'.",No
Do the two product descriptions refer to the same real-world product? Entity 1: 'AAA Replica Audemars Piguet Royal Oak Chronograph Black Dail Watch 26331ST.OO.1220ST.02'. Entity 2: 'HP printer Color LaserJet Professional CP5225dn (CE712A#B19)'.,No
Do the two product descriptions refer to the same real-world product? Entity 1: 'TAG HEUER MONACO AUTOMATIC CHRONOGRAPH'. Entity 2: 'Buy Quality Replica Tag Heuer Monaco Steve McQueen Chronograph Watch CAW211P.FC6356'.,Yes
Do the two product descriptions refer to the same real-world product? Entity 1: 'CORSAIR 8Gbx1 DDR4 3000Mhz Ram CMK8GX4M1D3000C16 VENGEANCE LPX Gaming RAM'. Entity 2: 'ASUS Radeon RX 5700 XT TUF OC 8GB GDDR6'.,No
"Do the two product descriptions refer to the same real-world product? Entity 1: 'LOGITECH C270 3MP 1280 X 720PIXELS USB 2.0 BLACK WEBCAM'. Entity 2: 'Samsung T5 external SSD Black 2TB, USB-C'.",No
Do the two product descriptions refer to the same real-world product? Entity 1: 'Kingston Technology SA400S37/240G A400 SSD Solid State Drive 2.5 Inch SATA-3 - 240GB'. Entity 2: 'AF-S FX 24-85MM F3.5-4.5G ED VR'.,No
Do the two product descriptions refer to the same real-world product? Entity 1: 'Hydro Flask 21 Oz- Black'. Entity 2: 'HYDRO FLASK HYDRO FLASK 32OZ WIDE MOUTH BOTTLE-BLACK'.,No
Do the two product descriptions refer to the same real-world product? Entity 1: 'Corsair 110R Tempered Glass Mid-Tower ATX Case'. Entity 2: 'Corsair Carbide Spec-01 Red LED Mid-Tower Case'.,No
Do the two product descriptions refer to the same real-world product? Entity 1: 'Impresora brother laser monocromo hl - l6300dw a4'. Entity 2: 'Gorra New Era NFL New Orleans Saints 9Fifty Cap'.,No
"Do the two product descriptions refer to the same real-world product? Entity 1: 'RAM 3.3\"" DIA. SUCT CUP W 1\"" BALL'. Entity 2: 'RAM Dual Suction Cup Base'.",No
Do the two product descriptions refer to the same real-world product? Entity 1: 'Canon Multipack PGI-72multi1 (6403B007)'. Entity 2: '0000012890| Sigma 50mm f/1.4 DG HSM Art for Canon'.,No
Do the two product descriptions refer to the same real-world product? Entity 1: 'Western Digital My Book Micro-USB B 3.0 (3.1 Gen 1) 3000GB N'. Entity 2: 'SanDisk Extreme PRO SD UHS-II Card Reader/Writer'.,No
Do the two product descriptions refer to the same real-world product? Entity 1: 'Ram Mount Motorcycle Fork Stem Mount with 1 Ball'. Entity 2: 'Pokemon TCG: Sword & Shield Boosters'.,No
Do the two product descriptions refer to the same real-world product? Entity 1: 'MANFROTTO trpied alu Befree Advanced 2.0 MKBFRLA4BK-BH'. Entity 2: 'Kingston 256GB DataTraveler 100 G3 (USB 3.0)'.,No
Do the two product descriptions refer to the same real-world product? Entity 1: 'BLAZE PROFESSIONAL 27-INCH 2 BURNER BUILT-IN GAS GRILL WITH REAR INFRARED BURNER'. Entity 2: 'Blaze 4 Burner LTE Grill Built-In Natural Gas Grill with Lights'.,No
Do the two product descriptions refer to the same real-world product? Entity 1: 'Epson C13T755440 T7554 Yellow Ink 39ml'. Entity 2: 'Epson WP4000/4500 Inkjet Cartridge High Yield Magenta. (Eiffel Tower) OEM: C13T70234010 EP48715'.,No
Do the two product descriptions refer to the same real-world product? Entity 1: 'Cooler Master MasterBox Lite 5 Mid Tower Case'. Entity 2: 'Atomos ATOM-CAB010 Full To Full Hdmi Coiled Cable'.,No
Do the two product descriptions refer to the same real-world product? Entity 1: 'Tarjeta Gráfica Gigabyte RTX 2080 Ti XTREME 11 Gb'. Entity 2: 'Gigabyte GeForce RTX 2060 SUPER 8GB Aorus'.,No
Do the two product descriptions refer to the same real-world product? Entity 1: 'FUJIFILM Aspherical Super EBC XF 80mm f/2.8 R LM OIS WR Macro Lens'. Entity 2: 'FUJIFILM XF 8-16mm f/2.8 R LM WR Lens'.,No
"Do the two product descriptions refer to the same real-world product? Entity 1: 'RAM Motorcycle Combination Base for Handlebar or Brake/Clutch Reservoir with 1\"" ...'. Entity 2: '128GB Pendrive SanDisk Extreme PRO SSD USB 3.1 420MB/s'.",No
"Do the two product descriptions refer to the same real-world product? Entity 1: 'SHIMANO PD-R7000, 105, SPD-SL PEDAL.'. Entity 2: 'Evans 8\"" TT08EC2S Clear Drum Head'.",No
Do the two product descriptions refer to the same real-world product? Entity 1: 'New York Yankees New Era Navy League 9FORTY Adjustable Hat - Men - Navy Blue'. Entity 2: 'Sigma ART 50mm f/1.4 DG HSM Lens for Nikon'.,No
Do the two product descriptions refer to the same real-world product? Entity 1: 'SANDISK EXTREME PRO SDXC 256GB 170MB/S C10 U3'. Entity 2: '128GB Pendrive SanDisk Extreme PRO SSD USB 3.1 420MB/s'.,No
Do the two product descriptions refer to the same real-world product? Entity 1: 'Epson Seahorse Multipack 6-kleur T0487'. Entity 2: 'Shimano - CLEATS SH-10 FIXED RED'.,No
Do the two product descriptions refer to the same real-world product? Entity 1: 'PH-GTX1660S-O6G 6 GB Geforce GTX 1660 Super Overclocked Phoenix Fan Edition Hdmi DP Dvi Graphics Card'. Entity 2: 'Samsung 1TB SSD 970 EVO NVMe M.2'.,No
"Do the two product descriptions refer to the same real-world product? Entity 1: 'Ilford FP4 Plus 125 120'. Entity 2: 'Intel Core i3-8300 (Coffee Lake) 3.7 GHz, LGA1151, Intel UHD 630, 8MB, 14nm, 62W, Box'.",No
Do the two product descriptions refer to the same real-world product? Entity 1: 'Obiectiv foto CANON EF-S 10-18mm f/4.5-5.6 IS STM'. Entity 2: 'Canon EF-S 55-250mm f/4-5.6 IS STM'.,No
Do the two product descriptions refer to the same real-world product? Entity 1: 'HP 900GB 6G SAS 10K 900 SAS 16 MB Cache 2.5-Inch Internal Bare or OEM Drives 619291-B21'. Entity 2: 'Canon EF-M 18-150mm f/3.5-6.3 IS STM (Black)'.,No
Do the two product descriptions refer to the same real-world product? Entity 1: 'Sony FE 70-200mm f/4 OSS Lens'. Entity 2: 'Sony SEL24240 FE 24-240mm f/3.5-6.3 OSS Zoom Lens for Mirrorless Cameras'.,No
Do the two product descriptions refer to the same real-world product? Entity 1: 'Corsair Vengeance LPX 16GB DDR4 2400MHz(CMK16GX4M1A2400C14)'. Entity 2: 'TP-Link TL-WN725N Nano Wireless USB Adapter'.,No
Do the two product descriptions refer to the same real-world product? Entity 1: 'Manfrotto MVK500AM Fluid Video System'. Entity 2: 'Manfrotto MVK500AM Fluid Video Head With Lightweight Telescopic Legs'.,Yes
"Do the two product descriptions refer to the same real-world product? Entity 1: 'RAM Mount 3.5\"" Twist Lock Suction Cup Base with 1\"" Ball'. Entity 2: 'RAM Twist-Lock Dual Suction Cup Base / RAM-B-189BU'.",No
"Do the two product descriptions refer to the same real-world product? Entity 1: 'SDS2/32GB, 32GB SDHC Canvas Select Plus 100R C10 UHS-I U1 V10'. Entity 2: 'Kingston Canvas Select (32GB) MicroSD Card Class 10 UHS-1 U1 with Adaptor'.",No
Do the two product descriptions refer to the same real-world product? Entity 1: 'Apple AirPods with Wireless Charging Case (2nd Generation) - White'. Entity 2: 'SanDisk SD Extreme V30 U3 UHS-I C10 - 128GB'.,No
"Do the two product descriptions refer to the same real-world product? Entity 1: 'Corsair DDR4 Vengeance LPX 16GB/2133(2*8GB) CL13-15-15-28 1,20V XMP2.0'. Entity 2: 'Cooler master ventola master liquid ML120R rgb lga 775>2066 amd AM2>FM1'.",No
Do the two product descriptions refer to the same real-world product? Entity 1: 'Caixa Cooler_Master Caixa para PC NSE-300-KKN1'. Entity 2: 'Epson Strawberry 29 (Prentar 175 síður) Claria Home blekhylki (blátt)'.,No
Do the two product descriptions refer to the same real-world product? Entity 1: 'Western Digital My Book Micro-USB B 3.0 (3.1 Gen 1) 3000GB N'. Entity 2: 'Western Digital My Book 3 To - Noir'.,Yes
Do the two product descriptions refer to the same real-world product? Entity 1: 'WD 1TB My Passport Portable Hard Drive'. Entity 2: 'Western Digital WD My Passport Portable HDD 4TB Black'.,No
Do the two product descriptions refer to the same real-world product? Entity 1: 'Brother HL-L5200DW S/W- Laserdrucker'. Entity 2: 'Brother HL-L5200DW Laser Printer'.,Yes
Do the two product descriptions refer to the same real-world product? Entity 1: 'Sony E-Mount FE 20mm f/1.8 Ultra Wide Angle G Lens'. Entity 2: 'Sony Alpha SEL50F18F FE 50mm f/1.8'.,No
Do the two product descriptions refer to the same real-world product? Entity 1: 'Apple AirPods with Wired Charging Case (2nd Generation)'. Entity 2: 'Apple AirPods with Wireless Charging Case (2nd Generation) - White'.,No
Do the two product descriptions refer to the same real-world product? Entity 1: 'Xerox Phaser 6000/6010 Black Toner'. Entity 2: 'Xerox Toner 106R01634 black Phaser 6000 2000str.'.,Yes
Do the two product descriptions refer to the same real-world product? Entity 1: 'Sony E 30mm f/3.5 Macro Lens'. Entity 2: 'Sony SEL24240 FE 24-240mm f/3.5-6.3 OSS Zoom Lens for Mirrorless Cameras'.,No
"Do the two product descriptions refer to the same real-world product? Entity 1: 'HD 3,5 4TB 7200RPM IRONWOLF PRO 128 MB SATA3 SEAGATE'. Entity 2: 'Jabra BIZ 2300 USB MS Mono - headset'.",No
Do the two product descriptions refer to the same real-world product? Entity 1: 'Oakley Jawbreaker 31 Mm Matte Black Sunglasses'. Entity 2: 'Oakley Jawbreaker MTB Solglsasögon Matte Black w/ Prizm Road'.,Yes
"Do the two product descriptions refer to the same real-world product? Entity 1: '3M - PF230W9F EYE PROTECTION FILTER DESKTOPS FRAME STANDARD 23.0 ACCS'. Entity 2: '16GB Vengeance LPX DDR4 2400MHz, CL14, Black, DIMM Memory'.",No
"Do the two product descriptions refer to the same real-world product? Entity 1: 'Epson S050189 Cyan, High Capacity Toner Cartridge'. Entity 2: 'Laser Toner Cartridge compatible with Samsung MLT-D103L/ELS High Capacity'.",No
Do the two product descriptions refer to the same real-world product? Entity 1: 'Fujifilm Instax mini Rainbow film 10 pack'. Entity 2: 'Canon PFI 107C Ink Cartridge Cyan'.,No
Do the two product descriptions refer to the same real-world product? Entity 1: 'Dron DJI Mavic 2 Pro'. Entity 2: 'DJI Mavic 2 Car Charger'.,No
Do the two product descriptions refer to the same real-world product? Entity 1: 'HPE 300GB 6G SAS 10K rpm SFF (2.5-inch) SC Enterprise 3yr Warranty HDD'. Entity 2: 'HPE 300GB SERVER SMART MEMORY 6G 15K SAS 2.5 652611-B21'.,No
Do the two product descriptions refer to the same real-world product? Entity 1: 'Kingston Technology DataTraveler microDuo 3C 128GB USB flash drive USB Type-A / USB Type-C 3.0 (3.1 Gen 1) Silver'. Entity 2: 'Kingston 16GB DataTraveler microDuo USB 3.0 OTG Flash Drive'.,No
Do the two product descriptions refer to the same real-world product? Entity 1: 'Cheap Replica Audemars Piguet Royal Oak Chronograph White Dail Watch 26331ST.OO.1220ST.03'. Entity 2: 'Hikvision MP Outdoor IR DS-2DE5225IW-AE'.,No
Do the two product descriptions refer to the same real-world product? Entity 1: 'Sigma Sigma 35mm F1.4 ART DG HSM - Nikon AF mount'. Entity 2: 'ASUS TUF Gaming TUF 3-RX5700XT-O8G-GAMING Radeon RX 5700 XT 8 GB GDDR6'.,No
Do the two product descriptions refer to the same real-world product? Entity 1: 'Full Frame E-Mount FE 24-240mm F3.5-6.3 OSS Lens'. Entity 2: 'Sony SEL24240 FE 24-240mm f/3.5-6.3 OSS Zoom Lens for Mirrorless Cameras'.,Yes
Do the two product descriptions refer to the same real-world product? Entity 1: 'Shimano Cassette Ultegra R8000 11 Speed 11-28T'. Entity 2: 'Shimano Shimano Cs-R8000 Cassette 11-28t Ultegra 11-Speed'.,Yes
Do the two product descriptions refer to the same real-world product? Entity 1: 'TISSOT T091.420.46.051.01 T-TOUCH Expert Solar'. Entity 2: 'Tissot T-Touch Expert Solar Men's Watch - T0914204605101'.,Yes
Do the two product descriptions refer to the same real-world product? Entity 1: 'Shimano BR-M9000 J04C Metal Finned Disc Pad'. Entity 2: 'Hikvision MP Outdoor IR DS-2DE5225IW-AE'.,No
Do the two product descriptions refer to the same real-world product? Entity 1: 'Elixir E16052 Nanoweb Phosphor Bronze Acoustic Guitar Strings Light Gauge 12-53'. Entity 2: 'APPLE - Apple AirPods 2 with Wireless Charging Case MRXJ2ZM/A - White'.,No
"Do the two product descriptions refer to the same real-world product? Entity 1: 'Crucial 2TB MX500 2.5"" 7mm SATA 6Gb/s SSD'. Entity 2: 'Seagate 2TB FireCuda 3.5"" SATA 6Gb/s SSHD'.",No
Do the two product descriptions refer to the same real-world product? Entity 1: 'SANDISK EXTREME PRO SDXC 256GB 170MB/S C10 U3'. Entity 2: 'SanDisk SD Extreme V30 U3 UHS-I C10 - 128GB'.,No
Do the two product descriptions refer to the same real-world product? Entity 1: 'WD 1TB My Passport Portable Hard Drive'. Entity 2: 'WD My Passport - 1 TB'.,Yes
Do the two product descriptions refer to the same real-world product? Entity 1: 'Blaze 4 Burner LTE Grill Built-In Natural Gas Grill with Lights'. Entity 2: 'Blaze 32 Inch 4-Burner LTE Gas Grill With Rear Burner and Built-in Lighting System - BLZ-4LTE2-NG/LP'.,Yes
"Do the two product descriptions refer to the same real-world product? Entity 1: 'OBUDOWA COOLER MASTER MASTERCASE H500M MIDI TOWER Z OKNEM BEZ PSU WENTYLATOR LED ARGB'. Entity 2: 'Cooler Master MasterCase H500 IRON GREY ATX Mid-Tower, Tempered Glass Panel, two 200mm RGB fans with Controller and Case Handle for Transport'.",Yes
Do the two product descriptions refer to the same real-world product? Entity 1: 'RAM Double Socket Clamp Arm SHORT'. Entity 2: 'TP-LINK EAP110 Access point - Wit'.,No
Do the two product descriptions refer to the same real-world product? Entity 1: 'BenQ SW271 Pro 27in IPS LCD Monitor 4K UHD'. Entity 2: 'Monitor 27 SW271 LED 5ms/QHD/IPS/HDMI/DP/USB'.,Yes
Do the two product descriptions refer to the same real-world product? Entity 1: 'Kingston DataTraveler microDuo 128GB USB 3.0'. Entity 2: 'OKI 44992402 Style Black Compatible Toner'.,No
Do the two product descriptions refer to the same real-world product? Entity 1: 'Atomos Coiled Full HDMI to Full HDMI Cable (30cm) - ATOMCAB010'. Entity 2: 'EPSON Ink bar WF-8xxx Series Ink Cartridge XL Yellow - 4000str. (39 ml)'.,No
"Do the two product descriptions refer to the same real-world product? Entity 1: 'Placa video Gigabyte Radeon RX 5500 XT OC 8GB GDDR6, 128-bit'. Entity 2: 'Gigabyte Radeon RX 5500 XT OC 4GB GDDR6'.",No
"Do the two product descriptions refer to the same real-world product? Entity 1: 'Garmin fenix5S Sapphire Black Optic, Black band'. Entity 2: 'Ceas Garmin Garmin fenix5S Plus Silver, Black Band'.",No
Do the two product descriptions refer to the same real-world product? Entity 1: 'Cartus compatibil Samsung CLT-K406S'. Entity 2: 'ASUS Prime X570-P ATX Motherboard - Socket AM4 - AMD X570 - USB 3.2 Gen 3'.,No
"Do the two product descriptions refer to the same real-world product? Entity 1: 'Apple AirPods Pro, Kopfhrer - EU'. Entity 2: 'D'Addario XT Acoustic Phosphor Bronze Medium Guitar Strings 13-56'.",No
Do the two product descriptions refer to the same real-world product? Entity 1: 'Fujifilm XF 8-16mm F2.8 R LM WR Lens'. Entity 2: 'Fujifilm XF 80mm f2.8 R LM WR Macro Lens'.,No
Do the two product descriptions refer to the same real-world product? Entity 1: 'Jabra EVOLVE 65 UC Mono Bluetooth Headset'. Entity 2: 'Jabra EVOLVE 65 UC Mono (6593-829-409)'.,Yes
Do the two product descriptions refer to the same real-world product? Entity 1: 'Epson T7551 XL Black High Yield Ink Cartridge C13T755140 / T7551 EP53959'. Entity 2: 'Epson T7551 (Prentar 5000 síður) XL svart blekhylki (100ml) fyrir WorkForce WF-8XXX prentara'.,Yes
"Do the two product descriptions refer to the same real-world product? Entity 1: 'Canon PFI-101C Ink, 130 ml - Cyan'. Entity 2: 'WD HDD 4TB My Passport Black'.",No
Do the two product descriptions refer to the same real-world product? Entity 1: 'Epson oryginalny tusz T2982 29 cyan'. Entity 2: 'Epson Strawberry 29 (Prentar 175 síður) Claria Home blekhylki (blátt)'.,Yes
"Do the two product descriptions refer to the same real-world product? Entity 1: 'Jabra BIZ 2400 II Duo - Mic. 82 NC, Wideband'. Entity 2: 'Kingston Canvas Select Plus 128GB microSD - With Adaptor'.",No
Do the two product descriptions refer to the same real-world product? Entity 1: 'XPG SX8200 Pro M.2 256 GB PCI Express 3.0 3D TLC NVMe'. Entity 2: 'EPSON Ink bar WF-8xxx Series Ink Cartridge XL Yellow - 4000str. (39 ml)'.,No
Do the two product descriptions refer to the same real-world product? Entity 1: 'Sandisk Extreme Pro 64GB CFast 2.0'. Entity 2: 'Carbide Series 275R Tempered Glass Mid-Tower Gaming CaseWhite'.,No
"Do the two product descriptions refer to the same real-world product? Entity 1: 'Pokémon TCG: Sword & Shield-Rebel Clash 3 Booster Packs, Coin & Rayquaza Promo Card'. Entity 2: 'PKM - Pokémon - Sword & Shield - Rebel Clash Booster'.",No
"Do the two product descriptions refer to the same real-world product? Entity 1: 'Monitor 27 SW271 LED 5ms/QHD/IPS/HDMI/DP/USB'. Entity 2: 'MONITOR SAMSUNG C27F390 27\"" 1920x1080 4MS USB HDMI CURVO NEGRO'.",No
Do the two product descriptions refer to the same real-world product? Entity 1: 'DVR Hikvision TurboHD 4 canale DS-7204HQHI-K1'. Entity 2: 'DS-7216HQHI-K1 Hikvision 16 cs. TurboHD DVR'.,No
Do the two product descriptions refer to the same real-world product? Entity 1: 'Ubiquiti UniFi Video Camera G3 FLEX 3-Pack UVC-G3-FLEX-3 Ubiquiti'. Entity 2: 'Ubiquiti UniFi G3 Bullet Video Camera'.,No
"Do the two product descriptions refer to the same real-world product? Entity 1: '8TB - Seagate Enterprise Ironwolf Pro SATA - ST8000NE001'. Entity 2: '3M - Privacy Filter 23.0\""\"" Framed'.",No
"Do the two product descriptions refer to the same real-world product? Entity 1: 'Corsair Carbide SPEC-OMEGA RGB Black ATX Cube Case, Tempered Glass Window, No PSU, 2x USB 3.0, HD Audio, 2x HD120 RGB Fan / Lighting Node PRO pre-installed'. Entity 2: 'Corsair Carbide 175R RGB Black Mid Tower ATX Case, Tempered Glass Side Window, No PSU, 2x USB 3.0, HD Audio, 1x 120mm Fan included'.",No
Do the two product descriptions refer to the same real-world product? Entity 1: 'Samsung MLT-D103L must toonerikassett'. Entity 2: 'Laser Toner Cartridge compatible with Samsung MLT-D103L/ELS High Capacity'.,Yes
"Do the two product descriptions refer to the same real-world product? Entity 1: '3M - Privacy Filter 23.0\""\"" Framed'. Entity 2: 'Fujinon Lens XF 23mm F1.4 R'.",No
Do the two product descriptions refer to the same real-world product? Entity 1: 'Intel Core i3 8300 Quad Core 3.7GHz Processor'. Entity 2: 'Intel Core i3-7100 Dual-Core 3.9GHz LGA1151 (BX80677I37100)'.,No
Do the two product descriptions refer to the same real-world product? Entity 1: 'Jabra BIZ 2300 Mono USB MS Lync Headset'. Entity 2: 'Jabra BIZ 2300 USB MS Mono - headset'.,Yes
Do the two product descriptions refer to the same real-world product? Entity 1: 'WEBCAM LOGITECH C270 HD 720P'. Entity 2: 'Canon EF-S 55-250 f4-5.6 IS STM'.,No
Do the two product descriptions refer to the same real-world product? Entity 1: 'HyperX 8GB (2x4GB) 1600MHz CL10 Fury Blue'. Entity 2: 'Jabra EVOLVE 65 UC Mono (6593-829-409)'.,No
"Do the two product descriptions refer to the same real-world product? Entity 1: 'Evolis RCT023NAA Black Monochrome Ribbon'. Entity 2: 'LaCie Mobile Drive 2,5"" 5 TB Moon Silver USB 3.1 Gen 2'.",No
"Do the two product descriptions refer to the same real-world product? Entity 1: '014 Traveler's Notebook Regular- Refill - Kraft Paper Notebook'. Entity 2: '16GB Vengeance LPX DDR4 2400MHz, CL14, Black, DIMM Memory'.",No
"Do the two product descriptions refer to the same real-world product? Entity 1: 'Nobreak APC Smart-UPS SURT 20kVA/16kW, 230V'. Entity 2: 'APC Smart-UPS RT 20kVA RM 230V - SURT20KRMXLI'.",Yes
Do the two product descriptions refer to the same real-world product? Entity 1: 'Shimano BR-M9000 J04C Metal Finned Disc Pad'. Entity 2: 'Toner Brother original amarillo TN135Y'.,No
Do the two product descriptions refer to the same real-world product? Entity 1: 'Seastar 1000 Powermatic 80 - T120.407.11.051.00'. Entity 2: 'Tissot Seastar 1000 Powermatic 80 T120.407.11.041.01'.,No
"Do the two product descriptions refer to the same real-world product? Entity 1: 'TP-LINK EAP110 Access point - Wit'. Entity 2: '3M - Lightweight 300 Privacy Filter PF322WSkjermfilter mot innsyn, m/ramme 20\""-23\""W (30,7 x 48,5)'.",No
"Do the two product descriptions refer to the same real-world product? Entity 1: 'Jabra BIZ2300 2399-823-109 DUO USB Headset MS'. Entity 2: 'RAM Torque 28mm-38mm Handlebar & Rail Base 1.5\"" Ball'.",No
Do the two product descriptions refer to the same real-world product? Entity 1: 'Elixir 12-String Light 80/20 Bronze Nanoweb Acoustic'. Entity 2: 'SRAM AM BRAKE PAD GUIDE/TRL STLSIN 1 SET'.,No
Do the two product descriptions refer to the same real-world product? Entity 1: 'Samsung T7 Portable SSD [2TB] (Indigo Blue)'. Entity 2: 'Canon Ink Jet Cartridge PGI-72 PBK/GY/PM/PC/CO Multipack 40433'.,No
Do the two product descriptions refer to the same real-world product? Entity 1: 'Dymo 53713 Black On White - 24mm'. Entity 2: 'Dymo 40913 Black On White - 9mm'.,No
Do the two product descriptions refer to the same real-world product? Entity 1: 'Switch D-Link - Web smart - switch - 24 porte - gestito dgs-1210-24'. Entity 2: 'OKI 44992402 Style Black Compatible Toner'.,No
"Do the two product descriptions refer to the same real-world product? Entity 1: 'Maxxis Maxxis, High Roller II, Tire, 29''x2.30, Folding, Tubeless Ready, Dual, EXO, 60TPI, Black'. Entity 2: 'Maxxis Maxxis, High Roller II, Tire, 27.5''x2.30, Folding, Tubeless Ready, Dual, EXO, 60TPI, Black'.",No
Do the two product descriptions refer to the same real-world product? Entity 1: 'Gigabyte NVIDIA GeForce GTX 1650 4GB D6 OC Turing Graphics Card'. Entity 2: '507125-B21 HP 146-GB 6G 10K 2.5 DP SAS HDD'.,No
"Do the two product descriptions refer to the same real-world product? Entity 1: 'Samsung 50\"" 4K UHD HDR QLED Smart TV (QN50Q60TAFXZC)'. Entity 2: 'Tissot Seastar 1000 Powermatic 80 Silicium'.",No
Do the two product descriptions refer to the same real-world product? Entity 1: 'AAA Replica Audemars Piguet Royal Oak Offshore Chronograph Watch 26470OR.OO.1000OR.02'. Entity 2: 'Cheap Replica Audemars Piguet Royal Oak Offshore Chronograph Watch 26470OR.OO.A125CR.01'.,No
Do the two product descriptions refer to the same real-world product? Entity 1: 'Ubiquiti UniFi AP AC Mesh PRO 802.11ac Dual Radio Indoor/Outdoor access point - 1750Mbps 5 pack no PoE'. Entity 2: 'Ubiquiti UniFi Mesh AP OUT AC1750 5 PACK'.,Yes
"Do the two product descriptions refer to the same real-world product? Entity 1: 'Corsair 8GB (1x8GB) 2666MHz CL16 Vengeance LPX Black'. Entity 2: 'Western Digital Blue PC SSD 2.5\"" 7mm 250GB'.",No
Do the two product descriptions refer to the same real-world product? Entity 1: 'Manfrotto MHXPRO-2W 2-Way Head'. Entity 2: 'Manfrotto XPRO Fluid Tripod Head with Fluidity Selector'.,Yes
Do the two product descriptions refer to the same real-world product? Entity 1: 'Cooler master ventola master liquid ML120R rgb lga 775>2066 amd AM2>FM1'. Entity 2: 'Cooler Master MasterLiquid ML120L V2 RGB All In One Liquid CPU Cooler'.,No
"Do the two product descriptions refer to the same real-world product? Entity 1: 'RAM Double Socket Arm MC201C LONG'. Entity 2: 'Canon PG-545 Black Original Ink Cartridge, E Zezë'.",No
Do the two product descriptions refer to the same real-world product? Entity 1: 'Zebra TrueColours ix Series Monochrome - 1 - black - print ribbon'. Entity 2: 'Shimano Shimano Cs-R9100 Cassette 11-25 Dura-Ace 11-Speed'.,No
"Do the two product descriptions refer to the same real-world product? Entity 1: 'Gigabyte AORUS GeForce RTX™ 2080 Ti XTREME 11G'. Entity 2: 'EPSON (T1285) Multipack róka (T1281,T1282,T1283,T1284) C13T12854010'.",No
Do the two product descriptions refer to the same real-world product? Entity 1: 'Corsair iCue 465X RGB White'. Entity 2: 'Fujifilm INSTAX Mini Monochrome Instant Film (10 Exposures)'.,No
Do the two product descriptions refer to the same real-world product? Entity 1: 'Shimano PD-R550 SPD-SL Resin Pedal'. Entity 2: 'Asus Radeon Dual Evo RX5500 XT 8gb Gddr6 Version OC'.,No
Do the two product descriptions refer to the same real-world product? Entity 1: 'ASUS GeForce RTX 2080 SUPER 8GB DUAL OC EVO'. Entity 2: 'Asus Radeon Dual Evo RX5500 XT 8gb Gddr6 Version OC'.,No
"Do the two product descriptions refer to the same real-world product? Entity 1: 'RAM Long Length Double Socket Arm for 1.5\"" Balls'. Entity 2: 'UNPKG RAM DBL SOCKET ARM B BALL C LENGTH'.",No
"Do the two product descriptions refer to the same real-world product? Entity 1: 'Crucial BX500 2.5\"" 480 GB Serial ATA III'. Entity 2: 'Kingston Technology A400 2.5 \""240 GB Serial ATA III TLC'.",No
"Do the two product descriptions refer to the same real-world product? Entity 1: 'Corsair ML140 PRO RGB LED 140MM PWM Premium Magnetic Levitation Fan - Single Pack'. Entity 2: 'Corsair ML140 Pro 14cm PWM RGB Case Fan, Magnetic Levitation Bearing'.",Yes
Do the two product descriptions refer to the same real-world product? Entity 1: 'Memoire DDR4 G.Skill Trident Z F4-3600C16D-16GTZNC'. Entity 2: 'Kingston Technology ValueRAM 4GB DDR3-1600 4GB DDR3 1600MHz memoria'.,No
"Do the two product descriptions refer to the same real-world product? Entity 1: 'Evans EMAD2 Clear Bass Drum Head, 22 Inch'. Entity 2: 'RAM Mount Base UBolt Mount - Requires RAM Cradle [RAM-B-149ZU]'.",No
"Do the two product descriptions refer to the same real-world product? Entity 1: 'RAM® 3\"" Double Ball Arm for 1.5\"" Ball'. Entity 2: 'RAM® Composite Double Socket Arm'.",No
"Do the two product descriptions refer to the same real-world product? Entity 1: 'Sram Force22 PG-1170, 11sp cassette'. Entity 2: 'Canon EF-S 10-18/4.5-5.6 IS STM'.",No
"Do the two product descriptions refer to the same real-world product? Entity 1: 'Fujifilm Fujinon XF 27mm f/2.8 black | 2 Years Warranty'. Entity 2: 'Crucial 2TB MX500 2.5"" 7mm SATA 6Gb/s SSD'.",No
Do the two product descriptions refer to the same real-world product? Entity 1: 'Asus ROG Strix X570-F Gaming ATX - motherboard'. Entity 2: 'Razer Viper Mini Ultra-Lightweight USB RGB Optical Gaming Mouse (RZ01-03250100-R3M1)'.,No
Do the two product descriptions refer to the same real-world product? Entity 1: 'LACIE 2TB 2.5 MOBILE PORTABLE USB 3.0 MOON SILVER'. Entity 2: 'Manfrotto XPRO Fluid Tripod Head with Fluidity Selector'.,No
Do the two product descriptions refer to the same real-world product? Entity 1: 'Logitech G G402 Hyperion Fury Oyuncu Mouse 910-004068'. Entity 2: 'Jabra BIZ 2300 Mono USB MS Lync Headset'.,No
Do the two product descriptions refer to the same real-world product? Entity 1: 'Dron DJI Mavic 2 Pro'. Entity 2: 'DJI DJI | Mavic Mini Drone Fly More Combo'.,No
"Do the two product descriptions refer to the same real-world product? Entity 1: 'Processador Amd Am4 Ryzen R5-2400g 3.9ghz 6mb'. Entity 2: 'YD260XBCAFBOX - AMD AM4 Ryzen 5 2600X, 6x 3.60GHz, boxed'.",No
Do the two product descriptions refer to the same real-world product? Entity 1: 'Epson Blekk Svart T7031 L - WP4000/4500'. Entity 2: 'Epson T7891 Black Cart - Compatible'.,No
"Do the two product descriptions refer to the same real-world product? Entity 1: '3M - PF19 PRIVACY FILTER BLACK FOR 19,0IN / 48,3 CM / 5:4IN ACCS'. Entity 2: '3M - Privacy filter PF19 |30.2 cm x 37.7 cm|'.",Yes
Do the two product descriptions refer to the same real-world product? Entity 1: 'Jabra BIZ 2300 USB UC Duo'. Entity 2: 'Jabra BIZ 2300 USB MS Duo'.,No
Do the two product descriptions refer to the same real-world product? Entity 1: 'Asus GTX1660S 6GB Dual EVO'. Entity 2: 'Gigabyte GeForce GTX 1650 Super OC'.,No
Do the two product descriptions refer to the same real-world product? Entity 1: 'HPE 300GB 6G SAS 10K rpm SFF (2.5-inch) SC Enterprise 3yr Warranty HDD'. Entity 2: 'TP-Link T1700G-28TQ JetStream 24-Port Gigabit Stackable Smart Switch with 4 10GE SFP+ Slots'.,No
Do the two product descriptions refer to the same real-world product? Entity 1: 'Pre-Owned Audemars Piguet Royal Oak Chronograph 26331ST.OO.1220ST.03'. Entity 2: 'Audemars Piguet-Audemars Piguet Royal Oak Chronograph 41mm Mens Watch-26331ST.OO.1220ST.02'.,No
Do the two product descriptions refer to the same real-world product? Entity 1: 'Samsung Portable SSD T7 Touch 1TB - Zilver'. Entity 2: 'Samsung T7 Touch Black 1TB Portable SSD with Fingerprint ID'.,No
Do the two product descriptions refer to the same real-world product? Entity 1: 'Epson WP4000/4500 Inkjet Cartridge High Yield Magenta. (Eiffel Tower) OEM: C13T70234010 EP48715'. Entity 2: 'Shimano CN-HG95 116 links chain'.,No
Do the two product descriptions refer to the same real-world product? Entity 1: 'Seagate LaCie 4TB 2.5' USB 3 to USB-C Diamond Cut External HDD. STHG4000400. 2 Years Warranty'. Entity 2: 'LaCie 4TB Rugged Thunderbolt / USB-C Mobile HDD'.,No
Do the two product descriptions refer to the same real-world product? Entity 1: 'SRAM PG-1170 11-Speed Cassette (11-25T)'. Entity 2: '2012 SRAM Red XG-1090 10-Speed X-Dome 11-23 Cassette'.,No
Do the two product descriptions refer to the same real-world product? Entity 1: 'Dymo 53718 Black On Yellow - 24mm'. Entity 2: 'GENUINE Dymo 24mm x 7m Black on Yellow Label Tape Roll SD53718'.,Yes
Do the two product descriptions refer to the same real-world product? Entity 1: 'BenQ SW271 Pro 27in IPS LCD Monitor 4K UHD'. Entity 2: '128GB Pendrive SanDisk Extreme PRO SSD USB 3.1 420MB/s'.,No
Do the two product descriptions refer to the same real-world product? Entity 1: 'Cooler Master N300 Mesh ATX Case Black NSE-300-KKN1 | PCByte'. Entity 2: 'Epson Ink Cartridge - Matte Black 700ml'.,No
Do the two product descriptions refer to the same real-world product? Entity 1: '64GB SanDisk Extreme micro SD XC Memory Card V-Class 30 U3 4K Video A1 100MB/s'. Entity 2: 'DS-7216HQHI-K1 Hikvision 16 cs. TurboHD DVR'.,No
"Do the two product descriptions refer to the same real-world product? Entity 1: 'SanDisk 480GB SSD Plus int 2.5\"" SATA3 SSD (SDSSDA-480G-G26) (Local Warranty with 3years with Local Distributor)'. Entity 2: 'SanDisk PLUS SSD Hard Drive 2.5´´ internal, 480 GB, SATA, Black'.",Yes
Do the two product descriptions refer to the same real-world product? Entity 1: 'Cooler Master MasterLiquid ML120L V2 RGB Universal Socket 120mm PWM 1800RPM RGB LED AiO Liquid CPU Cooler'. Entity 2: 'Cooler Master MasterLiquid ML120L V2 RGB All In One Liquid CPU Cooler'.,Yes
Do the two product descriptions refer to the same real-world product? Entity 1: 'Epson Premium Glossy Photo Paper 13x18cm'. Entity 2: 'EPSON Premium Glossy Photo Paper A4/30ks'.,No
Do the two product descriptions refer to the same real-world product? Entity 1: 'Obudowa Corsair Crystal 680X RGB High Airflow TG White (CC-9011169-WW)'. Entity 2: 'Western digital wd blue - hdd - 2 tb - interno - 3.5 - sata 6Gb/s - 5400 rpm - buffer: 64 mb'.,No
Do the two product descriptions refer to the same real-world product? Entity 1: 'Corsair 8GB (1x8GB) 3000MHz CL16 Vengeance LPX Black'. Entity 2: 'CORSAIR 8Gbx1 DDR4 3000Mhz Ram CMK8GX4M1D3000C16 VENGEANCE LPX Gaming RAM'.,Yes
"Do the two product descriptions refer to the same real-world product? Entity 1: 'Maxxis High Roller II MaxxTerra Tire (WT) (3C/EXO/TR) (27.5 x 2.40) (Folding)'. Entity 2: 'Maxxis Maxxis High Roller II Tire: 27.5 x 2.50\"", Folding, 60tpi, 3C MaxxTerra, EXO, Tubeless Ready, Wide Trail, Black'.",No
"Do the two product descriptions refer to the same real-world product? Entity 1: 'Razer DeathAdder V2 Ergonomic Wired Gaming Mouse (RZ01-03210100-R3M1) (Warranty 2years with Ban Leong)'. Entity 2: 'EPSON S042091 premium glossy photo paper 255g/m², A2/25vel'.",No
Do the two product descriptions refer to the same real-world product? Entity 1: 'Brother HL-L6300DW Business Laser Printer for Mid-Size Workgroups -HL-L6300DW'. Entity 2: 'Impresora brother laser monocromo hl - l6300dw a4'.,Yes
"Do the two product descriptions refer to the same real-world product? Entity 1: 'MONITOR SAMSUNG C27F390 27\"" 1920x1080 4MS USB HDMI CURVO NEGRO'. Entity 2: 'Samsung C27F390FHU - Full HD Curved Monitor'.",Yes
Do the two product descriptions refer to the same real-world product? Entity 1: 'TP-Link EAP110 Auranet Access Point 300Mps'. Entity 2: 'Access Point TP-Link 450MBPS TL-WA901ND Wireless'.,No
Do the two product descriptions refer to the same real-world product? Entity 1: 'Cooler Master MasterLiquid ML120L V2 RGB All In One Liquid CPU Cooler'. Entity 2: 'Cooler Master MasterLiquid ML120R ARGB AIO Cooler'.,No
"Do the two product descriptions refer to the same real-world product? Entity 1: 'Ram Mout Triple Ball Adapter'. Entity 2: 'RAM Triple 1\"" Ball Adapter - RAM-B-289U'.",Yes
Do the two product descriptions refer to the same real-world product? Entity 1: 'ZOTAC GeForce RTX 2060 SUPER AMP! 8GB 256Bit GDDR6'. Entity 2: 'Gigabyte Nvidia RTX 2060 SUPER Aorus OC 8Gb GDDR6'.,No
"Do the two product descriptions refer to the same real-world product? Entity 1: 'Sigma 35mm F1.4 DG Art HSM EOS Mount Lens'. Entity 2: 'TP-Link TL-SG1024DE 24-Port Gigabit Easy Smart Switch, 24 10/100/1000Mbps RJ45 ports,MTU/Port/Tag-based VLAN, QoS, IGMP Snooping'.",No
"Do the two product descriptions refer to the same real-world product? Entity 1: 'Kingston Technology A400 2.5 \""240 GB Serial ATA III TLC'. Entity 2: 'RAM Mounts short arm for 1\"" ball'.",No
"Do the two product descriptions refer to the same real-world product? Entity 1: 'Samsung CLT-K406S Black Original Standard Yield Toner Cartridge'. Entity 2: 'Evans EC2 Clear Drum Head, 14 Inch'.",No
Do the two product descriptions refer to the same real-world product? Entity 1: 'Asus PRIME B450-PLUS AM4 DDR4 ATX Motherboard'. Entity 2: 'ASUS Prime X570-P ATX Motherboard - Socket AM4 - AMD X570 - USB 3.2 Gen 3'.,No
Do the two product descriptions refer to the same real-world product? Entity 1: '(C13T693500) EPSONSCT3000 UltraChrome XD Matte Black'. Entity 2: 'Epson Singlepack UltraChrome XD MagentaT692300(110ml)'.,No
Do the two product descriptions refer to the same real-world product? Entity 1: '2222 HYBRID SLINKY 9/46 Ernie Ball'. Entity 2: 'Canon EF-M 18-150mm f/3.5-6.3 IS STM (Black)'.,No
Do the two product descriptions refer to the same real-world product? Entity 1: 'Crucial BX500 480GB SSD Micron 3D NAND SATA III 6Gb/s 2.5 Internal Solid State Drive'. Entity 2: 'HK DVR TURBOHD 8ch DS-7208HQHI-K2/P'.,No
Do the two product descriptions refer to the same real-world product? Entity 1: 'Daniel Wellington Horloge Classic Sheffield Rose DW00100036'. Entity 2: 'Daniel Wellington Classic Sheffield Rose 40mm -rannekello DW00100007'.,No
Do the two product descriptions refer to the same real-world product? Entity 1: 'WD BLUE 1TB SN550 NVME M.2 2280 SSD (WDS100T2B0C)'. Entity 2: 'Tissot Seastar 1000 Powermatic 80 Silicium'.,No
Do the two product descriptions refer to the same real-world product? Entity 1: 'APC APCrbc110 Replacement Battery Cartridge #110'. Entity 2: 'APC (APCRBC110) REPLACEMENT BATTERY CATRIDGE #110'.,Yes
Do the two product descriptions refer to the same real-world product? Entity 1: 'HDD 35 4TB Seagate IronWolf Pro NAS ST4000NE001'. Entity 2: 'Logitech HD Pro Webcam C920 - webkamera'.,No
Do the two product descriptions refer to the same real-world product? Entity 1: 'D-Link Switch 24 Puertos- Red'. Entity 2: 'Switch D-Link - Web smart - switch - 24 porte - gestito dgs-1210-24'.,No
Do the two product descriptions refer to the same real-world product? Entity 1: 'Lexmark Toner Sort 3.5k - E360/E460 Return'. Entity 2: 'Elixir E16052 Nanoweb Phosphor Bronze Acoustic Guitar Strings Light Gauge 12-53'.,No
"Do the two product descriptions refer to the same real-world product? Entity 1: 'Blaze Grill Cart for 40\"" Gas Grill'. Entity 2: 'Reifen Maxxis 29x2.30 Minion DHR II DoubleDown'.",No
Do the two product descriptions refer to the same real-world product? Entity 1: 'JABRA EVOLVE 20 UC Mono'. Entity 2: 'JABRA Evolve 20 UC USB - Mono'.,Yes
"Do the two product descriptions refer to the same real-world product? Entity 1: 'Razer Basilisk V2 Wired Ergonomic Gaming Mouse, 11 Programmable Buttons | RZ01-03160100-R3M1'. Entity 2: 'Sony E 30mm f/3.5 Macro Lens'.",No
"Do the two product descriptions refer to the same real-world product? Entity 1: '3M - Privacy filter framed lightweight 18,1\""\""-20\""\"" widescreen'. Entity 2: '3M - Framed Privacy Filter for 19 Widescreen Monitor (16:10)'.",Yes
"Do the two product descriptions refer to the same real-world product? Entity 1: 'D-Link DGS-1210-28P 24-port 1Gb Smart Switch, 4x SFP, PoE'. Entity 2: 'Audio Technica ATH-PRO7X DJ headphones'.",No
Do the two product descriptions refer to the same real-world product? Entity 1: 'Asus Radeon ROG Strix RX5500 XT 8gb Gddr6 Version OC'. Entity 2: 'Asus Radeon Dual Evo RX5500 XT 8gb Gddr6 Version OC'.,No
Do the two product descriptions refer to the same real-world product? Entity 1: 'Epson Cartuccia 79xl Magenta Originale per WF-5620 WF-5690 WF-4630 C13T79034010'. Entity 2: 'Maintenance Unit Epson T6190 35000Pgs (C13T619000)'.,No
Do the two product descriptions refer to the same real-world product? Entity 1: 'KINGSTON 64GB USB 3.0 DataTraveler SE9 G2 (Kovový) DTSE9G2/64GB'. Entity 2: 'Kingston DataTraveler microDuo 128GB USB 3.0'.,No
Do the two product descriptions refer to the same real-world product? Entity 1: 'Sony FE 70-200mm f/4 OSS Lens'. Entity 2: 'DVR Hikvision TurboHD 4 canale DS-7204HQHI-K1'.,No
Do the two product descriptions refer to the same real-world product? Entity 1: 'WD Wds100t2b0a 1tb Blue 3d Nand SSD'. Entity 2: 'Kingston Pendrive DataTraveler 100 G3 256GB USB 3.0'.,No
"Do the two product descriptions refer to the same real-world product? Entity 1: 'Corsair ML120 Pro LED, Red, 120mm Premium Magnetic Levitation Fan'. Entity 2: 'Corsair ML120 Pro LED 120mm Premium Mag-Lev Fan Red'.",Yes
"Do the two product descriptions refer to the same real-world product? Entity 1: 'Epson Premium Glossy Photo Paperphoto paper - 25 sheet(s) - A2'. Entity 2: 'EPSON S042091 premium glossy photo paper 255g/m², A2/25vel'.",Yes
Do the two product descriptions refer to the same real-world product? Entity 1: 'Pokemon TCG Rebel Clash Booster Pack'. Entity 2: 'PKM - Pokémon - Sword & Shield - Rebel Clash Booster'.,Yes
Do the two product descriptions refer to the same real-world product? Entity 1: '32 Oz Wide Mouth With Flex Cap W32BTS001'. Entity 2: 'HYDRO FLASK HYDRO FLASK 32OZ WIDE MOUTH BOTTLE-BLACK'.,Yes
"Do the two product descriptions refer to the same real-world product? Entity 1: 'Western Digital My PassPort, 4TB, BLACK3 Years - WDBYFT0040BBK-WESN'. Entity 2: 'Shimano Shimano Cn-Hg901 11-Spd Chain Xtr / Dura Ace W/ Quick Link'.",No
Do the two product descriptions refer to the same real-world product? Entity 1: 'Fujinon Lens XF 23mm F1.4 R'. Entity 2: 'FUJIFILM XF23/1.4 XF 23mm f/1.4 R'.,Yes
"Do the two product descriptions refer to the same real-world product? Entity 1: 'CLARKS Sram, PG-730, 7sp cassette, 12-32T'. Entity 2: 'FUJIFILM XF 8-16mm f/2.8 R LM WR Lens'.",No
Do the two product descriptions refer to the same real-world product? Entity 1: 'SanDisk Extreme microSDHC 32GB 100/60 MB/s A1 V30 GoPro'. Entity 2: 'Canon CLI-251BK XL High-Capacity Black Ink Tank'.,No
Do the two product descriptions refer to the same real-world product? Entity 1: 'Asus ROG STRIX B550-E GAMING AM4 ATX Motherboard'. Entity 2: 'Fujifilm FUJINON XF-56mm f1.2'.,No
Do the two product descriptions refer to the same real-world product? Entity 1: 'Epson Papir Photo Premium Glossy 13X18cm 30-ark 255G'. Entity 2: 'Epson A3 Premium Glossy Photo Paper 255gsm (Pack of 20) C13S041315'.,No
Do the two product descriptions refer to the same real-world product? Entity 1: 'Daniel Wellington Mens Classic Sheffield 40mm Rose Gold Black DW00100007'. Entity 2: 'Cooler Master MasterBox Lite 5 Mid Tower Case'.,No
"Do the two product descriptions refer to the same real-world product? Entity 1: 'MikroTikCloud Core Router 1036-12G-4S with Tilera Tile-Gx36 CPU (36-cores, 1.2Ghz per core), 16GB RAM, 4xSFP cage, 12xGbit LAN, RouterOS L6, 1U rackmount case, PSU, LCD panel'. Entity 2: 'BROTHER HL-L6200DW WIRELESSMONO LASER PRINTER WITH2-Sided PRINTING(46 PPM, 520 Sheets Paper...'.",No
"Do the two product descriptions refer to the same real-world product? Entity 1: 'Kingston 16GB DataTraveler microDuo USB 3.0 OTG Flash Drive'. Entity 2: 'Sandisk Ixpand 64GB USB3.0 Flash Drive for Iphone, Ipad'.",No
"Do the two product descriptions refer to the same real-world product? Entity 1: 'Shimano - CLEATS SH-10 FIXED RED'. Entity 2: 'Evans EC2 Clear Drum Head, 8 Inch'.",No
"Do the two product descriptions refer to the same real-world product? Entity 1: 'Speed Dome IP, 2 MP, IR 150m, Hikvision DS-2DE5225IW-AE'. Entity 2: 'ADAPTADOR INALAMBRICO TP-LINK/USB 2.0/N300/QSS/TL-WN821N'.",No
Do the two product descriptions refer to the same real-world product? Entity 1: 'Zebra 800011-101 ZXP Series 1 Ribbon ZXP Series 1 Load-N-Go Black Monochrome Ribbon'. Entity 2: 'Zebra ZXP Series 1Black Monochrome Ribbon K - 1000 Prints 800011-101'.,Yes
"Do the two product descriptions refer to the same real-world product? Entity 1: 'Epson Tinte T6935 Matt Black UltraChrome, 350 ml'. Entity 2: 'Epson Singlepack UltraChrome XD MagentaT692300(110ml)'.",No
Do the two product descriptions refer to the same real-world product? Entity 1: 'Corsair iCue 465X RGB White'. Entity 2: 'DS-1273ZJ-140 Outdoor Indoor Wall Mount Bracket for Hikvision Dome Camera'.,No
Do the two product descriptions refer to the same real-world product? Entity 1: 'Gorra New Era NY Yankees MLB 9Fifty Cap'. Entity 2: 'Gorra New Era Clean Trucker 2 NY Yankees Cap'.,No
Do the two product descriptions refer to the same real-world product? Entity 1: 'Ubiquiti UniFi Protect G4-PRO Camera'. Entity 2: 'Logitech® HD Webcam C310 - USB'.,No
"Do the two product descriptions refer to the same real-world product? Entity 1: 'Crucial 8GB (1x8GB) DDR3 1600MHz SODIMM'. Entity 2: 'ShimanoSm-Sh10 Spd-Sl Cleats, Fixed'.",No
Do the two product descriptions refer to the same real-world product? Entity 1: 'Zebra TrueColours ix Series Monochrome - 1 - black - print ribbon'. Entity 2: 'Zebra 800011-101 ZXP Series 1 Ribbon ZXP Series 1 Load-N-Go Black Monochrome Ribbon'.,No
Do the two product descriptions refer to the same real-world product? Entity 1: 'LaCie 4TB USB Type-C Mobile Drive (Moon Silver)'. Entity 2: 'Lacie 5TB USB-C Mobile Drive prenosni disk'.,No
Do the two product descriptions refer to the same real-world product? Entity 1: 'Pokemon TCG Rebel Clash Booster Pack'. Entity 2: 'Pokemon TCG:Sword and Shield Rebel Clash Three Booster Blister- Dural'.,No
Do the two product descriptions refer to the same real-world product? Entity 1: 'Cappello New Era Clean Trucker 2 NY Yankees Cap'. Entity 2: 'Samsung T7 Blue 2TB Portable SSD USB-C/A Gen2'.,No
Do the two product descriptions refer to the same real-world product? Entity 1: 'Sigma 105mm f1.4 DG HSM Art Lens for Canon'. Entity 2: '0000012890| Sigma 50mm f/1.4 DG HSM Art for Canon'.,No
Do the two product descriptions refer to the same real-world product? Entity 1: 'Brother HL-L5200DW Laser Printer'. Entity 2: 'Brother HL-L8360CDW Laser Printer'.,No
Do the two product descriptions refer to the same real-world product? Entity 1: 'Orologio Garmin Fenix 6 010-02157-11 Fēnix 6X Sapphire'. Entity 2: 'MultiPlus Inverter/Charger C 12/2000/80-30'.,No
Do the two product descriptions refer to the same real-world product? Entity 1: 'ASUS Turbo -RTX2060S-8G-EVO NVIDIA GeForce RTX 2060 SUPER 8 GB GDDR6'. Entity 2: 'ASUS NVIDIA GeForce RTX 2060 SUPER 8GB TURBO EVO Turing Graphics Card'.,Yes
"Do the two product descriptions refer to the same real-world product? Entity 1: 'EPSON (T1285) Multipack róka (T1281,T1282,T1283,T1284) C13T12854010'. Entity 2: 'Epson Fox Multipack \""Renard\"" (T1285) - Encre DURABrite Ultra N, C, M, J'.",Yes
Do the two product descriptions refer to the same real-world product? Entity 1: 'Canon 24-70mm f/2.8L II USM EF Lens'. Entity 2: 'PG-730 7-Speed Cassette'.,No
"Do the two product descriptions refer to the same real-world product? Entity 1: 'Epson Cartouche d'encre C13T865140 (T8651)'. Entity 2: 'Epson Fox Multipack \""Renard\"" (T1285) - Encre DURABrite Ultra N, C, M, J'.",No
Do the two product descriptions refer to the same real-world product? Entity 1: 'Gigabyte GTX 1650 SUPER OC 4G'. Entity 2: 'Gigabyte NVIDIA GeForce GTX 1650 4GB D6 OC Turing Graphics Card'.,No
Do the two product descriptions refer to the same real-world product? Entity 1: 'DJI DJI | Mavic Mini Drone Fly More Combo'. Entity 2: 'Zebra 800015-101 Black Monochrome Ribbon - 1000 Prints'.,No
Do the two product descriptions refer to the same real-world product? Entity 1: 'Cartucho tinta negro l epson t7031 - 24ml - big ben - para wp-4595 dnf/dtwf/ 4535dwf / 4525dnf / 4515dn / 4095dn / 4025dw /'. Entity 2: 'EPSON Magenta ink cartridge Discproducer'.,No
"Do the two product descriptions refer to the same real-world product? Entity 1: 'Western Digital My PassPort, 4TB, BLACK3 Years - WDBYFT0040BBK-WESN'. Entity 2: 'Western Digital My Passport 1TB 2,5"" USB 3.0'.",No
Do the two product descriptions refer to the same real-world product? Entity 1: 'Corsair ML140 PRO RGB LED 140MM PWM Premium Magnetic Levitation Fan - Single Pack'. Entity 2: 'Blaze 32 Inch 4-Burner LTE Gas Grill With Rear Burner and Built-in Lighting System - BLZ-4LTE2-NG/LP'.,No
Do the two product descriptions refer to the same real-world product? Entity 1: 'Logitech H151 Single Pin Stereo Headset - Black'. Entity 2: 'Hydro Flask Standard Mouth 621ml Insulated Bottle'.,No
Do the two product descriptions refer to the same real-world product? Entity 1: 'Reifen Maxxis 29x2.30 Minion DHR II DoubleDown'. Entity 2: 'Western Digital WD10JFCX RED 1000 GB SATA3 1TB'.,No
"Do the two product descriptions refer to the same real-world product? Entity 1: 'Motherboard Asus TUF B450M-PLUS GAMING, AM4, USB 3.1, SATA 6GB/S'. Entity 2: 'SPD-SL-CLEAT-SET-SM-SH11-(YELLOW)-[6DEGREE]'.",No
Do the two product descriptions refer to the same real-world product? Entity 1: 'LOGITECH AURICULARES H650E STEREO USB'. Entity 2: 'LOGITECH Logitech USB Headset H390'.,No
Do the two product descriptions refer to the same real-world product? Entity 1: 'UNPKG RAM DBL SOCKET ARM B BALL C LENGTH'. Entity 2: 'RAM Double Socket Arm MC201C LONG'.,Yes
Do the two product descriptions refer to the same real-world product? Entity 1: 'Jabra Evolve 80 UC stereo SKype for Business'. Entity 2: 'Cooler Master Hyper H411R CPU Cooler White LED'.,No
Do the two product descriptions refer to the same real-world product? Entity 1: 'Tissot Seastar 1000 Powermatic 80 Silicium'. Entity 2: 'Tissot Seastar 1000 Powermatic 80 T120.407.11.041.01'.,Yes
Do the two product descriptions refer to the same real-world product? Entity 1: 'TUF GAMING X570-PLUS Desktop Motherboard - AMD Chipset - Socket AM4'. Entity 2: 'Samsung T7 Blue 2TB Portable SSD USB-C/A Gen2'.,No
Do the two product descriptions refer to the same real-world product? Entity 1: 'Samsung C27F390FHU - Full HD Curved Monitor'. Entity 2: 'Samsung 970 EVO 500GB - NVMe PCIe M.2 2280 SSD | MZ-V7E500BW'.,No
"Do the two product descriptions refer to the same real-world product? Entity 1: 'Ubiquiti UniFi Video Camera G3 FLEX 3-Pack UVC-G3-FLEX-3 Ubiquiti'. Entity 2: 'Garmin fenix5 Gray Optic, Black band'.",No
Do the two product descriptions refer to the same real-world product? Entity 1: 'APC RBC140 Replacement Battery Cartridge'. Entity 2: 'APC APCrbc110 Replacement Battery Cartridge #110'.,No
Do the two product descriptions refer to the same real-world product? Entity 1: 'TP-Link AC600 T2U Wireless USB Nano Adapter'. Entity 2: 'ADATT. WIFI TP-LINK AC600 NANO WRLS USB'.,Yes
Do the two product descriptions refer to the same real-world product? Entity 1: 'Asus GTX1660S 6GB Dual EVO'. Entity 2: 'Karta VGA Gigabyte GeForce GTX 1650 OC 4GB GDDR6 128bit DVI+HDMI+DP PCIe3.0'.,No
Do the two product descriptions refer to the same real-world product? Entity 1: 'Seastar 1000 Powermatic 80 - T120.407.11.051.00'. Entity 2: 'TISSOT SEASTAR 1000 CHRONOGRAPH T120.417.17.041.00 (T120.417.17.041.00)'.,No
"Do the two product descriptions refer to the same real-world product? Entity 1: 'Evans EMAD2 Clear Bass Drum Head, 22 Inch'. Entity 2: 'Evans EMAD2 Clear Bass Batter'.",Yes
"Do the two product descriptions refer to the same real-world product? Entity 1: 'Ubiquiti UniFi AC Pro 5-pack UAP-AC-PRO-5 Ubiquiti'. Entity 2: 'UCK-G2-PlusUbiquiti Unifi Cloud Key, G2, with HDD'.",No
Do the two product descriptions refer to the same real-world product? Entity 1: 'MAXXIS AGGRESSOR 29X2.3 EXO/TR'. Entity 2: 'Maxxis Tire Assegai 3C MAXXTERRA/EXO+/TR Foldable 27.5x2.50WT'.,No
"Do the two product descriptions refer to the same real-world product? Entity 1: 'Hard disk server HP Hot-Plug SC Enterprise SAS 6G 900GB 10000 RPM 2.5""'. Entity 2: 'HP 300GB 6G SAS 10K rpm SFF (2.5-inch) SC Enterprise'.",No
"Do the two product descriptions refer to the same real-world product? Entity 1: 'Evans 14\"" TT14EC2S Clear Drum Head'. Entity 2: 'iiyama Prolite 27\"" XUB2792QSU-B1 WQHD IPS Monitor Tilt/Swivel/Pivot'.",No
Do the two product descriptions refer to the same real-world product? Entity 1: 'SSD TRANSCEND SSD230S 128Gb 3D NAND SATA 3 Aluminium (TS128GSSD230S)'. Entity 2: 'Samsung T7 Touch Black 1TB Portable SSD with Fingerprint ID'.,No
Do the two product descriptions refer to the same real-world product? Entity 1: 'Canon EF-S 18-200mm f/3.5-5.6 IS'. Entity 2: 'Canon EF-S 18-135/3.5-5.6 IS USM'.,No
Do the two product descriptions refer to the same real-world product? Entity 1: 'Lacie 5TB USB-C Mobile Drive prenosni disk'. Entity 2: 'SRAM NX Eagle PG-1230 Cassetta Pignoni 11-50T 12v 2019'.,No
Do the two product descriptions refer to the same real-world product? Entity 1: 'Ubiquiti UniFi G3 Bullet Video Camera'. Entity 2: 'Ubiquiti UVC-G3-BULLET (Formerly UVC-G3-AF) UniFi Video Camera G3 1080p PoE IP Camera'.,Yes
"Do the two product descriptions refer to the same real-world product? Entity 1: 'Sram Force22 PG-1170, 11sp cassette'. Entity 2: 'Sram PG 1130 11sp cassette 11-36T'.",No
"Do the two product descriptions refer to the same real-world product? Entity 1: 'Hikvision DS-7216HUHI-K2 Turbo 1080p HD 16CH DVR - HD-TVI AHD IPC - HDMI COAX'. Entity 2: 'SAMSUNG 970 EVO PLUS M.2 2280 500GB PCIe Gen 3.0 x4, NVMe 1.3 V-NAND 3-bit MLC Internal Solid State Drive (SSD) MZ-V7S500B/AM'.",No
"Do the two product descriptions refer to the same real-world product? Entity 1: 'HDD 35 4TB Seagate IronWolf Pro NAS ST4000NE001 7200RPM'. Entity 2: 'HD 3,5 4TB  IRONWOLF PRO 128 MB SATA3 SEAGATE'.",Yes
"Do the two product descriptions refer to the same real-world product? Entity 1: 'HDD 35 4TB Seagate IronWolf Pro NAS ST4000NE001 128 MB'. Entity 2: 'HD 3,5 4TB 7200RPM IRONWOLF PRO  SATA3 SEAGATE'.",Yes
"Do the two product descriptions refer to the same real-world product? Entity 1: 'HDD 35 4TB Seagate IronWolf Pro NAS ST4000NE001'. Entity 2: 'HD 3,5 4TB 7200RPM IRONWOLF PRO 128 MB SATA SEAGATE'.",Yes
Do the two product descriptions refer to the same real-world product? Entity 1: 'Mavic 2 Part11 Car Charger DJI'. Entity 2: ' Mavic 2 Car Charger'.,Yes
Do the two product descriptions refer to the same real-world product? Entity 1: 'DJI Mavic 2 Car Charger'. Entity 2: 'Mavic 2 Part11 Car Charger'.,Yes
"Do the two product descriptions refer to the same real-world product? Entity 1: 'Johnnie Walker - Blue Label 0,7 ltr.'. Entity 2: 'Johnnie Walker Blue Label 70cl'.",Yes
Do the two product descriptions refer to the same real-world product? Entity 1: 'Jabra Evolve 80 UC stereo'. Entity 2: 'Jabra EVOLVE 80 MS Stereo (7899-823-109) SKype for Business'.,Yes
Do the two product descriptions refer to the same real-world product? Entity 1: 'Jabra EVOLVE 80 Skype for Business Stereo (7899-823-109)'. Entity 2: 'Jabra Evolve 80 UC stereo SKype for Business'.,Yes
Do the two product descriptions refer to the same real-world product? Entity 1: 'Ubiquiti UniFi Protect G4 Pro (UVC-G4-PRO)'. Entity 2: 'Ubiquiti UniFi Video Camera G4-PRO Camera'.,Yes
Do the two product descriptions refer to the same real-world product? Entity 1: 'Ubiquiti UniFi Video Camera G4-PRO'. Entity 2: 'Ubiquiti UniFi Protect G4 Pro (UVC-G4-PRO) Camera'.,Yes
"Do the two product descriptions refer to the same real-world product? Entity 1: 'Lant Shimano CN-HG601, 11 Viteze'. Entity 2: 'Shimano CN-HG601-11 105 5800 / SLX M7000 Chain With Quick Link 11-Speed - 116 Links, SIL-TEC'.",Yes
"Do the two product descriptions refer to the same real-world product? Entity 1: 'Lant Shimano CN-HG601-11, 11-Speed'. Entity 2: 'Shimano CN-HG601 105 5800 / SLX M7000 Chain With Quick Link 11 Viteze - 116 Links, SIL-TEC'.",Yes
"Do the two product descriptions refer to the same real-world product? Entity 1: 'Lant Shimano CN-HG601-11, 11 Viteze 116 Links'. Entity 2: 'Shimano CN-HG601 105 5800 / SLX M7000 Chain With Quick Link 11-Speed - , SIL-TEC'.",Yes
"Do the two product descriptions refer to the same real-world product? Entity 1: 'Lant Shimano CN-HG601-11, 11 Viteze SIL-TEC'. Entity 2: 'Shimano CN-HG601 105 5800 / SLX M7000 Chain With Quick Link 11-Speed - 116 Links, '.",Yes
"Do the two product descriptions refer to the same real-world product? Entity 1: 'Lant Shimano CN-HG601-11, 11 Viteze 105 5800 / SLX M7000'. Entity 2: 'Shimano CN-HG601  Chain With Quick Link 11-Speed - 116 Links, SIL-TEC'.",Yes
"Do the two product descriptions refer to the same real-world product? Entity 1: 'Lant Shimano CN-HG601-11, 11 Viteze With Quick Link'. Entity 2: 'Shimano CN-HG601 105 5800 / SLX M7000 Chain  11-Speed - 116 Links, SIL-TEC'.",Yes
Do the two product descriptions refer to the same real-world product? Entity 1: 'SHIMANO PD-RS500 SL road pedals'. Entity 2: 'Shimano Pedal RS500 SPD-SL Black'.,Yes
Do the two product descriptions refer to the same real-world product? Entity 1: 'SHIMANO RS500 SPD-SL road pedals Black'. Entity 2: 'Shimano Pedal PD-RS500 SL '.,Yes
Do the two product descriptions refer to the same real-world product? Entity 1: 'SHIMANO RS500 SPD-SL Pedal'. Entity 2: 'Shimano road pedals PD-RS500 SL Black'.,Yes
Do the two product descriptions refer to the same real-world product? Entity 1: 'Daniel Wellington - Classic St Mawes Rose Gold - 40mm'. Entity 2: 'Mens Daniel Wellington St Mawes 40mm Watch DW00100006'.,Yes
Do the two product descriptions refer to the same real-world product? Entity 1: 'Mens Daniel Wellington St Mawes 40mm Watch DW00100006 Rose Gold'. Entity 2: 'Daniel Wellington - Classic St Mawes  - 40mm'.,Yes
"Do the two product descriptions refer to the same real-world product? Entity 1: 'Genuine Epson T6164 Yellow Ink Cartridge (T6164YOEM)'. Entity 2: 'Epson Tinte C13T616400 Yellow, 53 ml'.",Yes
"Do the two product descriptions refer to the same real-world product? Entity 1: 'Genuine Epson C13T616400 Yellow Ink Cartridge (T6164YOEM) 53 ml'. Entity 2: 'Epson Tinte T6164 Yellow, '.",Yes
Do the two product descriptions refer to the same real-world product? Entity 1: 'AMD Ryzen R5 2400G Quad-Core 3.6 GHz (3.9 GHz Max Boost) Socket AM4 65W YD2400C5FBBOX Desktop Processor'. Entity 2: 'Processador Amd Am4 RYZEN 5-2400g 3.9ghz 6mb'.,Yes
Do the two product descriptions refer to the same real-world product? Entity 1: 'AMD RYZEN 5 2400G  3.6 GHz (3.9 GHz Max Boost) Socket AM4 65W YD2400C5FBBOX Desktop Processor'. Entity 2: 'Processador Amd Am4 Ryzen R5-2400g 3.9ghz 6mb Quad-Core'.,Yes
Do the two product descriptions refer to the same real-world product? Entity 1: 'AMD RYZEN 5 2400G Quad-Core  (3.9 GHz Max Boost) Socket AM4 65W YD2400C5FBBOX Desktop Processor'. Entity 2: 'Processador Amd Am4 Ryzen R5-2400g 3.9ghz 6mb 3.6 GHz'.,Yes
Do the two product descriptions refer to the same real-world product? Entity 1: 'AMD RYZEN 5 2400G Quad-Core 3.6 GHz (3.9ghz Max Boost) Socket AM4 65W YD2400C5FBBOX Desktop Processor'. Entity 2: 'Processador Amd Am4 Ryzen R5-2400g 3.9 GHz 6mb'.,Yes
Do the two product descriptions refer to the same real-world product? Entity 1: 'AMD RYZEN 5 2400G Quad-Core 3.6 GHz (3.9 GHz Max Boost) Socket AM4  YD2400C5FBBOX Desktop Processor'. Entity 2: 'Processador Amd Am4 Ryzen R5-2400g 3.9ghz 6mb 65W'.,Yes
Do the two product descriptions refer to the same real-world product? Entity 1: 'AMD RYZEN 5 2400G Quad-Core 3.6 GHz (3.9 GHz Max Boost) Socket AM4 65W YD2400C5FBBOX Desktop Processor 6mb'. Entity 2: 'Processador Amd Am4 Ryzen R5-2400g 3.9ghz '.,Yes
Do the two product descriptions refer to the same real-world product? Entity 1: 'EJ16 - Acoustic Phosphor Bronze 12-53 D'Addario'. Entity 2: ' EJ16 Phosphor Bronze Light Acoustic Guitar Strings'.,Yes
Do the two product descriptions refer to the same real-world product? Entity 1: 'EJ16 - Acoustic Phosphor Bronze Light'. Entity 2: 'D'Addario EJ16 Phosphor Bronze 12-53 Acoustic Guitar Strings'.,Yes
Do the two product descriptions refer to the same real-world product? Entity 1: 'EPSON Premium Glossy Photo Paper A4/'. Entity 2: 'Epson A4 Premium Glossy Photo Paper 30ks'.,Yes
Do the two product descriptions refer to the same real-world product? Entity 1: 'Kingston Technology Canvas Select 128GB microSD Card w/ Adapter (SDCS-128GB)'. Entity 2: 'Kingston Digital Canvas Select memory card 128 GB MicroSDXC Class 10 UHS-I'.,Yes
Do the two product descriptions refer to the same real-world product? Entity 1: 'Kingston Digital Canvas Select 128 GB microSD Card w/ Adapter (SDCS-128 GB)'. Entity 2: 'Kingston Technology Canvas Select memory card 128GB MicroSDXC Class 10 UHS-I'.,Yes
Do the two product descriptions refer to the same real-world product? Entity 1: 'Kingston Digital Canvas Select 128GB memory card w/ Adapter (SDCS-128GB)'. Entity 2: 'Kingston Technology Canvas Select microSD Card 128 GB MicroSDXC Class 10 UHS-I'.,Yes
Do the two product descriptions refer to the same real-world product? Entity 1: 'Kingston Digital Canvas Select 128GB microSD Card w/ Adapter (SDCS-128GB)'. Entity 2: 'Kingston Technology Canvas Select memory card 128 GB MicroSDXC Class 10 UHS-I with Adapter'.,Yes
Do the two product descriptions refer to the same real-world product? Entity 1: 'Kingston Digital Canvas Select 128GB microSD Card w/ Adapter (SDCS-128GB) Class 10 UHS-I'. Entity 2: 'Kingston Technology Canvas Select memory card 128 GB MicroSDXC '.,Yes
Do the two product descriptions refer to the same real-world product? Entity 1: 'Kingston Digital Canvas Select 128GB microSD Card w/ Adapter ()'. Entity 2: 'Kingston Technology Canvas Select memory card 128 GB MicroSDXC Class 10 UHS-I SDCS-128GB'.,Yes
Do the two product descriptions refer to the same real-world product? Entity 1: ' Catalyst 2960-Plus 48TC-L - switch - 48 ports - managed - rack-mounta'. Entity 2: 'Catalyst 2960 Plus 48 10/100 + Cisco'.,Yes
Do the two product descriptions refer to the same real-world product? Entity 1: 'Cisco Catalyst 2960 Plus 48TC-L - switch - 48 ports - managed - rack-mounta'. Entity 2: 'Catalyst 2960-Plus 48 10/100 +'.,Yes
Do the two product descriptions refer to the same real-world product? Entity 1: 'Cisco Catalyst 2960-Plus 48TC-L - switch - 48 10/100 - managed - rack-mounta'. Entity 2: 'Catalyst 2960 Plus 48 ports +'.,Yes
Do the two product descriptions refer to the same real-world product? Entity 1: 'Cisco Catalyst 2960-Plus 48TC-L -  - 48 ports - managed - rack-mounta'. Entity 2: 'Catalyst 2960 Plus 48 10/100 + switch'.,Yes
Do the two product descriptions refer to the same real-world product? Entity 1: 'Cisco Catalyst 2960-Plus 48TC-L - switch - 48 ports -  - rack-mounta'. Entity 2: 'Catalyst 2960 Plus 48 10/100 + managed'.,Yes
Do the two product descriptions refer to the same real-world product? Entity 1: 'Cisco Catalyst 2960-Plus 48TC-L - switch - 48 ports - managed - '. Entity 2: 'Catalyst 2960 Plus 48 10/100 + rack-mounta'.,Yes
Do the two product descriptions refer to the same real-world product? Entity 1: 'XPG XPG SX6000 Lite 1TB M.2 PCIe GEN3x4 SSD ASX6000LNP-1TT-C'. Entity 2: 'Adata SX6000 Lite internal solid state drive 1000 GB PCI Express 3.0 3D TLC NVMe M.2 SSD'.,Yes
Do the two product descriptions refer to the same real-world product? Entity 1: 'Adata XPG SX6000 Lite 1000 GB M.2 PCIe GEN3x4 SSD ASX6000LNP-1TT-C'. Entity 2: 'XPG SX6000 Lite internal solid state drive 1TB PCI Express 3.0 3D TLC NVMe M.2 SSD'.,Yes
Do the two product descriptions refer to the same real-world product? Entity 1: 'Adata XPG SX6000 Lite 1TB M.2 PCI Express 3.0 SSD ASX6000LNP-1TT-C'. Entity 2: 'XPG SX6000 Lite internal solid state drive 1000 GB PCIe GEN3x4 3D TLC NVMe M.2 SSD'.,Yes
Do the two product descriptions refer to the same real-world product? Entity 1: 'Adata XPG SX6000 Lite 1TB M.2 PCIe GEN3x4 SSD ASX6000LNP-1TT-C 3D TLC'. Entity 2: 'XPG SX6000 Lite internal solid state drive 1000 GB PCI Express 3.0  NVMe M.2 SSD'.,Yes
Do the two product descriptions refer to the same real-world product? Entity 1: 'Jabra Biz 2400 II Mono 3-1 NC IP 2486-820-209'. Entity 2: 'Jabra BIZ 2400 II 3-in-1 Mono IP Headset top only'.,Yes
Do the two product descriptions refer to the same real-world product? Entity 1: 'Jabra BIZ 2400 II 3-in-1 Mono IP Headset top only NC'. Entity 2: 'Jabra Biz 2400 II Mono 3-1  IP 2486-820-209'.,Yes
Do the two product descriptions refer to the same real-world product? Entity 1: 'Jabra BIZ 2400 II 3-in-1 Mono IP Headset top only 2486-820-209'. Entity 2: 'Jabra Biz 2400 II Mono 3-1 NC IP '.,Yes
"Do the two product descriptions refer to the same real-world product? Entity 1: 'SEAGATE SATA 6Gb/s 2TB SSHD FIRECUDA'. Entity 2: 'Seagate 2TB FireCuda 3.5"" SATA-3 SSHD'.",Yes
"Do the two product descriptions refer to the same real-world product? Entity 1: 'SEAGATE SATA-3 2TB SSHD FIRECUDA 3.5""'. Entity 2: 'Seagate 2TB FireCuda  SATA 6Gb/s SSHD'.",Yes
Do the two product descriptions refer to the same real-world product? Entity 1: 'Sony FE 70-200 mm f/4 OSS Lens'. Entity 2: 'Sony SEL-70200G FE 70-200mm F4 Lens'.,Yes
Do the two product descriptions refer to the same real-world product? Entity 1: 'Sony FE 70-200mm F4 OSS Lens'. Entity 2: 'Sony SEL-70200G FE 70-200 mm f/4 Lens'.,Yes
Do the two product descriptions refer to the same real-world product? Entity 1: 'Sony FE 70-200mm f/4 OSS Lens SEL-70200G'. Entity 2: 'Sony  FE 70-200 mm F4 Lens'.,Yes
Do the two product descriptions refer to the same real-world product? Entity 1: 'Sony FE 70-200mm f/4  Lens'. Entity 2: 'Sony SEL-70200G FE 70-200 mm F4 Lens OSS'.,Yes
"Do the two product descriptions refer to the same real-world product? Entity 1: 'Asus MBTUF B450M-Plus Gaming / AM4 / B450 / m.2 / '. Entity 2: 'Motherboard Asus TUF B450M-PLUS GAMING, AM4, USB 3.1, SATA 6GB/S mATX'.",Yes
"Do the two product descriptions refer to the same real-world product? Entity 1: 'Asus MBTUF B450M-Plus Gaming / AM4 / B450 / SATA 6GB/S / mATX'. Entity 2: 'Motherboard Asus TUF B450M-PLUS GAMING, AM4, USB 3.1, m.2'.",Yes
"Do the two product descriptions refer to the same real-world product? Entity 1: 'Asus MBTUF B450M-Plus Gaming / AM4 / B450 / m.2 / mATX USB 3.1'. Entity 2: 'Motherboard Asus TUF B450M-PLUS GAMING, AM4, , SATA 6GB/S'.",Yes
Do the two product descriptions refer to the same real-world product? Entity 1: 'Jabra Biz 2300 USB UC Duo Headset 2399-829-109'. Entity 2: 'Jabra BIZ 2300 USB UC Duo'.,Yes
Do the two product descriptions refer to the same real-world product? Entity 1: 'Jabra BIZ 2300 USB UC Duo Headset'. Entity 2: 'Jabra Biz 2300 USB UC Duo  2399-829-109'.,Yes
Do the two product descriptions refer to the same real-world product? Entity 1: 'Jabra BIZ 2300 USB UC Duo 2399-829-109'. Entity 2: 'Jabra Biz 2300 USB UC Duo Headset '.,Yes
Do the two product descriptions refer to the same real-world product? Entity 1: 'Tag Heuer Automatic Chronograph Watch CBG2A1Z.BA0658'. Entity 2: 'TAG Heuer Carrera Quartz Chronograph Stainless Steel Watch CBG2A1Z.BA0658'.,Yes
Do the two product descriptions refer to the same real-world product? Entity 1: 'Tag Heuer Carrera Automatic Chronograph Stainless Steel Watch CBG2A1Z.BA0658'. Entity 2: 'TAG Heuer Quartz Chronograph Watch CBG2A1Z.BA0658'.,Yes
Do the two product descriptions refer to the same real-world product? Entity 1: 'Tag Heuer Carrera Quartz Chronograph  Watch CBG2A1Z.BA0658'. Entity 2: 'TAG Heuer Automatic Chronograph Watch CBG2A1Z.BA0658 Stainless Steel'.,Yes
"Do the two product descriptions refer to the same real-world product? Entity 1: 'SHIMANO PD-R7000, 105, SPD-SL PEDAL. W/O REFLECTOR'. Entity 2: 'Shimano Shimano PD-R7000 105 SPD-SL PEDAL  W/CLEAT'.",Yes
"Do the two product descriptions refer to the same real-world product? Entity 1: 'SHIMANO PD-R7000, 105, SPD-SL PEDAL. W/CLEAT'. Entity 2: 'Shimano Shimano PD-R7000 105 SPD-SL PEDAL W/O REFLECTOR '.",Yes
Do the two product descriptions refer to the same real-world product? Entity 1: 'UniFi UniFi Dual-Band WiFi PoE Access Point UAP-AC-HD - 5 Pack'. Entity 2: 'Ubiquiti AP ac HD ROW 5Pk'.,Yes
Do the two product descriptions refer to the same real-world product? Entity 1: 'Ubiquiti AP ac HD - 5 Pack'. Entity 2: 'UniFi UniFi Dual-Band WiFi PoE Access Point UAP-AC-HD ROW 5Pk'.,Yes
Do the two product descriptions refer to the same real-world product? Entity 1: 'Ubiquiti UniFi Dual-Band WiFi PoE Access Point UAP-AC-HD - 5Pk'. Entity 2: 'UniFi AP ac HD ROW 5 Pack'.,Yes
Do the two product descriptions refer to the same real-world product? Entity 1: 'Swiss Military Hanowa Swiss Military Hanowa 06-4307.30.007 Undercover Multifunction'. Entity 2: 'Relógio Swiss Military HanowaUndercover Multifunction 06-4307.30.007'.,Yes
Do the two product descriptions refer to the same real-world product? Entity 1: 'Western Digital Western Digital 2TB Blue 3.5'. Entity 2: 'Western digital wd blue - hdd - 2 tb - interno -  - sata 6Gb/s - 5400 rpm - buffer: 64 mb'.,Yes
Do the two product descriptions refer to the same real-world product? Entity 1: 'Western Digital Western Digital 2TB Blue SATA 6Gb/s'. Entity 2: 'Western digital wd blue - hdd - 2 tb - interno - 3.5 - sata 6Gb/s - 5400 rpm - buffer: 64 mb'.,Yes
Do the two product descriptions refer to the same real-world product? Entity 1: 'Western Digital Western Digital 2TB Blue 5400 rpm'. Entity 2: 'Western digital wd blue - hdd - 2 tb - interno - 3.5 - sata 6Gb/s -  - buffer: 64 mb'.,Yes
Do the two product descriptions refer to the same real-world product? Entity 1: 'Western Digital Western Digital 2TB Blue 64 mb'. Entity 2: 'Western digital wd blue - hdd - 2 tb - interno - 3.5 - sata 6Gb/s - 5400 rpm - buffer: '.,Yes
"Do the two product descriptions refer to the same real-world product? Entity 1: 'Placa video Gigabyte Radeon RX 5500 XT OC 8GB GDDR6, PCIe 4.0'. Entity 2: 'Gigabyte AMD Radeon RX 5500 XT OC 8GB GDDR6 RDNA 128-bit Graphics Card'.",Yes
"Do the two product descriptions refer to the same real-world product? Entity 1: 'Placa video Gigabyte Radeon RX 5500 XT OC 8GB GDDR6, 128-bit RDNA'. Entity 2: 'Gigabyte AMD Radeon RX 5500 XT OC 8GB GDDR6  PCIe 4.0 Graphics Card'.",Yes
Do the two product descriptions refer to the same real-world product? Entity 1: 'TP-Link TL-WN725N 150MbpsNano Wireless USB Adapter'. Entity 2: 'TP-Link TL-WN725N Wireless USB NANO adapter'.,Yes
Do the two product descriptions refer to the same real-world product? Entity 1: 'TP-Link TL-WN725N Wireless USB NANO adapter'. Entity 2: 'TP-Link TL-WN725N Nano Wireless USB Adapter 150Mbps'.,Yes
Do the two product descriptions refer to the same real-world product? Entity 1: 'Brother MFC-L2710DW - All-in-One Printer - B/W'. Entity 2: 'Brother Monochrome Compact Laser multifunction printer with Duplex Printing and Wireless Networking'.,Yes
Do the two product descriptions refer to the same real-world product? Entity 1: 'Brother MFC-L2710DW - multifunction printer - Monochrome'. Entity 2: 'Brother B/W Compact Laser All-in-One Printer with Duplex Printing and Wireless Networking'.,Yes
Do the two product descriptions refer to the same real-world product? Entity 1: 'Brother MFC-L2710DW - multifunction printer - B/W Duplex Printing and Wireless Networking'. Entity 2: 'Brother Monochrome Compact Laser All-in-One Printer with '.,Yes
Do the two product descriptions refer to the same real-world product? Entity 1: 'Brother MFC-L2710DW - multifunction printer - B/W Wireless Networking'. Entity 2: 'Brother Monochrome Compact Laser All-in-One Printer with Duplex Printing and '.,Yes
Do the two product descriptions refer to the same real-world product? Entity 1: 'Apple AirPods with Wired Charging Case (2nd Generation) from Apple Computer'. Entity 2: 'Apple AirPods with Charging Case (Latest Model)'.,Yes
Do the two product descriptions refer to the same real-world product? Entity 1: 'Apple AirPods with Charging Case (2nd Generation) from Apple Computer'. Entity 2: 'Apple AirPods with Wired Charging Case (Latest Model)'.,Yes
Do the two product descriptions refer to the same real-world product? Entity 1: 'Apple AirPods with Wired Charging Case (Latest Model) from Apple Computer'. Entity 2: 'Apple AirPods with Charging Case (2nd Generation)'.,Yes
Do the two product descriptions refer to the same real-world product? Entity 1: 'Apple AirPods with Charging Case (Latest Model) from '. Entity 2: 'Apple AirPods with Wired Charging Case (2nd Generation) Apple Computer'.,Yes
Do the two product descriptions refer to the same real-world product? Entity 1: 'Buy Quality Replica Omega Seamaster Planet Ocean Chronograph Watch 215.30.46.51.01.001'. Entity 2: '215.30.46.51.01.001 Omega Seamaster Planet Ocean 600M Steel Chronometer Chronograph 45.5mm'.,Yes
Do the two product descriptions refer to the same real-world product? Entity 1: 'Buy Quality Replica Omega Seamaster Planet Ocean 600M Steel Chronometer Chronograph Watch 215.30.46.51.01.001 45.5mm'. Entity 2: '215.30.46.51.01.001 Omega Seamaster Planet Ocean Chronograph '.,Yes
Do the two product descriptions refer to the same real-world product? Entity 1: 'Logitech BRIO 4K Ultra HD webcamweb camera'. Entity 2: 'Logitech BRIO 4K Ultra HD webcam'.,Yes
Do the two product descriptions refer to the same real-world product? Entity 1: 'Samsung T7 Touch Portable SSD Drive 1TB - Zilver'. Entity 2: 'Samsung Portable SSD T7 Touch [1TB](Silver)'.,Yes
Do the two product descriptions refer to the same real-world product? Entity 1: 'Samsung Portable SSD T7 Touch 1TB - Silver'. Entity 2: 'Samsung T7 Touch Portable SSD Drive [1TB](Zilver)'.,Yes
"Do the two product descriptions refer to the same real-world product? Entity 1: ' T1700G-28TQ JetStream 24-Port Gigabit Stackable Smart Switch with 4 10GE SFP+ Slots'. Entity 2: 'T1700G-28TQ GE/XG/SMA/24, Switch TP-Link'.",Yes
"Do the two product descriptions refer to the same real-world product? Entity 1: 'TP-Link T1700G-28TQ GE/XG/SMA/24, Switch with 4 10GE SFP+ Slots'. Entity 2: 'T1700G-28TQ JetStream 24-Port Gigabit Stackable Smart Switch'.",Yes
"Do the two product descriptions refer to the same real-world product? Entity 1: 'TP-Link T1700G-28TQ JetStream 24-Port Gigabit Stackable Smart Switch with '. Entity 2: 'T1700G-28TQ GE/XG/SMA/24, Switch 4 10GE SFP+ Slots'.",Yes
Do the two product descriptions refer to the same real-world product? Entity 1: 'AMD Ryzen 5 1500X '. Entity 2: 'YD150XBBAEBOX AMD Ryzen 5 1500X Quad Core 3.50GHz 16MB L3 Cache Socket AM4 Processor. New Retail Factory Sealed With Full Manufacturer Warranty. Wraith Spire Cooler'.,Yes
Do the two product descriptions refer to the same real-world product? Entity 1: 'AMD Ryzen 5 1500X Wraith Spire Cooler Quad Core'. Entity 2: 'YD150XBBAEBOX AMD Ryzen 5 1500X  3.50GHz 16MB L3 Cache Socket AM4 Processor. New Retail Factory Sealed With Full Manufacturer Warranty.'.,Yes
Do the two product descriptions refer to the same real-world product? Entity 1: 'AMD Ryzen 5 1500X Wraith Spire Cooler 3.50GHz'. Entity 2: 'YD150XBBAEBOX AMD Ryzen 5 1500X Quad Core  16MB L3 Cache Socket AM4 Processor. New Retail Factory Sealed With Full Manufacturer Warranty.'.,Yes
Do the two product descriptions refer to the same real-world product? Entity 1: 'AMD Ryzen 5 1500X Wraith Spire Cooler 16MB'. Entity 2: 'YD150XBBAEBOX AMD Ryzen 5 1500X Quad Core 3.50GHz  L3 Cache Socket AM4 Processor. New Retail Factory Sealed With Full Manufacturer Warranty.'.,Yes
Do the two product descriptions refer to the same real-world product? Entity 1: 'AMD Ryzen 5 1500X Wraith Spire Cooler AM4'. Entity 2: 'YD150XBBAEBOX AMD Ryzen 5 1500X Quad Core 3.50GHz 16MB L3 Cache Socket  Processor. New Retail Factory Sealed With Full Manufacturer Warranty.'.,Yes
Do the two product descriptions refer to the same real-world product? Entity 1: 'AMD Ryzen 5 1500X Wraith Spire Cooler New Retail Factory Sealed'. Entity 2: 'YD150XBBAEBOX AMD Ryzen 5 1500X Quad Core 3.50GHz 16MB L3 Cache Socket AM4 Processor.  With Full Manufacturer Warranty.'.,Yes
Do the two product descriptions refer to the same real-world product? Entity 1: 'AMD Ryzen 5 1500X Wraith Spire Cooler Full Manufacturer Warranty'. Entity 2: 'YD150XBBAEBOX AMD Ryzen 5 1500X Quad Core 3.50GHz 16MB L3 Cache Socket AM4 Processor. New Retail Factory Sealed With .'.,Yes
Do the two product descriptions refer to the same real-world product? Entity 1: 'SanDisk SDXC Ultra UHS-I 256GB Class 10 90MB/S'. Entity 2: 'SanDisk Ultra SDHC Memory Card 100MBs Class 10 UHS-I 256GB'.,Yes
Do the two product descriptions refer to the same real-world product? Entity 1: 'SanDisk SDHC Ultra UHS-I 256GB Class 10 100MBs'. Entity 2: 'SanDisk Ultra SDXC Memory Card 90MB/S Class 10 UHS-I 256GB'.,Yes
Do the two product descriptions refer to the same real-world product? Entity 1: 'SanDisk SSD Plus 120GB 240GB  480GB 1TB 535MB/sSolid State Drive (120GB)'. Entity 2: 'SanDisk SSD PLUS 120GB Solid State Drive -SDSSDA-120G-G27 530MB/s'.,Yes
Do the two product descriptions refer to the same real-world product? Entity 1: 'SanDisk SSD Plus 120GB 240GB 530MB/s 480GB 1TB 535MB/sSolid State Drive (120GB) SDSSDA-120G-G27'. Entity 2: 'SanDisk SSD PLUS 120GB Solid State Drive -'.,Yes
"Do the two product descriptions refer to the same real-world product? Entity 1: 'Cisco Catalyst 2960X | WS-C2960X-24TD-L Catalyst 2960X 24 port 10/100/1000, 2 x 10G SFP+, LAN Base'. Entity 2: 'WS-C2960X-24TD-L Cisco Catalyst 2960-X Network Switch (New)'.",Yes
"Do the two product descriptions refer to the same real-world product? Entity 1: 'Cisco Catalyst 2960-X | WS-C2960X-24TD-L Catalyst 2960X 24 port 10/100/1000, 2 x 10G SFP+, LAN Base New'. Entity 2: 'WS-C2960X-24TD-L Cisco Catalyst 2960X Network Switch ()'.",Yes
Do the two product descriptions refer to the same real-world product? Entity 1: 'APC - UPS 1KVA Tower UPS SMT1000I'. Entity 2: 'APC Schneider SMART-UPS 1000VA LCD 230V'.,Yes
Do the two product descriptions refer to the same real-world product? Entity 1: 'APC - Schneider SMART-UPS 1KVA LCD 230V'. Entity 2: 'APC UPS 1000VA Tower UPS SMT1000I'.,Yes
Do the two product descriptions refer to the same real-world product? Entity 1: 'APC - Schneider SMART-UPS 1000VA Tower 230V'. Entity 2: 'APC UPS 1KVA LCD UPS SMT1000I'.,Yes
Do the two product descriptions refer to the same real-world product? Entity 1: 'APC - Schneider SMART-UPS 1000VA LCD '. Entity 2: 'APC UPS 1KVA Tower UPS SMT1000I 230V'.,Yes
Do the two product descriptions refer to the same real-world product? Entity 1: 'APC - Schneider SMART-UPS 1000VA LCD 230V SMT1000I'. Entity 2: 'APC UPS 1KVA Tower UPS '.,Yes
"Do the two product descriptions refer to the same real-world product? Entity 1: 'DVR HDTVI 32 Turbo HD/CVI / AHD / CVBS Hikvision DS-7332HQHI-K4 HD-TVI / AHD / CVI + 8 canale IP de pana la 6MP, 4xSATA'. Entity 2: 'Hikvision 32 canale Turbo HD Full HD Ref: DS-7332HQHI-K4'.",Yes
"Do the two product descriptions refer to the same real-world product? Entity 1: 'DVR HDTVI 32 canale Turbo HD Full HD Hikvision DS-7332HQHI-K4 HD-TVI / AHD / CVI + , 4xSATA'. Entity 2: 'Hikvision 32 Turbo HD/CVI / AHD / CVBS Ref: DS-7332HQHI-K4 8 canale IP de pana la 6MP'.",Yes
"Do the two product descriptions refer to the same real-world product? Entity 1: 'DVR HDTVI 32 canale Turbo HD Full HD Hikvision DS-7332HQHI-K4 HD-TVI / AHD / CVI + 8 canale IP de pana la 6MP, '. Entity 2: 'Hikvision 32 Turbo HD/CVI / AHD / CVBS Ref: DS-7332HQHI-K4 4xSATA'.",Yes
Do the two product descriptions refer to the same real-world product? Entity 1: 'APPLE - AIRPODS WITH CHARGING CASEIN'. Entity 2: 'APPLE - Airpods With Charging Case'.,Yes
Do the two product descriptions refer to the same real-world product? Entity 1: 'APPLE - Airpods With Charging CaseIN'. Entity 2: 'APPLE - AIRPODS WITH CHARGING CASEIN'.,Yes
Do the two product descriptions refer to the same real-world product? Entity 1: 'D'addario XT Acoustic strings set Phosphor Bronze Medium 13-56'. Entity 2: 'D'Addario XTAPB1356XT Acoustic Phosphor Bronze Medium Guitar Strings 13-56'.,Yes
Do the two product descriptions refer to the same real-world product? Entity 1: 'D'addario XTAPB1356XT Acoustic Guitar Strings Phosphor Bronze Medium 13-56'. Entity 2: 'D'Addario XT Acoustic Phosphor Bronze Medium Guitar Strings 13-56'.,Yes
Do the two product descriptions refer to the same real-world product? Entity 1: 'Daniel Wellington Classic Sheffield  40mm Quartz Watch 0206DW'. Entity 2: 'Daniel Wellington - Classic Sheffield Silver - 40mm Men'.,Yes
Do the two product descriptions refer to the same real-world product? Entity 1: 'Daniel Wellington Classic Sheffield Men 40mm  Watch 0206DW'. Entity 2: 'Daniel Wellington - Classic Sheffield Silver - 40mm Quartz'.,Yes
Do the two product descriptions refer to the same real-world product? Entity 1: 'Daniel Wellington Classic Sheffield Men 40mm Quartz Watch 0206DW Silver'. Entity 2: 'Daniel Wellington - Classic Sheffield  - 40mm'.,Yes
Do the two product descriptions refer to the same real-world product? Entity 1: 'Daniel Wellington Classic Sheffield Men 40mm Quartz Watch '. Entity 2: 'Daniel Wellington - Classic Sheffield Silver - 40mm 0206DW'.,Yes
Do the two product descriptions refer to the same real-world product? Entity 1: ' 32 oz Wide Mouth Flex Cap Bottle in Sunflower'. Entity 2: 'Sunflower 32oz. Wide Mouth Water Bottle Hydro Flask'.,Yes
Do the two product descriptions refer to the same real-world product? Entity 1: 'Hydro Flask 32oz. Wide Mouth Flex Cap Bottle in Sunflower'. Entity 2: 'Sunflower 32 oz Wide Mouth Water Bottle'.,Yes
Do the two product descriptions refer to the same real-world product? Entity 1: 'Hydro Flask 32 oz Wide Mouth  Bottle in Sunflower'. Entity 2: 'Sunflower 32oz. Wide Mouth Water Bottle Flex Cap'.,Yes
Do the two product descriptions refer to the same real-world product? Entity 1: 'Hydro Flask 32 oz Wide Mouth Flex Cap Water Bottle in Sunflower'. Entity 2: 'Sunflower 32oz. Wide Mouth Bottle'.,Yes
Do the two product descriptions refer to the same real-world product? Entity 1: 'Fujifilm Instax Mini Rainbow (10 pack) Film'. Entity 2: 'Fujifilm Instax mini Rainbow film 10 sheets'.,Yes
"Do the two product descriptions refer to the same real-world product? Entity 1: 'Apple AirPods Pro, Bluetooth Earbuds - EU'. Entity 2: 'Apple AirPods Pro Kopfhrer w/ Wireless Charging Case, White (MWP22AM/A)'.",Yes
"Do the two product descriptions refer to the same real-world product? Entity 1: 'Apple AirPods Pro, Kopfhrer - EU Wireless Charging Case'. Entity 2: 'Apple AirPods Pro Bluetooth Earbuds w/ , White (MWP22AM/A)'.",Yes
"Do the two product descriptions refer to the same real-world product? Entity 1: 'Apple AirPods Pro, Kopfhrer - EU White'. Entity 2: 'Apple AirPods Pro Bluetooth Earbuds w/ Wireless Charging Case,  (MWP22AM/A)'.",Yes
"Do the two product descriptions refer to the same real-world product? Entity 1: 'Apple AirPods Pro, Kopfhrer - '. Entity 2: 'Apple AirPods Pro Bluetooth Earbuds w/ Wireless Charging Case, White (MWP22AM/A) EU'.",Yes
"Do the two product descriptions refer to the same real-world product? Entity 1: 'Apple AirPods Pro, Kopfhrer - EU MWP22AM/A'. Entity 2: 'Apple AirPods Pro Bluetooth Earbuds w/ Wireless Charging Case, White ()'.",Yes
"Do the two product descriptions refer to the same real-world product? Entity 1: 'BenQ GW2480 23.8"" LED IPS Monitor - Full HD, 5ms, Speakers'. Entity 2: 'BenQ GW2480 23.8 inch Full HD IPS Monitor'.",Yes
"Do the two product descriptions refer to the same real-world product? Entity 1: 'BenQ GW2480 23.8 inch LED IPS Monitor - Full HD, , Speakers'. Entity 2: 'BenQ GW2480 23.8"" Full HD IPS Monitor 5ms'.",Yes
"Do the two product descriptions refer to the same real-world product? Entity 1: 'BenQ GW2480 23.8 inch LED IPS Monitor - Full HD, 5ms, '. Entity 2: 'BenQ GW2480 23.8"" Full HD IPS Monitor Speakers'.",Yes
Do the two product descriptions refer to the same real-world product? Entity 1: 'MANFROTTO trpied alu Befree Advanced MKBFRLA4BK-BH'. Entity 2: 'Manfrotto Befree Advanced 2.0 Twist Tripod'.,Yes
Do the two product descriptions refer to the same real-world product? Entity 1: 'MANFROTTO trpied  Befree Advanced 2.0 MKBFRLA4BK-BH'. Entity 2: 'Manfrotto Befree Advanced Twist Tripod alu'.,Yes
Do the two product descriptions refer to the same real-world product? Entity 1: 'MANFROTTO Tripod alu Befree Advanced 2.0 MKBFRLA4BK-BH'. Entity 2: 'Manfrotto Befree Advanced Twist trpied'.,Yes
Do the two product descriptions refer to the same real-world product? Entity 1: 'MANFROTTO trpied alu Befree Advanced 2.0 Twist'. Entity 2: 'Manfrotto Befree Advanced MKBFRLA4BK-BH Tripod'.,Yes
Do the two product descriptions refer to the same real-world product? Entity 1: 'Shimano PD-R550 SPD-SL Pedals - Black'. Entity 2: 'Shimano R550 SPD-SL Resin Pedal'.,Yes
Do the two product descriptions refer to the same real-world product? Entity 1: 'Shimano R550 SPD-SL Resin Pedal - Black'. Entity 2: 'Shimano PD-R550 SPD-SL Pedals'.,Yes
Do the two product descriptions refer to the same real-world product? Entity 1: 'Shimano R550 SPD-SL Pedals - '. Entity 2: 'Shimano PD-R550 SPD-SL Resin Pedal Black'.,Yes
"Do the two product descriptions refer to the same real-world product? Entity 1: 'Seagate Enterprise Ironwolf Pro ST8000NE001 - Hard drive - 8 TB - internal - 3.5\"" - SATA 6Gb/s - 7200 rpm - buffer_ 256 MB - with 2 years Rescue Data Recovery Service Plan'. Entity 2: '8TB - Seagate Enterprise Ironwolf Pro SATA - ST8000NE001'.",Yes
"Do the two product descriptions refer to the same real-world product? Entity 1: 'Seagate IronWolf Pro ST8000NE001 - Hard drive - 8TB - internal - 3.5\"" - SATA 6Gb/s - 7200 rpm - buffer_ 256 MB - with 2 years Rescue Data Recovery Service Plan'. Entity 2: '8 TB - Seagate Enterprise Ironwolf Pro SATA - ST8000NE001'.",Yes
"Do the two product descriptions refer to the same real-world product? Entity 1: 'Seagate IronWolf Pro ST8000NE001 - Hard drive - 8 TB - internal - 3.5\"" - SATA - 7200 rpm - buffer_ 256 MB - with 2 years Rescue Data Recovery Service Plan'. Entity 2: '8TB - Seagate Enterprise Ironwolf Pro SATA 6Gb/s - ST8000NE001'.",Yes
"Do the two product descriptions refer to the same real-world product? Entity 1: 'Seagate IronWolf Pro ST8000NE001 - Hard drive - 8 TB - internal -  - SATA 6Gb/s - 7200 rpm - buffer_ 256 MB - with 2 years Rescue Data Recovery Service Plan'. Entity 2: '8TB - Seagate Enterprise Ironwolf Pro SATA - ST8000NE001 3.5\""'.",Yes
"Do the two product descriptions refer to the same real-world product? Entity 1: 'Seagate IronWolf Pro ST8000NE001 - Hard drive - 8 TB - internal - 3.5\"" - SATA 6Gb/s -  - buffer_ 256 MB - with 2 years Rescue Data Recovery Service Plan'. Entity 2: '8TB - Seagate Enterprise Ironwolf Pro SATA - ST8000NE001 7200 rpm'.",Yes
"Do the two product descriptions refer to the same real-world product? Entity 1: 'Seagate IronWolf Pro ST8000NE001 - Hard drive - 8 TB - internal - 3.5\"" - SATA 6Gb/s - 7200 rpm - buffer_  - with 2 years Rescue Data Recovery Service Plan'. Entity 2: '8TB - Seagate Enterprise Ironwolf Pro SATA - ST8000NE001 256 MB'.",Yes
"Do the two product descriptions refer to the same real-world product? Entity 1: 'Seagate IronWolf Pro ST8000NE001 - Hard drive - 8 TB - internal - 3.5\"" - SATA 6Gb/s - 7200 rpm - buffer_ 256 MB - '. Entity 2: '8TB - Seagate Enterprise Ironwolf Pro SATA - ST8000NE001 with 2 years Rescue Data Recovery Service Plan'.",Yes
Do the two product descriptions refer to the same real-world product? Entity 1: 'WS-C2960-24 10/100 + 2 1000BT-L Cisco Catalyst WS-C2960-24 10/100 + 2 1000BT-L Switch'. Entity 2: 'WS-C2960-24TT-LCatalyst 2960 24TT LAN Base Image'.,Yes
Do the two product descriptions refer to the same real-world product? Entity 1: 'Cooler Master Hyper H411R CPU Cooler '. Entity 2: 'Cooler Master Hyper H411R CPU Cooler RR-H411-20PW-R1 | PCByte White LED'.,Yes
Do the two product descriptions refer to the same real-world product? Entity 1: 'Cooler Master Hyper H411R CPU Cooler White LED RR-H411-20PW-R1'. Entity 2: 'Cooler Master Hyper H411R CPU Cooler  | PCByte'.,Yes
Do the two product descriptions refer to the same real-world product? Entity 1: 'Cooler Master Hyper H411R CPU Cooler White LED PCByte'. Entity 2: 'Cooler Master Hyper H411R CPU Cooler RR-H411-20PW-R1 | '.,Yes
"Do the two product descriptions refer to the same real-world product? Entity 1: 'Corsair 110R Tempered Glass ATX Case'. Entity 2: 'Corsair 110R Tempered Glass Black Mid-Tower ATX Case, Tempered Glass Side Window, No PSU, 2x USB 3.1, HD Audio, 120mm Fan pre-installed'.",Yes
"Do the two product descriptions refer to the same real-world product? Entity 1: 'Corsair 110R Tempered Glass Mid-Tower ATX Case Black'. Entity 2: 'Corsair 110R Tempered Glass  ATX Case, Tempered Glass Side Window, No PSU, 2x USB 3.1, HD Audio, 120mm Fan pre-installed'.",Yes
"Do the two product descriptions refer to the same real-world product? Entity 1: 'Corsair 110R Tempered Glass Mid-Tower ATX Case Tempered Glass Side Window'. Entity 2: 'Corsair 110R Tempered Glass Black ATX Case, , No PSU, 2x USB 3.1, HD Audio, 120mm Fan pre-installed'.",Yes
"Do the two product descriptions refer to the same real-world product? Entity 1: 'Corsair 110R Tempered Glass Mid-Tower ATX Case No PSU'. Entity 2: 'Corsair 110R Tempered Glass Black ATX Case, Tempered Glass Side Window, , 2x USB 3.1, HD Audio, 120mm Fan pre-installed'.",Yes
"Do the two product descriptions refer to the same real-world product? Entity 1: 'Corsair 110R Tempered Glass Mid-Tower ATX Case 2x USB 3.1'. Entity 2: 'Corsair 110R Tempered Glass Black ATX Case, Tempered Glass Side Window, No PSU, , HD Audio, 120mm Fan pre-installed'.",Yes
"Do the two product descriptions refer to the same real-world product? Entity 1: 'Corsair 110R Tempered Glass Mid-Tower ATX Case HD Audio'. Entity 2: 'Corsair 110R Tempered Glass Black ATX Case, Tempered Glass Side Window, No PSU, 2x USB 3.1, , 120mm Fan pre-installed'.",Yes
"Do the two product descriptions refer to the same real-world product? Entity 1: 'Corsair 110R Tempered Glass Mid-Tower ATX Case 120mm Fan pre-installed'. Entity 2: 'Corsair 110R Tempered Glass Black ATX Case, Tempered Glass Side Window, No PSU, 2x USB 3.1, HD Audio, '.",Yes
"Do the two product descriptions refer to the same real-world product? Entity 1: 'Epson S050189 ciano, High Capacity Toner Cartridge'. Entity 2: 'Epson S050189 toner Cyan ACULA.C1100 4k'.",Yes
"Do the two product descriptions refer to the same real-world product? Entity 1: 'Epson S050189 Cyan, 4k Toner Cartridge'. Entity 2: 'Epson S050189 toner ciano ACULA.C1100 High Capacity'.",Yes
"Do the two product descriptions refer to the same real-world product? Entity 1: 'Epson S050189 Cyan, High Capacity Toner Cartridge ACULA.C1100'. Entity 2: 'Epson S050189 toner ciano  4k'.",Yes
Do the two product descriptions refer to the same real-world product? Entity 1: 'Sigma 35mm f/1.4 DG Art HSM EOS Mount Lens'. Entity 2: 'Sigma 35mm F1.4 DG HSM Art'.,Yes
Do the two product descriptions refer to the same real-world product? Entity 1: 'Sigma 35mm F1.4 DG Art HSM  Lens'. Entity 2: 'Sigma 35mm f/1.4 DG HSM Art EOS Mount'.,Yes
"Do the two product descriptions refer to the same real-world product? Entity 1: 'DDR4 Vengeance LPX 16GB/3200(2*8GB) CL16-18-18-36 BLACK 1,35VXMP 2.0 Corsair'. Entity 2: ' Vengeance LPX 16GB(2x8GB)'.",Yes
"Do the two product descriptions refer to the same real-world product? Entity 1: ' Vengeance LPX 16GB/3200(2*8GB) CL16-18-18-36 BLACK 1,35VXMP 2.0'. Entity 2: 'Corsair Vengeance LPX 16GB(2x8GB) DDR4'.",Yes
"Do the two product descriptions refer to the same real-world product? Entity 1: 'DDR4 Vengeance LPX 16GB/3200(2*8GB) CL16-18-18-36 BLACK 1,35VXMP 2.0'. Entity 2: 'Corsair Vengeance LPX 16GB(2x8GB)'.",Yes
"Do the two product descriptions refer to the same real-world product? Entity 1: 'DDR4 Vengeance LPX 16GB/3200(2*8GB) CL16-18-18-36 BLACK 1,35VXMP 2.0'. Entity 2: 'Corsair Vengeance LPX 16GB(2x8GB) 3200MHz'.",Yes
"Do the two product descriptions refer to the same real-world product? Entity 1: 'DDR4 Vengeance LPX 16GB/3200(2*8GB) CL16-18-18-36  1,35VXMP 2.0'. Entity 2: 'Corsair Vengeance LPX 16GB(2x8GB) BLACK'.",Yes
"Do the two product descriptions refer to the same real-world product? Entity 1: 'DDR4 Vengeance LPX 16GB/3200(2*8GB)  BLACK 1,35VXMP 2.0'. Entity 2: 'Corsair Vengeance LPX 16GB(2x8GB) CL16-18-18-36'.",Yes
"Do the two product descriptions refer to the same real-world product? Entity 1: 'DDR4 Vengeance LPX 16GB/3200(2*8GB) CL16-18-18-36 BLACK 1,35VXMP 2.0'. Entity 2: 'Corsair Vengeance LPX 16GB(2x8GB) 1.35V'.",Yes
"Do the two product descriptions refer to the same real-world product? Entity 1: 'DDR4 Vengeance LPX 16GB/3200(2*8GB) CL16-18-18-36 BLACK 1,35VXMP '. Entity 2: 'Corsair Vengeance LPX 16GB(2x8GB) 2.0'.",Yes
Do the two product descriptions refer to the same real-world product? Entity 1: 'AMD Ryzen 9 3900XT  3.8 GHz Socket AM4 105W 100-100000277WOF Desktop Processor'. Entity 2: 'AMD Ryzen 9 3900XT AM4 CPU 12-Core'.,Yes
Do the two product descriptions refer to the same real-world product? Entity 1: 'AMD Ryzen 9 3900XT 12-Core  Socket AM4 105W 100-100000277WOF Desktop Processor'. Entity 2: 'AMD Ryzen 9 3900XT AM4 CPU 3.8 GHz'.,Yes
Do the two product descriptions refer to the same real-world product? Entity 1: 'AMD Ryzen 9 3900XT 12-Core 3.8 GHz Socket AM4  100-100000277WOF Desktop Processor'. Entity 2: 'AMD Ryzen 9 3900XT AM4 CPU 105W'.,Yes
Do the two product descriptions refer to the same real-world product? Entity 1: 'AMD Ryzen 9 3900XT 12-Core 3.8 GHz Socket AM4 105W  Desktop Processor'. Entity 2: 'AMD Ryzen 9 3900XT AM4 CPU 100-100000277WOF'.,Yes
Do the two product descriptions refer to the same real-world product? Entity 1: 'AMD Ryzen 9 3900XT 12-Core 3.8 GHz Socket AM4 105W 100-100000277WOF CPU'. Entity 2: 'AMD Ryzen 9 3900XT AM4 Desktop Processor'.,Yes
Do the two product descriptions refer to the same real-world product? Entity 1: 'G.Skill Trident Z DDR4 3600MHz 16GB (2X8) Desktop Memory for AMD X570 F4-3600C16D-16GTZNC | PCByte'. Entity 2: 'Memoire DDR4 G.Skill Trident Z Neo F4-3600C16D-16GTZNC'.,Yes
Do the two product descriptions refer to the same real-world product? Entity 1: 'G.Skill Trident Z Neo DDR4 3600MHz  Desktop Memory for AMD X570 F4-3600C16D-16GTZNC | PCByte'. Entity 2: 'Memoire DDR4 G.Skill Trident Z F4-3600C16D-16GTZNC 16GB (2X8)'.,Yes
Do the two product descriptions refer to the same real-world product? Entity 1: 'G.Skill Trident Z Neo DDR4 3600MHz 16GB (2X8) Desktop Memory for  F4-3600C16D-16GTZNC | PCByte'. Entity 2: 'Memoire DDR4 G.Skill Trident Z F4-3600C16D-16GTZNC AMD X570'.,Yes
Do the two product descriptions refer to the same real-world product? Entity 1: 'Lexmark - Toner -black - 3500 pages - LRPE260A11E'. Entity 2: 'Lexmark Toner cartridge Sort 3.5k - E360/E460 Return'.,Yes
Do the two product descriptions refer to the same real-world product? Entity 1: 'Lexmark - Toner cartridge -Sort - 3500 pages - LRPE260A11E'. Entity 2: 'Lexmark Toner black 3.5k - E360/E460 Return'.,Yes
Do the two product descriptions refer to the same real-world product? Entity 1: 'Lexmark - Toner cartridge -black - 3.5k - LRPE260A11E'. Entity 2: 'Lexmark Toner Sort 3500 pages - E360/E460 Return'.,Yes
Do the two product descriptions refer to the same real-world product? Entity 1: 'Lexmark - Toner cartridge -black - 3500 pages - E360/E460'. Entity 2: 'Lexmark Toner Sort 3.5k - LRPE260A11E Return'.,Yes
Do the two product descriptions refer to the same real-world product? Entity 1: 'Lexmark - Toner cartridge -black - 3500 pages - LRPE260A11E Return'. Entity 2: 'Lexmark Toner Sort 3.5k - E360/E460 '.,Yes
"Do the two product descriptions refer to the same real-world product? Entity 1: 'Philips Monitor LED IPS 243V7QDSB/00'. Entity 2: 'PHILIPS MONITOR LCD 24\"" (23.8) 16:9 FULLHD VGA DVI HDMI 243V7QDSB'.",Yes
"Do the two product descriptions refer to the same real-world product? Entity 1: 'Philips Monitor LCD 243V7QDSB/00'. Entity 2: 'PHILIPS MONITOR LED IPS 24\"" (23.8) 16:9 FULLHD VGA DVI HDMI 243V7QDSB'.",Yes
"Do the two product descriptions refer to the same real-world product? Entity 1: 'Philips Monitor LCD 243V7QDSB/00 16:9'. Entity 2: 'PHILIPS MONITOR LED IPS 24\"" (23.8)  FULLHD VGA DVI HDMI 243V7QDSB'.",Yes
"Do the two product descriptions refer to the same real-world product? Entity 1: 'Philips Monitor LCD 243V7QDSB/00 FULLHD'. Entity 2: 'PHILIPS MONITOR LED IPS 24\"" (23.8) 16:9  VGA DVI HDMI 243V7QDSB'.",Yes
"Do the two product descriptions refer to the same real-world product? Entity 1: 'Philips Monitor LCD 243V7QDSB/00 VGA DVI HDMI'. Entity 2: 'PHILIPS MONITOR LED IPS 24\"" (23.8) 16:9 FULLHD  243V7QDSB'.",Yes
"Do the two product descriptions refer to the same real-world product? Entity 1: 'Philips Monitor LCD 243V7QDSB'. Entity 2: 'PHILIPS MONITOR LED IPS 24\"" (23.8) 16:9 FULLHD VGA DVI HDMI 243V7QDSB/00'.",Yes
"Do the two product descriptions refer to the same real-world product? Entity 1: 'Canon PFI-101 Ink, 130 ml - Cyan'. Entity 2: '0884B001 | Canon PFI-101C | Original Canon Ink Cartridge - Cyan'.",Yes
"Do the two product descriptions refer to the same real-world product? Entity 1: 'Canon PFI-101C Ink,  - Cyan'. Entity 2: '0884B001 | Canon PFI-101 | Original Canon Ink Cartridge - Cyan 130 ml'.",Yes
"Do the two product descriptions refer to the same real-world product? Entity 1: 'Canon PFI-101C Ink Cartridge, 130 ml - Cyan'. Entity 2: '0884B001 | Canon PFI-101 | Original Canon Ink - Cyan'.",Yes
"Do the two product descriptions refer to the same real-world product? Entity 1: 'Canon PFI-101C Ink, 130 ml - Cyan Original'. Entity 2: '0884B001 | Canon PFI-101 |  Canon Ink Cartridge - Cyan'.",Yes
"Do the two product descriptions refer to the same real-world product? Entity 1: 'Canon PFI-101C Ink, 130 ml - Cyan 0884B001'. Entity 2: ' | Canon PFI-101 | Original Canon Ink Cartridge - Cyan'.",Yes
Do the two product descriptions refer to the same real-world product? Entity 1: 'Switch D-Link DGS-1210-24 20 p 10 / 100 / 1000 Mbps 4 x SFP'. Entity 2: 'Switch D-Link - Web smart - switch - 24 porte - gestito dgs-1210-24 10/100/1000 Mbps'.,Yes
Do the two product descriptions refer to the same real-world product? Entity 1: 'Switch D-Link DGS-1210-24 20 p 10 / 100 / 1000 Mbps 4 x SFP gestito'. Entity 2: 'Switch D-Link - Web smart - switch - 24 porte -  dgs-1210-24'.,Yes
Do the two product descriptions refer to the same real-world product? Entity 1: 'Switch D-Link DGS-1210-24 20 p 10 / 100 / 1000 Mbps '. Entity 2: 'Switch D-Link - Web smart - switch - 24 porte - gestito dgs-1210-24 4 x SFP'.,Yes
Do the two product descriptions refer to the same real-world product? Entity 1: 'Switch D-Link - Web smart - switch - 24 porte - gestito dgs-1210-24'. Entity 2: 'Switch D-Link DGS-1210-24 20 p 10 / 100 / 1000 Mbps 4 x SFP'.,Yes
Do the two product descriptions refer to the same real-world product? Entity 1: 'APC Smart-UPS RT 192V RM Battery Pack'. Entity 2: 'APC Smart-UPS RT192V RM Battery Pack 2 R'.,Yes
Do the two product descriptions refer to the same real-world product? Entity 1: 'APC Smart-UPS RT192V RM Battery Pack '. Entity 2: 'APC Smart-UPS RT 192V RM Battery Pack 2 R'.,Yes
Do the two product descriptions refer to the same real-world product? Entity 1: 'Tissot T-Sport Seastar 1000 Chronograph Watch T1204171105100 Mens'. Entity 2: 'Tissot  T-Sport Seastar 1000 Chronograph Black Dial Stainless Steel Bracelet Watch T120.417.11.051.00'.,Yes
Do the two product descriptions refer to the same real-world product? Entity 1: 'Tissot T-Sport Seastar 1000 Chronograph Watch T1204171105100 Black Dial'. Entity 2: 'Tissot Mens T-Sport Seastar 1000 Chronograph  Stainless Steel Bracelet Watch T120.417.11.051.00'.,Yes
Do the two product descriptions refer to the same real-world product? Entity 1: 'Tissot T-Sport Seastar 1000 Chronograph Watch T1204171105100 Stainless Steel Bracelet'. Entity 2: 'Tissot Mens T-Sport Seastar 1000 Chronograph Black Dial  Watch T120.417.11.051.00'.,Yes
Do the two product descriptions refer to the same real-world product? Entity 1: 'Tissot T-Sport Seastar 1000 Chronograph Watch T120.417.11.051.00'. Entity 2: 'Tissot Mens T-Sport Seastar 1000 Chronograph Black Dial Stainless Steel Bracelet Watch T1204171105100'.,Yes
Do the two product descriptions refer to the same real-world product? Entity 1: 'SanDisk SDCZ60-064G-B35 Cruzer Glide USB Flash Drive USB 2.0 - 64GB'. Entity 2: 'SANDISK FLASH CRUZER GLIDE 64 GB'.,Yes
Do the two product descriptions refer to the same real-world product? Entity 1: 'SanDisk SDCZ60-064G-B35 Cruzer Glide USB Flash Drive  - 64 GB'. Entity 2: 'SANDISK FLASH CRUZER GLIDE 64GB USB 2.0'.,Yes
Do the two product descriptions refer to the same real-world product? Entity 1: 'SanDisk  Cruzer Glide USB Flash Drive USB 2.0 - 64 GB'. Entity 2: 'SANDISK FLASH CRUZER GLIDE 64GB SDCZ60-064G-B35'.,Yes
Do the two product descriptions refer to the same real-world product? Entity 1: 'Toner Brother ORIGINALE amarillo TN135Y'. Entity 2: 'TONERBROTHER original GIALLO TN-135Y'.,Yes
Do the two product descriptions refer to the same real-world product? Entity 1: 'Toner Brother original GIALLO TN135Y'. Entity 2: 'TONERBROTHER ORIGINALE amarillo TN-135Y'.,Yes
Do the two product descriptions refer to the same real-world product? Entity 1: 'Toner Brother original amarillo TN-135Y'. Entity 2: 'TONERBROTHER ORIGINALE GIALLO TN135Y'.,Yes
Do the two product descriptions refer to the same real-world product? Entity 1: 'Omega Seamaster Planet Ocean Automatic Chronograph Two-Tone Rubber Watch 215.32.46.51.01.001 600M'. Entity 2: 'Omega Horloge Seamaster 46mm Planet Ocean  Co-Axial Master ChronometerChronograph 215.32.46.51.01.001'.,Yes
Do the two product descriptions refer to the same real-world product? Entity 1: 'Omega Seamaster Planet Ocean Co-Axial Master Chronometer Chronograph Two-Tone Rubber Watch 215.32.46.51.01.001'. Entity 2: 'Omega Horloge Seamaster 46mm Planet Ocean 600M Co-Axial Master ChronometerChronograph 215.32.46.51.01.001'.,Yes
Do the two product descriptions refer to the same real-world product? Entity 1: 'Seiko Prospex Green Mens Stainless Steel SPB103J1'. Entity 2: 'SEIKO Prospex Diver Sumo Automatic Men's 45mm Diver Watch - SPB103J1 – Green Dial'.,Yes
Do the two product descriptions refer to the same real-world product? Entity 1: 'Seiko Prospex Diver Sumo Green Men's Stainless Steel SPB103J1'. Entity 2: 'SEIKO Prospex Automatic Mens 45mm Diver Watch - SPB103J1 – Green Dial'.,Yes
Do the two product descriptions refer to the same real-world product? Entity 1: 'Seiko Prospex Diver Sumo Green Mens  SPB103J1'. Entity 2: 'SEIKO Prospex Automatic Men's 45mm Diver Watch - SPB103J1 – Green Dial Stainless Steel'.,Yes
Do the two product descriptions refer to the same real-world product? Entity 1: 'Seiko Prospex Diver Sumo Green Dial Mens Stainless Steel SPB103J1'. Entity 2: 'SEIKO Prospex Automatic Men's 45mm Diver Watch - SPB103J1 – Green'.,Yes
Do the two product descriptions refer to the same real-world product? Entity 1: 'Seiko Prospex Diver Sumo Green Mens Stainless Steel SPB103J1 Automatic'. Entity 2: 'SEIKO Prospex  Men's 45mm Diver Watch - SPB103J1 – Green Dial'.,Yes
Do the two product descriptions refer to the same real-world product? Entity 1: 'Seiko Prospex Diver Sumo Green Mens Stainless Steel SPB103J1 45mm'. Entity 2: 'SEIKO Prospex Automatic Men's  Diver Watch - SPB103J1 – Green Dial'.,Yes
Do the two product descriptions refer to the same real-world product? Entity 1: 'Samsung 970 EVO MZ-V7E1T0BW - Solid state drive - krypterat - 1TB - inbyggd - M.2 2280 - PCI Express 3.0 x4 (NVMe) - 256 bitars AES - TCG Opal Encryption 2.0'. Entity 2: 'Samsung 1 TB SSD 970 EVO NVMe M.2'.,Yes
Do the two product descriptions refer to the same real-world product? Entity 1: 'Samsung 970 EVO MZ-V7E1T0BW - Solid state drive - krypterat - 1 TB - inbyggd - M.2 - PCI Express 3.0 x4 (NVMe) - 256 bitars AES - TCG Opal Encryption 2.0'. Entity 2: 'Samsung 1TB SSD 970 EVO NVMe M.2 2280'.,Yes
Do the two product descriptions refer to the same real-world product? Entity 1: 'Samsung 970 EVO MZ-V7E1T0BW - Solid state drive - krypterat - 1 TB - inbyggd - M.2 2280 - NVMe - 256 bitars AES - TCG Opal Encryption 2.0'. Entity 2: 'Samsung 1TB SSD 970 EVO PCI Express 3.0 x4 (NVMe) M.2'.,Yes
Do the two product descriptions refer to the same real-world product? Entity 1: 'Samsung 970 EVO MZ-V7E1T0BW - Solid state drive - krypterat - 1 TB - inbyggd - M.2 2280 - PCI Express 3.0 x4 (NVMe) - '. Entity 2: 'Samsung 1TB SSD 970 EVO NVMe M.2 256 bitars AES - TCG Opal Encryption 2.0'.,Yes
Do the two product descriptions refer to the same real-world product? Entity 1: 'Samsung 970 EVO MZ-V7E1T0BW - SSD - krypterat - 1 TB - inbyggd - M.2 2280 - PCI Express 3.0 x4 (NVMe) - 256 bitars AES - TCG Opal Encryption 2.0'. Entity 2: 'Samsung 1TB Solid state drive 970 EVO NVMe M.2'.,Yes
Do the two product descriptions refer to the same real-world product? Entity 1: 'Hikvision Wall Mount Bracket for Hikvision Dome Camera'. Entity 2: 'DS-1273ZJ-140 Outdoor Indoor Wall Mount for AVPIR3 and 23x5G1-I range of Cameras'.,Yes
Do the two product descriptions refer to the same real-world product? Entity 1: 'Hikvision Wall Mount for AVPIR3 and 23x5G1-I range of Cameras DS-1273ZJ-140'. Entity 2: ' Outdoor Indoor Wall Mount Bracket for Hikvision Dome Camera'.,Yes
Do the two product descriptions refer to the same real-world product? Entity 1: 'Hikvision Wall Mount for AVPIR3 and 23x5G1-I range of Cameras Outdoor Indoor'. Entity 2: 'DS-1273ZJ-140  Wall Mount Bracket for Hikvision Dome Camera'.,Yes
"Do the two product descriptions refer to the same real-world product? Entity 1: 'RAZER MAMBA ELITE ERGONOMIC WIRED GAMING MOUSE'. Entity 2: 'Ergonomic Wired Gaming Mouse RAZER Mamba Elite, 16000 dpi, negru'.",Yes
"Do the two product descriptions refer to the same real-world product? Entity 1: 'RAZER MAMBA ELITE ERGONOMIC WIRED GAMING MOUSE 16000 dpi'. Entity 2: 'Mouse Gaming RAZER Mamba Elite, , negru'.",Yes
"Do the two product descriptions refer to the same real-world product? Entity 1: 'RAZER MAMBA ELITE ERGONOMIC WIRED GAMING MOUSE negru (black)'. Entity 2: 'Mouse Gaming RAZER Mamba Elite, 16000 dpi, negru'.",Yes
Do the two product descriptions refer to the same real-world product? Entity 1: 'RAM Dual Suction Cup Base / RAM-B-189BU'. Entity 2: 'RAM Twist-Lock Dual Suction Cup Base'.,Yes
Do the two product descriptions refer to the same real-world product? Entity 1: 'RAM Twist-Lock Dual Suction Cup Base / '. Entity 2: 'RAM Dual Suction Cup Base RAM-B-189BU'.,Yes
Do the two product descriptions refer to the same real-world product? Entity 1: 'Samsung 970 EVO Plus MZ-V7S250BW / SSD / encrypted / 250GB / internal / M.2 2280 / PCI Express 3.0 x4 (NVMe) / buffer: 512 MB / 256-bit AES / TCG Opal Encryption | MZ-V7S250BW'. Entity 2: 'Samsung 970 EVO Plus 250GB Solid state drive'.,Yes
Do the two product descriptions refer to the same real-world product? Entity 1: 'Samsung 970 EVO Plus MZ-V7S250BW / Solid state drive / encrypted / 250GB / internal /  / PCI Express 3.0 x4 (NVMe) / buffer: 512 MB / 256-bit AES / TCG Opal Encryption | MZ-V7S250BW'. Entity 2: 'Samsung 970 EVO Plus 250GB SSD M.2 2280'.,Yes
Do the two product descriptions refer to the same real-world product? Entity 1: 'Samsung 970 EVO Plus MZ-V7S250BW / Solid state drive / encrypted / 250GB / internal / M.2 2280 /  / buffer: 512 MB / 256-bit AES / TCG Opal Encryption | MZ-V7S250BW'. Entity 2: 'Samsung 970 EVO Plus 250GB SSD PCI Express 3.0 x4 (NVMe)'.,Yes
Do the two product descriptions refer to the same real-world product? Entity 1: 'Samsung 970 EVO Plus MZ-V7S250BW / Solid state drive / encrypted / 250GB / internal / M.2 2280 / PCI Express 3.0 x4 (NVMe) / buffer:  / 256-bit AES / TCG Opal Encryption | MZ-V7S250BW'. Entity 2: 'Samsung 970 EVO Plus 250GB SSD 512 MB'.,Yes
Do the two product descriptions refer to the same real-world product? Entity 1: 'Samsung 970 EVO Plus MZ-V7S250BW / Solid state drive / encrypted / 250GB / internal / M.2 2280 / PCI Express 3.0 x4 (NVMe) / buffer: 512 MB /  | MZ-V7S250BW'. Entity 2: 'Samsung 970 EVO Plus 250GB SSD 256-bit AES / TCG Opal Encryption'.,Yes
Do the two product descriptions refer to the same real-world product? Entity 1: 'Samsung 970 EVO Plus  / Solid state drive / encrypted / 250GB / internal / M.2 2280 / PCI Express 3.0 x4 (NVMe) / buffer: 512 MB / 256-bit AES / TCG Opal Encryption | '. Entity 2: 'Samsung 970 EVO Plus 250GB SSD MZ-V7S250BW'.,Yes
"Do the two product descriptions refer to the same real-world product? Entity 1: ' 50\"" 4K UHD HDR QLED Smart TV (QN50Q60TAFXZC)'. Entity 2: '43\"" 2020 Q60T 4K Smart QLED TV Samsung'.",Yes
"Do the two product descriptions refer to the same real-world product? Entity 1: 'Samsung 50\"" 4K UHD HDR QLED Smart TV (QN50Q60TAFXZC)'. Entity 2: '43\"" 2020 Q60T 4K Smart QLED TV'.",Yes
"Do the two product descriptions refer to the same real-world product? Entity 1: 'Samsung 50\"" 4K HDR QLED Smart TV (QN50Q60TAFXZC)'. Entity 2: '43\"" 2020 Q60T 4K UHD Smart QLED TV'.",Yes
"Do the two product descriptions refer to the same real-world product? Entity 1: 'Samsung 50\"" 4K UHD  QLED Smart TV (QN50Q60TAFXZC)'. Entity 2: '43\"" 2020 Q60T 4K Smart QLED TV HDR'.",Yes
"Do the two product descriptions refer to the same real-world product? Entity 1: 'Samsung 50\"" 4K UHD HDR QLED Smart TV (Q60T)'. Entity 2: '43\"" 2020 QN50Q60TAFXZC 4K Smart QLED TV'.",Yes
"Do the two product descriptions refer to the same real-world product? Entity 1: 'Samsung 50\"" 4K UHD HDR QLED Smart TV (QN50Q60TAFXZC) 2020'. Entity 2: '43\""  Q60T 4K Smart QLED TV'.",Yes
Do the two product descriptions refer to the same real-world product? Entity 1: 'Maintenance Unit Epson Business Inkjet B300/310/B500DN/B510DN 35000Pgs (C13Business Inkjet B300/310/B500DN/B510DN00)'. Entity 2: 'maintenance kit EPSON T6190 (´odpad. nadoba´)'.,Yes
Do the two product descriptions refer to the same real-world product? Entity 1: 'maintenance kit Epson T6190 35000Pgs (C13T619000)'. Entity 2: 'Maintenance Unit EPSON Business Inkjet B300/310/B500DN/B510DN (´odpad. nadoba´)'.,Yes
Do the two product descriptions refer to the same real-world product? Entity 1: 'Maintenance Unit Epson T6190  (C13T619000)'. Entity 2: 'maintenance kit EPSON Business Inkjet B300/310/B500DN/B510DN (´odpad. nadoba´) 35000Pgs'.,Yes
Do the two product descriptions refer to the same real-world product? Entity 1: 'Maintenance Unit Epson T6190 35000Pgs ()'. Entity 2: 'maintenance kit EPSON Business Inkjet B300/310/B500DN/B510DN (´odpad. nadoba´) C13T619000'.,Yes
Do the two product descriptions refer to the same real-world product? Entity 1: 'APC - RBC140 Replacement Battery Cartridge'. Entity 2: 'APC Replacement battery cartridge 140'.,Yes
"Do the two product descriptions refer to the same real-world product? Entity 1: 'MikroTik Cloud Core Router CCR1036-12G-4S-EM'. Entity 2: 'MikroTikCloud Core Router 1036-12G-4S with Tilera Tile-Gx36 CPU (36-cores, 1.2Ghz per core), 16GB RAM, 4xSFP cage, 12xGbit LAN, RouterOS L6, 1U rackmount case, PSU, LCD panel'.",Yes
"Do the two product descriptions refer to the same real-world product? Entity 1: 'Cloud Core Router 1036-12G-4S'. Entity 2: 'MikroTikCloud Core Router CCR1036-12G-4S-EM with Tilera Tile-Gx36 CPU (36-cores, 1.2Ghz per core), 16GB RAM, 4xSFP cage, 12xGbit LAN, RouterOS L6, 1U rackmount case, PSU, LCD panel'.",Yes
"Do the two product descriptions refer to the same real-world product? Entity 1: 'Cloud Core Router CCR1036-12G-4S-EM Tilera Tile-Gx36 CPU (36-cores, 1.2Ghz per core)'. Entity 2: 'MikroTikCloud Core Router 1036-12G-4S with , 16GB RAM, 4xSFP cage, 12xGbit LAN, RouterOS L6, 1U rackmount case, PSU, LCD panel'.",Yes
"Do the two product descriptions refer to the same real-world product? Entity 1: 'Cloud Core Router CCR1036-12G-4S-EM 16GB'. Entity 2: 'MikroTikCloud Core Router 1036-12G-4S with Tilera Tile-Gx36 CPU (36-cores, 1.2Ghz per core),  RAM, 4xSFP cage, 12xGbit LAN, RouterOS L6, 1U rackmount case, PSU, LCD panel'.",Yes
"Do the two product descriptions refer to the same real-world product? Entity 1: 'Cloud Core Router CCR1036-12G-4S-EM RouterOS L6'. Entity 2: 'MikroTikCloud Core Router 1036-12G-4S with Tilera Tile-Gx36 CPU (36-cores, 1.2Ghz per core), 16GB RAM, 4xSFP cage, 12xGbit LAN, , 1U rackmount case, PSU, LCD panel'.",Yes
"Do the two product descriptions refer to the same real-world product? Entity 1: 'Cloud Core Router CCR1036-12G-4S-EM 1U rackmount case'. Entity 2: 'MikroTikCloud Core Router 1036-12G-4S with Tilera Tile-Gx36 CPU (36-cores, 1.2Ghz per core), 16GB RAM, 4xSFP cage, 12xGbit LAN, RouterOS L6, , PSU, LCD panel'.",Yes
"Do the two product descriptions refer to the same real-world product? Entity 1: 'Cloud Core Router CCR1036-12G-4S-EM PSU'. Entity 2: 'MikroTikCloud Core Router 1036-12G-4S with Tilera Tile-Gx36 CPU (36-cores, 1.2Ghz per core), 16GB RAM, 4xSFP cage, 12xGbit LAN, RouterOS L6, 1U rackmount case, , LCD panel'.",Yes
"Do the two product descriptions refer to the same real-world product? Entity 1: 'Cloud Core Router CCR1036-12G-4S-EM LCD panel'. Entity 2: 'MikroTikCloud Core Router 1036-12G-4S with Tilera Tile-Gx36 CPU (36-cores, 1.2Ghz per core), 16GB RAM, 4xSFP cage, 12xGbit LAN, RouterOS L6, 1U rackmount case, PSU, '.",Yes
Do the two product descriptions refer to the same real-world product? Entity 1: 'Kingston Canvas Select Plus 128GB MICRO SD CARD'. Entity 2: 'KINGSTON microSD - With Adaptor CANVAS SELECT PLUS 128GB 100MB/S LIMITED LIFETIME'.,Yes
Do the two product descriptions refer to the same real-world product? Entity 1: 'Kingston Canvas Select Plus 128GB microSD - With Adaptor 100MB/S'. Entity 2: 'KINGSTON MICRO SD CARD CANVAS SELECT PLUS 128GB  LIMITED LIFETIME'.,Yes
Do the two product descriptions refer to the same real-world product? Entity 1: 'Kingston Canvas Select Plus 128GB microSD - With Adaptor LIMITED LIFETIME'. Entity 2: 'KINGSTON MICRO SD CARD CANVAS SELECT PLUS 128GB 100MB/S '.,Yes
Do the two product descriptions refer to the same real-world product? Entity 1: 'Daniel Wellington DW00100150 Classic Cornwall Rose 36mm Black'. Entity 2: 'Daniel Wellington Classic Black Cornwall'.,Yes
Do the two product descriptions refer to the same real-world product? Entity 1: 'Daniel Wellington Classic Black Cornwall 36mm'. Entity 2: 'Daniel Wellington DW00100150 Classic Cornwall Rose  Black'.,Yes
Do the two product descriptions refer to the same real-world product? Entity 1: 'No Break APC Smart-UPS 10000VA Mono230V - SRT10KXLI'. Entity 2: 'APC Smart-UPS SRT 10Kva SRT10KXLI'.,Yes
Do the two product descriptions refer to the same real-world product? Entity 1: 'No Break APC Smart-UPS 10Kva  - SRT10KXLI'. Entity 2: 'APC Smart-UPS SRT 10000VA SRT10KXLI Mono230V'.,Yes
Do the two product descriptions refer to the same real-world product? Entity 1: 'USB STICK SANDISK CRUZER GLIDE 32GB'. Entity 2: 'Sandisk USB Stick 32GB Cruzer Glide 2.0/3.0'.,Yes
Do the two product descriptions refer to the same real-world product? Entity 1: 'USB STICK SANDISK CRUZER GLIDE 32GB 2.0/3.0'. Entity 2: 'Sandisk USB Flash 32GB Cruzer Glide '.,Yes
Do the two product descriptions refer to the same real-world product? Entity 1: 'Dymo D1 Standard Black On White - 9mm'. Entity 2: 'Genuine Dymo 40913 Label Cassette Tape 9mm x 7m - Black on White'.,Yes
Do the two product descriptions refer to the same real-world product? Entity 1: 'Dymo 40913 Black On White - 9mm 7m'. Entity 2: 'Genuine Dymo D1 Standard Label Cassette Tape 9mm x  - Black on White'.,Yes
Do the two product descriptions refer to the same real-world product? Entity 1: 'Dymo 40913 Black On White - 9mm Label Cassette Tape'. Entity 2: 'Genuine Dymo D1 Standard  9mm x 7m - Black on White'.,Yes
Do the two product descriptions refer to the same real-world product? Entity 1: 'Cooler Master MasterBox TD500 Mesh ATX Case Black TG MCB-D500D-KGNN-S01 | PCByte'. Entity 2: 'Cooler Master MasterBox TD500 ARGB Mesh Triple ARGB Full Tower Gaming Cabinet with Dual 360mm Radiator Support and Crystalline Tempered Glass'.,Yes
Do the two product descriptions refer to the same real-world product? Entity 1: 'Cooler Master MasterBox TD500 ARGB Mesh Full Tower Gaming Cabinet Black TG MCB-D500D-KGNN-S01 | PCByte'. Entity 2: 'Cooler Master MasterBox TD500 Mesh Triple ARGB ATX Case with Dual 360mm Radiator Support and Crystalline Tempered Glass'.,Yes
Do the two product descriptions refer to the same real-world product? Entity 1: 'Cooler Master MasterBox TD500 ARGB Mesh ATX Case  TG MCB-D500D-KGNN-S01 | PCByte'. Entity 2: 'Cooler Master MasterBox TD500 Mesh Triple ARGB Full Tower Gaming Cabinet with Dual 360mm Radiator Support and Crystalline Tempered Glass Black'.,Yes
Do the two product descriptions refer to the same real-world product? Entity 1: 'Cooler Master MasterBox TD500 ARGB Mesh ATX Case Black TG MCB-D500D-KGNN-S01 | PCByte'. Entity 2: 'Cooler Master MasterBox TD500 Mesh Triple ARGB Full Tower Gaming Cabinet with Dual 360mm Radiator Support and TG (Tempered Glass)'.,Yes
Do the two product descriptions refer to the same real-world product? Entity 1: 'Cooler Master MasterBox TD500 Triple ARGB Mesh ATX Case Black TG MCB-D500D-KGNN-S01 | PCByte'. Entity 2: 'Cooler Master MasterBox TD500 Mesh ARGB Full Tower Gaming Cabinet with Dual 360mm Radiator Support and Crystalline Tempered Glass'.,Yes
Do the two product descriptions refer to the same real-world product? Entity 1: 'Cooler Master MasterBox TD500 ARGB Mesh ATX Case Black TG MCB-D500D-KGNN-S01 | PCByte Dual 360mm Radiator Support'. Entity 2: 'Cooler Master MasterBox TD500 Mesh Triple ARGB Full Tower Gaming Cabinet with  and Crystalline Tempered Glass'.,Yes
Do the two product descriptions refer to the same real-world product? Entity 1: 'Original Epson R3000 Photo Black Ink Cartridge'. Entity 2: 'Epson Tinte schwarz-photo f. T1571'.,Yes
Do the two product descriptions refer to the same real-world product? Entity 1: 'Original Epson T1571 schwarz-photo Ink Cartridge'. Entity 2: 'Epson Tinte Photo Black f. R3000'.,Yes
Do the two product descriptions refer to the same real-world product? Entity 1: 'Original Epson T1571 Photo Black Tinte'. Entity 2: 'Epson Ink Cartridge schwarz-photo f. R3000'.,Yes
Do the two product descriptions refer to the same real-world product? Entity 1: 'Shimano Deore XT M786 Direct Mount Shadow Plus SGS Long-Cage Rear Derailleur 10 Speed'. Entity 2: 'XT RD-M786-SGS - Shadow - rear derailleur'.,Yes
Do the two product descriptions refer to the same real-world product? Entity 1: 'Shimano XT RD-M786-SGS Direct Mount Shadow Plus SGS Long-Cage Rear Derailleur 10 Speed'. Entity 2: 'Deore XT M786 - Shadow - rear derailleur'.,Yes
Do the two product descriptions refer to the same real-world product? Entity 1: 'Shimano XT M786  Shadow Plus SGS Long-Cage Rear Derailleur 10 Speed'. Entity 2: 'Deore XT RD-M786-SGS - Shadow - rear derailleur Direct Mount'.,Yes
Do the two product descriptions refer to the same real-world product? Entity 1: 'Shimano XT M786 Direct Mount Shadow SGS Long-Cage Rear Derailleur 10 Speed'. Entity 2: 'Deore XT RD-M786-SGS - Shadow Plus - rear derailleur'.,Yes
Do the two product descriptions refer to the same real-world product? Entity 1: 'Shimano XT M786 Direct Mount Shadow Plus SGS SGS Rear Derailleur 10 Speed'. Entity 2: 'Deore XT RD-M786-Long-Cage - Shadow - rear derailleur'.,Yes
Do the two product descriptions refer to the same real-world product? Entity 1: 'Shimano XT M786 Direct Mount Shadow Plus SGS Long-Cage Rear Derailleur '. Entity 2: 'Deore XT RD-M786-SGS - Shadow - rear derailleur 10 Speed'.,Yes
"Do the two product descriptions refer to the same real-world product? Entity 1: 'Maxxis High Roller II Tire - 27.5 x 2.40, Tubeless, Folding, Black, 3C Maxx Terra, EXO'. Entity 2: 'Maxxis High Roller II MaxxTerra Tire (WT) (3C/EXO/TR) (27.5 x 2.4) (Folding)'.",Yes
"Do the two product descriptions refer to the same real-world product? Entity 1: 'Maxxis High Roller II Tire - 27.5 x 2.4, TR (Tubeless Ready), Folding, Black, 3C Maxx Terra, EXO'. Entity 2: 'Maxxis High Roller II MaxxTerra Tire (WT) (3C/EXO/TR) (27.5 x 2.40) (Folding)'.",Yes
"Do the two product descriptions refer to the same real-world product? Entity 1: 'Maxxis High Roller II Tire - 27.5 x 2.4, Tubeless, Folding, , 3C Maxx Terra, EXO'. Entity 2: 'Maxxis High Roller II MaxxTerra Tire (WT) (3C/EXO/TR) (27.5 x 2.40) (Folding) Black'.",Yes
"Do the two product descriptions refer to the same real-world product? Entity 1: 'Maxxis High Roller II Tire - 27.5 x 2.4, Tubeless, Folding, Black, 3C/MaxxTerra, EXO'. Entity 2: 'Maxxis High Roller II MaxxTerra Tire (WT) (3C/EXO/TR) (27.5 x 2.40) (Folding)'.",Yes
"Do the two product descriptions refer to the same real-world product? Entity 1: 'Maxxis High Roller II Tire - 27.5 x 2.4, Tubeless, Folding, Black, 3C Maxx Terra, EXO WT'. Entity 2: 'Maxxis High Roller II MaxxTerra Tire () (3C/EXO/TR) (27.5 x 2.40) (Folding)'.",Yes
Do the two product descriptions refer to the same real-world product? Entity 1: 'AF-S FX 24-85MM F3.5-4.5G ED VR Nikon'. Entity 2: ' AF-S NIKKOR 24-85mm f/3.5-4.5 G ED VR Lens'.,Yes
Do the two product descriptions refer to the same real-world product? Entity 1: 'AF-S NIKKOR 24-85MM F3.5-4.5G ED VR'. Entity 2: 'Nikon AF-S FX 24-85mm f/3.5-4.5 G ED VR Lens'.,Yes
Do the two product descriptions refer to the same real-world product? Entity 1: 'AF-S FX 24-85MM f/3.5-4.5 G ED VR'. Entity 2: 'Nikon AF-S NIKKOR 24-85mm F3.5-4.5G ED VR Lens'.,Yes
Do the two product descriptions refer to the same real-world product? Entity 1: 'AF-S FX 24-85MM F3.5-4.5G ED VR Lens'. Entity 2: 'Nikon AF-S NIKKOR 24-85mm f/3.5-4.5 G ED VR'.,Yes
"Do the two product descriptions refer to the same real-world product? Entity 1: ' Super Ubiquinol COQ10 with Enhanced Mitochondrial Support 100 mg, 60 Count'. Entity 2: 'Super Ubiquinol CoQ10 with Enhanced Mitochondrial Support 100 mg Life Extension'.",Yes
"Do the two product descriptions refer to the same real-world product? Entity 1: 'Super Ubiquinol CoQ10 with Enhanced Mitochondrial Support 100 mg, 60 Count'. Entity 2: 'Life Extension Super Ubiquinol COQ10 with Enhanced Mitochondrial Support 100 mg'.",Yes
"Do the two product descriptions refer to the same real-world product? Entity 1: 'Life Extension Super Ubiquinol COQ10 with Enhanced Mitochondrial Support 100 mg, '. Entity 2: 'Super Ubiquinol CoQ10 with Enhanced Mitochondrial Support 100 mg 60 Count'.",Yes
"Do the two product descriptions refer to the same real-world product? Entity 1: 'Elixir 11152 Strings Acoustic 80/20 Bronze NANOWEB 12-String, Light'. Entity 2: 'Elixir 12 String Light 80/20 Bronze Nanoweb Acoustic'.",Yes
"Do the two product descriptions refer to the same real-world product? Entity 1: 'Elixir  Strings Acoustic 80/20 Bronze NANOWEB 12 String, Light'. Entity 2: 'Elixir 12-String Light 80/20 Bronze Nanoweb Acoustic 11152'.",Yes
Do the two product descriptions refer to the same real-world product? Entity 1: 'ASUS PRIME X570-PRO ATX Motherboard - Socket AM4 - AMD X570 - USB 3.2 Gen 3'. Entity 2: 'ASUS Prime X570-P (AM4) (D) (90MB11B0-M0EAY0)'.,Yes
Do the two product descriptions refer to the same real-world product? Entity 1: 'ASUS Prime X570-P ATX Motherboard - Socket AM4 -  - USB 3.2 Gen 3'. Entity 2: 'ASUS PRIME X570-PRO (AM4) (D) (90MB11B0-M0EAY0) AMD X570'.,Yes
Do the two product descriptions refer to the same real-world product? Entity 1: 'ASUS Prime X570-P ATX Motherboard - Socket AM4 - AMD X570 - '. Entity 2: 'ASUS PRIME X570-PRO (AM4) (D) (90MB11B0-M0EAY0) USB 3.2 Gen 3'.,Yes
Do the two product descriptions refer to the same real-world product? Entity 1: 'ASUS Prime X570-P ATX Motherboard - Socket AM4 - AMD X570 - USB 3.2 Gen 3 90MB11B0-M0EAY0'. Entity 2: 'ASUS PRIME X570-PRO (AM4) (D) ()'.,Yes
"Do the two product descriptions refer to the same real-world product? Entity 1: 'SRAM Sram Level Ultimate, Level TLM Disc Brake Pad'. Entity 2: 'SRAM Disc Brake Pads Organic Hrd'.",Yes
"Do the two product descriptions refer to the same real-world product? Entity 1: 'SRAM Sram Level Ultimate, Level TLM Disc Brake Pads Organic'. Entity 2: 'SRAM Disc Brake Pad  Hrd'.",Yes
"Do the two product descriptions refer to the same real-world product? Entity 1: 'SRAM Sram Level Ultimate, Level TLM Disc Brake Pads Hrd'. Entity 2: 'SRAM Disc Brake Pad Organic '.",Yes
Do the two product descriptions refer to the same real-world product? Entity 1: 'Samsung T7 Touch 1TB Mobile External Solid State'. Entity 2: 'Samsung PORTABLE SSD T7 Touch Black 1TB Portable SSD with Fingerprint ID'.,Yes
Do the two product descriptions refer to the same real-world product? Entity 1: 'Samsung PORTABLE SSD T7 Touch 1TB Mobile External Solid State Black'. Entity 2: 'Samsung T7 Touch  1TB Portable SSD with Fingerprint ID'.,Yes
Do the two product descriptions refer to the same real-world product? Entity 1: 'Samsung PORTABLE SSD T7 Touch 1TB Portable SSD with Fingerprint ID'. Entity 2: 'Samsung T7 Touch Black 1TB Mobile External Solid State'.,Yes
Do the two product descriptions refer to the same real-world product? Entity 1: 'Sony SEL20F18G.SYX - Sony E-Mount FE 20mm f/1.8 G'. Entity 2: 'Sony E-Mount FE 20mm F1.8 Ultra Wide Angle G Lens'.,Yes
Do the two product descriptions refer to the same real-world product? Entity 1: 'Sony  - Sony E-Mount FE 20mm F1.8 G'. Entity 2: 'Sony E-Mount FE 20mm f/1.8 Ultra Wide Angle G Lens SEL20F18G.SYX'.,Yes
"Do the two product descriptions refer to the same real-world product? Entity 1: 'Corsair ML140 PRO LED Red, 140mm Vifte'. Entity 2: 'Corsair ML140 Pro LED, Rød, 140mm Premium Magnetic Levitation Fan'.",Yes
"Do the two product descriptions refer to the same real-world product? Entity 1: 'Corsair ML140 PRO LED Rød, 140mm Premium Magnetic Levitation Fan'. Entity 2: 'Corsair ML140 Pro LED, Red, 140mm Vifte'.",Yes
Do the two product descriptions refer to the same real-world product? Entity 1: 'Transcend 128GB SSD 2.5″ SATA3'. Entity 2: 'Internal SSD TRANSCEND Internal SSD230S 128Gb 3D NAND SATA 3 Aluminium (TS128GInternal SSD230S)'.,Yes
Do the two product descriptions refer to the same real-world product? Entity 1: 'Transcend 128GB Internal SSD  SATA3'. Entity 2: 'SSD TRANSCEND SSD230S 128Gb 3D NAND SATA 3 Aluminium (TS128GSSD230S) 2.5″'.,Yes
Do the two product descriptions refer to the same real-world product? Entity 1: 'Transcend 128GB Internal SSD 2.5″ SATA 3'. Entity 2: 'SSD TRANSCEND SSD230S 128Gb 3D NAND SATA3 Aluminium (TS128GSSD230S)'.,Yes
Do the two product descriptions refer to the same real-world product? Entity 1: 'Transcend 128GB Internal SSD 2.5″ SATA3 SSD230S'. Entity 2: 'SSD TRANSCEND  128Gb 3D NAND SATA 3 Aluminium (TS128G)'.,Yes
Do the two product descriptions refer to the same real-world product? Entity 1: 'Transcend 128GB Internal SSD 2.5″ SATA3 3D NAND'. Entity 2: 'SSD TRANSCEND SSD230S 128Gb  SATA 3 Aluminium (TS128GSSD230S)'.,Yes
Do the two product descriptions refer to the same real-world product? Entity 1: 'Transcend 128GB Internal SSD 2.5″ SATA3 Aluminium'. Entity 2: 'SSD TRANSCEND SSD230S 128Gb 3D NAND SATA 3  (TS128GSSD230S)'.,Yes
Do the two product descriptions refer to the same real-world product? Entity 1: 'Transcend 128GB Internal SSD 2.5″ SATA3 TS128GSSD230S'. Entity 2: 'SSD TRANSCEND SSD230S 128Gb 3D NAND SATA 3 Aluminium ()'.,Yes
"Do the two product descriptions refer to the same real-world product? Entity 1: 'Sram PG-1170, 11sp cassette'. Entity 2: 'SRAM Force22 PG-1170 11-Speed Cassette (11-25T)'.",Yes
"Do the two product descriptions refer to the same real-world product? Entity 1: 'Sram Force22 PG-1170, 11-Speed cassette'. Entity 2: 'SRAM PG-1170 11sp Cassette (11-25T)'.",Yes
"Do the two product descriptions refer to the same real-world product? Entity 1: 'Sram Force22 PG-1170, 11sp cassette 11-25T'. Entity 2: 'SRAM PG-1170 11-Speed Cassette ()'.",Yes
"Do the two product descriptions refer to the same real-world product? Entity 1: 'CORSAIR - Crystal 680X RGB White High Airflow TG'. Entity 2: 'Obudowa Corsair Crystal 680X RGB High Airflow, Tempered Glass White (CC-9011169-WW)'.",Yes
"Do the two product descriptions refer to the same real-world product? Entity 1: 'CORSAIR - Crystal 680X RGB White High Airflow, Tempered Glass CC-9011169-WW'. Entity 2: 'Obudowa Corsair Crystal 680X RGB High Airflow TG White ()'.",Yes
Do the two product descriptions refer to the same real-world product? Entity 1: 'Ubiquiti UniFi Video Camera '. Entity 2: 'Ubiquiti UniFi Full HD IRNV Indoor Micro Security Camera G3 MICRO'.,Yes
Do the two product descriptions refer to the same real-world product? Entity 1: 'Ubiquiti UniFi Video Camera G3 MICRO Full HD'. Entity 2: 'Ubiquiti UniFi  IRNV Indoor Micro Security Camera'.,Yes
Do the two product descriptions refer to the same real-world product? Entity 1: 'Ubiquiti UniFi Security Camera G3 MICRO'. Entity 2: 'Ubiquiti UniFi Full HD IRNV Indoor Micro Video Camera'.,Yes
Do the two product descriptions refer to the same real-world product? Entity 1: 'Ubiquiti UniFi Video Camera G3 MICRO IRNV'. Entity 2: 'Ubiquiti UniFi Full HD  Indoor Micro Security Camera'.,Yes
Do the two product descriptions refer to the same real-world product? Entity 1: 'Ubiquiti UniFi Video Camera G3 MICRO Indoor'. Entity 2: 'Ubiquiti UniFi Full HD IRNV  Micro Security Camera'.,Yes
"Do the two product descriptions refer to the same real-world product? Entity 1: 'WD My Passport 1TB 2,5"" USB 3.0'. Entity 2: 'Western Digital 1TB My Passport Portable Storage USB 3.2 Gen 1 - Black - Western DigitalBYVG0010BBK-WESN'.",Yes
"Do the two product descriptions refer to the same real-world product? Entity 1: 'Western Digital My Passport 1TB 2,5"" USB 3.2 Gen 1'. Entity 2: 'WD 1TB My Passport Portable Storage USB 3.0 - Black - WDBYVG0010BBK-WESN'.",Yes
"Do the two product descriptions refer to the same real-world product? Entity 1: 'Western Digital My Passport 1TB 2,5"" USB 3.0'. Entity 2: 'WD 1TB My Passport Portable Storage USB 3.2 Gen 1 - Black - WDBYVG0010BBK-WESN 2.5""'.",Yes
"Do the two product descriptions refer to the same real-world product? Entity 1: 'Western Digital My Passport 1TB 2,5"" USB 3.0 Black'. Entity 2: 'WD 1TB My Passport Portable Storage USB 3.2 Gen 1 -  - WDBYVG0010BBK-WESN'.",Yes
"Do the two product descriptions refer to the same real-world product? Entity 1: 'Western Digital My Passport 1TB 2,5"" USB 3.0 WDBYVG0010BBK-WESN'. Entity 2: 'WD 1TB My Passport Portable Storage USB 3.2 Gen 1 - Black - '.",Yes
Do the two product descriptions refer to the same real-world product? Entity 1: 'Asus TUF X470 Plus Gaming Socket AM4 ATX AMD'. Entity 2: 'ASUS TUF X470-Plus Gaming with Aura Sync RGB LED lighting AM4 DDR4 HDMI DVI M.2 ATX Motherboard'.,Yes
Do the two product descriptions refer to the same real-world product? Entity 1: 'Asus TUF X470-Plus Gaming Socket AM4 ATX '. Entity 2: 'ASUS TUF X470 Plus Gaming with Aura Sync RGB LED lighting AM4 DDR4 HDMI DVI M.2 ATX Motherboard AMD'.,Yes
Do the two product descriptions refer to the same real-world product? Entity 1: 'Asus TUF X470-Plus Gaming Socket AM4 ATX AMD Aura Sync RGB LED'. Entity 2: 'ASUS TUF X470 Plus Gaming with  lighting AM4 DDR4 HDMI DVI M.2 ATX Motherboard'.,Yes
Do the two product descriptions refer to the same real-world product? Entity 1: 'Asus TUF X470-Plus Gaming Socket AM4 ATX AMD DDR4'. Entity 2: 'ASUS TUF X470 Plus Gaming with Aura Sync RGB LED lighting AM4  HDMI DVI M.2 ATX Motherboard'.,Yes
Do the two product descriptions refer to the same real-world product? Entity 1: 'Asus TUF X470-Plus Gaming Socket AM4 ATX AMD HDMI DVI'. Entity 2: 'ASUS TUF X470 Plus Gaming with Aura Sync RGB LED lighting AM4 DDR4  M.2 ATX Motherboard'.,Yes
Do the two product descriptions refer to the same real-world product? Entity 1: 'Asus TUF X470-Plus Gaming Socket AM4 ATX AMD M.2'. Entity 2: 'ASUS TUF X470 Plus Gaming with Aura Sync RGB LED lighting AM4 DDR4 HDMI DVI  ATX Motherboard'.,Yes
Do the two product descriptions refer to the same real-world product? Entity 1: 'Wd Blue SSD 250GB SATA M.2 2280 WDS250G2B0B'. Entity 2: 'Western Digital Blue 3D Nand 250Gb Pc Ssd - Sata Iii 6Gb/S M.2 2280 Solid State Drive'.,Yes
Do the two product descriptions refer to the same real-world product? Entity 1: 'Western Digital Blue SSD 250GB Sata Iii 6Gb/S M.2 2280 WDS250G2B0B'. Entity 2: 'Wd Blue 3D Nand 250Gb Pc Ssd - SATA M.2 2280 Solid State Drive'.,Yes
Do the two product descriptions refer to the same real-world product? Entity 1: 'Western Digital Blue SSD 250GB SATA M.2 2280 '. Entity 2: 'Wd Blue 3D Nand 250Gb Pc Ssd - Sata Iii 6Gb/S M.2 2280 Solid State Drive WDS250G2B0B'.,Yes
Do the two product descriptions refer to the same real-world product? Entity 1: 'Western Digital Blue SSD 250GB SATA M.2 2280 WDS250G2B0B 3D Nand'. Entity 2: 'Wd Blue  250Gb Pc Ssd - Sata Iii 6Gb/S M.2 2280 Solid State Drive'.,Yes
Do the two product descriptions refer to the same real-world product? Entity 1: 'Asus ROG STRIX Z390-I Gaming (ROG STRIX Z390-I GAMING)'. Entity 2: 'ASUS Motherboard ROG STRIX Z390-I GAMING Intel Z390'.,Yes
Do the two product descriptions refer to the same real-world product? Entity 1: 'TAG Heuer Formula 1  Men's Watch'. Entity 2: 'TAG Heuer Formula 1 43mm Mens Watch WAZ2011.BA0842 Calibre 5'.,Yes
Do the two product descriptions refer to the same real-world product? Entity 1: 'TAG Heuer Formula 1 Calibre 5 Mens Watch'. Entity 2: 'TAG Heuer Formula 1 43mm Men's Watch WAZ2011.BA0842'.,Yes
Do the two product descriptions refer to the same real-world product? Entity 1: 'TAG Heuer Formula 1 Calibre 5 Men's Watch 43mm'. Entity 2: 'TAG Heuer Formula 1  Mens Watch WAZ2011.BA0842'.,Yes
Do the two product descriptions refer to the same real-world product? Entity 1: 'TAG Heuer Formula 1 Calibre 5 Men's Watch WAZ2011.BA0842'. Entity 2: 'TAG Heuer Formula 1 43mm Mens Watch '.,Yes
Do the two product descriptions refer to the same real-world product? Entity 1: 'MultiPlus Inverter/Charger C 12/2000/80-30 Victron'. Entity 2: ' MultiPlus Compact 12/2000/80-30 230V VE.Bus'.,Yes
Do the two product descriptions refer to the same real-world product? Entity 1: 'MultiPlus Compact 12/2000/80-30'. Entity 2: 'Victron MultiPlus Inverter/Charger C 12/2000/80-30 230V VE.Bus'.,Yes
Do the two product descriptions refer to the same real-world product? Entity 1: 'MultiPlus Inverter/Charger C 12/2000/80-30 230V'. Entity 2: 'Victron MultiPlus Compact 12/2000/80-30  VE.Bus'.,Yes
Do the two product descriptions refer to the same real-world product? Entity 1: 'MultiPlus Inverter/Charger C 12/2000/80-30 VE.Bus'. Entity 2: 'Victron MultiPlus Compact 12/2000/80-30 230V '.,Yes
Do the two product descriptions refer to the same real-world product? Entity 1: 'Memoire DDR3L Crucial 4GB DDR3L 1600 MT/S (PC3-12800)'. Entity 2: 'Crucial CT51264BD160BJ 4GB DDR3-1600 UDIMM Memory Module'.,Yes
Do the two product descriptions refer to the same real-world product? Entity 1: 'Memoire DDR3 Crucial 4GB DDR3 1600 (PC3-12800)'. Entity 2: 'Crucial CT51264BD160BJ 4GB DDR3L-1600 MT/S UDIMM Memory Module'.,Yes
Do the two product descriptions refer to the same real-world product? Entity 1: 'Memoire DDR3 Crucial 4GB DDR3 1600 MT/S (PC3-12800) CT51264BD160BJ'. Entity 2: 'Crucial  4GB DDR3L-1600 UDIMM Memory Module'.,Yes
Do the two product descriptions refer to the same real-world product? Entity 1: 'Memoire DDR3 Crucial 4GB DDR3 1600 MT/S (PC3-12800) UDIMM'. Entity 2: 'Crucial CT51264BD160BJ 4GB DDR3L-1600  Memory Module'.,Yes
Do the two product descriptions refer to the same real-world product? Entity 1: 'Smart Watch Garmin Fenix 6 010-02157-11 Fēnix 6X Sapphire'. Entity 2: 'Garmin fenix 6X Sapphire Black Silicone Strap Orologio'.,Yes
Do the two product descriptions refer to the same real-world product? Entity 1: 'Orologio Garmin Fenix 6 010-02157-11 Fēnix 6X Sapphire Black Silicone Strap'. Entity 2: 'Garmin fenix 6X Sapphire  Smart Watch'.,Yes
Do the two product descriptions refer to the same real-world product? Entity 1: 'Orologio Garmin Fenix 6  Fēnix 6X Sapphire'. Entity 2: 'Garmin fenix 6X Sapphire Black Silicone Strap Smart Watch 010-02157-11'.,Yes
Do the two product descriptions refer to the same real-world product? Entity 1: 'Epson Ink Cartridge C13T865140 (T8651)'. Entity 2: 'Epson - Cartouche d'encre Black 10K'.,Yes
Do the two product descriptions refer to the same real-world product? Entity 1: 'Epson Cartouche d'encre '. Entity 2: 'Epson - Ink Cartridge Black 10K C13T865140 (T8651)'.,Yes
Do the two product descriptions refer to the same real-world product? Entity 1: 'Epson Cartouche d'encre C13T865140 (T8651) 10K'. Entity 2: 'Epson - Ink Cartridge Black '.,Yes
Do the two product descriptions refer to the same real-world product? Entity 1: 'HIKVISION DS-7208HUHI-K1 5 MEGAPIXEL (5MP) HYBRID 8 CHANNEL DVR'. Entity 2: 'DVR 8 canale Hikvision TurboHD 5MP 4 canale alarma audio DS-7208HUHI-K1 H.265'.,Yes
Do the two product descriptions refer to the same real-world product? Entity 1: 'HIKVISION DS-7208HUHI-K1 5 MEGAPIXEL (5MP) HYBRID 8 CHANNEL DVR 4'. Entity 2: 'DVR 8 canale Hikvision TurboHD 5MP  canale alarma audio DS-7208HUHI-K1 H.265'.,Yes
Do the two product descriptions refer to the same real-world product? Entity 1: 'HIKVISION DS-7208HUHI-K1 5 MEGAPIXEL (5MP) HYBRID 8 CHANNEL DVR H.265'. Entity 2: 'DVR 8 canale Hikvision TurboHD 5MP 4 canale alarma audio DS-7208HUHI-K1 '.,Yes
Do the two product descriptions refer to the same real-world product? Entity 1: 'HP Color LaserJet Professional CP5225dn (CE712A#B19)'. Entity 2: 'HP printer Color LaserJet Professional CP5225dn '.,Yes
Do the two product descriptions refer to the same real-world product? Entity 1: 'Pokemon Sword & Shield Darkness Ablaze'. Entity 2: 'Pokémon TCG Pokémon TCG: Darkness Ablaze Bstr'.,Yes
Do the two product descriptions refer to the same real-world product? Entity 1: 'Pokémon TCG Darkness Ablaze'. Entity 2: 'Pokemon Pokemon: Sword & Shield Darkness Ablaze Bstr'.,Yes
Do the two product descriptions refer to the same real-world product? Entity 1: 'Pokémon TCG Sword & Shield Darkness Ablaze Bstr'. Entity 2: 'Pokemon Pokemon: Darkness Ablaze '.,Yes
"Do the two product descriptions refer to the same real-world product? Entity 1: 'Canon CLI-251XL High-Capacity Black Ink Tank'. Entity 2: 'Canon 6448B001 (CLI-251BK XL) Ink Cartridge, HY Black, OEM'.",Yes
"Do the two product descriptions refer to the same real-world product? Entity 1: 'Canon CLI-251BK XL HY (High Yield) Black Ink Tank'. Entity 2: 'Canon 6448B001 (CLI-251XL) Ink Cartridge, HY Black, OEM'.",Yes
"Do the two product descriptions refer to the same real-world product? Entity 1: 'Canon CLI-251BK XL High-Capacity Black Ink Tank OEM'. Entity 2: 'Canon 6448B001 (CLI-251XL) Ink Cartridge, HY Black, '.",Yes
"Do the two product descriptions refer to the same real-world product? Entity 1: 'Canon CLI-251BK XL High-Capacity Black Ink Cartridge'. Entity 2: 'Canon 6448B001 (CLI-251XL) Ink Tank, HY Black, OEM'.",Yes
Do the two product descriptions refer to the same real-world product? Entity 1: 'Tissot SEASTAR 1000 Powermatic 80 Watch T1204071704100'. Entity 2: 'TISSOT T-Sport Seastar 1000 POWERMATIC 80'.,Yes
Do the two product descriptions refer to the same real-world product? Entity 1: 'Tissot T-Sport Seastar 1000 POWERMATIC 80'. Entity 2: 'TISSOT SEASTAR 1000 Powermatic 80 Watch T1204071704100'.,Yes
Do the two product descriptions refer to the same real-world product? Entity 1: 'Tissot T-Sport Seastar 1000 Powermatic 80 Watch '. Entity 2: 'TISSOT SEASTAR 1000 POWERMATIC 80 T1204071704100'.,Yes
"Do the two product descriptions refer to the same real-world product? Entity 1: ' Carbide 175R RGB Black Mid Tower ATX Case, Tempered Glass Side Window, No PSU, 2x USB 3.0, HD Audio, 1x 120mm Fan included'. Entity 2: 'Carbide 175R RGB Windowed Mid-Tower Case Tempered Glass Corsair'.",Yes
"Do the two product descriptions refer to the same real-world product? Entity 1: 'Corsair Carbide 175R RGB Black Mid-Tower Case, Tempered Glass Side Window, No PSU, 2x USB 3.0, HD Audio, 1x 120mm Fan included'. Entity 2: 'Carbide 175R RGB Windowed Mid Tower ATX Case Tempered Glass'.",Yes
"Do the two product descriptions refer to the same real-world product? Entity 1: 'Corsair Carbide 175R RGB Black Mid Tower ATX Case, Tempered Glass, No PSU, 2x USB 3.0, HD Audio, 1x 120mm Fan included'. Entity 2: 'Carbide 175R RGB Windowed Mid-Tower Case Tempered Glass Side Window'.",Yes
"Do the two product descriptions refer to the same real-world product? Entity 1: 'Corsair Carbide 175R RGB Black Mid Tower ATX Case, Tempered Glass Side Window, , 2x USB 3.0, HD Audio, 1x 120mm Fan included'. Entity 2: 'Carbide 175R RGB Windowed Mid-Tower Case Tempered Glass No PSU'.",Yes
"Do the two product descriptions refer to the same real-world product? Entity 1: 'Corsair Carbide 175R RGB Black Mid Tower ATX Case, Tempered Glass Side Window, No PSU, , HD Audio, 1x 120mm Fan included'. Entity 2: 'Carbide 175R RGB Windowed Mid-Tower Case Tempered Glass 2x USB 3.0'.",Yes
"Do the two product descriptions refer to the same real-world product? Entity 1: 'Corsair Carbide 175R RGB Black Mid Tower ATX Case, Tempered Glass Side Window, No PSU, 2x USB 3.0, , 1x 120mm Fan included'. Entity 2: 'Carbide 175R RGB Windowed Mid-Tower Case Tempered Glass HD Audio'.",Yes
"Do the two product descriptions refer to the same real-world product? Entity 1: 'Corsair Carbide 175R RGB Black Mid Tower ATX Case, Tempered Glass Side Window, No PSU, 2x USB 3.0, HD Audio, '. Entity 2: 'Carbide 175R RGB Windowed Mid-Tower Case Tempered Glass 1x 120mm Fan included'.",Yes
"Do the two product descriptions refer to the same real-world product? Entity 1: 'Garmin fenix5S Plus GPS Watch Silver with Black Band'. Entity 2: 'Ceas Garmin Garmin Fenix 5S Plus Silver, Black Band'.",Yes
"Do the two product descriptions refer to the same real-world product? Entity 1: 'Garmin Fenix 5S Plus Ceas Silver with Black Band'. Entity 2: 'GPS Watch Garmin Garmin fenix5S Plus Silver, Black Band'.",Yes
Do the two product descriptions refer to the same real-world product? Entity 1: 'Shimano 105 RD-R7000 GS Rear Derailleur - 11 Speed'. Entity 2: 'Shimano 105 R7000 Rear Derailleur'.,Yes
Do the two product descriptions refer to the same real-world product? Entity 1: 'Shimano 105 R7000 Rear Derailleur - '. Entity 2: 'Shimano 105 RD-R7000 GS Rear Derailleur 11 Speed'.,Yes
"Do the two product descriptions refer to the same real-world product? Entity 1: '3M - Privacy Filter'. Entity 2: '3M - Lightweight 300 DESKTOP LCD LW FRAMED FILTER PF322WSkjermfilter mot innsyn, m/ramme 20\""-23\""W (30,7 x 48,5)'.",Yes
"Do the two product descriptions refer to the same real-world product? Entity 1: '3M - DESKTOP LCD LW FRAMED FILTER PF322WSkjermfilter'. Entity 2: '3M - Lightweight 300 Privacy Filter  mot innsyn, m/ramme 20\""-23\""W (30,7 x 48,5)'.",Yes
"Do the two product descriptions refer to the same real-world product? Entity 1: '3M - DESKTOP LCD LW FRAMED FILTER 20""-23""W (30,7 x 48,5)'. Entity 2: '3M - Lightweight 300 Privacy Filter PF322WSkjermfilter mot innsyn, m/ramme 20\""-23\""W (30,7 x 48,5)'.",Yes
"Do the two product descriptions refer to the same real-world product? Entity 1: 'RAM Mounts Composite Double Socket Arm'. Entity 2: 'RAM® short arm for 1\"" ball'.",Yes
"Do the two product descriptions refer to the same real-world product? Entity 1: 'RAM® short arm for 1"" ball'. Entity 2: 'RAM Mounts short arm for 1\"" ball'.",Yes
"Do the two product descriptions refer to the same real-world product? Entity 1: 'RAM®  Double Socket Arm'. Entity 2: 'RAM Mounts short arm for 1\"" ball Composite'.",Yes
"Do the two product descriptions refer to the same real-world product? Entity 1: 'RAM® Composite Double Socket Arm 1"" ball'. Entity 2: 'RAM Mounts short arm for 1\"" ball'.",Yes
Do the two product descriptions refer to the same real-world product? Entity 1: 'TONER CANON CIAN CL707C 2.000 PAGINAS'. Entity 2: 'Originlny toner CANON CRG-707 C (Cian)'.,Yes
Do the two product descriptions refer to the same real-world product? Entity 1: 'TONER CANON CIAN CRG-707 C 2.000 PAGINAS'. Entity 2: 'Originlny toner CANON CL707C (Azrov)'.,Yes
Do the two product descriptions refer to the same real-world product? Entity 1: 'TONER CANON CIAN CL707C 2.000 PAGINAS'. Entity 2: 'Originlny toner CANON CRG-707 C (Azrov) 2.000 paginas'.,Yes
Do the two product descriptions refer to the same real-world product? Entity 1: 'Hydro Flask 32 oz. Wide Mouth Flex Cap Hibiscus'. Entity 2: 'Hydro Flask 32oz Wide Mouth 2.0 Flex Cap Hibiscus'.,Yes
Do the two product descriptions refer to the same real-world product? Entity 1: 'Hydro Flask 32oz Wide Mouth Flex Cap Hibiscus 2.0'. Entity 2: 'Hydro Flask 32 oz. Wide Mouth  Flex Cap Hibiscus'.,Yes
Do the two product descriptions refer to the same real-world product? Entity 1: 'Samsung CLT-K406S  Original Standard Yield Toner Cartridge'. Entity 2: 'Cartus compatibil Samsung CLT-K406S Black'.,Yes
Do the two product descriptions refer to the same real-world product? Entity 1: 'Samsung CLT-K406S Black Cartus compatibil'. Entity 2: 'Original Standard Yield Toner Cartridge Samsung CLT-K406S'.,Yes
Do the two product descriptions refer to the same real-world product? Entity 1: 'Omega Seamaster DIVER 300MOMEGA CO-AXIAL MASTER CHRONOMETER 42 MM'. Entity 2: 'OMEGA Seamaster Diver 300M 210.20.42.20.03.002'.,Yes
Do the two product descriptions refer to the same real-world product? Entity 1: 'Omega Seamaster 210.20.42.20.03.002'. Entity 2: 'OMEGA SEAMASTER DIVER 300 DIVER 300MOMEGA CO-AXIAL MASTER CHRONOMETER 42 MM'.,Yes
Do the two product descriptions refer to the same real-world product? Entity 1: 'Omega Seamaster DIVER 300MOMEGA CO-AXIAL MASTER CHRONOMETER 42'. Entity 2: 'OMEGA SEAMASTER DIVER 300 210.20.42 MM.20.03.002'.,Yes
Do the two product descriptions refer to the same real-world product? Entity 1: 'Omega Seamaster DIVER 300MOMEGA  42 MM'. Entity 2: 'OMEGA SEAMASTER DIVER 300 210.20.42.20.03.002 CO-AXIAL MASTER CHRONOMETER'.,Yes
Do the two product descriptions refer to the same real-world product? Entity 1: 'Omega Seamaster DIVER 300MOMEGA CO-AXIAL MASTER CHRONOMETER 42 MM 210.20.42.20.03.002'. Entity 2: 'OMEGA SEAMASTER DIVER 300 '.,Yes
Do the two product descriptions refer to the same real-world product? Entity 1: ' Fenix 5X Plus Sapphire Black Rubber Strap 010-01989-01'. Entity 2: 'Fenix 5X Plus GPS Black Smartwatch Garmin'.,Yes
Do the two product descriptions refer to the same real-world product? Entity 1: 'Garmin Fenix 5X Plus Sapphire Black  Strap 010-01989-01'. Entity 2: 'Fenix 5X Plus GPS Black Smartwatch Rubber'.,Yes
Do the two product descriptions refer to the same real-world product? Entity 1: 'Garmin Fenix 5X Plus Sapphire Black Rubber Strap 010-01989-01 GPS'. Entity 2: 'Fenix 5X Plus  Black Smartwatch'.,Yes
Do the two product descriptions refer to the same real-world product? Entity 1: 'Garmin Fenix 5X Plus Sapphire Black Rubber Strap '. Entity 2: 'Fenix 5X Plus GPS Black Smartwatch 010-01989-01'.,Yes
"Do the two product descriptions refer to the same real-world product? Entity 1: 'Cooler Master MasterBox Lite 5 Mid Tower Black Case, Window, NO PSU, 2x USB 3.0, HD Audio, Dark Mirror Front Panel, No External 5.25\"" Drive Bay'. Entity 2: 'Cooler Master MasterBox Lite 5 ATX Case'.",Yes
"Do the two product descriptions refer to the same real-world product? Entity 1: 'Cooler Master MasterBox Lite 5 ATX  Case, Window, NO PSU, 2x USB 3.0, HD Audio, Dark Mirror Front Panel, No External 5.25\"" Drive Bay'. Entity 2: 'Cooler Master MasterBox Lite 5 Mid Tower Case Black'.",Yes
"Do the two product descriptions refer to the same real-world product? Entity 1: 'Cooler Master MasterBox Lite 5 ATX Black Case, , NO PSU, 2x USB 3.0, HD Audio, Dark Mirror Front Panel, No External 5.25\"" Drive Bay'. Entity 2: 'Cooler Master MasterBox Lite 5 Mid Tower Case Window'.",Yes
"Do the two product descriptions refer to the same real-world product? Entity 1: 'Cooler Master MasterBox Lite 5 ATX Black Case, Window, , 2x USB 3.0, HD Audio, Dark Mirror Front Panel, No External 5.25\"" Drive Bay'. Entity 2: 'Cooler Master MasterBox Lite 5 Mid Tower Case NO PSU'.",Yes
"Do the two product descriptions refer to the same real-world product? Entity 1: 'Cooler Master MasterBox Lite 5 ATX Black Case, Window, NO PSU, , HD Audio, Dark Mirror Front Panel, No External 5.25\"" Drive Bay'. Entity 2: 'Cooler Master MasterBox Lite 5 Mid Tower Case 2x USB 3.0'.",Yes
"Do the two product descriptions refer to the same real-world product? Entity 1: 'Cooler Master MasterBox Lite 5 ATX Black Case, Window, NO PSU, 2x USB 3.0, , Dark Mirror Front Panel, No External 5.25\"" Drive Bay'. Entity 2: 'Cooler Master MasterBox Lite 5 Mid Tower Case HD Audio'.",Yes
"Do the two product descriptions refer to the same real-world product? Entity 1: 'Cooler Master MasterBox Lite 5 ATX Black Case, Window, NO PSU, 2x USB 3.0, HD Audio, , No External 5.25\"" Drive Bay'. Entity 2: 'Cooler Master MasterBox Lite 5 Mid Tower Case Dark Mirror Front Panel'.",Yes
"Do the two product descriptions refer to the same real-world product? Entity 1: 'Cooler Master MasterBox Lite 5 ATX Black Case, Window, NO PSU, 2x USB 3.0, HD Audio, Dark Mirror Front Panel, No External 5.25\"" Drive Bay'. Entity 2: 'Cooler Master MasterBox Lite 5 Mid Tower Case No External 5.25"" Drive Bay'.",Yes
"Do the two product descriptions refer to the same real-world product? Entity 1: 'RAM Motorcycle Fork Stem Mount with 1 Ball'. Entity 2: 'Ram Mount Motorcycle Fork Stem Base w 1\"" Ball (Ram Mount-B-342U)'.",Yes
"Do the two product descriptions refer to the same real-world product? Entity 1: 'Ram Mount Motorcycle Fork Stem Base with 1 Ball'. Entity 2: 'RAM Motorcycle Fork Stem Mount w 1\"" Ball (RAM-B-342U)'.",Yes
"Do the two product descriptions refer to the same real-world product? Entity 1: 'Ram Mount Motorcycle Fork Stem Mount with 1"" Ball'. Entity 2: 'RAM Motorcycle Fork Stem Base w 1\"" Ball (RAM-B-342U)'.",Yes
"Do the two product descriptions refer to the same real-world product? Entity 1: 'Ram Mount Motorcycle Fork Stem Mount with 1 Ball RAM-B-342U'. Entity 2: 'RAM Motorcycle Fork Stem Base w 1\"" Ball ()'.",Yes
Do the two product descriptions refer to the same real-world product? Entity 1: 'Audemars Piguet Royal Oak Chronograph Black Dail Watch 26331ST.OO.1220ST.02'. Entity 2: 'AAA Replica Audemars Piguet-AAA Replica Audemars Piguet Royal Oak Chronograph 41mm Mens Watch-26331ST.OO.1220ST.02'.,Yes
Do the two product descriptions refer to the same real-world product? Entity 1: 'AAA Replica Audemars Piguet Royal Oak Chronograph Black Dail Watch 26331ST.OO.1220ST.02 41mm'. Entity 2: 'Audemars Piguet-Audemars Piguet Royal Oak Chronograph  Mens Watch-26331ST.OO.1220ST.02'.,Yes
Do the two product descriptions refer to the same real-world product? Entity 1: 'AAA Replica Audemars Piguet Royal Oak Chronograph Black Dail Watch 26331ST.OO.1220ST.02 Mens'. Entity 2: 'Audemars Piguet-Audemars Piguet Royal Oak Chronograph 41mm  Watch-26331ST.OO.1220ST.02'.,Yes
Do the two product descriptions refer to the same real-world product? Entity 1: 'AAA Replica Audemars Piguet Royal Oak Chronograph  Dail Watch 26331ST.OO.1220ST.02'. Entity 2: 'Audemars Piguet-Audemars Piguet Royal Oak Chronograph 41mm Mens Watch-26331ST.OO.1220ST.02 Black'.,Yes
Do the two product descriptions refer to the same real-world product? Entity 1: 'Apple - AirPods with Wireless Charging Case (2nd Generation) - White'. Entity 2: 'Apple AirPods with Wireless Charging Case (Latest Model) - White'.,Yes
Do the two product descriptions refer to the same real-world product? Entity 1: 'Cooler master ventola master liquid ML120R rgb lga 775>2066 amd AM2>FM1'. Entity 2: 'Cooler Master MasterLiquid ML120R RGB AIO Cooler'.,Yes
"Do the two product descriptions refer to the same real-world product? Entity 1: 'Intel Processor, Core i7-8700K Coffee Lake'. Entity 2: 'Intel Core i7-8700K 8th Gen 6-Core 3.7 GHz (4.7 GHz Turbo) LGA 1151 (300 Series) 95W BX80684I78700K Desktop Processor Intel UHD Graphics 630'.",Yes
"Do the two product descriptions refer to the same real-world product? Entity 1: 'Intel Processor, Core i7-8700K 8th Gen 6-Core'. Entity 2: 'Intel Core i7-8700K Coffee Lake  3.7 GHz (4.7 GHz Turbo) LGA 1151 (300 Series) 95W BX80684I78700K Desktop Processor Intel UHD Graphics 630'.",Yes
"Do the two product descriptions refer to the same real-world product? Entity 1: 'Intel Processor, Core i7-8700K 8th Gen 3.7 GHz'. Entity 2: 'Intel Core i7-8700K Coffee Lake 6-Core  (4.7 GHz Turbo) LGA 1151 (300 Series) 95W BX80684I78700K Desktop Processor Intel UHD Graphics 630'.",Yes
"Do the two product descriptions refer to the same real-world product? Entity 1: 'Intel Processor, Core i7-8700K 8th Gen 4.7 GHz'. Entity 2: 'Intel Core i7-8700K Coffee Lake 6-Core 3.7 GHz ( Turbo) LGA 1151 (300 Series) 95W BX80684I78700K Desktop Processor Intel UHD Graphics 630'.",Yes
"Do the two product descriptions refer to the same real-world product? Entity 1: 'Intel Processor, Core i7-8700K 8th Gen LGA 1151 (300 Series)'. Entity 2: 'Intel Core i7-8700K Coffee Lake 6-Core 3.7 GHz (4.7 GHz Turbo)  95W BX80684I78700K Desktop Processor Intel UHD Graphics 630'.",Yes
"Do the two product descriptions refer to the same real-world product? Entity 1: 'Intel Processor, Core i7-8700K 8th Gen 95W'. Entity 2: 'Intel Core i7-8700K Coffee Lake 6-Core 3.7 GHz (4.7 GHz Turbo) LGA 1151 (300 Series)  BX80684I78700K Desktop Processor Intel UHD Graphics 630'.",Yes
"Do the two product descriptions refer to the same real-world product? Entity 1: 'Intel Processor, Core i7-8700K 8th Gen Intel UHD Graphics 630'. Entity 2: 'Intel Core i7-8700K Coffee Lake 6-Core 3.7 GHz (4.7 GHz Turbo) LGA 1151 (300 Series) 95W BX80684I78700K Desktop Processor '.",Yes
Do the two product descriptions refer to the same real-world product? Entity 1: 'APC Replacement Battery Cartridge #133'. Entity 2: 'APC Replacement Battery Cartridge #133 (APCRBC133)UPS battery - Lead Acid'.,Yes
Do the two product descriptions refer to the same real-world product? Entity 1: 'APC UPS battery #133 (APCRBC133)'. Entity 2: 'APC Replacement Battery Cartridge #133Replacement Battery Cartridge - Lead Acid'.,Yes
Do the two product descriptions refer to the same real-world product? Entity 1: 'APC Replacement Battery Cartridge #133 (APCRBC133) Lead Acid'. Entity 2: 'APC Replacement Battery Cartridge #133UPS battery - '.,Yes
Do the two product descriptions refer to the same real-world product? Entity 1: 'Traveler's Refills: Accessories - 008 / zipper pocket'. Entity 2: 'Traveler's Zip Pocket - Regular Size'.,Yes
Do the two product descriptions refer to the same real-world product? Entity 1: 'Traveler's Zip Pocket - '. Entity 2: 'Traveler's Refills: Accessories - 008 / zipper pocket Regular Size'.,Yes
Do the two product descriptions refer to the same real-world product? Entity 1: 'Traveler's zipper pocket - Regular Size'. Entity 2: 'Traveler's Refills: Accessories - 008 / Zip Pocket'.,Yes
Do the two product descriptions refer to the same real-world product? Entity 1: 'Traveler's Zip Pocket - Regular Size Refills'. Entity 2: 'Traveler's : Accessories - 008 / zipper pocket'.,Yes
Do the two product descriptions refer to the same real-world product? Entity 1: ' Evolve 20 SE Special Edition UC monaural USB'. Entity 2: 'Evolve 20 Special Edition Mono MS Jabra'.,Yes
Do the two product descriptions refer to the same real-world product? Entity 1: 'Jabra Evolve 20 Special Edition Mono MS'. Entity 2: 'Evolve 20 SE Special Edition UC monaural USB'.,Yes
Do the two product descriptions refer to the same real-world product? Entity 1: 'Jabra Evolve 20 SE Special Edition UC Mono'. Entity 2: 'Evolve 20 Special Edition monaural USB MS'.,Yes
Do the two product descriptions refer to the same real-world product? Entity 1: 'Jabra Evolve 20 SE Special Edition MS monaural USB'. Entity 2: 'Evolve 20 Special Edition Mono UC'.,Yes
Do the two product descriptions refer to the same real-world product? Entity 1: '502HD PRO VIDEO HEAD WITH FLAT BASE Manfrotto'. Entity 2: ' MVH502AH Fluid Video Head with MT055XPRO3 Tripod'.,Yes
Do the two product descriptions refer to the same real-world product? Entity 1: 'MVH502AH Fluid Video Head'. Entity 2: 'Manfrotto 502HD PRO VIDEO HEAD WITH FLAT BASE with MT055XPRO3 Tripod'.,Yes
Do the two product descriptions refer to the same real-world product? Entity 1: '502HD PRO VIDEO HEAD WITH FLAT BASE MT055XPRO3 Tripod'. Entity 2: 'Manfrotto MVH502AH Fluid Video Head with '.,Yes
Do the two product descriptions refer to the same real-world product? Entity 1: 'Epson Cartuccia 79xl Magenta Originale per WF4630/5110/5690 C13T79034010'. Entity 2: 'Epson WF-5620 WF-5690 WF-4630 Magenta INK 17ML EP53600'.,Yes
Do the two product descriptions refer to the same real-world product? Entity 1: 'Epson Cartuccia 79xl Magenta Originale per WF-5620 WF-5690 WF-4630 C13T79034010'. Entity 2: 'Epson WF4630/5110/5690 Magenta 79xl Originale EP53600'.,Yes
Do the two product descriptions refer to the same real-world product? Entity 1: 'Epson Cartuccia 79xl Magenta Originale per WF-5620 WF-5690 WF-4630 EP53600'. Entity 2: 'Epson WF4630/5110/5690 Magenta INK 17ML C13T79034010'.,Yes
Do the two product descriptions refer to the same real-world product? Entity 1: 'Shimano Ultegra Chain HG701 - 116L - with split'. Entity 2: 'Shimano Ultegra HG701 R8000 XT M8000 11 Speed Chain with Quick Link'.,Yes
Do the two product descriptions refer to the same real-world product? Entity 1: 'Shimano Ultegra Chain HG701 -  - with split'. Entity 2: 'Shimano HG701 Ultegra R8000 XT M8000 11 Speed Chain with Quick Link 116L'.,Yes
Do the two product descriptions refer to the same real-world product? Entity 1: 'Shimano Ultegra Chain HG701 - 116L - with Quick Link'. Entity 2: 'Shimano HG701 Ultegra R8000 XT M8000 11 Speed Chain with split'.,Yes
Do the two product descriptions refer to the same real-world product? Entity 1: 'Shimano Ultegra Chain HG701 - 116L - with split 11 Speed'. Entity 2: 'Shimano HG701 Ultegra R8000 XT M8000  Chain with Quick Link'.,Yes
Do the two product descriptions refer to the same real-world product? Entity 1: 'Shimano Ultegra Chain HG701 - 116L - with split R8000 XT M8000'. Entity 2: 'Shimano HG701 Ultegra  11 Speed Chain with Quick Link'.,Yes
Do the two product descriptions refer to the same real-world product? Entity 1: 'SM-SH11 SPDSL CLEAT SET FLOATING MODE YELLOW'. Entity 2: 'SPD-SL-CLEAT-SET-SMSH11-(YELLOW)-[6DEGREE]'.,Yes
Do the two product descriptions refer to the same real-world product? Entity 1: 'SMSH11 SPD-SL-CLEAT-SET YELLOW'. Entity 2: 'SPDSL CLEAT SET FLOATING MODE-SM-SH11-(YELLOW)-[6DEGREE]'.,Yes
Do the two product descriptions refer to the same real-world product? Entity 1: 'SMSH11 SPDSL CLEAT SET FLOATING MODE YELLOW 6DEGREE'. Entity 2: 'SPD-SL-CLEAT-SET-SM-SH11-(YELLOW)-[]'.,Yes
"Do the two product descriptions refer to the same real-world product? Entity 1: 'Samsung 860 PRO 2.5\"" 1000 GB Serial ATA III 3D MLC'. Entity 2: 'Samsung 860 PRO 1TB SSD 2-bit MLC V-NAND SATA III 6Gb/s 2.5"" Internal Solid State Drive'.",Yes
"Do the two product descriptions refer to the same real-world product? Entity 1: 'Samsung 860 PRO 2.5\"" 1TB Serial ATA III 3D MLC'. Entity 2: 'Samsung 860 PRO 1000 GB SSD 2-bit MLC V-NAND SATA III 6Gb/s 2.5 Internal Solid State Drive'.",Yes
"Do the two product descriptions refer to the same real-world product? Entity 1: 'Samsung 860 PRO 2.5\"" 1000 GB SATA III 3D MLC'. Entity 2: 'Samsung 860 PRO 1TB SSD 2-bit MLC V-NAND Serial ATA III 6Gb/s 2.5 Internal Solid State Drive'.",Yes
"Do the two product descriptions refer to the same real-world product? Entity 1: 'Samsung 860 PRO 2.5\"" 1000 GB Serial ATA III 2-bit MLC V-NAND'. Entity 2: 'Samsung 860 PRO 1TB SSD 3D MLC SATA III 6Gb/s 2.5 Internal Solid State Drive'.",Yes
"Do the two product descriptions refer to the same real-world product? Entity 1: 'Samsung 860 PRO 2.5\"" 1000 GB Serial ATA III 3D MLC 6Gb/s'. Entity 2: 'Samsung 860 PRO 1TB SSD 2-bit MLC V-NAND SATA III  2.5 Internal Solid State Drive'.",Yes
"Do the two product descriptions refer to the same real-world product? Entity 1: 'Basilisk V2 Ergonomic Gaming Mouse Razer'. Entity 2: ' Basilisk V2 Wired Ergonomic Gaming Mouse, 11 Programmable Buttons | RZ01-03160100-R3M1'.",Yes
"Do the two product descriptions refer to the same real-world product? Entity 1: 'Basilisk V2 Wired Ergonomic Gaming Mouse'. Entity 2: 'Razer Basilisk V2 Ergonomic Gaming Mouse, 11 Programmable Buttons | RZ01-03160100-R3M1'.",Yes
"Do the two product descriptions refer to the same real-world product? Entity 1: 'Basilisk V2 Ergonomic Gaming Mouse 11 Programmable Buttons'. Entity 2: 'Razer Basilisk V2 Wired Ergonomic Gaming Mouse,  | RZ01-03160100-R3M1'.",Yes
"Do the two product descriptions refer to the same real-world product? Entity 1: 'Basilisk V2 Ergonomic Gaming Mouse RZ01-03160100-R3M1'. Entity 2: 'Razer Basilisk V2 Wired Ergonomic Gaming Mouse, 11 Programmable Buttons | '.",Yes
"Do the two product descriptions refer to the same real-world product? Entity 1: ' IronWolf PRO 16TB NAS Professional'. Entity 2: '16TB IronWolf Pro ST16000NE000, 7200 RPM, SATA 6Gb/s, 256MB cache, 3.5-Inch HDD Seagate'.",Yes
"Do the two product descriptions refer to the same real-world product? Entity 1: 'Seagate IronWolf PRO 16TB NAS Professional ST16000NE000'. Entity 2: '16TB IronWolf Pro , 7200 RPM, SATA 6Gb/s, 256MB cache, 3.5-Inch HDD'.",Yes
"Do the two product descriptions refer to the same real-world product? Entity 1: 'Seagate IronWolf PRO 16TB NAS Professional 7200 RPM'. Entity 2: '16TB IronWolf Pro ST16000NE000, , SATA 6Gb/s, 256MB cache, 3.5-Inch HDD'.",Yes
"Do the two product descriptions refer to the same real-world product? Entity 1: 'Seagate IronWolf PRO 16TB NAS Professional SATA 6Gb/s'. Entity 2: '16TB IronWolf Pro ST16000NE000, 7200 RPM, , 256MB cache, 3.5-Inch HDD'.",Yes
"Do the two product descriptions refer to the same real-world product? Entity 1: 'Seagate IronWolf PRO 16TB NAS Professional 256MB'. Entity 2: '16TB IronWolf Pro ST16000NE000, 7200 RPM, SATA 6Gb/s,  cache, 3.5-Inch HDD'.",Yes
"Do the two product descriptions refer to the same real-world product? Entity 1: 'Seagate IronWolf PRO 16TB NAS Professional 3.5-Inch'. Entity 2: '16TB IronWolf Pro ST16000NE000, 7200 RPM, SATA 6Gb/s, 256MB cache,  HDD'.",Yes
"Do the two product descriptions refer to the same real-world product? Entity 1: 'Evans - EMAD Clear Bass Drum Head, 20\""'. Entity 2: 'Evans 20” Clear EMAD Bass Batter'.",Yes
"Do the two product descriptions refer to the same real-world product? Entity 1: 'Evans - Clear EMAD Bass Batter, 20\""'. Entity 2: 'Evans 20"" EMAD Clear Bass Drum Head'.",Yes
Do the two product descriptions refer to the same real-world product? Entity 1: 'DS-7216HQHI-K1 Hikvision 16 cs. TURBO HD DVR'. Entity 2: 'TurboHD DVRDS-7216HQHI-K1 1080P'.,Yes
Do the two product descriptions refer to the same real-world product? Entity 1: 'DS-7216HQHI-K1 Hikvision  TurboHD DVR'. Entity 2: 'TURBO HD DVRDS-7216HQHI-K1 1080P 16 cs.'.,Yes
Do the two product descriptions refer to the same real-world product? Entity 1: 'DS-7216HQHI-K1 Hikvision 16 cs. TurboHD DVR 1080P'. Entity 2: 'TURBO HD DVRDS-7216HQHI-K1 '.,Yes
Do the two product descriptions refer to the same real-world product? Entity 1: 'Zebra TrueColours ix Series Monochrome - 1000 Prints'. Entity 2: 'Zebra Black Monochrome Ribbon 800033-801 - 1 - black - print ribbon'.,Yes
Do the two product descriptions refer to the same real-world product? Entity 1: 'Zebra Black Monochrome Ribbon 800033-801 - '. Entity 2: 'Zebra TrueColours ix Series Monochrome - 1 - black - print ribbon 1000 Prints'.,Yes
Do the two product descriptions refer to the same real-world product? Entity 1: 'Crucial 500GB MX500 M.2 2280 SATA 6Gb/s SSD'. Entity 2: 'Crucial MX500 M.2 2880 500GB Internal SSD 560MB/s CT500MX500SSD4 | PCByte'.,Yes
Do the two product descriptions refer to the same real-world product? Entity 1: 'Crucial 500GB MX500 M.2 2880  SSD'. Entity 2: 'Crucial MX500 M.2 2280 500GB Internal SSD 560MB/s CT500MX500SSD4 | PCByte SATA 6Gb/s'.,Yes
Do the two product descriptions refer to the same real-world product? Entity 1: 'Crucial 500GB MX500 M.2 2880 SATA 6Gb/s SSD 560MB/s'. Entity 2: 'Crucial MX500 M.2 2280 500GB Internal SSD  CT500MX500SSD4 | PCByte'.,Yes
Do the two product descriptions refer to the same real-world product? Entity 1: 'Crucial 500GB MX500 M.2 2880 SATA 6Gb/s SSD CT500MX500SSD4'. Entity 2: 'Crucial MX500 M.2 2280 500GB Internal SSD 560MB/s  | PCByte'.,Yes
Do the two product descriptions refer to the same real-world product? Entity 1: 'Fujifilm Instax Mini Instant Film (Monochrome 10's)'. Entity 2: 'Fujifilm INSTAX Mini Monochrome Film (10 Exposures)'.,Yes
Do the two product descriptions refer to the same real-world product? Entity 1: 'Fujifilm Instax Mini Film (Monochrome 10 Exposures)'. Entity 2: 'Fujifilm INSTAX Mini Monochrome Instant Film (10's)'.,Yes
"Do the two product descriptions refer to the same real-world product? Entity 1: 'BROTHER HL-L6200DW WIRELESSMONO LASER PRINTER WITH2-Sided PRINTING(46 PPM, 520 Sheets Paper...'. Entity 2: 'Brother HL-L6200DW Wireless Mono Laser Printer'.",Yes
"Do the two product descriptions refer to the same real-world product? Entity 1: 'BROTHER HL-L6200DW WIRELESSMONO LASER PRINTER WITH2-Sided PRINTING(46 PPM, 520 Sheets Paper...'. Entity 2: 'Brother HL-L6200DW Business Laser Printer 2-Sided Printing, 46 PPM, 520 Sheets Paper'.",Yes
Do the two product descriptions refer to the same real-world product? Entity 1: 'Samsung 970 Evo 500GB NVMe PCIe M.2 High Speed Solid State Drive with V-Nand'. Entity 2: 'Samsung 970 EVO 500GB - NVME M.2 2280 SSD | MZ-V7E500BW'.,Yes
Do the two product descriptions refer to the same real-world product? Entity 1: 'Samsung 970 Evo 500GB NVME M.2 High Speed Solid State Drive with V-Nand 2280'. Entity 2: 'Samsung 970 EVO 500GB - NVMe PCIe M.2  SSD | MZ-V7E500BW'.,Yes
Do the two product descriptions refer to the same real-world product? Entity 1: 'Samsung 970 Evo 500GB NVME M.2 High Speed Solid State Drive with V-Nand MZ-V7E500BW'. Entity 2: 'Samsung 970 EVO 500GB - NVMe PCIe M.2 2280 SSD | '.,Yes
Do the two product descriptions refer to the same real-world product? Entity 1: 'Samsung 970 Evo 500GB NVME M.2 High Speed Solid State Drive with '. Entity 2: 'Samsung 970 EVO 500GB - NVMe PCIe M.2 2280 SSD | MZ-V7E500BW V-Nand'.,Yes
Do the two product descriptions refer to the same real-world product? Entity 1: 'OKI 44992402 Style  Compatible Toner'. Entity 2: 'Originln toner OKI 44992402 (ern) Black'.,Yes
Do the two product descriptions refer to the same real-world product? Entity 1: 'OKI 44992402 Style Black Original Toner'. Entity 2: 'Originln toner OKI 44992402 (ern)'.,Yes
"Do the two product descriptions refer to the same real-world product? Entity 1: 'Cartus ink cartridge Epson Discproducer PP-100AP, magenta'. Entity 2: 'EPSON Magenta toner Discproducer'.",Yes
"Do the two product descriptions refer to the same real-world product? Entity 1: 'Cartus toner Epson Discproducer, magenta'. Entity 2: 'EPSON Magenta ink cartridge Discproducer PP-100AP'.",Yes
Do the two product descriptions refer to the same real-world product? Entity 1: 'Kingston DataTraveler microDuo 3C 128GB USB flash drive USB Type-A / USB Type-C 3.0 (3.1 Gen 1) Silver'. Entity 2: 'Kingston Technology DataTraveler microDuo 128GB USB 3.0'.,Yes
Do the two product descriptions refer to the same real-world product? Entity 1: 'Kingston Technology DataTraveler microDuo 128GB USB flash drive USB Type-A / USB Type-C 3.0 (3.1 Gen 1) Silver'. Entity 2: 'Kingston DataTraveler microDuo 3C 128GB USB 3.0'.,Yes
Do the two product descriptions refer to the same real-world product? Entity 1: 'Kingston Technology DataTraveler microDuo 3C 128GB USB flash drive USB Type-A / USB Type-C 3.0 (3.1 Gen 1) Silver'. Entity 2: 'Kingston DataTraveler microDuo 128GB USB 3.0 (3.1 Gen 1)'.,Yes
Do the two product descriptions refer to the same real-world product? Entity 1: 'Kingston Technology DataTraveler microDuo 3C 128GB USB flash drive  3.0 (3.1 Gen 1) Silver'. Entity 2: 'Kingston DataTraveler microDuo 128GB USB 3.0 USB Type-A / USB Type-C'.,Yes
Do the two product descriptions refer to the same real-world product? Entity 1: 'Kingston Technology DataTraveler microDuo 3C 128GB USB flash drive USB Type-A / USB Type-C 3.0 (3.1 Gen 1) '. Entity 2: 'Kingston DataTraveler microDuo 128GB USB 3.0 Silver'.,Yes
Do the two product descriptions refer to the same real-world product? Entity 1: 'Sram/Avid Disc Brake Pad Set Organic Compound'. Entity 2: 'SRAM Road Disc Brake Pads - Road/Level (Organic/Steel Back)'.,Yes
Do the two product descriptions refer to the same real-world product? Entity 1: 'SRAM Road Disc Brake Pads Organic Compound'. Entity 2: 'Sram/Avid Disc Brake Pad Set - Road/Level (Organic/Steel Back)'.,Yes
Do the two product descriptions refer to the same real-world product? Entity 1: 'SRAM Disc Brake Pad Set Organic'. Entity 2: 'Sram/Avid Road Disc Brake Pads - Road/Level (Organic Compound/Steel Back)'.,Yes
Do the two product descriptions refer to the same real-world product? Entity 1: 'SRAM Disc Brake Pad Set Organic Compound Steel Back'. Entity 2: 'Sram/Avid Road Disc Brake Pads - Road/Level (Organic/)'.,Yes
Do the two product descriptions refer to the same real-world product? Entity 1: 'SRAM Disc Brake Pad Set Organic Compound Road/Level'. Entity 2: 'Sram/Avid Road Disc Brake Pads -  (Organic/Steel Back)'.,Yes
Do the two product descriptions refer to the same real-world product? Entity 1: 'Sigma 105mm f1.4 DG HSM Art Lens for EOS'. Entity 2: 'Sigma 105mm F1.4 Art DG HSM Canon Mount Lens'.,Yes
"Do the two product descriptions refer to the same real-world product? Entity 1: 'RAM 2\"" Double Socket Arm for 1\"" Balls'. Entity 2: 'Ram Mount Double Socket Clamp Arm SHORT'.",Yes
"Do the two product descriptions refer to the same real-world product? Entity 1: 'Ram Mount 2\"" Double Socket Clamp Arm for 1\"" Balls'. Entity 2: 'RAM Double Socket Arm SHORT'.",Yes
"Do the two product descriptions refer to the same real-world product? Entity 1: 'Ram Mount 2\"" Double Socket Arm for 1\"" Balls'. Entity 2: 'RAM Double Socket Clamp Arm 2""'.",Yes
"Do the two product descriptions refer to the same real-world product? Entity 1: 'Ram Mount 2\"" Double Socket Arm for 1\"" Balls'. Entity 2: 'RAM Double Socket Clamp Arm SHORT 1"" Balls'.",Yes
Do the two product descriptions refer to the same real-world product? Entity 1: 'SHIMANO CN-HG95 chain'. Entity 2: 'Shimano XT CN-HG95 HG-X 116 links chain'.,Yes
Do the two product descriptions refer to the same real-world product? Entity 1: 'SHIMANO XT CN-HG95 HG-X chain 116 links'. Entity 2: 'Shimano CN-HG95  chain'.,Yes
"Do the two product descriptions refer to the same real-world product? Entity 1: 'AMD Ryzen 5 2600X - 4.25 GHz - 6x - 12 threads - 19 MB cache - Socket AM4 - Box'. Entity 2: 'YD260XBCAFBOX - AMD AM4 Ryzen 5 2600X, 6-core 3.60GHz, boxed'.",Yes
"Do the two product descriptions refer to the same real-world product? Entity 1: 'AMD Ryzen 5 2600X - 3.60GHz - 6-core - 12 threads - 19 MB cache - Socket AM4 - Box'. Entity 2: 'YD260XBCAFBOX - AMD AM4 Ryzen 5 2600X, 6x 4.25 GHz, boxed'.",Yes
"Do the two product descriptions refer to the same real-world product? Entity 1: 'AMD Ryzen 5 2600X - 4.25 GHz - 6-core -  - 19 MB cache - Socket AM4 - Box'. Entity 2: 'YD260XBCAFBOX - AMD AM4 Ryzen 5 2600X, 6x 3.60GHz, boxed 12 threads'.",Yes
"Do the two product descriptions refer to the same real-world product? Entity 1: 'AMD Ryzen 5 2600X - 4.25 GHz - 6-core - 12 threads -  - Socket AM4 - Box'. Entity 2: 'YD260XBCAFBOX - AMD AM4 Ryzen 5 2600X, 6x 3.60GHz, boxed 19 MB cache'.",Yes
"Do the two product descriptions refer to the same real-world product? Entity 1: 'AMD Ryzen 5 2600X - 4.25 GHz - 6-core - 12 threads - 19 MB cache - Socket AM4 - boxed'. Entity 2: 'YD260XBCAFBOX - AMD AM4 Ryzen 5 2600X, 6x 3.60GHz, Box'.",Yes
Do the two product descriptions refer to the same real-world product? Entity 1: 'Traveler's Company / Refill 001 / Lined Notebook'. Entity 2: 'Traveler's Notebook 001. LINED REFILL MIDORI TRAVELER'S NOTEBOOK'.,Yes
Do the two product descriptions refer to the same real-world product? Entity 1: 'Traveler's Notebook / 001. LINED REFILL / Lined Notebook'. Entity 2: 'Traveler's Company Refill 001 MIDORI TRAVELER'S NOTEBOOK'.,Yes
Do the two product descriptions refer to the same real-world product? Entity 1: 'Traveler's Notebook / Refill 001 / LINED REFILL'. Entity 2: 'Traveler's Company 001. Lined Notebook MIDORI TRAVELER'S NOTEBOOK'.,Yes
Do the two product descriptions refer to the same real-world product? Entity 1: 'Traveler's Notebook / Refill 001 / Lined Notebook MIDORI TRAVELER'S NOTEBOOK'. Entity 2: 'Traveler's Company 001. LINED REFILL '.,Yes
"Do the two product descriptions refer to the same real-world product? Entity 1: 'Disco Seagate NAS HDD IronWolf - 3.5"" - 10000 GB - 7200 RPM ST10000VN0008'. Entity 2: 'Seagate NAS HDD IronWolf - 3.5\"" - 10000 GB - 7200 RPM ST10000VN0008'.",Yes
"Do the two product descriptions refer to the same real-world product? Entity 1: 'Disco Seagate Ironwolf Nas 10Tb Sata3 (St10000vn0008)'. Entity 2: 'Seagate NAS HDD IronWolf - 3.5\"" - 10TB - 7200 RPM ST10000VN0008'.",Yes
"Do the two product descriptions refer to the same real-world product? Entity 1: 'Disco Seagate Ironwolf Nas 10Tb Sata3 (St10000vn0008) 7200 RPM'. Entity 2: 'Seagate NAS HDD IronWolf - 3.5\"" - 10000 GB -  ST10000VN0008'.",Yes
"Do the two product descriptions refer to the same real-world product? Entity 1: 'Disco Seagate Ironwolf Nas 10Tb Sata3 (St10000vn0008) 3.5""'. Entity 2: 'Seagate NAS HDD IronWolf - 3.5\"" - 10000 GB - 7200 RPM ST10000VN0008'.",Yes
"Do the two product descriptions refer to the same real-world product? Entity 1: '3M - PF230W9F Privacy Filter 23.0 ACCS'. Entity 2: '3M - EYE PROTECTION FILTER DESKTOPS FRAME STANDARD 23.0\""\"" Framed'.",Yes
"Do the two product descriptions refer to the same real-world product? Entity 1: '3M -  EYE PROTECTION FILTER DESKTOPS FRAME STANDARD 23.0 ACCS'. Entity 2: '3M - Privacy Filter 23.0\""\"" Framed PF230W9F'.",Yes
"Do the two product descriptions refer to the same real-world product? Entity 1: '3M - PF230W9F EYE PROTECTION FILTER DESKTOPS FRAME STANDARD 23.0 '. Entity 2: '3M - Privacy Filter 23.0\""\"" Framed ACCS'.",Yes
"Do the two product descriptions refer to the same real-world product? Entity 1: 'Maxxis Maxxis Minion DHR2 Tire: 29 x 2.40"", Folding, 60tpi, 3C MaxxGrip 2- Ply, Tubeless Ready, Wide Trail, Black'. Entity 2: 'Maxxis Maxxis, Minion DHR II, Tire, 29''x2.40, Folding, Tubeless Ready, 3C Maxx Grip, 2-ply, Wide Trail, 60TPI, Black'.",Yes
"Do the two product descriptions refer to the same real-world product? Entity 1: 'Maxxis Maxxis Minion DHR II Tire: 29''x2.40, Folding, 60tpi, 3C MaxxGrip 2- Ply, Tubeless Ready, Wide Trail, Black'. Entity 2: 'Maxxis Maxxis, Minion DHR2, Tire, 29 x 2.40"", Folding, Tubeless Ready, 3C Maxx Grip, 2-ply, Wide Trail, 60TPI, Black'.",Yes
"Do the two product descriptions refer to the same real-world product? Entity 1: 'Maxxis Maxxis Minion DHR II Tire: 29 x 2.40"", Folding, 60tpi, 3C Maxx Grip 2- Ply, Tubeless Ready, Wide Trail, Black'. Entity 2: 'Maxxis Maxxis, Minion DHR2, Tire, 29''x2.40, Folding, Tubeless Ready, 3C MaxxGrip, 2-ply, Wide Trail, 60TPI, Black'.",Yes
Do the two product descriptions refer to the same real-world product? Entity 1: 'KINGSTON ValueRAM RAM Module - 4GB (1 x 4GB) - DDR4 SDRAM'. Entity 2: 'Kingston ValueRAM 4GB No Heatsink (1 x 4GB) DDR4 2400MHz SODIMM System Memory'.,Yes
Do the two product descriptions refer to the same real-world product? Entity 1: 'KINGSTON ValueRAM RAM Module - 4 GB (1 x 4 GB) - DDR4'. Entity 2: 'Kingston ValueRAM 4GB No Heatsink (1 x 4GB) DDR4 SDRAM 2400MHz SODIMM System Memory'.,Yes
Do the two product descriptions refer to the same real-world product? Entity 1: 'KINGSTON ValueRAM RAM Module - 4 GB (1 x 4 GB) - DDR4 SDRAM No Heatsink'. Entity 2: 'Kingston ValueRAM 4GB  (1 x 4GB) DDR4 2400MHz SODIMM System Memory'.,Yes
Do the two product descriptions refer to the same real-world product? Entity 1: 'KINGSTON ValueRAM RAM Module - 4 GB (1 x 4 GB) - DDR4 SDRAM 2400MHz'. Entity 2: 'Kingston ValueRAM 4GB No Heatsink (1 x 4GB) DDR4  SODIMM System Memory'.,Yes
Do the two product descriptions refer to the same real-world product? Entity 1: 'KINGSTON ValueRAM RAM Module - 4 GB (1 x 4 GB) - DDR4 SDRAM SODIMM'. Entity 2: 'Kingston ValueRAM 4GB No Heatsink (1 x 4GB) DDR4 2400MHz  System Memory'.,Yes
Do the two product descriptions refer to the same real-world product? Entity 1: 'Toner Original Oki Ciano (C831/841)'. Entity 2: 'OKI 44844507 Cyan Toner 10K'.,Yes
Do the two product descriptions refer to the same real-world product? Entity 1: 'Toner Original Oki Cyan (44844507)'. Entity 2: 'OKI C831/841 Ciano Toner 10K'.,Yes
Do the two product descriptions refer to the same real-world product? Entity 1: 'Toner Original Oki Ciano (44844507) 10K'. Entity 2: 'OKI C831/841 Cyan Toner '.,Yes
Do the two product descriptions refer to the same real-world product? Entity 1: 'HPE 300GB 6G SAS 15K rpm SFF (2.5-inch) SC Enterprise'. Entity 2: 'HP 300GB SERVER SMART MEMORY 6G 15K SAS 2.5 652611-B21'.,Yes
Do the two product descriptions refer to the same real-world product? Entity 1: 'HP 300GB 6G SAS 15K SFF (2.5-inch) SC Enterprise'. Entity 2: 'HPE 300GB SERVER SMART MEMORY 6G 15K rpm SAS 2.5 652611-B21'.,Yes
Do the two product descriptions refer to the same real-world product? Entity 1: 'HP 300GB 6G SAS 15K rpm 2.5 SC Enterprise'. Entity 2: 'HPE 300GB SERVER SMART MEMORY 6G 15K SAS SFF (2.5-inch) 652611-B21'.,Yes
Do the two product descriptions refer to the same real-world product? Entity 1: 'HP 300GB 6G SAS 15K rpm SFF (2.5-inch) SC SERVER SMART MEMORY'. Entity 2: 'HPE 300GB Enterprise 6G 15K SAS 2.5 652611-B21'.,Yes
Do the two product descriptions refer to the same real-world product? Entity 1: 'HP 300GB 6G SAS 15K rpm SFF (2.5-inch) SC Enterprise 652611-B21'. Entity 2: 'HPE 300GB SERVER SMART MEMORY 6G 15K SAS 2.5 '.,Yes
"Do the two product descriptions refer to the same real-world product? Entity 1: 'ShimanoSm - CLEATS SH-10 FIXED RED'. Entity 2: 'Shimano-Sh10 Spd-Sl Cleats, Fixed'.",Yes
"Do the two product descriptions refer to the same real-world product? Entity 1: 'Shimano - Sh10 Spd-Sl Cleats, Fixed'. Entity 2: 'ShimanoSm-CLEATS SH-10 FIXED RED'.",Yes
Do the two product descriptions refer to the same real-world product? Entity 1: 'Kingston 32 GB DDR4 3000MHz Kit(2x16GB) HyperX Predator Intel XMP'. Entity 2: 'Kingston HyperX Predator 32GB - PC4-24000 - DIMM'.,Yes
Do the two product descriptions refer to the same real-world product? Entity 1: 'Kingston 32GB PC4-24000 3000MHz Kit(2x16GB) HyperX Predator Intel XMP'. Entity 2: 'Kingston HyperX Predator 32 GB - DDR4 - DIMM'.,Yes
Do the two product descriptions refer to the same real-world product? Entity 1: 'Kingston 32GB DDR4 3000MHz DIMM HyperX Predator Intel XMP'. Entity 2: 'Kingston HyperX Predator 32 GB - PC4-24000 - Kit(2x16GB)'.,Yes
Do the two product descriptions refer to the same real-world product? Entity 1: 'Kingston 32GB DDR4  Kit(2x16GB) HyperX Predator Intel XMP'. Entity 2: 'Kingston HyperX Predator 32 GB - PC4-24000 - DIMM 3000MHz'.,Yes
Do the two product descriptions refer to the same real-world product? Entity 1: 'Audio-Technica ATH-M50xWH Professional Studio Monitor Headphones'. Entity 2: 'Audio Technica ATH-M50x Monitor Headphones - White'.,Yes
Do the two product descriptions refer to the same real-world product? Entity 1: 'Audio Technica ATH-M50x Professional Studio Monitor Headphones'. Entity 2: 'Audio-Technica ATH-M50xWH Monitor Headphones - White'.,Yes
Do the two product descriptions refer to the same real-world product? Entity 1: 'Audio Technica ATH-M50xWH Monitor Headphones'. Entity 2: 'Audio-Technica ATH-M50x Professional Studio Monitor Headphones - White'.,Yes
Do the two product descriptions refer to the same real-world product? Entity 1: 'Razer DeathAdder V2 mouse (Warranty 2years with Ban Leong)'. Entity 2: 'Razer DeathAdder V2 Ergonomic Wired Gaming Mouse (RZ01-03210100-R3M1) USB Type-A Right-hand'.,Yes
Do the two product descriptions refer to the same real-world product? Entity 1: 'Razer DeathAdder V2 Ergonomic USB Type-A Gaming Mouse (RZ01-03210100-R3M1) (Warranty 2years with Ban Leong)'. Entity 2: 'Razer DeathAdder V2 mouse Wired Right-hand'.,Yes
Do the two product descriptions refer to the same real-world product? Entity 1: 'Razer DeathAdder V2 Ergonomic Wired Gaming Mouse (RZ01-03210100-R3M1) (Warranty 2years with Ban Leong) Right-hand'. Entity 2: 'Razer DeathAdder V2 mouse USB Type-A '.,Yes
Do the two product descriptions refer to the same real-world product? Entity 1: 'Razer DeathAdder V2 Ergonomic Wired Gaming Mouse (RZ01-03210100-R3M1) (Warranty 2years with Ban Leong)'. Entity 2: 'Razer DeathAdder V2 mouse USB Type-A Right-hand 2 years with Ban Leong'.,Yes
Do the two product descriptions refer to the same real-world product? Entity 1: 'Access Point TP-LINK Wireless N 300Mbs  - 3 Antenas'. Entity 2: 'Access Point TP-Link 450MBPS TL-WA901ND Wireless B/G/N'.,Yes
Do the two product descriptions refer to the same real-world product? Entity 1: 'Access Point TP-LINK Wireless N 450MBPS B/G/N - 3 Antenas'. Entity 2: 'Access Point TP-Link 300Mbs TL-WA901ND Wireless'.,Yes
Do the two product descriptions refer to the same real-world product? Entity 1: 'Access Point TP-LINK Wireless N 300Mbs B/G/N - '. Entity 2: 'Access Point TP-Link 450MBPS TL-WA901ND Wireless 3 Antenas'.,Yes
Do the two product descriptions refer to the same real-world product? Entity 1: 'Access Point TP-LINK Wireless N 300Mbs B/G/N - 3 Antenas TL-WA901ND'. Entity 2: 'Access Point TP-Link 450MBPS  Wireless'.,Yes
"Do the two product descriptions refer to the same real-world product? Entity 1: 'ASUS GeForce RTX 2080 SUPER 8GB Dual Evo OC'. Entity 2: 'ASUS GeForce® RTX 2080 SUPER™ DUAL OC EVO 8GB (90YV0DJ0-M0NM00) (NVIDIA, Grafikkarte)'.",Yes
"Do the two product descriptions refer to the same real-world product? Entity 1: 'ASUS GeForce RTX 2080 SUPER 8GB DUAL OC EVO 90YV0DJ0-M0NM00'. Entity 2: 'ASUS GeForce® RTX 2080 SUPER™ Dual Evo OC 8GB () (NVIDIA, Grafikkarte)'.",Yes
Do the two product descriptions refer to the same real-world product? Entity 1: 'Intel I7-10700KF Prosessor'. Entity 2: 'INTEL CPU 10TH GEN COMET LAKE Core i7-10700KF 3.80GHZ LGA1200 16.00MB CACHE BOXED'.,Yes
Do the two product descriptions refer to the same real-world product? Entity 1: 'Intel Core i7-10700KF Prosessor 10th Gen'. Entity 2: 'INTEL CPU 10TH GEN COMET LAKE I7-10700KF 3.80GHZ LGA1200 16.00MB CACHE BOXED'.,Yes
Do the two product descriptions refer to the same real-world product? Entity 1: 'Intel Core i7-10700KF Prosessor Comet Lake'. Entity 2: 'INTEL CPU 10TH GEN COMET LAKE I7-10700KF 3.80GHZ LGA1200 16.00MB CACHE BOXED'.,Yes
Do the two product descriptions refer to the same real-world product? Entity 1: 'Intel Core i7-10700KF Prosessor 3.80GHz'. Entity 2: 'INTEL CPU 10TH GEN COMET LAKE I7-10700KF 3.80GHZ LGA1200 16.00MB CACHE BOXED'.,Yes
Do the two product descriptions refer to the same real-world product? Entity 1: 'Intel Core i7-10700KF Prosessor LGA1200'. Entity 2: 'INTEL CPU 10TH GEN COMET LAKE I7-10700KF 3.80GHZ  16.00MB CACHE BOXED'.,Yes
Do the two product descriptions refer to the same real-world product? Entity 1: 'Intel Core i7-10700KF Prosessor 16.00MB'. Entity 2: 'INTEL CPU 10TH GEN COMET LAKE I7-10700KF 3.80GHZ LGA1200  CACHE BOXED'.,Yes
Do the two product descriptions refer to the same real-world product? Entity 1: 'Intel Core i7-10700KF Prosessor Boxed'. Entity 2: 'INTEL CPU 10TH GEN COMET LAKE I7-10700KF 3.80GHZ LGA1200 16.00MB CACHE BOXED'.,Yes
Do the two product descriptions refer to the same real-world product? Entity 1: 'Obiectiv foto CANON EF-S 10-18 f/4.5-5.6 IS STM'. Entity 2: 'Canon EF-S 10-18mm/4.5-5.6 IS STM'.,Yes
Do the two product descriptions refer to the same real-world product? Entity 1: 'Obiectiv foto CANON EF-S 10-18mm 4.5-5.6 IS STM'. Entity 2: 'Canon EF-S 10-18/f/4.5-5.6 IS STM'.,Yes
Do the two product descriptions refer to the same real-world product? Entity 1: 'Logitech® - HD WEBCAM C310 - USB - EMEAIN'. Entity 2: 'LOGITECH HD Webcam C310 - USB'.,Yes
Do the two product descriptions refer to the same real-world product? Entity 1: 'LOGITECH - HD WEBCAM C310 - USB - '. Entity 2: 'Logitech® HD Webcam C310 - USB EMEAIN'.,Yes
Do the two product descriptions refer to the same real-world product? Entity 1: 'Atomos Coiled Full HDMI to Full HDMI Cable (30cm) - ATOM-CAB010'. Entity 2: 'Atomos ATOMCAB010 Full To Full Hdmi Coiled Cable'.,Yes
Do the two product descriptions refer to the same real-world product? Entity 1: 'Atomos Coiled Full To Full Hdmi Coiled Cable (30cm) - ATOMCAB010'. Entity 2: 'Atomos ATOM-CAB010 Full HDMI to Full HDMI Cable'.,Yes
Do the two product descriptions refer to the same real-world product? Entity 1: 'Atomos Coiled Full HDMI to Full HDMI Cable () - ATOMCAB010'. Entity 2: 'Atomos ATOM-CAB010 Full To Full Hdmi Coiled Cable 30cm'.,Yes
Do the two product descriptions refer to the same real-world product? Entity 1: 'TP-Link AC1200 (EAP225-Outdoor) Wireless Dual Band Gigabit Outdoor Access Point'. Entity 2: 'TP-Link AC1200 Wireless MU-MIMO Gigabit Indoor/Outdoor Access Point (EAP225-Outdoor) AC1200 Outdoor'.,Yes
Do the two product descriptions refer to the same real-world product? Entity 1: 'TP-Link Omada AC1200 Wireless  Gigabit Outdoor Access Point'. Entity 2: 'TP-Link AC1200 Wireless MU-MIMO Gigabit Indoor/Outdoor Access Point (EAP225-Outdoor) AC1200 Outdoor Dual Band'.,Yes
Do the two product descriptions refer to the same real-world product? Entity 1: 'TP-Link Omada AC1200 Wireless Dual Band Gigabit Outdoor Access Point MU-MIMO'. Entity 2: 'TP-Link AC1200 Wireless  Gigabit Indoor/Outdoor Access Point (EAP225-Outdoor) AC1200 Outdoor'.,Yes
Do the two product descriptions refer to the same real-world product? Entity 1: 'TP-Link Omada AC1200 Wireless Dual Band Gigabit Indoor/Outdoor Access Point'. Entity 2: 'TP-Link AC1200 Wireless MU-MIMO Gigabit Outdoor Access Point (EAP225-Outdoor) AC1200 Outdoor'.,Yes
"Do the two product descriptions refer to the same real-world product? Entity 1: '507125-B21 Hewlett Packard Enterprise 146-GB 6G 10K 2.5 DP SAS HDD'. Entity 2: 'HP HDD 146GB 10K SAS 2,5INCH (507125-B21)'.",Yes
"Do the two product descriptions refer to the same real-world product? Entity 1: '507125-B21 HP 146GB 6G 10K 2.5 DP SAS HDD'. Entity 2: 'Hewlett Packard Enterprise HDD 146-GB 10K SAS 2,5INCH (507125-B21)'.",Yes
"Do the two product descriptions refer to the same real-world product? Entity 1: '507125-B21 HP 146-GB 6G 10K 2.5 DP SAS HDD'. Entity 2: 'Hewlett Packard Enterprise HDD 146GB 10K SAS 6G 2,5INCH (507125-B21)'.",Yes
"Do the two product descriptions refer to the same real-world product? Entity 1: '507125-B21 HP 146-GB 6G 10K 2.5INCH SAS HDD'. Entity 2: 'Hewlett Packard Enterprise HDD 146GB 10K SAS 2,5INCH (507125-B21)'.",Yes
"Do the two product descriptions refer to the same real-world product? Entity 1: 'SDS2/32GB, 32GB SDHC Canvas Select Plus 100R C10 UHS-I U1 V10 Kingston'. Entity 2: ' Canvas Select Plus SDHC Memory Card UHS-I 4K FULL HD 100MB/s - 32GB'.",Yes
"Do the two product descriptions refer to the same real-world product? Entity 1: 'SDS2/32GB, 32GB SDHC Canvas Select Plus UHS-I 4K FULL HD 100MB/s'. Entity 2: 'Kingston Canvas Select Plus SDHC Memory Card 100R C10 UHS-I U1 V10 - 32GB'.",Yes
Do the two product descriptions refer to the same real-world product? Entity 1: 'Seastar Powermatic 80 - T120.407.11.051.00'. Entity 2: 'TISSOT T1204071105100 Seastar 1000 Powermatic 80'.,Yes
Do the two product descriptions refer to the same real-world product? Entity 1: 'Seastar 1000 Powermatic 80 - T1204071105100'. Entity 2: 'TISSOT T120.407.11.051.00 Seastar Powermatic 80'.,Yes
"Do the two product descriptions refer to the same real-world product? Entity 1: 'Evans 14\"" EC2 Clear Drum Head'. Entity 2: 'Evans TT14EC2S Clear Drum Head, 14 Inch'.",Yes
"Do the two product descriptions refer to the same real-world product? Entity 1: 'Evans 14\"" TT14EC2S Clear Drum Head'. Entity 2: 'Evans EC2 Clear Drum Head, 14""'.",Yes
Do the two product descriptions refer to the same real-world product? Entity 1: 'FUJIFILM XF 80mm f/2.8 R LM OIS WR Macro Lens'. Entity 2: 'Fujifilm Aspherical Super EBC XF 80mm f2.8 R LM WR Macro Lens'.,Yes
Do the two product descriptions refer to the same real-world product? Entity 1: 'FUJIFILM Aspherical Super EBC XF 80mm f2.8 R LM OIS WR Macro Lens'. Entity 2: 'Fujifilm XF 80mm f/2.8 R LM WR Macro Lens'.,Yes
Do the two product descriptions refer to the same real-world product? Entity 1: 'FUJIFILM Aspherical Super EBC XF 80mm f/2.8 R LM WR Macro Lens'. Entity 2: 'Fujifilm XF 80mm f2.8 R LM OIS WR Macro Lens'.,Yes
Do the two product descriptions refer to the same real-world product? Entity 1: 'wifi adapter TP-LINK/USB 2.0/N300/QSS/TL-WN821N'. Entity 2: 'TP-Link TL-WN821 wifi 300Mbps USB adapter TL-WN821N'.,Yes
Do the two product descriptions refer to the same real-world product? Entity 1: 'ADAPTADOR INALAMBRICO TP-LINK/USB/N300/QSS/TL-WN821N'. Entity 2: 'TP-Link TL-WN821 wifi 300Mbps USB 2.0 adapter TL-WN821N'.,Yes
Do the two product descriptions refer to the same real-world product? Entity 1: 'ADAPTADOR INALAMBRICO TP-LINK/USB 2.0/300Mbps/QSS/TL-WN821N'. Entity 2: 'TP-Link TL-WN821 wifi N300 USB adapter TL-WN821N'.,Yes
Do the two product descriptions refer to the same real-world product? Entity 1: 'ADAPTADOR INALAMBRICO TP-LINK/USB 2.0/N300//TL-WN821N'. Entity 2: 'TP-Link TL-WN821 wifi 300Mbps USB adapter TL-WN821N QSS'.,Yes
Do the two product descriptions refer to the same real-world product? Entity 1: 'Kingston HyperX Fury Black Series 4GB DDR3 1600MHz CL10 Ram'. Entity 2: 'Kingston 4GB DDR3 1600MHz HyperX Fury'.,Yes
Do the two product descriptions refer to the same real-world product? Entity 1: 'Kingston HyperX Fury 4GB DDR3 1600MHz  Ram'. Entity 2: 'Kingston 4GB DDR3 1600MHz HyperX Fury Black Series CL10'.,Yes
"Do the two product descriptions refer to the same real-world product? Entity 1: 'CS-M8000 CASSETTE 11-40 XT 11-SPEED Shimano'. Entity 2: ' Deore XT CS-M8000 Cassette 11-speed, silver/grey'.",Yes
"Do the two product descriptions refer to the same real-world product? Entity 1: 'CS-M8000 CASSETTE 11-40 XT 11-SPEED silver/grey'. Entity 2: 'Shimano Deore XT CS-M8000 Cassette 11-speed, '.",Yes
"Do the two product descriptions refer to the same real-world product? Entity 1: 'CS-M8000 CASSETTE 11-40 Deore XT 11-SPEED'. Entity 2: 'Shimano XT CS-M8000 Cassette 11-speed, silver/grey'.",Yes
"Do the two product descriptions refer to the same real-world product? Entity 1: 'CS-M8000 CASSETTE  XT 11-SPEED'. Entity 2: 'Shimano Deore XT CS-M8000 Cassette 11-speed, silver/grey 11-40'.",Yes
Do the two product descriptions refer to the same real-world product? Entity 1: 'Crucial Crucial Memory 4GB DDR3 1600 1.35V SODIMM Retail CT51264BF160BJ'. Entity 2: 'Memoire DDR3L So Dimm Crucial 4GB DDR3L 1600 MT/S (PC3-12800)'.,Yes
Do the two product descriptions refer to the same real-world product? Entity 1: 'Crucial Crucial Memory 4GB DDR3L 1600 1.35V So Dimm Retail CT51264BF160BJ'. Entity 2: 'Memoire DDR3 SODIMM Crucial 4GB DDR3 1600 MT/S (PC3-12800)'.,Yes
Do the two product descriptions refer to the same real-world product? Entity 1: 'Crucial Crucial Memory 4GB DDR3L 1600  SODIMM Retail CT51264BF160BJ'. Entity 2: 'Memoire DDR3 So Dimm Crucial 4GB DDR3 1600 MT/S (PC3-12800) 1.35V'.,Yes
Do the two product descriptions refer to the same real-world product? Entity 1: 'Crucial Crucial Memory 4GB DDR3L 1600 1.35V SODIMM Retail '. Entity 2: 'Memoire DDR3 So Dimm Crucial 4GB DDR3 1600 MT/S (PC3-12800) CT51264BF160BJ'.,Yes
Do the two product descriptions refer to the same real-world product? Entity 1: 'TP-LINK EAP110 Access point - Wit Auranet'. Entity 2: 'TP-Link EAP110  Access Point 300Mps'.,Yes
Do the two product descriptions refer to the same real-world product? Entity 1: 'TP-LINK EAP110 Access point - Wit 300Mps'. Entity 2: 'TP-Link EAP110 Auranet Access Point '.,Yes
Do the two product descriptions refer to the same real-world product? Entity 1: 'TP-LINK EAP110 Access point - '. Entity 2: 'TP-Link EAP110 Auranet Access Point 300Mps Wit'.,Yes
"Do the two product descriptions refer to the same real-world product? Entity 1: 'CORSAIR Crystal Series 570X RGB Mid-Tower Case, 3 RGB Fans, Tempered Glass - White| CC-9011110-WW'. Entity 2: 'CORSAIR CRYSTAL 570X RGB Tempered Glass,Premium ATX Mid-Tower Case, WHITE'.",Yes
"Do the two product descriptions refer to the same real-world product? Entity 1: 'CORSAIR CRYSTAL 570X RGB ATX Mid-Tower Case, 3 RGB Fans, Tempered Glass - White| CC-9011110-WW'. Entity 2: 'CORSAIR Crystal Series 570X RGB Tempered Glass,Premium Mid-Tower Case, WHITE'.",Yes
"Do the two product descriptions refer to the same real-world product? Entity 1: 'CORSAIR CRYSTAL 570X RGB Mid-Tower Case, RGB, Tempered Glass - White| CC-9011110-WW'. Entity 2: 'CORSAIR Crystal Series 570X 3 RGB Fans Tempered Glass,Premium ATX Mid-Tower Case, WHITE'.",Yes
"Do the two product descriptions refer to the same real-world product? Entity 1: 'CORSAIR CRYSTAL 570X RGB Mid-Tower Case, 3 RGB Fans, Tempered Glass - White| '. Entity 2: 'CORSAIR Crystal Series 570X RGB Tempered Glass,Premium ATX Mid-Tower Case, WHITE CC-9011110-WW'.",Yes
Do the two product descriptions refer to the same real-world product? Entity 1: 'Dron DJI Mavic 2 Pro'. Entity 2: 'DJI Mavic 2 Pro Drone with Hasselblad Camera HDR Video UAV Adjustable Aperture 20MP 1'.,Yes
Do the two product descriptions refer to the same real-world product? Entity 1: 'Dron DJI Mavic 2 Pro Hasselblad Camera'. Entity 2: 'DJI Mavic 2 Pro Drone Quadcopter with  HDR Video UAV Adjustable Aperture 20MP 1'.,Yes
Do the two product descriptions refer to the same real-world product? Entity 1: 'Dron DJI Mavic 2 Pro HDR Video'. Entity 2: 'DJI Mavic 2 Pro Drone Quadcopter with Hasselblad Camera  UAV Adjustable Aperture 20MP 1'.,Yes
Do the two product descriptions refer to the same real-world product? Entity 1: 'Dron DJI Mavic 2 Pro Adjustable Aperture'. Entity 2: 'DJI Mavic 2 Pro Drone Quadcopter with Hasselblad Camera HDR Video UAV  20MP 1'.,Yes
Do the two product descriptions refer to the same real-world product? Entity 1: 'Dron DJI Mavic 2 Pro 20MP 1'. Entity 2: 'DJI Mavic 2 Pro Drone Quadcopter with Hasselblad Camera HDR Video UAV Adjustable Aperture '.,Yes
Do the two product descriptions refer to the same real-world product? Entity 1: 'Sony - FE 50mm f/1.8 Standard Lens (SEL50F18F)'. Entity 2: 'Sony Alpha SEL50F18F FE 50mm F1.8'.,Yes
"Do the two product descriptions refer to the same real-world product? Entity 1: 'LaCie Mobile Drive 5 TB Moon Silver USB 3.1 Gen 2'. Entity 2: 'Lacie 5TB USB-C Mobile Drive 2,5"" prenosni disk'.",Yes
"Do the two product descriptions refer to the same real-world product? Entity 1: 'LaCie Mobile Drive 2,5"" 5TB Moon Silver USB 3.1 Gen 2'. Entity 2: 'Lacie 5 TB USB-C Mobile Drive prenosni disk'.",Yes
"Do the two product descriptions refer to the same real-world product? Entity 1: 'LaCie Mobile Drive 2,5"" 5 TB  USB 3.1 Gen 2'. Entity 2: 'Lacie 5TB USB-C Mobile Drive prenosni disk Moon Silver'.",Yes
"Do the two product descriptions refer to the same real-world product? Entity 1: 'LaCie Mobile Drive 2,5"" 5 TB Moon Silver USB-C'. Entity 2: 'Lacie 5TB USB 3.1 Gen 2 Mobile Drive prenosni disk'.",Yes
"Do the two product descriptions refer to the same real-world product? Entity 1: 'Hikvision Speed Dome IP DS-2DE5225IW-AE'. Entity 2: 'MP Outdoor IR, 2 MP, IR 150m, Hikvision DS-2DE5225IW-AE'.",Yes
"Do the two product descriptions refer to the same real-world product? Entity 1: 'Hikvision MP Outdoor IR DS-2DE5225IW-AE 2 MP'. Entity 2: 'Speed Dome IP, , IR 150m, Hikvision DS-2DE5225IW-AE'.",Yes
"Do the two product descriptions refer to the same real-world product? Entity 1: 'Hikvision MP Outdoor IR DS-2DE5225IW-AE IR 150m'. Entity 2: 'Speed Dome IP, 2 MP, , Hikvision DS-2DE5225IW-AE'.",Yes
"Do the two product descriptions refer to the same real-world product? Entity 1: 'Blaze 40-Inch Grill Cart, Cart Only'. Entity 2: 'Blaze Cart For 5-Burner Grill for 40\"" Gas Grill'.",Yes
"Do the two product descriptions refer to the same real-world product? Entity 1: 'Blaze 40\"" Cart For 5-Burner Grill, Cart Only'. Entity 2: 'Blaze Grill Cart for 40-Inch Gas Grill'.",Yes
"Do the two product descriptions refer to the same real-world product? Entity 1: 'Blaze 40-Inch Cart For Gas Grill, Cart Only'. Entity 2: 'Blaze Grill Cart for 40\"" 5-Burner Grill'.",Yes
"Do the two product descriptions refer to the same real-world product? Entity 1: 'Blaze 40-Inch Cart For 5-Burner Grill, '. Entity 2: 'Blaze Grill Cart for 40\"" Gas Grill Cart Only'.",Yes
Do the two product descriptions refer to the same real-world product? Entity 1: 'Cappello New Era Clean Trucker 2 NY Yankees Cap'. Entity 2: 'Gorra New Era Clean Trucker 2 NY Yankees Cap'.,Yes
"Do the two product descriptions refer to the same real-world product? Entity 1: 'Kingston Technology A400 2.5 \""240 GB Serial ATA III TLC'. Entity 2: 'Kingston Technology SA400S37/240G A400 SSD Solid State Drive 2.5"" SATA-3 - 240GB'.",Yes
"Do the two product descriptions refer to the same real-world product? Entity 1: 'Kingston Technology A400 2.5 \""240 GB SATA-3 TLC'. Entity 2: 'Kingston Technology SA400S37/240G A400 SSD Solid State Drive 2.5 Inch Serial ATA III - 240GB'.",Yes
"Do the two product descriptions refer to the same real-world product? Entity 1: 'Kingston Technology A400 2.5 \""240GB Serial ATA III TLC'. Entity 2: 'Kingston Technology SA400S37/240G A400 SSD Solid State Drive 2.5 Inch SATA-3 - 240 GB'.",Yes
"Do the two product descriptions refer to the same real-world product? Entity 1: 'Kingston Technology A400 2.5 \""240 GB Serial ATA III SSD'. Entity 2: 'Kingston Technology SA400S37/240G A400 TLC Solid State Drive 2.5 Inch SATA-3 - 240GB'.",Yes
"Do the two product descriptions refer to the same real-world product? Entity 1: 'Kingston Technology A400 2.5 \""240 GB Serial ATA III TLC SA400S37/240G'. Entity 2: 'Kingston Technology  A400 SSD Solid State Drive 2.5 Inch SATA-3 - 240GB'.",Yes
"Do the two product descriptions refer to the same real-world product? Entity 1: 'Western Digital (WDC) Blue PC SSD 2.5\"" 7mm 250GB'. Entity 2: 'Western Digital 250GB 2.5\"" SATA SSD Blue 7mm Cased'.",Yes
"Do the two product descriptions refer to the same real-world product? Entity 1: 'Western Digital Blue PC SSD 2.5\"" 7mm 250GB SATA'. Entity 2: 'Western Digital (WDC) 250GB 2.5\""  SSD Blue 7mm Cased'.",Yes
"Do the two product descriptions refer to the same real-world product? Entity 1: 'Western Digital Blue 2.5\"" 7mm 250GB'. Entity 2: 'Western Digital (WDC) 250GB 2.5\"" SATA SSD Blue PC SSD 7mm Cased'.",Yes
"Do the two product descriptions refer to the same real-world product? Entity 1: 'Western Digital Blue PC SSD 2.5\"" 7mm 250GB Cased'. Entity 2: 'Western Digital (WDC) 250GB 2.5\"" SATA SSD Blue 7mm '.",Yes
Do the two product descriptions refer to the same real-world product? Entity 1: 'Crucial 8GB (1x8GB) DDR3 1600MHz Notebook Ram'. Entity 2: 'Crucial 8GB DDR3 1600MHz CT102464BF160B SODIMM'.,Yes
Do the two product descriptions refer to the same real-world product? Entity 1: 'Crucial 8GB (1x8GB) DDR3 1600MHz SODIMM CT102464BF160B'. Entity 2: 'Crucial 8GB DDR3 1600MHz  Notebook Ram'.,Yes
"Do the two product descriptions refer to the same real-world product? Entity 1: 'Ubiquiti UniFi Video Camera G3 1080P 802.3af IP UVC G3 Bullet 3 Pack (No PoE Injectors)'. Entity 2: 'UBIQUITI - UVC-G3-BULLET-3 Camera, 3-pack'.",Yes
"Do the two product descriptions refer to the same real-world product? Entity 1: 'Ubiquiti UniFi Video Camera G3 1080P 802.3af IP UVC-G3-BULLET-3 3-pack (No PoE Injectors)'. Entity 2: 'UBIQUITI - UVC G3 Bullet Camera, 3 Pack'.",Yes
"Do the two product descriptions refer to the same real-world product? Entity 1: 'Ubiquiti UniFi Video Camera G3  802.3af IP UVC-G3-BULLET-3 3 Pack (No PoE Injectors)'. Entity 2: 'UBIQUITI - UVC G3 Bullet Camera, 3-pack 1080P'.",Yes
"Do the two product descriptions refer to the same real-world product? Entity 1: 'Ubiquiti UniFi Video Camera G3 1080P 802.3af IP UVC-G3-BULLET-3 3 Pack ()'. Entity 2: 'UBIQUITI - UVC G3 Bullet Camera, 3-pack No PoE Injectors'.",Yes
"Do the two product descriptions refer to the same real-world product? Entity 1: 'Ubiquiti UniFi Video Camera G3 1080P  UVC-G3-BULLET-3 3 Pack (No PoE Injectors)'. Entity 2: 'UBIQUITI - UVC G3 Bullet Camera, 3-pack 802.3af IP'.",Yes
Do the two product descriptions refer to the same real-world product? Entity 1: 'SanDisk Extreme microSDHC 64GB 100/60 MB/s A1 V30 GoPro'. Entity 2: '32GB SanDisk Extreme micro SD XC Memory Card V-Class 30 U3 4K Video A1 100MB/s'.,Yes
Do the two product descriptions refer to the same real-world product? Entity 1: 'SanDisk Extreme micro SD XC 32GB 100/60 MB/s A1 V30 GoPro'. Entity 2: '64GB SanDisk Extreme microSDHC Memory Card V-Class 30 U3 4K Video A1 100MB/s'.,Yes
Do the two product descriptions refer to the same real-world product? Entity 1: 'SanDisk Extreme microSDHC 32GB 100MB/s A1 V30 GoPro'. Entity 2: '64GB SanDisk Extreme micro SD XC Memory Card V-Class 30 U3 4K Video A1 100/60 MB/s'.,Yes
Do the two product descriptions refer to the same real-world product? Entity 1: 'SanDisk Extreme microSDHC 32GB 100/60 MB/s A1 V-Class 30 GoPro'. Entity 2: '64GB SanDisk Extreme micro SD XC Memory Card V30 U3 4K Video A1 100MB/s'.,Yes
Do the two product descriptions refer to the same real-world product? Entity 1: 'SanDisk Extreme microSDHC 32GB 100/60 MB/s A1 V30 '. Entity 2: '64GB SanDisk Extreme micro SD XC Memory Card V-Class 30 U3 4K Video A1 100MB/s GoPro'.,Yes
Do the two product descriptions refer to the same real-world product? Entity 1: 'DYMO D1 Label Casette 45803 Black on White 19 mm x 7 m'. Entity 2: 'Dymo Labelling Tape D1 (19mm x 7m - Black On White)'.,Yes
Do the two product descriptions refer to the same real-world product? Entity 1: 'DYMO D1 Labelling Tape 45803 Black on White 19mm x 7m'. Entity 2: 'Dymo Label Casette D1 (19 mm x 7 m - Black On White)'.,Yes
"Do the two product descriptions refer to the same real-world product? Entity 1: 'ASUS AMD ATX ROG STRIX B550-F GAMING Motherboard AM4 Dual DDR4, HDMI, Dual M.2'. Entity 2: 'ASUS Scheda Madre ROG STRIX B550 F Gaming'.",Yes
"Do the two product descriptions refer to the same real-world product? Entity 1: 'ASUS AMD  ROG STRIX B550 F Gaming Motherboard AM4 Dual DDR4, HDMI, Dual M.2'. Entity 2: 'ASUS Scheda Madre ROG STRIX B550-F GAMING ATX'.",Yes
"Do the two product descriptions refer to the same real-world product? Entity 1: 'ASUS AMD ATX ROG STRIX B550 F Gaming Motherboard  Dual DDR4, HDMI, Dual M.2'. Entity 2: 'ASUS Scheda Madre ROG STRIX B550-F GAMING AM4'.",Yes
"Do the two product descriptions refer to the same real-world product? Entity 1: 'ASUS AMD ATX ROG STRIX B550 F Gaming Motherboard AM4 , HDMI, Dual M.2'. Entity 2: 'ASUS Scheda Madre ROG STRIX B550-F GAMING Dual DDR4'.",Yes
"Do the two product descriptions refer to the same real-world product? Entity 1: 'ASUS AMD ATX ROG STRIX B550 F Gaming Motherboard AM4 Dual DDR4, '. Entity 2: 'ASUS Scheda Madre ROG STRIX B550-F GAMING HDMI, Dual M.2'.",Yes
Do the two product descriptions refer to the same real-world product? Entity 1: 'SanDisk SDXC Extreme V30 U3 UHS-I C10 - 128GB'. Entity 2: 'SANDISK EXTREME SD 128GB 150MB/S C10 U3'.,Yes
Do the two product descriptions refer to the same real-world product? Entity 1: 'SanDisk SD Extreme 150MB/S C10 U3 - 128GB'. Entity 2: 'SANDISK EXTREME SDXC 128GB V30 U3 UHS-I C10'.,Yes
Do the two product descriptions refer to the same real-world product? Entity 1: 'SanDisk CFast 2.0 64GB Extreme Pro Memory Card | Read  | Write 430MB/s | 4K Video'. Entity 2: 'Sandisk Extreme Pro 64GB CFast 2.0 525 MB/s'.,Yes
Do the two product descriptions refer to the same real-world product? Entity 1: 'SanDisk CFast 2.0 64GB Extreme Pro Memory Card | Read 525 MB/s | Write 430MB/s | 4K Video'. Entity 2: 'Sandisk Extreme Pro 64GB CFast 2.0 430 MB/s'.,Yes
Do the two product descriptions refer to the same real-world product? Entity 1: 'SanDisk CFast 2.0 64GB Extreme Pro Memory Card | Read 525 MB/s | Write 430MB/s | '. Entity 2: 'Sandisk Extreme Pro 64GB CFast 2.0 4K Video'.,Yes
Do the two product descriptions refer to the same real-world product? Entity 1: 'APC Smart-UPS SRT 6000VA / 230V On Line / Web Card - SRT6KRMXLI'. Entity 2: 'APC Smart UPS SRT 6000VA RM 230V'.,Yes
Do the two product descriptions refer to the same real-world product? Entity 1: 'APC Smart UPS SRT 6000VA / 230V RM / Web Card - SRT6KRMXLI'. Entity 2: 'APC Smart-UPS SRT 6000VA On Line 230V'.,Yes
Do the two product descriptions refer to the same real-world product? Entity 1: 'APC Smart UPS SRT 6000VA / 230V On Line /  - SRT6KRMXLI'. Entity 2: 'APC Smart-UPS SRT 6000VA RM 230V Web Card'.,Yes
Do the two product descriptions refer to the same real-world product? Entity 1: 'APC Smart UPS SRT 6000VA / 230V On Line / Web Card - '. Entity 2: 'APC Smart-UPS SRT 6000VA RM 230V SRT6KRMXLI'.,Yes
Do the two product descriptions refer to the same real-world product? Entity 1: 'instax square film 10pk black Fujifilm'. Entity 2: ' Instax Black Square Film (10 Pack)'.,Yes
Do the two product descriptions refer to the same real-world product? Entity 1: 'Instax 10pk black'. Entity 2: 'Fujifilm instax square film Black Square Film (10 Pack)'.,Yes
Do the two product descriptions refer to the same real-world product? Entity 1: 'instax square film 10 Pack black'. Entity 2: 'Fujifilm Instax Black Square Film (10pk)'.,Yes
"Do the two product descriptions refer to the same real-world product? Entity 1: 'RAM Mounts 2.75\"" Diameter Suction Cup Base with 1\"" Ball'. Entity 2: 'RAP-B-224-1U RAM 3.3\"" Diameter Suction Cup Base with 1\"" Composite Ball'.",Yes
"Do the two product descriptions refer to the same real-world product? Entity 1: 'RAM 2.75\"" Diameter Suction Cup Base with 1\"" Ball'. Entity 2: 'RAP-B-224-1U RAM Mounts 3.3\"" Diameter Suction Cup Base with 1\"" Composite Ball'.",Yes
"Do the two product descriptions refer to the same real-world product? Entity 1: 'RAM 2.75\"" Diameter Suction Cup Base with 1\"" Ball Composite'. Entity 2: 'RAP-B-224-1U RAM Mounts 3.3\"" Diameter Suction Cup Base with 1\""  Ball'.",Yes
Do the two product descriptions refer to the same real-world product? Entity 1: ' GeForce GTX 1660 Super Phoenix OC 6GB GDDR6 DVI/HDMI/DP PCi Ex 3.0 x16'. Entity 2: 'PH-GTX1660S-O6G 6 GB Geforce GTX 1660 Super Overclocked Phoenix Fan Edition Hdmi DP Dvi Graphics Card Asus'.,Yes
Do the two product descriptions refer to the same real-world product? Entity 1: 'Asus GeForce GTX 1660 Super Phoenix Fan Edition 6GB GDDR6 DVI/HDMI/DP PCi Ex 3.0 x16'. Entity 2: 'PH-GTX1660S-O6G 6 GB Geforce GTX 1660 Super Overclocked Phoenix OC Hdmi DP Dvi Graphics Card'.,Yes
Do the two product descriptions refer to the same real-world product? Entity 1: 'Asus GeForce GTX 1660 Super Phoenix OC 6 GB DVI/HDMI/DP PCi Ex 3.0 x16'. Entity 2: 'PH-GTX1660S-O6G 6GB GDDR6 Geforce GTX 1660 Super Overclocked Phoenix Fan Edition Hdmi DP Dvi Graphics Card'.,Yes
Do the two product descriptions refer to the same real-world product? Entity 1: 'Asus GeForce GTX 1660 Super Phoenix OC 6GB GDDR6 DVI/HDMI/DP '. Entity 2: 'PH-GTX1660S-O6G 6 GB Geforce GTX 1660 Super Overclocked Phoenix Fan Edition Hdmi DP Dvi Graphics Card PCi Ex 3.0 x16'.,Yes
Do the two product descriptions refer to the same real-world product? Entity 1: 'Asus GeForce GTX 1660 Super Phoenix Overclocked 6GB GDDR6 DVI/HDMI/DP PCi Ex 3.0 x16'. Entity 2: 'PH-GTX1660S-O6G 6 GB Geforce GTX 1660 Super OC Phoenix Fan Edition Hdmi DP Dvi Graphics Card'.,Yes
Do the two product descriptions refer to the same real-world product? Entity 1: 'Canon EF-M 18-150mm f/3.5-6.3 IS STM (Schwarz)'. Entity 2: 'Canon EF-M 18-150mm f/3.5-6.3 IS STM Black EU10'.,Yes
Do the two product descriptions refer to the same real-world product? Entity 1: 'Canon EF-M 18-150mm f/3.5-6.3 IS STM (Black) EU10'. Entity 2: 'Canon EF-M 18-150mm f/3.5-6.3 IS STM Schwarz '.,Yes
Do the two product descriptions refer to the same real-world product? Entity 1: 'Relógio Swiss Military Hanowa06-6278.04.001.07 Navalus Day-Date'. Entity 2: 'Swiss Military Hanowa Navalus  06-6278.04.001.07'.,Yes
Do the two product descriptions refer to the same real-world product? Entity 1: 'Asus Radeon Dual Evo RX 5500 XT 8gb Gddr6 Version OC'. Entity 2: 'ASUS Radeon RX5500 XT DUAL EVO 8GB'.,Yes
Do the two product descriptions refer to the same real-world product? Entity 1: 'Asus Radeon Dual Evo RX5500 XT 8gb Gddr6 Version OC'. Entity 2: 'ASUS Radeon RX 5500 XT DUAL EVO 8GB GDDR6'.,Yes
Do the two product descriptions refer to the same real-world product? Entity 1: 'Asus Radeon Dual Evo RX5500 XT 8gb Gddr6 Version '. Entity 2: 'ASUS Radeon RX 5500 XT DUAL EVO 8GB OC'.,Yes
"Do the two product descriptions refer to the same real-world product? Entity 1: 'Elixir Phosphor Acoustic Guitar Strings with NANOWEB Coating, Extra Light (.010-.047)'. Entity 2: 'Elixir Phosphor Bronze Acoustic Strings - Extra Light'.",Yes
"Do the two product descriptions refer to the same real-world product? Entity 1: 'Elixir Phosphor Bronze Acoustic Guitar Strings with , Extra Light (.010-.047)'. Entity 2: 'Elixir Phosphor Acoustic Strings - Extra Light NANOWEB Coating'.",Yes
"Do the two product descriptions refer to the same real-world product? Entity 1: 'Elixir Phosphor Bronze Acoustic Strings with NANOWEB Coating, Extra Light (.010-.047)'. Entity 2: 'Elixir Phosphor Acoustic Guitar Strings - Extra Light'.",Yes
"Do the two product descriptions refer to the same real-world product? Entity 1: 'Elixir Phosphor Bronze Acoustic Guitar Strings with NANOWEB Coating, Extra Light'. Entity 2: 'Elixir Phosphor Acoustic Strings - Extra Light (.010-.047)'.",Yes
"Do the two product descriptions refer to the same real-world product? Entity 1: 'MAXXIS AGGRESSOR 29 x 2.3 EXO/TR'. Entity 2: 'Maxxis Maxxis Aggressor Tire - 29X2.3, Folding, Tubeless, Black, Dual, EXO'.",Yes
"Do the two product descriptions refer to the same real-world product? Entity 1: 'MAXXIS AGGRESSOR 29X2.3 EXO, Tubeless'. Entity 2: 'Maxxis Maxxis Aggressor Tire - 29 x 2.3, Folding, Tubeless, Black, Dual, EXO'.",Yes
"Do the two product descriptions refer to the same real-world product? Entity 1: 'MAXXIS AGGRESSOR 29X2.3 EXO/TR Black'. Entity 2: 'Maxxis Maxxis Aggressor Tire - 29 x 2.3, Folding, Tubeless, , Dual, EXO'.",Yes
"Do the two product descriptions refer to the same real-world product? Entity 1: 'MAXXIS AGGRESSOR 29X2.3 EXO/TR Folding'. Entity 2: 'Maxxis Maxxis Aggressor Tire - 29 x 2.3, , Tubeless, Black, Dual, EXO'.",Yes
"Do the two product descriptions refer to the same real-world product? Entity 1: 'MAXXIS AGGRESSOR 29X2.3 EXO/TR Dual'. Entity 2: 'Maxxis Maxxis Aggressor Tire - 29 x 2.3, Folding, Tubeless, Black, , EXO'.",Yes
Do the two product descriptions refer to the same real-world product? Entity 1: 'Seiko Presage Watch Zen Gardens Mens Automatic'. Entity 2: 'Seiko Mens Presage  Blue Date Dial Stainless Steel Bracelet Watch SRPD41J1'.,Yes
Do the two product descriptions refer to the same real-world product? Entity 1: 'Seiko Presage Watch Zen Gardens Mens Blue'. Entity 2: 'Seiko Mens Presage Automatic  Date Dial Stainless Steel Bracelet Watch SRPD41J1'.,Yes
Do the two product descriptions refer to the same real-world product? Entity 1: 'Seiko Presage Watch  Mens'. Entity 2: 'Seiko Mens Presage Automatic Blue Date Dial Stainless Steel Bracelet Watch SRPD41J1 Zen Gardens'.,Yes
Do the two product descriptions refer to the same real-world product? Entity 1: 'Seiko Presage Watch Zen Gardens Mens Stainless Steel'. Entity 2: 'Seiko Mens Presage Automatic Blue Date Dial  Bracelet Watch SRPD41J1'.,Yes
Do the two product descriptions refer to the same real-world product? Entity 1: 'Seiko Presage Watch Zen Gardens Mens SRPD41J1'. Entity 2: 'Seiko Mens Presage Automatic Blue Date Dial Stainless Steel Bracelet Watch '.,Yes
"Do the two product descriptions refer to the same real-world product? Entity 1: 'Samsung MZ-V7S500B/AM 970 EVO Plus M.2 2280 Internal SSD, 500GB'. Entity 2: 'SAMSUNG 970 EVO PLUS M.2 500GB PCIe Gen 3.0 x4, NVMe 1.3 V-NAND 3-bit MLC Internal Solid State Drive (SSD) MZ-V7S500B/AM'.",Yes
"Do the two product descriptions refer to the same real-world product? Entity 1: 'Samsung MZ-V7S500B/AM 970 EVO Plus M.2 Internal SSD, 500GB PCIe Gen 3.0 x4, NVMe 1.3'. Entity 2: 'SAMSUNG 970 EVO PLUS M.2 2280 500GB  V-NAND 3-bit MLC Internal Solid State Drive (SSD) MZ-V7S500B/AM'.",Yes
"Do the two product descriptions refer to the same real-world product? Entity 1: 'Samsung MZ-V7S500B/AM 970 EVO Plus M.2 Internal SSD, 500GB V-NAND 3-bit MLC'. Entity 2: 'SAMSUNG 970 EVO PLUS M.2 2280 500GB PCIe Gen 3.0 x4, NVMe 1.3  Internal Solid State Drive (SSD) MZ-V7S500B/AM'.",Yes
Do the two product descriptions refer to the same real-world product? Entity 1: 'Epson Stylus Pro 9880 Black Ink 220ml'. Entity 2: 'Epson C13T603100 T6031 Black Photo Ink'.,Yes
Do the two product descriptions refer to the same real-world product? Entity 1: 'Epson C13T603100 T6031 Black Ink 220ml Photo Ink'. Entity 2: 'Epson Stylus Pro 9880 Black '.,Yes
Do the two product descriptions refer to the same real-world product? Entity 1: 'Epson C13T603100 T6031 Black Ink '. Entity 2: 'Epson Stylus Pro 9880 Black Photo Ink 220ml'.,Yes
Do the two product descriptions refer to the same real-world product? Entity 1: 'Omega Seamaster Planet Ocean 600m Co-Axial Master 45.5mm (215.92.46.22.01.004) ETNZ Deep Black'. Entity 2: 'Omega Seamaster Planet Ocean 600m Co-Axial Master Chronometer GMT Ceramic 215.92.46.22.01.004 Black Dial Replica'.,Yes
Do the two product descriptions refer to the same real-world product? Entity 1: 'Omega Seamaster Planet Ocean 600m Co-Axial Master Chronometer GMT 45.5mm (215.92.46.22.01.004) ETNZ Black Dial'. Entity 2: 'Omega Seamaster Planet Ocean 600m Co-Axial Master Ceramic 215.92.46.22.01.004 Deep Black Replica'.,Yes
Do the two product descriptions refer to the same real-world product? Entity 1: 'Omega Seamaster Planet Ocean 600m Co-Axial Master Chronometer GMT 45.5mm (215.92.46.22.01.004) ETNZ Deep Black Replica'. Entity 2: 'Omega Seamaster Planet Ocean 600m Co-Axial Master Ceramic 215.92.46.22.01.004 Black Dial '.,Yes
"Do the two product descriptions refer to the same real-world product? Entity 1: 'Shimano M05 Disc Brake Pads (Deore BR-M515, BR-M515LA, Nexave BR-C601) (Resin)'. Entity 2: 'Shimano Shimano M05 Resin Disc Brake Pads and Spring for Deore BR-M515, BR- M515LA and Nexave BR-C601 Calipers'.",Yes
"Do the two product descriptions refer to the same real-world product? Entity 1: 'Shimano M05 Disc Brake Pads (Deore) (Resin) Spring included'. Entity 2: 'Shimano Shimano M05 Resin Disc Brake Pads and Spring for Deore BR-M515, BR- M515LA and Nexave BR-C601 Calipers'.",Yes
Do the two product descriptions refer to the same real-world product? Entity 1: 'Samsung 970 EVO Plus 2TB SSD NVMe M.2 PCIe'. Entity 2: 'Samsung SSD 970 EVO Plus  2TB'.,Yes
Do the two product descriptions refer to the same real-world product? Entity 1: 'Sigma 35mm f1.4 ART DG HSM A Nikon'. Entity 2: 'Sigma Sigma 35mm F1.4 EX DG HSM - Nikon AF mount'.,Yes
Do the two product descriptions refer to the same real-world product? Entity 1: 'Sigma 35mm f1.4 EX DG HSM A Nikon AF mount'. Entity 2: 'Sigma Sigma 35mm F1.4 ART DG HSM - Nikon'.,Yes
Do the two product descriptions refer to the same real-world product? Entity 1: 'Sigma 35mm f1.4 EX DG HSM Nikon'. Entity 2: 'Sigma Sigma 35mm F1.4 ART DG HSM A - Nikon AF mount'.,Yes
Do the two product descriptions refer to the same real-world product? Entity 1: 'Xerox Phaser 7760 OEM Toner Cartridge 106R01162'. Entity 2: 'Xerox 106R01162 Yellow Toner For Phaser 7760 Yellow - 25K'.,Yes
Do the two product descriptions refer to the same real-world product? Entity 1: 'Xerox Phaser 7760 Yellow Toner 106R01162 25K'. Entity 2: 'Xerox 106R01162 OEM Toner Cartridge For Phaser 7760 Yellow - '.,Yes
"Do the two product descriptions refer to the same real-world product? Entity 1: ' High Roller II 29"" WideTrail Tire - 3C MT DD / 2.5""'. Entity 2: 'High Roller II Bike Tire: 29 x 2.50\"", Folding, 120tpi, 3C MaxxTerra, Double Down, Tubeless Ready, Wide Trail Maxxis'.",Yes
"Do the two product descriptions refer to the same real-world product? Entity 1: 'Maxxis High Roller II 29 x 2.50"" WideTrail Tire - 3C MT DD / 2.5""'. Entity 2: 'High Roller II Bike Tire: 29 x 2.50\"", Folding, 120tpi, 3C MaxxTerra, Double Down, Tubeless Ready, Wide Trail'.",Yes
"Do the two product descriptions refer to the same real-world product? Entity 1: 'Maxxis High Roller II 29"" WideTrail Tire - 3C MT DD / 2.50""'. Entity 2: 'High Roller II Bike Tire: 29 x 2.50\"", Folding, 120tpi, 3C MaxxTerra, Double Down, Tubeless Ready, Wide Trail'.",Yes
"Do the two product descriptions refer to the same real-world product? Entity 1: 'Maxxis High Roller II 29"" Wide Trail - 3C MT DD / 2.5""'. Entity 2: 'High Roller II Bike Tire: 29 x 2.50\"", Folding, 120tpi, 3C MaxxTerra, Double Down, Tubeless Ready, WideTrail Tire'.",Yes
"Do the two product descriptions refer to the same real-world product? Entity 1: 'Maxxis High Roller II 29"" WideTrail Tire - 3C MaxxTerra DD / 2.5""'. Entity 2: 'High Roller II Bike Tire: 29 x 2.50\"", Folding, 120tpi, 3C MT, Double Down, Tubeless Ready, Wide Trail'.",Yes
"Do the two product descriptions refer to the same real-world product? Entity 1: 'Maxxis High Roller II 29"" WideTrail Tire - 3C MT Double Down / 2.5""'. Entity 2: 'High Roller II Bike Tire: 29 x 2.50\"", Folding, 120tpi, 3C MaxxTerra, DD, Tubeless Ready, Wide Trail'.",Yes
"Do the two product descriptions refer to the same real-world product? Entity 1: 'Maxxis High Roller II 29"" WideTrail Tire - 3C MT DD / 2.5"" Tubeless Ready'. Entity 2: 'High Roller II Bike Tire: 29 x 2.50\"", Folding, 120tpi, 3C MaxxTerra, Double Down, , Wide Trail'.",Yes
"Do the two product descriptions refer to the same real-world product? Entity 1: 'Maxxis High Roller II 29"" WideTrail Tire - 3C MT DD / 2.5"" Folding'. Entity 2: 'High Roller II Bike Tire: 29 x 2.50\"", , 120tpi, 3C MaxxTerra, Double Down, Tubeless Ready, Wide Trail'.",Yes
"Do the two product descriptions refer to the same real-world product? Entity 1: 'Maxxis High Roller II 29"" WideTrail Tire - 3C MT DD / 2.5"" 120tpi'. Entity 2: 'High Roller II Bike Tire: 29 x 2.50\"", Folding, , 3C MaxxTerra, Double Down, Tubeless Ready, Wide Trail'.",Yes
Do the two product descriptions refer to the same real-world product? Entity 1: 'Zebra 800015-101 Black Black Resin Ribbon - 1000 Prints'. Entity 2: 'Zebra 800015-101 1000 Prints Monochrome Ribbon for P310i P420i P520i'.,Yes
Do the two product descriptions refer to the same real-world product? Entity 1: 'Zebra 800015-101 Black Monochrome Ribbon - 1000 Prints P310i P420i P520i'. Entity 2: 'Zebra 800015-101 1000 Prints Black Resin Ribbon for '.,Yes
"Do the two product descriptions refer to the same real-world product? Entity 1: 'RAM Mount 3.3\"" DIA. SUCT CUP W 1\"" BALL'. Entity 2: 'RAM 3.5\"" Twist Lock Suction Cup Base with 1\"" Ball'.",Yes
"Do the two product descriptions refer to the same real-world product? Entity 1: 'RAM 3.3\"" DIA. SUCT CUP W 1\"" BALL'. Entity 2: 'RAM Mount 3.5\"" Twist Lock Suction Cup Base with 1\"" Ball'.",Yes
"Do the two product descriptions refer to the same real-world product? Entity 1: 'RAM 3.3\"" DIA. SUCT CUP W 1\"" BALL'. Entity 2: 'RAM Mount 3.5\"" Twist Lock Suction Cup with 1\"" Ball'.",Yes
"Do the two product descriptions refer to the same real-world product? Entity 1: 'RAM 3.3\"" DIA. SUCT CUP W 1\"" BALL Twist Lock'. Entity 2: 'RAM Mount 3.5\""  Suction Cup Base with 1\"" Ball'.",Yes
Do the two product descriptions refer to the same real-world product? Entity 1: 'Logitech C922 Pro Stream webcam + Tripod (price includes delivery) Full HD'. Entity 2: 'LOGITECH C922 PRO STREAM FULL HD WEBCAM (960-001090)-WRTY 1YR W/BANLEONG'.,Yes
Do the two product descriptions refer to the same real-world product? Entity 1: 'Logitech C922 Pro Stream webcam + Tripod (price includes delivery) 960-001090'. Entity 2: 'LOGITECH C922 PRO STREAM FULL HD WEBCAM ()-WRTY 1YR W/BANLEONG'.,Yes
Do the two product descriptions refer to the same real-world product? Entity 1: 'Logitech C922 Pro Stream webcam + Tripod (price includes delivery)'. Entity 2: 'LOGITECH C922 PRO STREAM FULL HD WEBCAM (960-001090)-WRTY 1YR W/BANLEONG Included'.,Yes
Do the two product descriptions refer to the same real-world product? Entity 1: 'Logitech C922 Pro Stream webcam + Tripod (price includes delivery) 1YR'. Entity 2: 'LOGITECH C922 PRO STREAM FULL HD WEBCAM (960-001090)-WRTY  W/BANLEONG'.,Yes
Do the two product descriptions refer to the same real-world product? Entity 1: 'Logitech C922 Pro Stream webcam + Tripod (price includes delivery) Banleong'. Entity 2: 'LOGITECH C922 PRO STREAM FULL HD WEBCAM (960-001090)-WRTY 1YR W/BANLEONG'.,Yes
Do the two product descriptions refer to the same real-world product? Entity 1: 'Access Point|TP-LINK|300Mbps|IEEE 802.3af|IEEE 802.11b|IEEE 802.11g|IEEE 802.11n|1xRJ45|Number of antennas 2|EAP115'. Entity 2: 'TP-Link 300 Mbps Wireless N Ceiling Mount Access Point with Passive PoE (EAP115)'.,Yes
Do the two product descriptions refer to the same real-world product? Entity 1: 'Access Point|TP-LINK|300 Mbps|Passive PoE|IEEE 802.11b|IEEE 802.11g|IEEE 802.11n|1xRJ45|Number of antennas 2|EAP115'. Entity 2: 'TP-Link 300Mbps Wireless N Ceiling Mount Access Point with IEEE 802.3af (EAP115)'.,Yes
Do the two product descriptions refer to the same real-world product? Entity 1: 'Access Point|TP-LINK|300 Mbps|IEEE 80.3af|IEEE 80.11b|IEEE 80.11g|IEEE 80.11n|1xRJ45|Number of antennas |EAP115'. Entity 2: 'TP-Link 300Mbps Wireless N Ceiling Mount Access Point with Passive PoE (EAP115) 2'.,Yes
Do the two product descriptions refer to the same real-world product? Entity 1: 'Access Point|TP-LINK|300 Mbps|IEEE 802.3af|IEEE 802.11b|IEEE 802.11g|IEEE 802.11n||Number of antennas 2|EAP115'. Entity 2: 'TP-Link 300Mbps Wireless N Ceiling Mount Access Point with Passive PoE (EAP115) 1xRJ45'.,Yes
"Do the two product descriptions refer to the same real-world product? Entity 1: 'RAM® Double Socket Clamp Arm - SHORT - for 1.5\"" C Size Balls'. Entity 2: 'RAM Mount 3\"" Double Ball Arm for 1.5\"" Ball'.",Yes
"Do the two product descriptions refer to the same real-world product? Entity 1: 'RAM Mount Double Ball Arm - SHORT - for 1.5\"" C Size Balls'. Entity 2: 'RAM® 3\"" Double Socket Clamp Arm for 1.5\"" Ball'.",Yes
"Do the two product descriptions refer to the same real-world product? Entity 1: 'RAM Mount Double Socket Clamp Arm - 3"" - for 1.5\"" C Size Balls'. Entity 2: 'RAM® 3\"" Double Ball Arm for 1.5\"" Ball'.",Yes
"Do the two product descriptions refer to the same real-world product? Entity 1: 'RAM Mount Double Socket Clamp Arm - SHORT - for 1.5\"" C Size Balls'. Entity 2: 'RAM® 3\"" Double Ball Arm for 1.5\"" Ball'.",Yes
"Do the two product descriptions refer to the same real-world product? Entity 1: 'BenQ SW2700PT 27\"" QHD Professional AdobeRGB Monitor'. Entity 2: 'BenQ LCD SW2700PT 27in W/IPS LED/2560x1440/5ms/DVI-DL/HDMI/2xUSB3.0/Flicker-free/VESA 9H.LDKLB.QBE'.",Yes
"Do the two product descriptions refer to the same real-world product? Entity 1: 'BenQ SW2700PT 27in 2560x1440 Professional AdobeRGB Monitor'. Entity 2: 'BenQ LCD SW2700PT 27\"" W/IPS LED/QHD/5ms/DVI-DL/HDMI/2xUSB3.0/Flicker-free/VESA 9H.LDKLB.QBE'.",Yes
"Do the two product descriptions refer to the same real-world product? Entity 1: 'BenQ SW2700PT 27in QHD Professional AdobeRGB Monitor IPS'. Entity 2: 'BenQ LCD SW2700PT 27\"" W/ LED/2560x1440/5ms/DVI-DL/HDMI/2xUSB3.0/Flicker-free/VESA 9H.LDKLB.QBE'.",Yes
"Do the two product descriptions refer to the same real-world product? Entity 1: 'BenQ SW2700PT 27in QHD Professional AdobeRGB Monitor 5ms'. Entity 2: 'BenQ LCD SW2700PT 27\"" W/IPS LED/2560x1440//DVI-DL/HDMI/2xUSB3.0/Flicker-free/VESA 9H.LDKLB.QBE'.",Yes
"Do the two product descriptions refer to the same real-world product? Entity 1: 'BenQ SW2700PT 27in QHD Professional AdobeRGB Monitor DVI-DL/HDMI/2xUSB3.0'. Entity 2: 'BenQ LCD SW2700PT 27\"" W/IPS LED/2560x1440/5ms//Flicker-free/VESA 9H.LDKLB.QBE'.",Yes
"Do the two product descriptions refer to the same real-world product? Entity 1: 'BenQ SW2700PT 27in QHD Professional AdobeRGB Monitor Flicker-free/VESA'. Entity 2: 'BenQ LCD SW2700PT 27\"" W/IPS LED/2560x1440/5ms/DVI-DL/HDMI/2xUSB3.0/ 9H.LDKLB.QBE'.",Yes
"Do the two product descriptions refer to the same real-world product? Entity 1: 'BenQ SW2700PT 27in QHD Professional AdobeRGB Monitor 9H.LDKLB.QBE'. Entity 2: 'BenQ LCD SW2700PT 27\"" W/IPS LED/2560x1440/5ms/DVI-DL/HDMI/2xUSB3.0/Flicker-free/VESA '.",Yes
Do the two product descriptions refer to the same real-world product? Entity 1: 'Cheap Replica Audemars Piguet Royal Oak Offshore Chronograph Watch 26470OR.OO.A125CR.01 Audemars Piguet'. Entity 2: '- Royal Oak Offshore Chronograph 42mm Mens Watch-26470OR.OO.A125CR.01'.,Yes
Do the two product descriptions refer to the same real-world product? Entity 1: 'Cheap Replica Audemars Piguet Royal Oak Offshore Chronograph 42mm Mens Watch-26470OR.OO.A125CR.01'. Entity 2: 'Audemars Piguet-Audemars Piguet Royal Oak Offshore Chronograph Watch 26470OR.OO.A125CR.01'.,Yes
Do the two product descriptions refer to the same real-world product? Entity 1: ' Audemars Piguet Royal Oak Offshore Chronograph Watch 26470OR.OO.A125CR.01'. Entity 2: 'Audemars Piguet-Audemars Piguet Royal Oak Offshore Chronograph 42mm Mens Watch-26470OR.OO.A125CR.01 Cheap Replica'.,Yes
Do the two product descriptions refer to the same real-world product? Entity 1: 'Tag Heuer Carrera Automatic Stainless Steel Watch CBK2112.BA0715'. Entity 2: 'TAG Heuer Carrera Quartz Chronograph Blue Dial Men's CBK2112.BA0715'.,Yes
Do the two product descriptions refer to the same real-world product? Entity 1: 'Tag Heuer Carrera Quartz Chronograph  Watch CBK2112.BA0715'. Entity 2: 'TAG Heuer Carrera Automatic Blue Dial Men's CBK2112.BA0715 Stainless Steel'.,Yes
Do the two product descriptions refer to the same real-world product? Entity 1: 'Tag Heuer Carrera Quartz Chronograph Stainless Steel Watch CBK2112.BA0715 Blue'. Entity 2: 'TAG Heuer Carrera Automatic  Dial Men's CBK2112.BA0715'.,Yes
Do the two product descriptions refer to the same real-world product? Entity 1: 'Tag Heuer Carrera Quartz Chronograph Stainless Steel Watch CBK2112.BA0715 Men's'. Entity 2: 'TAG Heuer Carrera Automatic Blue Dial  CBK2112.BA0715'.,Yes
Do the two product descriptions refer to the same real-world product? Entity 1: 'DJI Car Charger CP.PT.000562 Mavic Part 6 Car Charger Retail'. Entity 2: 'DJI Mavic Pro automobilinis įkroviklis / Accessory'.,Yes
Do the two product descriptions refer to the same real-world product? Entity 1: 'DJI Accessory Mavic Pro automobilinis įkroviklis / Car Charger Retail'. Entity 2: 'DJI CP.PT.000562 Mavic Part 6 Car Charger'.,Yes
Do the two product descriptions refer to the same real-world product? Entity 1: 'DJI Accessory CP.PT.000562 Mavic Pro Part 6 Car Charger Retail'. Entity 2: 'DJI Mavic automobilinis įkroviklis / Car Charger'.,Yes
Do the two product descriptions refer to the same real-world product? Entity 1: 'DJI Accessory CP.PT.000562 Mavic Part 6 Car Charger '. Entity 2: 'DJI Mavic Pro automobilinis įkroviklis / Car Charger Retail'.,Yes
Do the two product descriptions refer to the same real-world product? Entity 1: 'Epson Papir Photo Premium Glossy 13x18cm'. Entity 2: 'Epson Premium Glossy Photo Paper 13X18cm 30-ark 255G'.,Yes
Do the two product descriptions refer to the same real-world product? Entity 1: 'Epson Premium Glossy Photo Paper 13x18cm 30-ark'. Entity 2: 'Epson Papir Photo Premium Glossy 13X18cm  255G'.,Yes
Do the two product descriptions refer to the same real-world product? Entity 1: 'Epson Premium Glossy Photo Paper 13x18cm 255G'. Entity 2: 'Epson Papir Photo Premium Glossy 13X18cm 30-ark '.,Yes
Do the two product descriptions refer to the same real-world product? Entity 1: 'CORSAIR Vengeance RGB Pro 16GB (2 x 8GB) 288-Pin DDR4 DRAM DDR4 3000MHz Desktop Memory Model CMW16GX4M2C3000C15W'. Entity 2: 'Corsair Vengeance RGB Pro DDR4 3000 (PC4 24000) 16GB (2x8) Desktop Memory White CMW16GX4M2C3000C15W | PCByte'.,Yes
Do the two product descriptions refer to the same real-world product? Entity 1: 'CORSAIR Vengeance RGB Pro 16GB (2x8) 288-Pin DDR4 DRAM DDR4 3000 (PC4 24000) Desktop Memory Model CMW16GX4M2C3000C15W'. Entity 2: 'Corsair Vengeance RGB Pro DDR4 3000MHz 16GB (2 x 8GB) Desktop Memory White CMW16GX4M2C3000C15W | PCByte'.,Yes
"Do the two product descriptions refer to the same real-world product? Entity 1: 'Maxxis Maxxis, High Roller II, Tire, 27.5\"", Folding, Tubeless Ready, Dual, EXO, 60TPI, Black'. Entity 2: 'Maxxis High Roller II 650b 27.5''x2.30 Dual Compound EXO Folding Tubeless Ready Mountain Bike Tyre'.",Yes
"Do the two product descriptions refer to the same real-world product? Entity 1: 'Maxxis Maxxis, High Roller II, Tyre, 27.5''x2.30, Folding, Tubeless Ready, Dual, EXO, 60TPI, Black'. Entity 2: 'Maxxis High Roller II 650b 27.5\"" Dual Compound EXO Folding Tubeless Ready Mountain Bike Tire'.",Yes
"Do the two product descriptions refer to the same real-world product? Entity 1: 'Maxxis Maxxis, High Roller II, Tire, 27.5''x2.30, Folding, Tubeless Ready, Dual Compound, EXO, 60TPI, Black'. Entity 2: 'Maxxis High Roller II 650b 27.5\"" Dual EXO Folding Tubeless Ready Mountain Bike Tyre'.",Yes
"Do the two product descriptions refer to the same real-world product? Entity 1: 'Maxxis Maxxis, High Roller II, Tire, 27.5''x2.30, Folding, Tubeless Ready, Dual, EXO, , Black'. Entity 2: 'Maxxis High Roller II 650b 27.5\"" Dual Compound EXO Folding Tubeless Ready Mountain Bike Tyre 60TPI'.",Yes
"Do the two product descriptions refer to the same real-world product? Entity 1: 'Maxxis Maxxis, High Roller II, Tire, 27.5''x2.30, Folding, Tubeless Ready, Dual, EXO, 60TPI, '. Entity 2: 'Maxxis High Roller II 650b 27.5\"" Dual Compound EXO Folding Tubeless Ready Mountain Bike Tyre Black'.",Yes
Do the two product descriptions refer to the same real-world product? Entity 1: 'Dymo 12mm BLACK/RED D1 Tape (45017)'. Entity 2: 'DYMO 4500 TAPE Black On Red 45017'.,Yes
Do the two product descriptions refer to the same real-world product? Entity 1: 'Dymo 12mm Black On Red TAPE (45017)'. Entity 2: 'DYMO 4500 D1 Tape BLACK/RED 45017'.,Yes
Do the two product descriptions refer to the same real-world product? Entity 1: 'Dymo  Black On Red D1 Tape (45017)'. Entity 2: 'DYMO 4500 TAPE BLACK/RED 45017 12mm'.,Yes
Do the two product descriptions refer to the same real-world product? Entity 1: '8GB Corsair Value Select DDR4-2133 DIMM CL15 Single'. Entity 2: 'Corsair ValueSelect 8GB PC4-17000 - 8 GB - 1 x 8 GB - DDR4 - 2133 MHz - 288-pin DIMM'.,Yes
Do the two product descriptions refer to the same real-world product? Entity 1: '8GB Corsair ValueSelect DDR4-2133 DIMM  Single'. Entity 2: 'Corsair Value Select 8GB PC4-17000 - 8 GB - 1 x 8 GB - DDR4 - 2133 MHz - 288-pin DIMM CL15'.,Yes
Do the two product descriptions refer to the same real-world product? Entity 1: '8GB Corsair ValueSelect DDR4-2133 DIMM CL15 Single 288-pin'. Entity 2: 'Corsair Value Select 8GB PC4-17000 - 8 GB - 1 x 8 GB - DDR4 - 2133 MHz -  DIMM'.,Yes
Do the two product descriptions refer to the same real-world product? Entity 1: '8GB Corsair ValueSelect DDR4-2133 DIMM CL15 Single PC4-17000'. Entity 2: 'Corsair Value Select 8GB  - 8 GB - 1 x 8 GB - DDR4 - 2133 MHz - 288-pin DIMM'.,Yes
Do the two product descriptions refer to the same real-world product? Entity 1: 'SANDISK EXTREME PRO SDXC 256GB C10 U3 - SDSDXXY-256G-GN4IN'. Entity 2: 'SANDISK EXTREME PRO SDXC 256GB 170MB/S V30 UHS-I U3'.,Yes
Do the two product descriptions refer to the same real-world product? Entity 1: 'SANDISK EXTREME PRO SDXC 256GB V30 UHS-I U3 - SDSDXXY-256G-GN4IN 170MB/S'. Entity 2: 'SANDISK EXTREME PRO SDXC 256GB  C10 U3'.,Yes
Do the two product descriptions refer to the same real-world product? Entity 1: 'SANDISK EXTREME PRO SDXC 256GB V30 UHS-I U3 - '. Entity 2: 'SANDISK EXTREME PRO SDXC 256GB 170MB/S C10 U3 SDSDXXY-256G-GN4IN'.,Yes
Do the two product descriptions refer to the same real-world product? Entity 1: 'WD 1TB Blue SN550 NVME M.2 2280 SSD (WDS100T2B0C) (Warranty 5years with WD SG)'. Entity 2: 'WD BLUE 1TB SN550 NVME M.2 SSD (WDS100T2B0C)'.,Yes
Do the two product descriptions refer to the same real-world product? Entity 1: 'WD 1TB Blue SN550 NVME M.2 SSD (WDS100T2B0C) (Warranty 5years with WD SG)'. Entity 2: 'WD BLUE 1TB SN550 NVME M.2 2280 SSD (WDS100T2B0C) 5 years with WD SG'.,Yes
"Do the two product descriptions refer to the same real-world product? Entity 1: '16GB Vengeance LPX DDR4 2400MHz, CL14, Black, DIMM Memory Corsair'. Entity 2: ' Vengeance LPX 16GB DDR4 2400MHz(CMK16GX4M1A2400C14)'.",Yes
"Do the two product descriptions refer to the same real-world product? Entity 1: '16GB Vengeance LPX DDR4 2400MHz, C14, Black, DIMM Memory'. Entity 2: 'Corsair Vengeance LPX 16GB DDR4 2400MHz(CMK16GX4M1A2400CL14)'.",Yes
"Do the two product descriptions refer to the same real-world product? Entity 1: '16GB Vengeance LPX DDR4 2400MHz, CL14, , DIMM Memory'. Entity 2: 'Corsair Vengeance LPX 16GB DDR4 2400MHz(CMK16GX4M1A2400C14) Black'.",Yes
"Do the two product descriptions refer to the same real-world product? Entity 1: '16GB Vengeance LPX DDR4 2400MHz, CL14, Black, '. Entity 2: 'Corsair Vengeance LPX 16GB DDR4 2400MHz(CMK16GX4M1A2400C14) DIMM Memory'.",Yes
"Do the two product descriptions refer to the same real-world product? Entity 1: '16GB Vengeance LPX DDR4 2400MHz, CL14, Black, DIMM Memory CMK16GX4M1A2400C14'. Entity 2: 'Corsair Vengeance LPX 16GB DDR4 2400MHz()'.",Yes
Do the two product descriptions refer to the same real-world product? Entity 1: 'Cappello New Era Clean Trucker Chicago Bulls Cap'. Entity 2: 'Šilterica New Era Clean Trucker Chicago Bulls Cap'.,Yes
Do the two product descriptions refer to the same real-world product? Entity 1: 'APC Smart UPS SRT 3000VA RM 230V SRT3000RMXLI'. Entity 2: 'APC Smart-UPS RM 3000VA'.,Yes
Do the two product descriptions refer to the same real-world product? Entity 1: 'APC Smart-UPS SRT 3000VA RM 230V '. Entity 2: 'APC Smart UPS RM 3000VA SRT3000RMXLI'.,Yes
Do the two product descriptions refer to the same real-world product? Entity 1: ' Traveler's Notebook - 012 Sketch Paper Notebook'. Entity 2: 'Traveler's Notebook Refill - Sketch Paper Midori'.,Yes
Do the two product descriptions refer to the same real-world product? Entity 1: 'Midori Traveler's Notebook Refill - Sketch Paper'. Entity 2: 'Traveler's Notebook - 012 Sketch Paper Notebook'.,Yes
Do the two product descriptions refer to the same real-world product? Entity 1: 'Midori Traveler's Notebook - 012 Sketch Paper'. Entity 2: 'Traveler's Notebook Refill - Sketch Paper Notebook'.,Yes
Do the two product descriptions refer to the same real-world product? Entity 1: 'Midori Traveler's Notebook -  Sketch Paper Notebook'. Entity 2: 'Traveler's Notebook Refill - Sketch Paper 012'.,Yes
Do the two product descriptions refer to the same real-world product? Entity 1: 'D-Link Switch 24 Puertos- Red DGS-1210-24P'. Entity 2: 'D-LINK  24-port Gig PoE Switch 4x Combo'.,Yes
Do the two product descriptions refer to the same real-world product? Entity 1: 'D-Link Switch 24 Puertos- Red PoE'. Entity 2: 'D-LINK DGS-1210-24P 24-port Gig  Switch 4x Combo'.,Yes
Do the two product descriptions refer to the same real-world product? Entity 1: 'D-Link Switch 24 Puertos- Red 4x Combo'. Entity 2: 'D-LINK DGS-1210-24P 24-port Gig PoE Switch '.,Yes
Do the two product descriptions refer to the same real-world product? Entity 1: 'SRAM SRAM NX Eagle PG-1230 12v Cassette'. Entity 2: 'SRAM NX Eagle PG-1230 Cassetta Pignoni 11-50T 12-Speed 2019'.,Yes
Do the two product descriptions refer to the same real-world product? Entity 1: 'SRAM SRAM NX Eagle PG-1230 12-Speed Cassette 2019'. Entity 2: 'SRAM NX Eagle PG-1230 Cassetta Pignoni 11-50T 12v '.,Yes
Do the two product descriptions refer to the same real-world product? Entity 1: 'SRAM SRAM NX Eagle PG-1230 12-Speed Cassette 11-50T'. Entity 2: 'SRAM NX Eagle PG-1230 Cassetta Pignoni  12v 2019'.,Yes
Do the two product descriptions refer to the same real-world product? Entity 1: 'Swiss Military Hanowa FLAGSHIP 06-5161.2.04.003 '. Entity 2: 'Swiss Military Hanowa Flagship 06-5161.2.04.003 Herrenuhr'.,Yes
"Do the two product descriptions refer to the same real-world product? Entity 1: 'Corsair Carbide Series SPEC-OMEGA Black ATX Cube Case, Tempered Glass Window, No PSU, 2x USB 3.0, HD Audio, 2x HD120 RGB Fan / Lighting Node PRO pre-installed'. Entity 2: 'Corsair Chassis, Carbide SPEC-OMEGA RGB'.",Yes
"Do the two product descriptions refer to the same real-world product? Entity 1: 'Corsair Carbide SPEC-OMEGA RGB  ATX Cube Case, Tempered Glass Window, No PSU, 2x USB 3.0, HD Audio, 2x HD120 RGB Fan / Lighting Node PRO pre-installed'. Entity 2: 'Corsair Chassis, Carbide Series SPEC-OMEGA Black'.",Yes
"Do the two product descriptions refer to the same real-world product? Entity 1: 'Corsair Carbide SPEC-OMEGA RGB Black , Tempered Glass Window, No PSU, 2x USB 3.0, HD Audio, 2x HD120 RGB Fan / Lighting Node PRO pre-installed'. Entity 2: 'Corsair Chassis, Carbide Series SPEC-OMEGA ATX Cube Case'.",Yes
"Do the two product descriptions refer to the same real-world product? Entity 1: 'Corsair Carbide SPEC-OMEGA RGB Black ATX Cube Case, , No PSU, 2x USB 3.0, HD Audio, 2x HD120 RGB Fan / Lighting Node PRO pre-installed'. Entity 2: 'Corsair Chassis, Carbide Series SPEC-OMEGA Tempered Glass Window'.",Yes
"Do the two product descriptions refer to the same real-world product? Entity 1: 'Corsair Carbide SPEC-OMEGA RGB Black ATX Cube Case, Tempered Glass Window, , 2x USB 3.0, HD Audio, 2x HD120 RGB Fan / Lighting Node PRO pre-installed'. Entity 2: 'Corsair Chassis, Carbide Series SPEC-OMEGA No PSU'.",Yes
"Do the two product descriptions refer to the same real-world product? Entity 1: 'Corsair Carbide SPEC-OMEGA RGB Black ATX Cube Case, Tempered Glass Window, No PSU, , HD Audio, 2x HD120 RGB Fan / Lighting Node PRO pre-installed'. Entity 2: 'Corsair Chassis, Carbide Series SPEC-OMEGA 2x USB 3.0'.",Yes
"Do the two product descriptions refer to the same real-world product? Entity 1: 'Corsair Carbide SPEC-OMEGA RGB Black ATX Cube Case, Tempered Glass Window, No PSU, 2x USB 3.0, , 2x HD120 RGB Fan / Lighting Node PRO pre-installed'. Entity 2: 'Corsair Chassis, Carbide Series SPEC-OMEGA HD Audio'.",Yes
"Do the two product descriptions refer to the same real-world product? Entity 1: 'Corsair Carbide SPEC-OMEGA RGB Black ATX Cube Case, Tempered Glass Window, No PSU, 2x USB 3.0, HD Audio, '. Entity 2: 'Corsair Chassis, Carbide Series SPEC-OMEGA 2x HD120 RGB Fan / Lighting Node PRO pre-installed'.",Yes
Do the two product descriptions refer to the same real-world product? Entity 1: 'Evans EC2 SST 13'' Clear Batter - TT13EC2 SST'. Entity 2: 'Evans EC2S Clear Batter Drumhead 13 in.'.,Yes
Do the two product descriptions refer to the same real-world product? Entity 1: 'Evans EC2S 13'' Clear Batter Drumhead - TT13EC2S'. Entity 2: 'Evans EC2 SST Clear Batter 13 in.'.,Yes
Do the two product descriptions refer to the same real-world product? Entity 1: 'Evans EC2S 13 in. Clear Batter - TT13EC2S'. Entity 2: 'Evans EC2 SST Clear Batter Drumhead 13'''.,Yes
Do the two product descriptions refer to the same real-world product? Entity 1: 'Evans EC2S 13'' Clear Batter - '. Entity 2: 'Evans EC2 SST Clear Batter Drumhead 13 in. TT13EC2S'.,Yes
"Do the two product descriptions refer to the same real-world product? Entity 1: 'Boje Canon PG-545 BK 8ml'. Entity 2: 'Canon PG-545 BK (Black) Original Ink Cartridge, E Zezë'.",Yes
"Do the two product descriptions refer to the same real-world product? Entity 1: 'Boje Canon PG-545 BK 8ml Original'. Entity 2: 'Canon PG-545 Black  Ink Cartridge, E Zezë'.",Yes
"Do the two product descriptions refer to the same real-world product? Entity 1: 'Boje Canon PG-545 BK '. Entity 2: 'Canon PG-545 Black Original Ink Cartridge, E Zezë 8ml'.",Yes
"Do the two product descriptions refer to the same real-world product? Entity 1: 'Boje Canon PG-545 BK 8ml E Zezë'. Entity 2: 'Canon PG-545 Black Original Ink Cartridge, '.",Yes
"Do the two product descriptions refer to the same real-world product? Entity 1: 'D-Link DGS-1210-28P 24-port'. Entity 2: 'D-Link DGS-1210-28P  1Gb Smart Switch, 4x SFP, PoE'.",Yes
"Do the two product descriptions refer to the same real-world product? Entity 1: 'D-Link DGS-1210-28P 1Gb'. Entity 2: 'D-Link DGS-1210-28P 24-port  Smart Switch, 4x SFP, PoE'.",Yes
"Do the two product descriptions refer to the same real-world product? Entity 1: 'D-Link DGS-1210-28P Smart Switch'. Entity 2: 'D-Link DGS-1210-28P 24-port 1Gb , 4x SFP, PoE'.",Yes
"Do the two product descriptions refer to the same real-world product? Entity 1: 'D-Link DGS-1210-28P 4x SFP'. Entity 2: 'D-Link DGS-1210-28P 24-port 1Gb Smart Switch, , PoE'.",Yes
"Do the two product descriptions refer to the same real-world product? Entity 1: 'D-Link DGS-1210-28P PoE'. Entity 2: 'D-Link DGS-1210-28P 24-port 1Gb Smart Switch, 4x SFP, '.",Yes
"Do the two product descriptions refer to the same real-world product? Entity 1: 'WD Wds100t2b0a 1tb Blue 3d Nand SSD 550MB/s HDD | Discount Computer Needs'. Entity 2: 'WD Blue 1TB 2.5"" SATA Internal Solid State Drive SSD'.",Yes
Do the two product descriptions refer to the same real-world product? Entity 1: 'EPSON Ink bar  Ink Cartridge XL Yellow - 4000str. (39 ml)'. Entity 2: 'Epson C13T755440 T7554 Yellow Ink 39ml WF-8xxx Series'.,Yes
Do the two product descriptions refer to the same real-world product? Entity 1: 'EPSON Ink bar WF-8xxx Series Ink Cartridge XL Yellow - 4000str. (39 ml) C13T755440 T7554'. Entity 2: 'Epson  Yellow Ink 39ml'.,Yes
Do the two product descriptions refer to the same real-world product? Entity 1: 'EPSON Ink bar WF-8xxx Series Ink Cartridge XL Yellow - 4000str. (39ml)'. Entity 2: 'Epson C13T755440 T7554 Yellow Ink 39 ml'.,Yes
Do the two product descriptions refer to the same real-world product? Entity 1: 'EPSON Ink bar WF-8xxx Series Ink Cartridge XL Yellow -  (39 ml)'. Entity 2: 'Epson C13T755440 T7554 Yellow Ink 39ml 4000str.'.,Yes
Do the two product descriptions refer to the same real-world product? Entity 1: 'AMD AM4 Socket-3400G RYZEN5 3.7GHz'. Entity 2: 'AMD Ryzen 5 3400G Desktop Processor 4 Cores up to 4.2GHz 6MB Cache AM4 (YD3400C5FHBOX)'.,Yes
Do the two product descriptions refer to the same real-world product? Entity 1: 'AMD AM4-3400G RYZEN5 '. Entity 2: 'AMD Ryzen 5 3400G Desktop Processor 4 Cores up to 4.2GHz 6MB Cache AM4 Socket (YD3400C5FHBOX) 3.7GHz'.,Yes
Do the two product descriptions refer to the same real-world product? Entity 1: 'AMD AM4-3400G RYZEN5 3.7GHz up to 4.2GHz'. Entity 2: 'AMD Ryzen 5 3400G Desktop Processor 4 Cores  6MB Cache AM4 Socket (YD3400C5FHBOX)'.,Yes
Do the two product descriptions refer to the same real-world product? Entity 1: 'AMD AM4-3400G RYZEN5 3.7GHz 4 Cores'. Entity 2: 'AMD Ryzen 5 3400G Desktop Processor  up to 4.2GHz 6MB Cache AM4 Socket (YD3400C5FHBOX)'.,Yes
Do the two product descriptions refer to the same real-world product? Entity 1: 'AMD AM4-3400G RYZEN5 3.7GHz 6MB Cache'. Entity 2: 'AMD Ryzen 5 3400G Desktop Processor 4 Cores up to 4.2GHz  AM4 Socket (YD3400C5FHBOX)'.,Yes
Do the two product descriptions refer to the same real-world product? Entity 1: 'AMD AM4-3400G RYZEN5 3.7GHz YD3400C5FHBOX'. Entity 2: 'AMD Ryzen 5 3400G Desktop Processor 4 Cores up to 4.2GHz 6MB Cache AM4 Socket ()'.,Yes
Do the two product descriptions refer to the same real-world product? Entity 1: 'Pokemon Sword & Shield Boosters'. Entity 2: 'Pokemon TCG: Sword & Shield Booster pack'.,Yes
Do the two product descriptions refer to the same real-world product? Entity 1: 'Pokemon TCG: Sword & Shield Booster pack'. Entity 2: 'Pokemon Sword & Shield Boosters'.,Yes
Do the two product descriptions refer to the same real-world product? Entity 1: 'Pokemon Sword & Shield Booster pack Pokemon'. Entity 2: ' TCG: Sword & Shield Boosters'.,Yes
Do the two product descriptions refer to the same real-world product? Entity 1: 'Canon PGI-29 Ink Cartridge Grey 4871B001AA CO68194'. Entity 2: 'Genuine Canon PGI-29 Grey Ink Tank (PGI29GOEM)'.,Yes
Do the two product descriptions refer to the same real-world product? Entity 1: 'Canon PGI-29 Ink Tank Grey PGI29GOEM'. Entity 2: 'Genuine Canon PGI-29 Grey Ink Cartridge (4871B001AA CO68194)'.,Yes
Do the two product descriptions refer to the same real-world product? Entity 1: '  21OZ STANDARD MOUTH BOTTLE-OLIVE'. Entity 2: '21 oz Standard Mouth With Standard S21SX306 HYDRO FLASK'.,Yes
Do the two product descriptions refer to the same real-world product? Entity 1: 'HYDRO FLASK HYDRO FLASK 21OZ STANDARD MOUTH BOTTLE-OLIVE'. Entity 2: '21 oz Standard Mouth Bottle With Standard S21SX306'.,Yes
Do the two product descriptions refer to the same real-world product? Entity 1: 'HYDRO FLASK HYDRO FLASK 21 oz STANDARD MOUTH BOTTLE-OLIVE'. Entity 2: '21OZ Standard Mouth With Standard S21SX306'.,Yes
Do the two product descriptions refer to the same real-world product? Entity 1: 'HYDRO FLASK HYDRO FLASK 21OZ STANDARD MOUTH BOTTLE-'. Entity 2: '21 oz Standard Mouth With Standard S21SX306 OLIVE'.,Yes
Do the two product descriptions refer to the same real-world product? Entity 1: 'HYDRO FLASK HYDRO FLASK 21OZ STANDARD MOUTH BOTTLE-OLIVE S21SX306'. Entity 2: '21 oz Standard Mouth With Standard '.,Yes
"Do the two product descriptions refer to the same real-world product? Entity 1: 'Corsair ML140 Pro LED, Blue, 140mm Premium Magnetic Levitation Cooling Fan CO-9050048-WW | Discount Computer Needs'. Entity 2: 'Corsair ML140 Pro LED Blue 140mm Magnetic Levitation Fan'.",Yes
"Do the two product descriptions refer to the same real-world product? Entity 1: 'Corsair ML140 Pro LED Blue 140mm Magnetic Levitation Cooling Fan | Discount Computer Needs'. Entity 2: 'Corsair ML140 Pro LED, Blue, 140mm Premium Magnetic Levitation Fan CO-9050048-WW'.",Yes
"Do the two product descriptions refer to the same real-world product? Entity 1: 'Corsair ML140 Pro LED Blue 140mm Magnetic Levitation Fan | Discount Computer Needs CO-9050048-WW'. Entity 2: 'Corsair ML140 Pro LED, Blue, 140mm Premium Magnetic Levitation Cooling Fan '.",Yes
"Do the two product descriptions refer to the same real-world product? Entity 1: 'Memoria USB Kingston - Color blanco, 16 GB, USB 3.0'. Entity 2: 'Kingston Technology DataTraveler G4 - USB flash drive - 16 GB - USB 3.0 - blue'.",Yes
"Do the two product descriptions refer to the same real-world product? Entity 1: 'Memoria USB Kingston Technology - Color blanco, 16 GB, USB 3.0 DataTraveler G4'. Entity 2: 'Kingston  - USB flash drive - 16 GB - USB 3.0 - blue'.",Yes
"Do the two product descriptions refer to the same real-world product? Entity 1: 'Memoria USB Kingston Technology - Color blue, 16 GB, USB 3.0'. Entity 2: 'Kingston DataTraveler G4 - USB flash drive - 16 GB - USB 3.0 - blanco'.",Yes
Do the two product descriptions refer to the same real-world product? Entity 1: 'ASUS TUF TUF 3-RX5700XT-O8G-GAMING Radeon RX 5700 XT 8 GB GDDR6'. Entity 2: 'ASUS Radeon RX 5700 XT TUF Gaming OC 8GB GDDR6'.,Yes
Do the two product descriptions refer to the same real-world product? Entity 1: 'ASUS TUF Gaming Radeon RX 5700 XT TUF OC Radeon RX 5700 XT 8 GB GDDR6'. Entity 2: 'ASUS TUF 3-RX5700XT-O8G-GAMING 8GB GDDR6'.,Yes
Do the two product descriptions refer to the same real-world product? Entity 1: 'ASUS TUF Gaming TUF 3-RX5700XT-O8G-GAMING Radeon RX 5700 XT 8GB GDDR6'. Entity 2: 'ASUS Radeon RX 5700 XT TUF OC 8 GB GDDR6'.,Yes
Do the two product descriptions refer to the same real-world product? Entity 1: 'ASUS TUF Gaming TUF 3-RX5700XT-O8G-GAMING Radeon RX 5700 XT 8 GB GDDR6 OC'. Entity 2: 'ASUS Radeon RX 5700 XT TUF  8GB GDDR6'.,Yes
Do the two product descriptions refer to the same real-world product? Entity 1: 'Corsair Carbide SPEC-01 Tower Red LED'. Entity 2: 'Corsair Carbide Spec-01 Black Mid-Tower Case'.,Yes
Do the two product descriptions refer to the same real-world product? Entity 1: 'Corsair Carbide SPEC-01 Mid-Tower Black'. Entity 2: 'Corsair Carbide Spec-01 Red LED Tower Case'.,Yes
Do the two product descriptions refer to the same real-world product? Entity 1: 'HyperX 16GB/3333MHz DDR-4 HyperX Predator XMP (Kit! 2db 8GB) (HX433C16PB3K2/16) memória'. Entity 2: 'Kingston Predator 16GB - PC4-26600 - DIMM'.,Yes
Do the two product descriptions refer to the same real-world product? Entity 1: 'Kingston 16GB/3333MHz DIMM HyperX Predator XMP (Kit! 2db 8GB) (HX433C16PB3K2/16) memória'. Entity 2: 'HyperX Predator 16GB - PC4-26600 - DDR-4'.,Yes
Do the two product descriptions refer to the same real-world product? Entity 1: 'Kingston 16GB/PC4-26600 DDR-4 HyperX Predator XMP (Kit! 2db 8GB) (HX433C16PB3K2/16) memória'. Entity 2: 'HyperX Predator 16GB - 3333MHz - DIMM'.,Yes
Do the two product descriptions refer to the same real-world product? Entity 1: 'Kingston 16GB/3333MHz DDR-4 HyperX Predator XMP () (HX433C16PB3K2/16) memória'. Entity 2: 'HyperX Predator 16GB - PC4-26600 - DIMM Kit! 2db 8GB'.,Yes
Do the two product descriptions refer to the same real-world product? Entity 1: 'Kingston 16GB/3333MHz DDR-4 HyperX Predator XMP (Kit! 2db 8GB) () memória'. Entity 2: 'HyperX Predator 16GB - PC4-26600 - DIMM HX433C16PB3K2/16'.,Yes
Do the two product descriptions refer to the same real-world product? Entity 1: 'Fujifilm Instax Square Film 20 Pack'. Entity 2: 'Fujifilm Instax Square Film Twin Pack 20 Shots'.,Yes
"Do the two product descriptions refer to the same real-world product? Entity 1: 'SanDisk Ultra Flair 32 GB USB 3.0 Pen Drive'. Entity 2: 'SanDisk USB 3.0 Flash Drive Ultra Flair 32GB Black, Silver'.",Yes
"Do the two product descriptions refer to the same real-world product? Entity 1: 'SanDisk Ultra Flair 32GB USB 3.0 Pen Drive Black, Silver'. Entity 2: 'SanDisk USB 3.0 Flash Drive Ultra Flair 32 GB '.",Yes
Do the two product descriptions refer to the same real-world product? Entity 1: 'Corsair Crystal Series 570X RGB ATX Mid-Tower Case Tempered Glass Black CC-9011098-WW'. Entity 2: 'Corsair Crystal Series 570X RGB  Steel / Tempered Glass ATX Mid Tower Case'.,Yes
Do the two product descriptions refer to the same real-world product? Entity 1: 'Corsair Crystal Series 570X RGB ATX Mid-Tower Case Steel / Tempered Glass Black'. Entity 2: 'Corsair Crystal Series 570X RGB CC-9011098-WW Tempered Glass ATX Mid Tower Case'.,Yes
Do the two product descriptions refer to the same real-world product? Entity 1: 'Corsair Crystal Series 570X RGB ATX Mid Tower Case Tempered Glass Black'. Entity 2: 'Corsair Crystal Series 570X RGB CC-9011098-WW Steel / Tempered Glass ATX Mid-Tower Case'.,Yes
Do the two product descriptions refer to the same real-world product? Entity 1: 'Corsair Crystal Series 570X RGB ATX Mid-Tower Case Tempered Glass '. Entity 2: 'Corsair Crystal Series 570X RGB CC-9011098-WW Steel / Tempered Glass ATX Mid Tower Case Black'.,Yes
Do the two product descriptions refer to the same real-world product? Entity 1: 'Fujifilm XF-56mm f1.2'. Entity 2: 'Fujifilm FUJINON XF 56mm f/1.2 R'.,Yes
Do the two product descriptions refer to the same real-world product? Entity 1: 'Fujifilm XF 56mm f/1.2 R FUJINON'. Entity 2: 'Fujifilm  XF-56mm f1.2'.,Yes
"Do the two product descriptions refer to the same real-world product? Entity 1: 'Maxxis Minion DHR II 29\"" DD/3C/TR'. Entity 2: 'Reifen Maxxis 29"" Minion DHR II DoubleDown'.",Yes
"Do the two product descriptions refer to the same real-world product? Entity 1: 'Maxxis Minion DHR II 29\"" DoubleDown'. Entity 2: 'Reifen Maxxis 29x2.30 Minion DHR II DD/3C/TR'.",Yes
"Do the two product descriptions refer to the same real-world product? Entity 1: 'Maxxis Tire Assegai 3C Maxx Terra/EXO+/TR Foldable 27.5x2.50WT'. Entity 2: 'Maxxis Assegai Tire - 27.5 x 2.5, Folding, Tubeless, Black, 3C MAXXTERRA, EXO+, Wide Trail'.",Yes
"Do the two product descriptions refer to the same real-world product? Entity 1: 'Maxxis Tire Assegai 3C MAXXTERRA/EXO+/TR Folding 27.5x2.50WT'. Entity 2: 'Maxxis Assegai Tire - 27.5 x 2.5, Foldable, Tubeless, Black, 3C Maxx Terra, EXO+, Wide Trail'.",Yes
"Do the two product descriptions refer to the same real-world product? Entity 1: 'Maxxis Tire Assegai 3C MAXXTERRA/EXO+/TR Foldable 27.5 x 2.5'. Entity 2: 'Maxxis Assegai Tire - 27.5x2.50WT, Folding, Tubeless, Black, 3C Maxx Terra, EXO+, Wide Trail'.",Yes
"Do the two product descriptions refer to the same real-world product? Entity 1: 'Maxxis Tire Assegai 3C MAXXTERRA/EXO+/TR Foldable 27.5x2.50WT'. Entity 2: 'Maxxis Assegai Tire - 27.5 x 2.5, Folding, TR (Tubeless Ready), Black, 3C Maxx Terra, EXO+, Wide Trail'.",Yes
"Do the two product descriptions refer to the same real-world product? Entity 1: 'Maxxis Tire Assegai 3C MAXXTERRA/EXO+/TR Foldable 27.5x2.50WT Black'. Entity 2: 'Maxxis Assegai Tire - 27.5 x 2.5, Folding, Tubeless, , 3C Maxx Terra, EXO+, Wide Trail'.",Yes
Do the two product descriptions refer to the same real-world product? Entity 1: 'Ubiquiti Networks IR LED Range Extender'. Entity 2: 'Ubiquiti UVC-G3-LED security camera accessory'.,Yes
Do the two product descriptions refer to the same real-world product? Entity 1: 'Ubiquiti security camera accessory'. Entity 2: 'Ubiquiti Networks UVC-G3-LED IR LED Range Extender'.,Yes
Do the two product descriptions refer to the same real-world product? Entity 1: 'Ubiquiti IR LED Range Extender UVC-G3-LED'. Entity 2: 'Ubiquiti Networks  security camera accessory'.,Yes
Do the two product descriptions refer to the same real-world product? Entity 1: 'Sigma 50mm f/1.4 DG HSM Canon [ART]'. Entity 2: '0000012890| Sigma 50mm F1.4 DG HSM Art for Canon'.,Yes
Do the two product descriptions refer to the same real-world product? Entity 1: 'Sigma 50mm F1.4 DG HSM Canon [ART]'. Entity 2: '0000012890| Sigma 50mm f/1.4 DG HSM [ART] for Canon'.,Yes
Do the two product descriptions refer to the same real-world product? Entity 1: 'Canon EF 100mm 2.8 L IS USM Macro Lens'. Entity 2: 'CANON EF 100mm/F2.8L macro IS USME67'.,Yes
Do the two product descriptions refer to the same real-world product? Entity 1: 'Canon EF 100mm F2.8 L macro IS USME67'. Entity 2: 'CANON EF 100mm/2.8L IS USM Macro Lens'.,Yes
Do the two product descriptions refer to the same real-world product? Entity 1: 'Logitech G402 Hyperion Fury Oyuncu Mouse 910-004068'. Entity 2: 'LOGITECH | G G402 Hyperion Fury FPS Gaming Mouse | 910-004068'.,Yes
Do the two product descriptions refer to the same real-world product? Entity 1: 'Logitech G G402 Hyperion Fury FPS Gaming Mouse 910-004068'. Entity 2: 'LOGITECH | G402 Hyperion Fury Oyuncu Mouse | 910-004068'.,Yes
Do the two product descriptions refer to the same real-world product? Entity 1: 'Epson Tinte (Ink) - Matte Black 700ml'. Entity 2: 'Epson Tinte matte schwarz 700ml f. 7900/9900'.,Yes
Do the two product descriptions refer to the same real-world product? Entity 1: 'Epson Ink Cartridge - matte schwarz (matte black) 700ml'. Entity 2: 'Epson Tinte matte schwarz 700ml f. 7900/9900'.,Yes
Do the two product descriptions refer to the same real-world product? Entity 1: 'Epson Ink Cartridge - Matte Black 700ml 7900/9900'. Entity 2: 'Epson Tinte matte schwarz 700ml f. '.,Yes
Do the two product descriptions refer to the same real-world product? Entity 1: 'Logitech H650e AURICULARES STEREO USB'. Entity 2: 'LOGITECH AURICULARES H650E STEREO USB'.,Yes
Do the two product descriptions refer to the same real-world product? Entity 1: 'GIGABYTE Radeon RX 5500 XT OC - 4GB GDDR6 - Grafikkort'. Entity 2: 'Gigabyte Radeon RX 5500 XT OC 4GB GDDR6 RAM'.,Yes
Do the two product descriptions refer to the same real-world product? Entity 1: 'GIGABYTE Radeon RX 5500 XT OC - 4GB GDDR6 RAM - '. Entity 2: 'Gigabyte Radeon RX 5500 XT OC 4GB GDDR6 Grafikkort'.,Yes
Do the two product descriptions refer to the same real-world product? Entity 1: 'Razer Viper Mini Ultra-Lightweight USB RGB Optical Gaming Mouse'. Entity 2: 'Razer Viper Mini Optical Ambidextrous RGB Gaming Mouse (RZ01-03250100-R3M1)'.,Yes
Do the two product descriptions refer to the same real-world product? Entity 1: 'Razer Viper Mini Optical Ambidextrous RGB Gaming Mouse RZ01-03250100-R3M1'. Entity 2: 'Razer Viper Mini Ultra-Lightweight USB RGB Optical Gaming Mouse ()'.,Yes
Do the two product descriptions refer to the same real-world product? Entity 1: 'Evolis RCT023NAA Black Monochrome Ribbon 2000 PRINTS'. Entity 2: 'EVOLIS RCT023NAA BLACK MONOCHROME RIBBON ()'.,Yes
Do the two product descriptions refer to the same real-world product? Entity 1: 'Ubiquiti UniFi Protect G3 FLEX 3-Pack UVC-G3-FLEX-3 Ubiquiti'. Entity 2: 'Ubiquiti UVC-G3-FLEX-3 UniFi Video Camera G3 FLEX Camera 3-Pack'.,Yes
Do the two product descriptions refer to the same real-world product? Entity 1: 'Corsair 32GB DDR4 Vengeance LPX 2666MHz Memory Kit '. Entity 2: 'Corsair Vengeance LPX 32GB (2x16GB) DDR4 2666MHz(CMK32GX4M2A2666C16) Black'.,Yes
Do the two product descriptions refer to the same real-world product? Entity 1: 'Corsair 32GB DDR4 Vengeance LPX 2666MHz Memory Kit Black CMK32GX4M2A2666C16'. Entity 2: 'Corsair Vengeance LPX 32GB (2x16GB) DDR4 2666MHz()'.,Yes
Do the two product descriptions refer to the same real-world product? Entity 1: 'Corsair 32GB DDR4 Vengeance LPX 2666MHz Memory Kit Black (2x16GB)'. Entity 2: 'Corsair Vengeance LPX 32GB  DDR4 2666MHz(CMK32GX4M2A2666C16)'.,Yes
Do the two product descriptions refer to the same real-world product? Entity 1: 'New Era 39THIRTY MLB New York Yankees Czapka - 10298279'. Entity 2: 'Fullcap New Era 39THIRTY New York Yankees - 10298279'.,Yes
"Do the two product descriptions refer to the same real-world product? Entity 1: 'Epson Tinte T6935 Matt Black UltraChrome XD, 350 ml'. Entity 2: '(C13T693500) EPSONSCT3000 UltraChrome Matte Black'.",Yes
"Do the two product descriptions refer to the same real-world product? Entity 1: 'Epson Tinte T6935 Matte Black UltraChrome, 350 ml'. Entity 2: '(C13T693500) EPSONSCT3000 UltraChrome XD Matt Black'.",Yes
"Do the two product descriptions refer to the same real-world product? Entity 1: 'Epson Tinte T6935 Matt Black UltraChrome, '. Entity 2: '(C13T693500) EPSONSCT3000 UltraChrome XD Matte Black 350 ml'.",Yes
"Do the two product descriptions refer to the same real-world product? Entity 1: 'Epson Tinte T6935 Matt Black UltraChrome, 350 ml C13T693500'. Entity 2: '() EPSONSCT3000 UltraChrome XD Matte Black'.",Yes
"Do the two product descriptions refer to the same real-world product? Entity 1: 'Epson Tinte T6935 Matt Black UltraChrome, 350 ml EPSONSCT3000'. Entity 2: '(C13T693500)  UltraChrome XD Matte Black'.",Yes
Do the two product descriptions refer to the same real-world product? Entity 1: 'Orologio Garmin VENU 010-02173-12'. Entity 2: 'Garmin VENU Smartwatch Black 010-02173-12 Leather Strap'.,Yes
Do the two product descriptions refer to the same real-world product? Entity 1: 'Orologio Garmin Venu 010-02173-12 Venu Black'. Entity 2: 'Garmin VENU Smartwatch  010-02173-12 Leather Strap'.,Yes
Do the two product descriptions refer to the same real-world product? Entity 1: 'Orologio Garmin Venu 010-02173-12 Venu Leather'. Entity 2: 'Garmin VENU Smartwatch Black 010-02173-12  Strap'.,Yes
Do the two product descriptions refer to the same real-world product? Entity 1: 'Corsair ML140 140mm  Premium Magnetic Levitation Fan - Twin Pack'. Entity 2: 'Corsair ML140 Magnetic Levitation 140mm Case Fan - Twin Pack PWM'.,Yes
Do the two product descriptions refer to the same real-world product? Entity 1: 'Corsair ML140 140mm PWM  Magnetic Levitation Fan - Twin Pack'. Entity 2: 'Corsair ML140 Magnetic Levitation 140mm Case Fan - Twin Pack Premium'.,Yes
Do the two product descriptions refer to the same real-world product? Entity 1: 'Epson T6923 Ultrachrome XD Magenta Ink 110ml'. Entity 2: 'Epson Singlepack UltraChrome XD rauttT692300(110ml)'.,Yes
Do the two product descriptions refer to the same real-world product? Entity 1: 'Epson T692300 Ultrachrome XD rautt Ink 110ml'. Entity 2: 'Epson Singlepack UltraChrome XD MagentaT6923(110ml)'.,Yes
"Do the two product descriptions refer to the same real-world product? Entity 1: 'Evans 8\"" EC2 Clear Drum Head'. Entity 2: 'Evans TT08EC2S Clear Drum Head, 8 Inch'.",Yes
"Do the two product descriptions refer to the same real-world product? Entity 1: 'Evans 8\"" TT08EC2S Clear Drum Head'. Entity 2: 'Evans EC2 Clear Drum Head, 8""'.",Yes
Do the two product descriptions refer to the same real-world product? Entity 1: 'Ubiquiti UniFi AP AC Pro Indoor / Outdoor Access Point 5-pack'. Entity 2: 'Ubiquiti UniFi AC Pro 5 Pack UAP-AC-PRO-5 Ubiquiti'.,Yes
Do the two product descriptions refer to the same real-world product? Entity 1: 'Ubiquiti UniFi AP AC Pro Indoor / Outdoor Access Point 5 Pack UAP-AC-PRO-5'. Entity 2: 'Ubiquiti UniFi AC Pro 5-pack  Ubiquiti'.,Yes
Do the two product descriptions refer to the same real-world product? Entity 1: 'Ubiquiti UniFi AP AC Pro  5 Pack'. Entity 2: 'Ubiquiti UniFi AC Pro 5-pack UAP-AC-PRO-5 Ubiquiti Indoor / Outdoor Access Point'.,Yes
"Do the two product descriptions refer to the same real-world product? Entity 1: 'Crucial BX500 2.5\"" 480GB Serial ATA III'. Entity 2: 'Crucial BX500 480 GB SSD Micron 3D NAND SATA III 6Gb/s 2.5 Internal Solid State Drive'.",Yes
"Do the two product descriptions refer to the same real-world product? Entity 1: 'Crucial BX500 2.5\"" 480 GB Serial ATA III'. Entity 2: 'Crucial BX500 480GB SSD Micron 3D NAND SATA III 6Gb/s 2.5"" Internal Solid State Drive'.",Yes
"Do the two product descriptions refer to the same real-world product? Entity 1: 'Crucial BX500 2.5\"" 480 GB SATA III 6Gb/s'. Entity 2: 'Crucial BX500 480GB SSD Micron 3D NAND Serial ATA III 2.5 Internal Solid State Drive'.",Yes
"Do the two product descriptions refer to the same real-world product? Entity 1: 'Crucial BX500 2.5\"" 480 GB Serial ATA III Micron 3D NAND'. Entity 2: 'Crucial BX500 480GB SSD  SATA III 6Gb/s 2.5 Internal Solid State Drive'.",Yes
"Do the two product descriptions refer to the same real-world product? Entity 1: 'Crucial BX500 2.5\"" 480 GB Serial ATA III Internal Solid State Drive'. Entity 2: 'Crucial BX500 480GB SSD Micron 3D NAND SATA III 6Gb/s 2.5 '.",Yes
Do the two product descriptions refer to the same real-world product? Entity 1: 'APPLE - AIRPODS WITH WIRELESS CHARGING CASE MRXJ2ZM/A - White'. Entity 2: 'APPLE - Apple AirPods 2 with Wireless Charging Case IN'.,Yes
Do the two product descriptions refer to the same real-world product? Entity 1: 'APPLE - Apple AirPods 2 with Wireless Charging Case  - White'. Entity 2: 'APPLE - AIRPODS WITH WIRELESS CHARGING CASE IN MRXJ2ZM/A'.,Yes
Do the two product descriptions refer to the same real-world product? Entity 1: 'APPLE - Apple AirPods 2 with Wireless Charging Case MRXJ2ZM/A - '. Entity 2: 'APPLE - AIRPODS WITH WIRELESS CHARGING CASE IN White'.,Yes
"Do the two product descriptions refer to the same real-world product? Entity 1: 'RAM Base UBolt Mount - Requires RAM Cradle [RAM-B-149ZU]'. Entity 2: 'RAM Mount-B-149ZU - RAM Mount Handlebar Rail Mount with Zinc Coated U-Bolt Base for Rails from 0.5\"" to 1.25\"" in Diameter'.",Yes
"Do the two product descriptions refer to the same real-world product? Entity 1: 'RAM Mount Handlebar Rail Mount - Requires RAM Cradle [RAM-B-149ZU]'. Entity 2: 'RAM-B-149ZU - RAM Base UBolt Mount with Zinc Coated U-Bolt Base for Rails from 0.5\"" to 1.25\"" in Diameter'.",Yes
"Do the two product descriptions refer to the same real-world product? Entity 1: 'RAM Mount Base UBolt Mount - Requires RAM Cradle [RAM-B-149ZU] Zinc Coated'. Entity 2: 'RAM-B-149ZU - RAM Handlebar Rail Mount with  U-Bolt Base for Rails from 0.5\"" to 1.25\"" in Diameter'.",Yes
"Do the two product descriptions refer to the same real-world product? Entity 1: 'RAM Mount Base UBolt Mount - Requires RAM Cradle [RAM-B-149ZU] 0.5"" to 1.25""'. Entity 2: 'RAM-B-149ZU - RAM Handlebar Rail Mount with Zinc Coated U-Bolt Base for Rails from 0.5\"" to 1.25\"" in Diameter'.",Yes
"Do the two product descriptions refer to the same real-world product? Entity 1: 'RAM Mount Base UBolt Mount -  [RAM-B-149ZU]'. Entity 2: 'RAM-B-149ZU - RAM Handlebar Rail Mount with Zinc Coated U-Bolt Base for Rails from 0.5\"" to 1.25\"" in Diameter Requires RAM Cradle'.",Yes
Do the two product descriptions refer to the same real-world product? Entity 1: '4GB DDR3-1866MHz HyperX HyperX Fury Black'. Entity 2: 'Kingston 4GB (1x4GB) 1866MHz CL10 Fury Black'.,Yes
Do the two product descriptions refer to the same real-world product? Entity 1: '4GB DDR3-1866MHz Kingston Fury Black'. Entity 2: 'HyperX 4GB (1x4GB) 1866MHz CL10 HyperX Fury Black'.,Yes
Do the two product descriptions refer to the same real-world product? Entity 1: '4GB DDR3-1866MHz Kingston HyperX Fury Black CL10'. Entity 2: 'HyperX 4GB (1x4GB) 1866MHz  Fury Black'.,Yes
Do the two product descriptions refer to the same real-world product? Entity 1: '4GB DDR3-1866MHz Kingston HyperX Fury Black (1x4GB)'. Entity 2: 'HyperX 4GB  1866MHz CL10 Fury Black'.,Yes
"Do the two product descriptions refer to the same real-world product? Entity 1: 'TP-Link  24-Port Gigabit Easy Smart Switch, 24 10/100/1000Mbps RJ45 ports,MTU/Port/Tag-based VLAN, QoS, IGMP Snooping'. Entity 2: 'SWITCH TP-LINK 24 PORT GIGA TL-SG1024DE'.",Yes
"Do the two product descriptions refer to the same real-world product? Entity 1: 'TP-Link TL-SG1024DE 24-Port GIGA Easy Smart Switch, 24 10/100/1000Mbps RJ45 ports,MTU/Port/Tag-based VLAN, QoS, IGMP Snooping'. Entity 2: 'SWITCH TP-LINK 24 PORT Gigabit'.",Yes
"Do the two product descriptions refer to the same real-world product? Entity 1: 'TP-Link TL-SG1024DE 24-Port Gigabit Easy Smart Switch, 24 10/100/1000Mbps RJ45 ports,'. Entity 2: 'SWITCH TP-LINK 24 PORT GIGA MTU/Port/Tag-based VLAN, QoS, IGMP Snooping'.",Yes
"Do the two product descriptions refer to the same real-world product? Entity 1: 'Apple 10.5-inch iPad Air Wi-Fi 256GB - Silver - MUUR2FD/A'. Entity 2: 'Apple iPad Air Wi‑Fi 256 GB Silver - 10.5\"" Tablet - A12 26.67cm-Display'.",Yes
"Do the two product descriptions refer to the same real-world product? Entity 1: 'Apple 10.5-inch iPad Air Wi‑Fi 256 GB - Silver - MUUR2FD/A'. Entity 2: 'Apple iPad Air Wi-Fi 256GB Silver - 10.5\"" Tablet - A12 26.67cm-Display'.",Yes
"Do the two product descriptions refer to the same real-world product? Entity 1: 'Apple 10.5\"" iPad Air Wi‑Fi 256GB - Silver - MUUR2FD/A'. Entity 2: 'Apple iPad Air Wi-Fi 256 GB Silver - 10.5-inch Tablet - A12 26.67cm-Display'.",Yes
"Do the two product descriptions refer to the same real-world product? Entity 1: 'Apple 10.5-inch iPad Air Wi‑Fi 256GB - Silver - MUUR2FD/A A12'. Entity 2: 'Apple iPad Air Wi-Fi 256 GB Silver - 10.5\"" Tablet -  26.67cm-Display'.",Yes
"Do the two product descriptions refer to the same real-world product? Entity 1: 'Apple 10.5-inch iPad Air Wi‑Fi 256GB - Silver - '. Entity 2: 'Apple iPad Air Wi-Fi 256 GB Silver - 10.5\"" Tablet - A12 26.67cm-Display MUUR2FD/A'.",Yes
Do the two product descriptions refer to the same real-world product? Entity 1: 'Sigma ART 50mm F1.4 DG HSM Lens for Nikon'. Entity 2: 'Sigma 50mm f/1.4 Art DG HSM Nikon Mount Lens'.,Yes
Do the two product descriptions refer to the same real-world product? Entity 1: 'Gigabyte GeForce GTX 1650 4GB D6 OC Turing Graphics Card'. Entity 2: 'Karta VGA Gigabyte NVIDIA GeForce GTX 1650 OC 4GB GDDR6 128bit DVI+HDMI+DP PCIe3.0'.,Yes
Do the two product descriptions refer to the same real-world product? Entity 1: 'Gigabyte NVIDIA GeForce GTX 1650 4GB D6 OC Turing Graphics Card PCIe3.0'. Entity 2: 'Karta VGA Gigabyte GeForce GTX 1650 OC 4GB GDDR6 128bit DVI+HDMI+DP '.,Yes
Do the two product descriptions refer to the same real-world product? Entity 1: 'Gigabyte NVIDIA GeForce GTX 1650 4GB D6 OC Turing Graphics Card DVI+HDMI+DP'. Entity 2: 'Karta VGA Gigabyte GeForce GTX 1650 OC 4GB GDDR6 128bit  PCIe3.0'.,Yes
Do the two product descriptions refer to the same real-world product? Entity 1: 'Fujifilm Fujifilm Instax Square Film 1-Pack'. Entity 2: 'Fuji Instax Square Film (10 Pack)'.,Yes
Do the two product descriptions refer to the same real-world product? Entity 1: 'Fuji Fuji Instax Square Film 10 Pack'. Entity 2: 'Fujifilm Instax Square Film (1-Pack)'.,Yes
"Do the two product descriptions refer to the same real-world product? Entity 1: 'Sandisk 128gb Extreme Pro Pendrive SSD USB 3.1, 420MB/s'. Entity 2: '128GB Pendrive SanDisk Extreme PRO SSD USB 3.1 420MB/s'.",Yes
Do the two product descriptions refer to the same real-world product? Entity 1: 'Kingston 16GB DT MicroDuo USB 3.0 OTG Flash Drive'. Entity 2: 'Cle Usb KINGSTON 16GB DataTraveler microDuo USB 3.0 micro USB OTG'.,Yes
Do the two product descriptions refer to the same real-world product? Entity 1: 'Caixa Cooler_Master ATX Case NSE-300-KKN1'. Entity 2: 'Cooler Master N300 Mesh Caixa para PC Black NSE-300-KKN1 | PCByte'.,Yes
Do the two product descriptions refer to the same real-world product? Entity 1: 'Caixa Cooler_Master Caixa para PC NSE-300-KKN1 Black'. Entity 2: 'Cooler Master N300 Mesh ATX Case  NSE-300-KKN1 | PCByte'.,Yes
Do the two product descriptions refer to the same real-world product? Entity 1: 'Caixa Cooler_Master Caixa para PC NSE-300-KKN1 Mesh'. Entity 2: 'Cooler Master N300  ATX Case Black NSE-300-KKN1 | PCByte'.,Yes
Do the two product descriptions refer to the same real-world product? Entity 1: 'Corsair 8GB (1x8GB) 2666MHz C16 Vengeance LPX Black'. Entity 2: 'Corsair Vengeance LPX CMK8GX4M1A2666CL16 8GB (1x8GB) 2666Mhz DDR4'.,Yes
Do the two product descriptions refer to the same real-world product? Entity 1: 'Corsair 8GB (1x8GB) 2666MHz CL16 Vengeance LPX '. Entity 2: 'Corsair Vengeance LPX CMK8GX4M1A2666C16 8GB (1x8GB) 2666Mhz DDR4 Black'.,Yes
Do the two product descriptions refer to the same real-world product? Entity 1: 'Corsair 8GB (1x8GB) 2666MHz CL16 Vengeance LPX Black CMK8GX4M1A2666C16'. Entity 2: 'Corsair Vengeance LPX  8GB (1x8GB) 2666Mhz DDR4'.,Yes
Do the two product descriptions refer to the same real-world product? Entity 1: 'Corsair 8GB (1x8GB) 2666MHz CL16 Vengeance LPX Black DDR4'. Entity 2: 'Corsair Vengeance LPX CMK8GX4M1A2666C16 8GB (1x8GB) 2666Mhz '.,Yes
Do the two product descriptions refer to the same real-world product? Entity 1: 'Crucial 4GB DDR4 | CT4G4SFS8266 | Crucial UK'. Entity 2: 'Crucial 4GB (1x4GB) 2666MHz DDR4-2666 SODIMM Memory'.,Yes
Do the two product descriptions refer to the same real-world product? Entity 1: 'Crucial 4GB DDR4-2666 SODIMM |  | Crucial UK'. Entity 2: 'Crucial 4GB (1x4GB) 2666MHz DDR4 Memory CT4G4SFS8266'.,Yes
Do the two product descriptions refer to the same real-world product? Entity 1: 'Crucial 4GB DDR4-2666 SODIMM | CT4G4SFS8266 | Crucial UK (1x4GB)'. Entity 2: 'Crucial 4GB  2666MHz DDR4 Memory'.,Yes
Do the two product descriptions refer to the same real-world product? Entity 1: 'DJI Mavic Air Part 4 Car Charger'. Entity 2: 'DJI Drone Accessory CP.PT.00000120.01 Mavic Air Car Charger Retail'.,Yes
Do the two product descriptions refer to the same real-world product? Entity 1: 'DJI Mavic Air Car Charger CP.PT.00000120.01'. Entity 2: 'DJI Drone Accessory  Mavic Air Part 4 Car Charger Retail'.,Yes
Do the two product descriptions refer to the same real-world product? Entity 1: 'DJI Mavic Air Car Charger Retail'. Entity 2: 'DJI Drone Accessory CP.PT.00000120.01 Mavic Air Part 4 Car Charger '.,Yes
Do the two product descriptions refer to the same real-world product? Entity 1: 'Kingston HyperX 16GB (1x16GB) 3200MHz CL16 Fury'. Entity 2: 'HyperX Fury 16GB DDR4 3200MHz CL16 Ram'.,Yes
Do the two product descriptions refer to the same real-world product? Entity 1: 'HyperX 16GB () 3200MHz CL16 Fury'. Entity 2: 'Kingston HyperX Fury 16GB DDR4 3200MHz CL16 Ram 1x16GB'.,Yes
Do the two product descriptions refer to the same real-world product? Entity 1: 'HyperX 16GB (1x16GB) 3200MHz CL16 Fury DDR4'. Entity 2: 'Kingston HyperX Fury 16GB  3200MHz CL16 Ram'.,Yes
Do the two product descriptions refer to the same real-world product? Entity 1: 'TP-Link Wireless Lan'. Entity 2: 'Wireless TP-LINK 150Mbit-WLAN-Lite -N-PCI Express x1 Adapter TL-WN781ND'.,Yes
Do the two product descriptions refer to the same real-world product? Entity 1: 'TP-Link 150Mbit-WLAN-Lite -N-PCI Express x1 Adapter TL-WN781ND'. Entity 2: 'Wireless TP-LINK Wireless Lan '.,Yes
"Do the two product descriptions refer to the same real-world product? Entity 1: 'Seagate IronWolf 6TB NAS Internal Hard Drive (3.5"")'. Entity 2: 'Seagate IronWolf 6TB 3,5'' 256MB ST6000VN0033'.",Yes
"Do the two product descriptions refer to the same real-world product? Entity 1: 'Seagate IronWolf 6TB 3,5'' 256MB ST6000VN0033'. Entity 2: 'Seagate IronWolf 6TB NAS Internal Hard Drive (3.5'')'.",Yes
"Do the two product descriptions refer to the same real-world product? Entity 1: 'Seagate IronWolf 6TB 3,5''  ST6000VN0033'. Entity 2: 'Seagate IronWolf 6TB NAS Internal Hard Drive (3.5"") 256MB'.",Yes
"Do the two product descriptions refer to the same real-world product? Entity 1: 'Seagate IronWolf 6TB 3,5'' 256MB ST6000VN0033 NAS'. Entity 2: 'Seagate IronWolf 6TB  Internal Hard Drive (3.5"")'.",Yes
"Do the two product descriptions refer to the same real-world product? Entity 1: 'Seagate IronWolf 6TB 3,5'' 256MB '. Entity 2: 'Seagate IronWolf 6TB NAS Internal Hard Drive (3.5"") ST6000VN0033'.",Yes
"Do the two product descriptions refer to the same real-world product? Entity 1: 'Epson Tinte SPro 7880/9880/7800/9800 light black 220ml C13T603700'. Entity 2: 'Epson atrament T6037 Light Black, 220 ml'.",Yes
"Do the two product descriptions refer to the same real-world product? Entity 1: 'Epson atrament T6037 light black 220ml C13T603700'. Entity 2: 'Epson Tinte SPro 7880/9880/7800/9800 Light Black, 220 ml'.",Yes
"Do the two product descriptions refer to the same real-world product? Entity 1: 'Epson atrament SPro 7880/9880/7800/9800 light black 220 ml C13T603700'. Entity 2: 'Epson Tinte T6037 Light Black, 220ml'.",Yes
"Do the two product descriptions refer to the same real-world product? Entity 1: 'Epson atrament SPro 7880/9880/7800/9800 light black 220ml '. Entity 2: 'Epson Tinte T6037 Light Black, 220 ml C13T603700'.",Yes
Do the two product descriptions refer to the same real-world product? Entity 1: 'Asus PRIME B450-PLUS(PRIME B450-PLUS) AM4'. Entity 2: 'Asus PRIME B450-PLUS  DDR4 ATX Motherboard'.,Yes
Do the two product descriptions refer to the same real-world product? Entity 1: 'Asus PRIME B450-PLUS(PRIME B450-PLUS) DDR4'. Entity 2: 'Asus PRIME B450-PLUS AM4  ATX Motherboard'.,Yes
Do the two product descriptions refer to the same real-world product? Entity 1: 'Asus PRIME B450-PLUS(PRIME B450-PLUS) ATX'. Entity 2: 'Asus PRIME B450-PLUS AM4 DDR4  Motherboard'.,Yes
Do the two product descriptions refer to the same real-world product? Entity 1: 'Kappe New Era NY Yankees MLB 9Fifty Cap'. Entity 2: 'Gorra New Era NY Yankees MLB 9Fifty Cap'.,Yes
Do the two product descriptions refer to the same real-world product? Entity 1: 'Elixir E16052 Guitar Strings Phosphor Bronze Nanoweb Light Gauge 12-53'. Entity 2: 'Elixir Nanoweb Phosphor Bronze Acoustic Guitar Strings Light 12 - 53'.,Yes
Do the two product descriptions refer to the same real-world product? Entity 1: 'Elixir E16052 Nanoweb Phosphor Bronze Acoustic Guitar Strings Light 12 - 53'. Entity 2: 'Elixir Guitar Strings Phosphor Bronze Nanoweb Light Gauge 12-53'.,Yes
Do the two product descriptions refer to the same real-world product? Entity 1: 'Elixir  Nanoweb Phosphor Bronze Acoustic Guitar Strings Light Gauge 12-53'. Entity 2: 'Elixir Guitar Strings Phosphor Bronze Nanoweb Light 12 - 53 E16052'.,Yes
Do the two product descriptions refer to the same real-world product? Entity 1: 'POKÉMON SWSH3: Darkness Ablaze Elite Trainer Box'. Entity 2: 'Pokemon TCG Sword and Shield- Darkness Ablaze Trainer Box'.,Yes
Do the two product descriptions refer to the same real-world product? Entity 1: 'Pokemon Sword and Shield- Darkness Ablaze Elite Trainer Box'. Entity 2: 'POKÉMON TCG SWSH3: Darkness Ablaze Trainer Box'.,Yes
Do the two product descriptions refer to the same real-world product? Entity 1: 'Pokemon SWSH3: Darkness Ablaze Trainer Box'. Entity 2: 'POKÉMON TCG Sword and Shield- Darkness Ablaze Elite Trainer Box'.,Yes
"Do the two product descriptions refer to the same real-world product? Entity 1: 'Western Digital My PassPort 4TB Black'. Entity 2: 'Western Digital WD My Passport Portable HDD, 4TB, BLACK3 Years - WDBYFT0040BBK-WESN'.",Yes
"Do the two product descriptions refer to the same real-world product? Entity 1: 'Western Digital WD My Passport Portable HDD 4TB Black WDBYFT0040BBK-WESN'. Entity 2: 'Western Digital My PassPort, 4TB, BLACK3 Years - '.",Yes
"Do the two product descriptions refer to the same real-world product? Entity 1: 'Western Digital WD My Passport Portable HDD 4TB Black 3 Years'. Entity 2: 'Western Digital My PassPort, 4TB, BLACK - WDBYFT0040BBK-WESN'.",Yes
Do the two product descriptions refer to the same real-world product? Entity 1: 'Hydro Flask 621ml- Black'. Entity 2: 'Hydro Flask Standard Mouth 21 Oz Insulated Bottle'.,Yes
Do the two product descriptions refer to the same real-world product? Entity 1: 'Hydro Flask 21 Oz- '. Entity 2: 'Hydro Flask Standard Mouth 621ml Insulated Bottle Black'.,Yes
Do the two product descriptions refer to the same real-world product? Entity 1: 'Hydro Flask 21 Oz- Black Standard Mouth'. Entity 2: 'Hydro Flask  621ml Insulated Bottle'.,Yes
Do the two product descriptions refer to the same real-world product? Entity 1: 'Hydro Flask 21 Oz- Black Insulated'. Entity 2: 'Hydro Flask Standard Mouth 621ml  Bottle'.,Yes
"Do the two product descriptions refer to the same real-world product? Entity 1: 'Samsung T5 external SSD  2TB, USB-C'. Entity 2: 'Samsung Portable SSD T5 - 2TB Black'.",Yes
"Do the two product descriptions refer to the same real-world product? Entity 1: 'Samsung T5 external SSD Black 2TB, '. Entity 2: 'Samsung Portable SSD T5 - 2TB USB-C'.",Yes
"Do the two product descriptions refer to the same real-world product? Entity 1: 'Corsair Vengeance LPX, 16GB, DDR4 memory module 2133'. Entity 2: 'Corsair DDR4 Vengeance LPX 16GB/2133 MHz(2*8GB) CL13-15-15-28 1,20V XMP2.0'.",Yes
"Do the two product descriptions refer to the same real-world product? Entity 1: 'Corsair Vengeance LPX, 16GB, DDR4 memory module 2133 MHz 2*8GB'. Entity 2: 'Corsair DDR4 Vengeance LPX 16GB/2133() CL13-15-15-28 1,20V XMP2.0'.",Yes
"Do the two product descriptions refer to the same real-world product? Entity 1: 'Corsair Vengeance LPX, 16GB, DDR4 memory module 2133 MHz CL13-15-15-28'. Entity 2: 'Corsair DDR4 Vengeance LPX 16GB/2133(2*8GB)  1,20V XMP2.0'.",Yes
"Do the two product descriptions refer to the same real-world product? Entity 1: 'Corsair Vengeance LPX, 16GB, DDR4 memory module 2133 MHz 1.20V'. Entity 2: 'Corsair DDR4 Vengeance LPX 16GB/2133(2*8GB) CL13-15-15-28 1,20V XMP2.0'.",Yes
"Do the two product descriptions refer to the same real-world product? Entity 1: 'Corsair Vengeance LPX, 16GB, DDR4 memory module 2133 MHz XMP2.0'. Entity 2: 'Corsair DDR4 Vengeance LPX 16GB/2133(2*8GB) CL13-15-15-28 1,20V '.",Yes
Do the two product descriptions refer to the same real-world product? Entity 1: 'Samyang 24mm f1.4 ED AS IF UMC Lens - Nikon'. Entity 2: '0000010490| Samyang 24mm F1.4 Nikon Fit AE Full Frame Lens'.,Yes
Do the two product descriptions refer to the same real-world product? Entity 1: 'Samyang 24mm f1.4 ED AS IF UMC Lens - Nikon Fit Full Frame'. Entity 2: '0000010490| Samyang 24mm F1.4 Nikon AE  Lens'.,Yes
Do the two product descriptions refer to the same real-world product? Entity 1: 'Samyang 24mm f1.4 AE Full Frame Lens - Nikon Fit'. Entity 2: '0000010490| Samyang 24mm F1.4 Nikon ED AS IF UMC Lens'.,Yes
"Do the two product descriptions refer to the same real-world product? Entity 1: 'Blaze 40\"" 5-Burner LTE Built-In Liquid Propane Gas Grill With Rear Infrared Burner & Grill Lights'. Entity 2: 'Blaze 40-Inch Stainless Steel 5 Burner LTE Built-In Gas Grill w/ Rear Burner BLZ-5LTE2'.",Yes
"Do the two product descriptions refer to the same real-world product? Entity 1: 'Blaze 40-Inch 5 Burner LTE Built-In Liquid Propane Gas Grill With Rear Infrared Burner & Grill Lights'. Entity 2: 'Blaze 40\"" Stainless Steel 5-Burner LTE Built-In Gas Grill w/ Rear Burner BLZ-5LTE2'.",Yes
"Do the two product descriptions refer to the same real-world product? Entity 1: 'Blaze 40-Inch 5-Burner LTE Built-In Gas Grill With Rear Infrared Burner & Grill Lights'. Entity 2: 'Blaze 40\"" Stainless Steel 5 Burner LTE Built-In Liquid Propane Gas Grill w/ Rear Burner BLZ-5LTE2'.",Yes
"Do the two product descriptions refer to the same real-world product? Entity 1: 'Blaze 40-Inch 5-Burner LTE Built-In Liquid Propane Gas Grill With Rear Burner & Grill Lights'. Entity 2: 'Blaze 40\"" Stainless Steel 5 Burner LTE Built-In Gas Grill w/ Rear Infrared Burner BLZ-5LTE2'.",Yes
"Do the two product descriptions refer to the same real-world product? Entity 1: 'Blaze 40-Inch 5-Burner LTE Built-In Liquid Propane Gas Grill With Rear Infrared Burner & '. Entity 2: 'Blaze 40\"" Stainless Steel 5 Burner LTE Built-In Gas Grill w/ Rear Burner BLZ-5LTE2 Grill Lights'.",Yes
"Do the two product descriptions refer to the same real-world product? Entity 1: 'Blaze 40-Inch 5-Burner LTE Built-In Liquid Propane Gas Grill With Rear Infrared Burner & Grill Lights Stainless Steel'. Entity 2: 'Blaze 40\""  5 Burner LTE Built-In Gas Grill w/ Rear Burner BLZ-5LTE2'.",Yes
"Do the two product descriptions refer to the same real-world product? Entity 1: 'Blaze 40-Inch 5-Burner LTE Built-In Liquid Propane Gas Grill With Rear Infrared Burner & Grill Lights BLZ-5LTE2'. Entity 2: 'Blaze 40\"" Stainless Steel 5 Burner LTE Built-In Gas Grill w/ Rear Burner '.",Yes
Do the two product descriptions refer to the same real-world product? Entity 1: 'Shimano 11-Spd Chain RD/MTB Sil-Tec With Quick Link'. Entity 2: 'Shimano Shimano Cn-Hg901 11 SPD Chain Xtr / Dura Ace W/ Quick Link'.,Yes
Do the two product descriptions refer to the same real-world product? Entity 1: 'Shimano 11 SPD Chain XTR / Dura Ace With Quick Link'. Entity 2: 'Shimano Shimano Cn-Hg901 11-Spd Chain Xtr / Dura Ace W/ Quick Link'.,Yes
Do the two product descriptions refer to the same real-world product? Entity 1: 'Shimano 11 SPD Chain RD/MTB Sil-Tec W/ Quick Link'. Entity 2: 'Shimano Shimano Cn-Hg901 11-Spd Chain Xtr / Dura Ace With Quick Link'.,Yes
Do the two product descriptions refer to the same real-world product? Entity 1: 'Shimano 11 SPD Chain RD/MTB Sil-Tec With Quick Link Cn-Hg901'. Entity 2: 'Shimano Shimano  11-Spd Chain Xtr / Dura Ace W/ Quick Link'.,Yes
Do the two product descriptions refer to the same real-world product? Entity 1: 'Intel Core i7-9700F 9th Gen Desktop Processor/CPU Retail - No iGPU'. Entity 2: 'Intel - Core i7 9700F 9th Generation 8-core - 8-Threads 3.0 GHz (4.7 GHz Turbo) Socket LGA 2066 Locked Desktop Processor'.,Yes
Do the two product descriptions refer to the same real-world product? Entity 1: 'Intel Core i7 9700F 9th Generation Desktop Processor/CPU Retail - No iGPU'. Entity 2: 'Intel - Core i7-9700F 9th Gen 8-core - 8-Threads 3.0 GHz (4.7 GHz Turbo) Socket LGA 2066 Locked Desktop Processor'.,Yes
Do the two product descriptions refer to the same real-world product? Entity 1: 'Intel Core i7 9700F 9th Gen Desktop Processor/CPU Retail - No iGPU 8-core'. Entity 2: 'Intel - Core i7-9700F 9th Generation  - 8-Threads 3.0 GHz (4.7 GHz Turbo) Socket LGA 2066 Locked Desktop Processor'.,Yes
Do the two product descriptions refer to the same real-world product? Entity 1: 'Intel Core i7 9700F 9th Gen Desktop Processor/CPU Retail - No iGPU 8-Threads'. Entity 2: 'Intel - Core i7-9700F 9th Generation 8-core -  3.0 GHz (4.7 GHz Turbo) Socket LGA 2066 Locked Desktop Processor'.,Yes
Do the two product descriptions refer to the same real-world product? Entity 1: 'Intel Core i7 9700F 9th Gen Desktop Processor/CPU Retail - No iGPU 3.0 GHz'. Entity 2: 'Intel - Core i7-9700F 9th Generation 8-core - 8-Threads  (4.7 GHz Turbo) Socket LGA 2066 Locked Desktop Processor'.,Yes
Do the two product descriptions refer to the same real-world product? Entity 1: 'Intel Core i7 9700F 9th Gen Desktop Processor/CPU Retail - No iGPU 4.7 GHz'. Entity 2: 'Intel - Core i7-9700F 9th Generation 8-core - 8-Threads 3.0 GHz ( Turbo) Socket LGA 2066 Locked Desktop Processor'.,Yes
Do the two product descriptions refer to the same real-world product? Entity 1: 'Intel Core i7 9700F 9th Gen Desktop Processor/CPU Retail - No iGPU LGA 2066'. Entity 2: 'Intel - Core i7-9700F 9th Generation 8-core - 8-Threads 3.0 GHz (4.7 GHz Turbo) Socket  Locked Desktop Processor'.,Yes
Do the two product descriptions refer to the same real-world product? Entity 1: 'Intel Core i7 9700F 9th Gen Desktop Processor/CPU Retail - '. Entity 2: 'Intel - Core i7-9700F 9th Generation 8-core - 8-Threads 3.0 GHz (4.7 GHz Turbo) Socket LGA 2066 Locked Desktop Processor No iGPU'.,Yes
Do the two product descriptions refer to the same real-world product? Entity 1: 'Intel Core i7 9700F 9th Gen Desktop Processor/CPU Retail - No iGPU Locked'. Entity 2: 'Intel - Core i7-9700F 9th Generation 8-core - 8-Threads 3.0 GHz (4.7 GHz Turbo) Socket LGA 2066  Desktop Processor'.,Yes
Do the two product descriptions refer to the same real-world product? Entity 1: 'Headset Audio Technica ATH-M50X'. Entity 2: 'Audio-Technica ATH-M50x Professional Monitor Audiophile Headphones - Black'.,Yes
Do the two product descriptions refer to the same real-world product? Entity 1: 'Headphones Audio-Technica ATH-M50X'. Entity 2: 'Audio Technica ATH-M50x Professional Monitor Audiophile Headset - Black'.,Yes
Do the two product descriptions refer to the same real-world product? Entity 1: 'Headset Audio-Technica ATH-M50X Professional Monitor Audiophile'. Entity 2: 'Audio Technica ATH-M50x  Headphones - Black'.,Yes
Do the two product descriptions refer to the same real-world product? Entity 1: 'Headset Audio-Technica ATH-M50X Black'. Entity 2: 'Audio Technica ATH-M50x Professional Monitor Audiophile Headphones - '.,Yes
Do the two product descriptions refer to the same real-world product? Entity 1: 'Fujifilm XF-56mm F/1.2 APD'. Entity 2: 'Fujifilm XF 56mm f1.2 R APD Lens'.,Yes
Do the two product descriptions refer to the same real-world product? Entity 1: 'Fujifilm XF 56mm F/1.2 R APD Lens'. Entity 2: 'Fujifilm XF-56mm f1.2 APD'.,Yes
Do the two product descriptions refer to the same real-world product? Entity 1: 'TRAVELER'S Notebook Starter Kit (Passport Size) - Blue'. Entity 2: 'Traveler's Notebook Blue // Passport'.,Yes
Do the two product descriptions refer to the same real-world product? Entity 1: 'TRAVELER'S Notebook Blue // Passport Size'. Entity 2: 'Traveler's Notebook Starter Kit (Passport) - Blue'.,Yes
"Do the two product descriptions refer to the same real-world product? Entity 1: 'Audio Technica DJ headphones ATH-PRO7X On-ear, Must'. Entity 2: 'Audio Technica ATH-PRO7X DJ kõrvaklapid'.",Yes
"Do the two product descriptions refer to the same real-world product? Entity 1: 'Audio Technica DJ kõrvaklapid ATH-PRO7X , Must'. Entity 2: 'Audio Technica ATH-PRO7X DJ headphones On-ear'.",Yes
"Do the two product descriptions refer to the same real-world product? Entity 1: 'Audio Technica DJ kõrvaklapid ATH-PRO7X On-ear, '. Entity 2: 'Audio Technica ATH-PRO7X DJ headphones Must'.",Yes
Do the two product descriptions refer to the same real-world product? Entity 1: 'KINGSTON 8GB (2x4GB) 1600MHz CL10 Fury Blue'. Entity 2: 'HyperX 8GB 1600MHz DDR3 CL10 DIMM (Kit of 2) HyperX Fury Series'.,Yes
Do the two product descriptions refer to the same real-world product? Entity 1: 'HyperX 8GB (Kit of 2) 1600MHz CL10 Fury Blue'. Entity 2: 'KINGSTON 8GB 1600MHz DDR3 CL10 DIMM (Kit of 2) HyperX Fury Series'.,Yes
Do the two product descriptions refer to the same real-world product? Entity 1: 'HyperX 8GB (2x4GB) 1600MHz CL10 HyperX Fury Series'. Entity 2: 'KINGSTON 8GB 1600MHz DDR3 CL10 DIMM (Kit of 2) Fury Blue'.,Yes
Do the two product descriptions refer to the same real-world product? Entity 1: 'HyperX 8GB (2x4GB) 1600MHz CL10 Fury Blue DDR3'. Entity 2: 'KINGSTON 8GB 1600MHz  CL10 DIMM (Kit of 2) HyperX Fury Series'.,Yes
Do the two product descriptions refer to the same real-world product? Entity 1: 'FUJIFILM XF 8-16mm F2.8 R LM WR Lens'. Entity 2: 'Fujifilm XF 8-16mm f/2.8 R LM WR Lens'.,Yes
Do the two product descriptions refer to the same real-world product? Entity 1: 'Tissot Heritage Visodate Analog QUARTZ Sapphire Crystal Men's Watch'. Entity 2: 'TISSOT HERITAGE VISODATE Swiss Quartz T118.410.11.057.00 (T118.410.11.057.00)'.,Yes
Do the two product descriptions refer to the same real-world product? Entity 1: 'Tissot Heritage Visodate Analog Swiss Quartz  Men's Watch'. Entity 2: 'TISSOT HERITAGE VISODATE QUARTZ T118.410.11.057.00 (T118.410.11.057.00) Sapphire Crystal'.,Yes
Do the two product descriptions refer to the same real-world product? Entity 1: 'Tissot Heritage Visodate Analog Swiss Quartz Sapphire Crystal  Watch'. Entity 2: 'TISSOT HERITAGE VISODATE QUARTZ T118.410.11.057.00 (T118.410.11.057.00) Men's'.,Yes
Do the two product descriptions refer to the same real-world product? Entity 1: 'Tissot Heritage Visodate Analog Swiss Quartz Sapphire Crystal Men's Watch T118.410.11.057.00'. Entity 2: 'TISSOT HERITAGE VISODATE QUARTZ  ()'.,Yes
Do the two product descriptions refer to the same real-world product? Entity 1: 'LOGITECH C270 3MP 1280 X 720PIXELS USB 2.0 BLACK WEBCAM'. Entity 2: 'WEBCAM LOGITECH C270 HD 720P'.,Yes
Do the two product descriptions refer to the same real-world product? Entity 1: 'LOGITECH C270  1280 X 720PIXELS USB 2.0 BLACK WEBCAM'. Entity 2: 'WEBCAM LOGITECH C270 HD 720P 3MP'.,Yes
Do the two product descriptions refer to the same real-world product? Entity 1: 'LOGITECH C270 3MP 1280 X 720PIXELS  BLACK WEBCAM'. Entity 2: 'WEBCAM LOGITECH C270 HD 720P USB 2.0'.,Yes
Do the two product descriptions refer to the same real-world product? Entity 1: 'LOGITECH C270 3MP 1280 X 720PIXELS USB 2.0 BLACK WEBCAM'. Entity 2: 'WEBCAM LOGITECH C270 HD 720P Black'.,Yes
Do the two product descriptions refer to the same real-world product? Entity 1: 'Park Tool PH-1.2 P-Handle Hex Wrench Set - Tool Set'. Entity 2: 'Park Tool PH-1.2 P-Handle Hex Set with Holder'.,Yes
Do the two product descriptions refer to the same real-world product? Entity 1: 'Park Tool PH-1.2 P-Handle Hex Wrench Set - Tool Set'. Entity 2: 'Park Tool PH-1.2 P-Handle Hex Set with Holder'.,Yes
Do the two product descriptions refer to the same real-world product? Entity 1: 'EPSON cartridge T7891 black (Compatible)'. Entity 2: 'Epson T7891 Black Cart - WorkForce5'.,Yes
"Do the two product descriptions refer to the same real-world product? Entity 1: 'WD MY PASSPORT- 1TB RED WORLDWIDE'. Entity 2: 'Hard Disk Drive WD My Passport WDBYNN0010BRD, 1TB, USB 3.0, Red'.",Yes
"Do the two product descriptions refer to the same real-world product? Entity 1: 'WD MY PASSPORT- 1TB RED WORLDWIDE USB 3.0'. Entity 2: 'Hard Disk Drive WD My Passport WDBYNN0010BRD, 1TB, , rosu'.",Yes
Do the two product descriptions refer to the same real-world product? Entity 1: 'LaCie 4TB 2.5' USB 3 to USB-C Diamond Cut External HDD. STHG4000400. 2 Years Warranty'. Entity 2: 'Seagate LaCie 4TB USB Type-C Mobile Drive (Moon Silver)'.,Yes
Do the two product descriptions refer to the same real-world product? Entity 1: 'Seagate LaCie 4TB 2.5' USB 3 to USB-C Diamond Cut External HDD. . 2 Years Warranty'. Entity 2: 'LaCie 4TB USB Type-C Mobile Drive (Moon Silver) STHG4000400'.,Yes
Do the two product descriptions refer to the same real-world product? Entity 1: 'Seagate LaCie 4TB 2.5' USB Type-C Diamond Cut External HDD. STHG4000400. 2 Years Warranty'. Entity 2: 'LaCie 4TB USB 3 to USB-C Mobile Drive (Moon Silver)'.,Yes
Do the two product descriptions refer to the same real-world product? Entity 1: 'Seagate LaCie 4TB  USB 3 to USB-C Diamond Cut External HDD. STHG4000400. 2 Years Warranty'. Entity 2: 'LaCie 4TB USB Type-C Mobile Drive (Moon Silver) 2.5''.,Yes
Do the two product descriptions refer to the same real-world product? Entity 1: 'Seagate LaCie 4TB 2.5' USB 3 to USB-C Moon Silver External HDD. STHG4000400. 2 Years Warranty'. Entity 2: 'LaCie 4TB USB Type-C Mobile Drive (Diamond Cut)'.,Yes
Do the two product descriptions refer to the same real-world product? Entity 1: 'Seagate LaCie 4TB 2.5' USB 3 to USB-C Diamond Cut External HDD. STHG4000400. '. Entity 2: 'LaCie 4TB USB Type-C Mobile Drive (Moon Silver) 2 Years Warranty'.,Yes
Do the two product descriptions refer to the same real-world product? Entity 1: 'Kingston FURY - DDR3 - 8 GB: 2 x 4 GB - DIMM 240-pin - unbuffered'. Entity 2: 'DDR3 8GB PC1600 CL9 HyperX Hypk'.,Yes
Do the two product descriptions refer to the same real-world product? Entity 1: 'HyperX FURY - DDR3 - 8GB: 2 x 4 GB - DIMM 240-pin - unbuffered'. Entity 2: 'DDR3 8 GB PC1600 CL9 Kingston Hypk'.,Yes
Do the two product descriptions refer to the same real-world product? Entity 1: 'HyperX FURY - DDR3 - 8 GB:  - DIMM 240-pin - unbuffered'. Entity 2: 'DDR3 8GB PC1600 CL9 Kingston Hypk 2 x 4 GB'.,Yes
Do the two product descriptions refer to the same real-world product? Entity 1: 'HyperX FURY - DDR3 - 8 GB: 2 x 4 GB -  - unbuffered'. Entity 2: 'DDR3 8GB PC1600 CL9 Kingston Hypk DIMM 240-pin'.,Yes
Do the two product descriptions refer to the same real-world product? Entity 1: 'HyperX FURY - DDR3 - 8 GB: 2 x 4 GB - DIMM 240-pin - '. Entity 2: 'DDR3 8GB PC1600 CL9 Kingston Hypk unbuffered'.,Yes
Do the two product descriptions refer to the same real-world product? Entity 1: 'HyperX FURY - DDR3 - 8 GB: 2 x 4 GB - DIMM 240-pin - unbuffered CL9'. Entity 2: 'DDR3 8GB PC1600  Kingston Hypk'.,Yes
Do the two product descriptions refer to the same real-world product? Entity 1: 'HyperX FURY - DDR3 - 8 GB: 2 x 4 GB - DIMM 240-pin - unbuffered PC1600'. Entity 2: 'DDR3 8GB  CL9 Kingston Hypk'.,Yes
Do the two product descriptions refer to the same real-world product? Entity 1: 'APC By Schneider Electric Replacement Battery Cartridge #124'. Entity 2: 'APC APC Replacement Battery Cartridge'.,Yes
Do the two product descriptions refer to the same real-world product? Entity 1: 'APC Replacement Battery Cartridge'. Entity 2: 'APC By Schneider Electric APC Replacement Battery Cartridge #124'.,Yes
Do the two product descriptions refer to the same real-world product? Entity 1: 'APC Replacement Battery Cartridge #124 APC'. Entity 2: ' By Schneider Electric  Replacement Battery Cartridge'.,Yes
"Do the two product descriptions refer to the same real-world product? Entity 1: 'Logitech H151 Wired Headset, Stereo Headphones'. Entity 2: 'Logitech H151 Stereo Headset On Ear Kabelgebunden with Rotating Noise-Cancelling Microphone, 3.5 mm Audio Jack'.",Yes
"Do the two product descriptions refer to the same real-world product? Entity 1: 'Logitech H151 Stereo Headset On Ear Kabelgebunden Rotating Noise-Cancelling Microphone'. Entity 2: 'Logitech H151 Wired Headset, Stereo Headphones with , 3.5 mm Audio Jack'.",Yes
"Do the two product descriptions refer to the same real-world product? Entity 1: 'Logitech H151 Stereo Headset On Ear Wired'. Entity 2: 'Logitech H151 Kabelgebunden Headset, Stereo Headphones with Rotating Noise-Cancelling Microphone, 3.5 mm Audio Jack'.",Yes
"Do the two product descriptions refer to the same real-world product? Entity 1: 'Logitech H151 Stereo Headset On Ear Kabelgebunden 3.5 mm Audio Jack'. Entity 2: 'Logitech H151 Wired Headset, Stereo Headphones with Rotating Noise-Cancelling Microphone, '.",Yes
Do the two product descriptions refer to the same real-world product? Entity 1: 'Crucial 1x 8GB DDR3 1600MHz ECC Unbuffered UDIMM RAM | Discount Computer Needs'. Entity 2: 'CRUCIAL - DDR3L 8GB 1600Hz CL11 Unbuffered CT102472BD160B'.,Yes
Do the two product descriptions refer to the same real-world product? Entity 1: 'Crucial 1x 8GB DDR3L 1600Hz ECC Unbuffered UDIMM RAM | Discount Computer Needs'. Entity 2: 'CRUCIAL - DDR3 8GB 1600MHz CL11 Unbuffered CT102472BD160B'.,Yes
Do the two product descriptions refer to the same real-world product? Entity 1: 'Crucial 1x 8GB DDR3L 1600MHz  Unbuffered UDIMM RAM | Discount Computer Needs'. Entity 2: 'CRUCIAL - DDR3 8GB 1600Hz CL11 Unbuffered CT102472BD160B ECC'.,Yes
Do the two product descriptions refer to the same real-world product? Entity 1: 'Crucial 1x 8GB DDR3L 1600MHz ECC Unbuffered UDIMM RAM | Discount Computer Needs CT102472BD160B'. Entity 2: 'CRUCIAL - DDR3 8GB 1600Hz CL11 Unbuffered '.,Yes
Do the two product descriptions refer to the same real-world product? Entity 1: 'Sandisk Cruzer Force 16GB USB 2.0 Flash Drive - '. Entity 2: 'Pen Drive SanDisk 16GB Cruzer Force USB 2.0 SDCZ71-016G-B35'.,Yes
Do the two product descriptions refer to the same real-world product? Entity 1: 'LaCie Lacie 2TB 2.5 Rugged Portable Thunderbolt Type C'. Entity 2: 'Seagate - Lacie Rugged USB-C Hard Drives - 2TB & 5TB'.,Yes
Do the two product descriptions refer to the same real-world product? Entity 1: 'Seagate Lacie 2TB 2.5 Rugged USB-C Hard Drives'. Entity 2: 'LaCie - Lacie Rugged Portable Thunderbolt Type C - 2TB & 5TB'.,Yes
Do the two product descriptions refer to the same real-world product? Entity 1: 'Seagate Lacie 2TB & 5TB 2.5 Rugged Portable Thunderbolt Type C'. Entity 2: 'LaCie - Lacie Rugged USB-C Hard Drives - 2TB'.,Yes
Do the two product descriptions refer to the same real-world product? Entity 1: 'Seagate Lacie 2TB 2.5 Rugged Portable USB-C'. Entity 2: 'LaCie - Lacie Rugged Thunderbolt Type C Hard Drives - 2TB & 5TB'.,Yes
"Do the two product descriptions refer to the same real-world product? Entity 1: 'RAM Mounts Long Length Double Socket Arm for 1.5\"" Balls'. Entity 2: 'RAM-201U-D RAM C-Size Double-Socket Long Arm with 1.5-Inch Sockets'.",Yes
"Do the two product descriptions refer to the same real-world product? Entity 1: 'RAM Long Length Double Socket Arm for 1.5\"" Balls'. Entity 2: 'Long Length Double Socket Arm for 1.5"" Balls RAM Mounts C-Size Double-Socket Long Arm with 1.5-Inch Sockets'.",Yes
"Do the two product descriptions refer to the same real-world product? Entity 1: 'RAM Long Length Double Socket Arm for 1.5\"" Balls'. Entity 2: 'RAM-201U-D RAM Mounts C-Size Double-Socket Long Arm with 1.5"" Balls'.",Yes
"Do the two product descriptions refer to the same real-world product? Entity 1: 'RAM Long Length Double-Socket Long Arm for 1.5\"" Balls'. Entity 2: 'RAM-201U-D RAM Mounts C-Size Double Socket Arm with 1.5-Inch Sockets'.",Yes
Do the two product descriptions refer to the same real-world product? Entity 1: 'Asus ROG STRIX B550-E GAMING Presa AM4 ATX Motherboard'. Entity 2: 'ASUS ROG STRIX B550-E GAMING AM4 ATX AMD B550'.,Yes
Do the two product descriptions refer to the same real-world product? Entity 1: 'Asus ROG STRIX B550-E GAMING AM4 ATX Motherboard AMD B550'. Entity 2: 'ASUS ROG STRIX B550-E GAMING Presa AM4 ATX '.,Yes
"Do the two product descriptions refer to the same real-world product? Entity 1: 'RAM-B-408-75-1-UN7U RAM Mount X-Grip® Phone Mount with RAM® Torque™ Medium Rail Base'. Entity 2: 'RAM Mounts Torque™ 3/4"" - 1"" Diameter Handlebar/Rail Base with 1"" Ball and X-Grip®'.",Yes
"Do the two product descriptions refer to the same real-world product? Entity 1: 'RAM-B-408-75-1-UN7U RAM Mounts X-Grip® with RAM® Torque™ Medium Rail Base'. Entity 2: 'RAM Mount Torque™ 3/4"" - 1"" Diameter Handlebar/Rail Base with 1"" Ball and X-Grip® Phone Mount'.",Yes
"Do the two product descriptions refer to the same real-world product? Entity 1: 'RAM-B-408-75-1-UN7U RAM Mounts X-Grip® Phone Mount with Torque™ 3/4"" - 1"" Diameter Handlebar/Rail Base'. Entity 2: 'RAM Mount RAM® Torque™ Medium Rail Base with 1"" Ball and X-Grip®'.",Yes
"Do the two product descriptions refer to the same real-world product? Entity 1: ' RAM Mounts X-Grip® Phone Mount with RAM® Torque™ Medium Rail Base'. Entity 2: 'RAM Mount Torque™ 3/4"" - 1"" Diameter Handlebar/Rail Base with 1"" Ball and X-Grip® RAM-B-408-75-1-UN7U'.",Yes
Do the two product descriptions refer to the same real-world product? Entity 1: 'Swiss Military Hanowa Immersion 06-4226.30.003.03 Uhr'. Entity 2: 'Swiss Military Hanowa06-4226.30.003.03 Immersion '.,Yes
Do the two product descriptions refer to the same real-world product? Entity 1: 'Epson A3 Premium Glossy 255gsm (Pack of 20) C13S041315'. Entity 2: 'Epson Premium Glossy Photo Paper A3 20 sheets'.,Yes
Do the two product descriptions refer to the same real-world product? Entity 1: 'Epson A3 Premium Glossy Photo Paper  (Pack of 20) C13S041315'. Entity 2: 'Epson Premium Glossy A3 20 sheets 255gsm'.,Yes
Do the two product descriptions refer to the same real-world product? Entity 1: 'Epson A3 Premium Glossy Photo Paper 255gsm (20 sheets) C13S041315'. Entity 2: 'Epson Premium Glossy A3 Pack of 20'.,Yes
Do the two product descriptions refer to the same real-world product? Entity 1: 'Epson A3 Premium Glossy Photo Paper 255gsm (Pack of 20) '. Entity 2: 'Epson Premium Glossy A3 20 sheets C13S041315'.,Yes
"Do the two product descriptions refer to the same real-world product? Entity 1: 'Jabra Biz 2400 II - 3-in-1 Mono Headset'. Entity 2: 'Jabra BIZ 2400 Mark II Mono 3-1, NC, 82 mic, QD'.",Yes
"Do the two product descriptions refer to the same real-world product? Entity 1: 'Jabra BIZ 2400 Mark II - Mono 3-1'. Entity 2: 'Jabra Biz 2400 II 3-in-1 Mono Headset, NC, 82 mic, QD'.",Yes
"Do the two product descriptions refer to the same real-world product? Entity 1: 'Jabra BIZ 2400 Mark II - 3-in-1 Mono Headset NC'. Entity 2: 'Jabra Biz 2400 II Mono 3-1, , 82 mic, QD'.",Yes
"Do the two product descriptions refer to the same real-world product? Entity 1: 'Jabra BIZ 2400 Mark II - 3-in-1 Mono Headset 82 mic'. Entity 2: 'Jabra Biz 2400 II Mono 3-1, NC, , QD'.",Yes
"Do the two product descriptions refer to the same real-world product? Entity 1: 'Jabra BIZ 2400 Mark II - 3-in-1 Mono Headset QD'. Entity 2: 'Jabra Biz 2400 II Mono 3-1, NC, 82 mic, '.",Yes
Do the two product descriptions refer to the same real-world product? Entity 1: 'APC Replacement Battery Cartridges #117'. Entity 2: 'APC APCRBC117 Replacement Battery Cartridge #117'.,Yes
"Do the two product descriptions refer to the same real-world product? Entity 1: 'LaCie 4TB Rugged USB 3.1C Mobile HDD'. Entity 2: 'LaCie Rugged Thunderbolt / USB-C 4 TB 2,5'' STFS4000800'.",Yes
"Do the two product descriptions refer to the same real-world product? Entity 1: 'LaCie 4TB Rugged Thunderbolt / USB-C 2.5'''. Entity 2: 'LaCie Rugged USB 3.1C 4 TB 2,5'' STFS4000800'.",Yes
"Do the two product descriptions refer to the same real-world product? Entity 1: 'LaCie 4TB Rugged Thunderbolt / USB-C Mobile HDD STFS4000800'. Entity 2: 'LaCie Rugged USB 3.1C 4 TB 2,5'' '.",Yes
"Do the two product descriptions refer to the same real-world product? Entity 1: 'Catalyst 2960X 24 GigE PoE 370W, 2 x 10G SFP+, LAN Base'. Entity 2: 'Cisco Catalyst WS-C2960X-24PD-L 24 Ports ManagedRack Mountable Switch'.",Yes
"Do the two product descriptions refer to the same real-world product? Entity 1: 'Catalyst 2960-X 24 Ports 370W, 2 x 10G SFP+, LAN Base'. Entity 2: 'Cisco Catalyst WS-C2960X-24PD-L 24 GigE PoE ManagedRack Mountable Switch'.",Yes
"Do the two product descriptions refer to the same real-world product? Entity 1: 'Catalyst 2960-X 24 GigE PoE , 2 x 10G SFP+, LAN Base'. Entity 2: 'Cisco Catalyst WS-C2960X-24PD-L 24 Ports ManagedRack Mountable Switch 370W'.",Yes
"Do the two product descriptions refer to the same real-world product? Entity 1: 'Catalyst 2960-X 24 GigE PoE 370W, 2 x 10G SFP+, LAN Base Rack Mountable'. Entity 2: 'Cisco Catalyst WS-C2960X-24PD-L 24 Ports Managed Switch'.",Yes
"Do the two product descriptions refer to the same real-world product? Entity 1: 'Catalyst 2960-X 24 GigE PoE 370W, 2 x 10G SFP+, LAN Base Managed'. Entity 2: 'Cisco Catalyst WS-C2960X-24PD-L 24 Ports Rack Mountable Switch'.",Yes
"Do the two product descriptions refer to the same real-world product? Entity 1: 'Catalyst 2960-X 24 GigE PoE 370W, '. Entity 2: 'Cisco Catalyst WS-C2960X-24PD-L 24 Ports ManagedRack Mountable Switch 2 x 10G SFP+, LAN Base'.",Yes
Do the two product descriptions refer to the same real-world product? Entity 1: 'Tarjeta Gráfica Gigabyte AORUS GeForce RTX™ 2080 Ti XTREME 11 Gb'. Entity 2: 'Gigabyte RTX 2080 Ti XTREME 11G'.,Yes
Do the two product descriptions refer to the same real-world product? Entity 1: 'Tarjeta Gráfica Gigabyte RTX 2080 Ti XTREME 11G'. Entity 2: 'Gigabyte AORUS GeForce RTX™ 2080 Ti XTREME 11 Gb'.,Yes
Do the two product descriptions refer to the same real-world product? Entity 1: 'Tarjeta Gráfica Gigabyte RTX 2080 Ti XTREME 11 Gb GeForce'. Entity 2: 'Gigabyte AORUS  RTX™ 2080 Ti XTREME 11G'.,Yes
Do the two product descriptions refer to the same real-world product? Entity 1: ' Gigabyte RTX 2080 Ti XTREME 11 Gb'. Entity 2: 'Gigabyte AORUS GeForce RTX™ 2080 Ti XTREME 11G Tarjeta Gráfica'.,Yes
Do the two product descriptions refer to the same real-world product? Entity 1: 'Miška Razer Viper Ultimate & Mouse Dock'. Entity 2: 'Razer Viper Ultimate Wireless'.,Yes
Do the two product descriptions refer to the same real-world product? Entity 1: 'Miška Razer Viper Ultimate '. Entity 2: 'Razer Viper Ultimate & Mouse Dock Wireless'.,Yes
Do the two product descriptions refer to the same real-world product? Entity 1: 'Miška Razer Viper Ultimate Wireless Mouse Dock'. Entity 2: 'Razer Viper Ultimate & '.,Yes
"Do the two product descriptions refer to the same real-world product? Entity 1: 'iiyama Prolite 27\"" XUB2792QSU-B1  IPS Monitor Tilt/Swivel/Pivot'. Entity 2: 'iiyama ProLite XUB2792QSU-B1 27\"" LED LCD Monitor - 16:9 - 5 ms WQHD'.",Yes
"Do the two product descriptions refer to the same real-world product? Entity 1: 'iiyama Prolite 27\"" XUB2792QSU-B1 WQHD  Monitor Tilt/Swivel/Pivot'. Entity 2: 'iiyama ProLite XUB2792QSU-B1 27\"" LED LCD Monitor - 16:9 - 5 ms IPS'.",Yes
"Do the two product descriptions refer to the same real-world product? Entity 1: 'iiyama Prolite 27\"" XUB2792QSU-B1 WQHD IPS Monitor '. Entity 2: 'iiyama ProLite XUB2792QSU-B1 27\"" LED LCD Monitor - 16:9 - 5 ms Tilt/Swivel/Pivot'.",Yes
"Do the two product descriptions refer to the same real-world product? Entity 1: 'iiyama Prolite 27\"" XUB2792QSU-B1 WQHD IPS Monitor Tilt/Swivel/Pivot 16:9'. Entity 2: 'iiyama ProLite XUB2792QSU-B1 27\"" LED LCD Monitor -  - 5 ms'.",Yes
"Do the two product descriptions refer to the same real-world product? Entity 1: 'iiyama Prolite 27\"" XUB2792QSU-B1 WQHD IPS Monitor Tilt/Swivel/Pivot 5 ms'. Entity 2: 'iiyama ProLite XUB2792QSU-B1 27\"" LED LCD Monitor - 16:9 - '.",Yes
"Do the two product descriptions refer to the same real-world product? Entity 1: 'iiyama Prolite 27\"" XUB2792QSU-B1 WQHD IPS Monitor Tilt/Swivel/Pivot LED LCD'. Entity 2: 'iiyama ProLite XUB2792QSU-B1 27\""  Monitor - 16:9 - 5 ms'.",Yes
"Do the two product descriptions refer to the same real-world product? Entity 1: 'Intel Core i3-7100 Dual-Core 3.9GHz 1151 (BX80677I37100)'. Entity 2: 'Processore Cpu INTEL Core i3-7100 LGA1151 3,9GHz 3MB Cache Kaby Lake'.",Yes
"Do the two product descriptions refer to the same real-world product? Entity 1: 'Intel Core i3-7100  3.9GHz LGA1151 (BX80677I37100)'. Entity 2: 'Processore Cpu INTEL Core i3-7100 1151 3,9GHz 3MB Cache Kaby Lake Dual-Core'.",Yes
"Do the two product descriptions refer to the same real-world product? Entity 1: 'Intel Core i3-7100 Dual-Core 3.9GHz LGA1151 (BX80677I37100) 3MB Cache'. Entity 2: 'Processore Cpu INTEL Core i3-7100 1151 3,9GHz  Kaby Lake'.",Yes
"Do the two product descriptions refer to the same real-world product? Entity 1: 'Intel Core i3-7100 Dual-Core 3.9GHz LGA1151 (BX80677I37100) Kaby Lake'. Entity 2: 'Processore Cpu INTEL Core i3-7100 1151 3,9GHz 3MB Cache '.",Yes
Do the two product descriptions refer to the same real-world product? Entity 1: 'D1-TAPE 24MM X 7M BLACK ON WHITE IN Dymo'. Entity 2: ' 53713 Black On White - 24mm'.,Yes
Do the two product descriptions refer to the same real-world product? Entity 1: '53713'. Entity 2: 'Dymo D1-TAPE 24MM X 7M BLACK ON WHITE IN Black On White - 24mm'.,Yes
Do the two product descriptions refer to the same real-world product? Entity 1: 'D1-TAPE 24MM X  BLACK ON WHITE IN'. Entity 2: 'Dymo 53713 Black On White - 24mm 7M'.,Yes
Do the two product descriptions refer to the same real-world product? Entity 1: 'Carto de memria MicroSD Card Kingston 32Gb classe 10 Canvas Select'. Entity 2: 'Kingston Canvas Select (32GB) micro SD Class 10 UHS-1 U1 with Adaptor'.,Yes
Do the two product descriptions refer to the same real-world product? Entity 1: 'Carto de memria micro SD Kingston 32Gb classe 10 Canvas Select UHS-1 U1'. Entity 2: 'Kingston Canvas Select (32GB) MicroSD Card Class 10  with Adaptor'.,Yes
Do the two product descriptions refer to the same real-world product? Entity 1: 'Carto de memria micro SD Kingston 32Gb classe 10 Canvas Select with Adaptor'. Entity 2: 'Kingston Canvas Select (32GB) MicroSD Card Class 10 UHS-1 U1 '.,Yes
Do the two product descriptions refer to the same real-world product? Entity 1: 'Traveler's REFILL KRAFT PAPER NOTEBOOK 14365006-014'. Entity 2: '014 TRAVELERS Notebook Regular- Refill - Kraft Paper Notebook'.,Yes
Do the two product descriptions refer to the same real-world product? Entity 1: 'TRAVELERS REFILL KRAFT PAPER NOTEBOOK 14365006-014'. Entity 2: '014 Traveler's Notebook Regular- Refill Kraft Paper Notebook'.,Yes
Do the two product descriptions refer to the same real-world product? Entity 1: 'TRAVELERS REFILL KRAFT PAPER NOTEBOOK 014'. Entity 2: '14365006-014 Traveler's Notebook Regular- Refill - Kraft Paper Notebook'.,Yes
Do the two product descriptions refer to the same real-world product? Entity 1: 'TRAVELERS REFILL KRAFT PAPER NOTEBOOK 14365006-014 Regular'. Entity 2: '014 Traveler's Notebook - Refill - Kraft Paper Notebook'.,Yes
Do the two product descriptions refer to the same real-world product? Entity 1: 'Logitech UC Corded Stereo USB Headset H570e'. Entity 2: 'LOGITECH H570e Monaural USB Headset (Leatherette Pad) - Business EMEA'.,Yes
Do the two product descriptions refer to the same real-world product? Entity 1: 'Logitech H570e Stereo USB Headset'. Entity 2: 'LOGITECH UC Corded Monaural USB Headset H570e (Leatherette Pad) - Business EMEA'.,Yes
Do the two product descriptions refer to the same real-world product? Entity 1: 'Logitech H570e Monaural USB Headset Leatherette Pad'. Entity 2: 'LOGITECH UC Corded Stereo USB Headset H570e () - Business EMEA'.,Yes
Do the two product descriptions refer to the same real-world product? Entity 1: 'Logitech H570e Monaural USB Headset Business EMEA'. Entity 2: 'LOGITECH UC Corded Stereo USB Headset H570e (Leatherette Pad) - '.,Yes
Do the two product descriptions refer to the same real-world product? Entity 1: 'Logitech H540 USB Headset With High-Definition sound and on-ear controls -  | 981-000480'. Entity 2: 'LOGITECH Corded USB Headset H540 - USB - EMEA Black'.,Yes
Do the two product descriptions refer to the same real-world product? Entity 1: 'Logitech H540 USB Headset With High-Definition sound and on-ear controls - Black | 981-000480 EMEA'. Entity 2: 'LOGITECH Corded USB Headset H540 - USB - '.,Yes
Do the two product descriptions refer to the same real-world product? Entity 1: 'Canon PFI107C Ink Cartridge Cyan'. Entity 2: 'Canon PFI 107C Cyan Laser Toner Cartridge Remanufactured'.,Yes
Do the two product descriptions refer to the same real-world product? Entity 1: 'Canon PFI 107C Laser Toner Cartridge Cyan'. Entity 2: 'Canon PFI107C Cyan Ink Cartridge Remanufactured'.,Yes
Do the two product descriptions refer to the same real-world product? Entity 1: 'Canon PFI 107C Ink Cartridge Cyan Remanufactured'. Entity 2: 'Canon PFI107C Cyan Laser Toner Cartridge '.,Yes
Do the two product descriptions refer to the same real-world product? Entity 1: 'Pre-Owned Audemars Piguet Royal Oak Chronograph White Dail Watch 26331ST.OO.1220ST.03'. Entity 2: 'Cheap Replica Audemars Piguet Royal Oak Chronograph 26331ST.OO.1220ST.03'.,Yes
Do the two product descriptions refer to the same real-world product? Entity 1: 'Cheap Replica Audemars Piguet Royal Oak Chronograph  Watch 26331ST.OO.1220ST.03'. Entity 2: 'Pre-Owned Audemars Piguet Royal Oak Chronograph 26331ST.OO.1220ST.03 White Dail'.,Yes
Do the two product descriptions refer to the same real-world product? Entity 1: '002 Traveler's Company Regular- Refill - Grid Notebook'. Entity 2: 'Traveler's Notebook 002. GRID REFILL MIDORI TRAVELER'S NOTEBOOK'.,Yes
Do the two product descriptions refer to the same real-world product? Entity 1: '002 Traveler's Notebook Regular- GRID REFILL'. Entity 2: 'Traveler's Company 002. Refill - Grid Notebook MIDORI TRAVELER'S NOTEBOOK'.,Yes
Do the two product descriptions refer to the same real-world product? Entity 1: '002 Traveler's Notebook MIDORI TRAVELER'S NOTEBOOK- Refill - Grid Notebook'. Entity 2: 'Traveler's Company 002. GRID REFILL Regular'.,Yes
"Do the two product descriptions refer to the same real-world product? Entity 1: 'DVR 8 canale, Turbo HD, 6MP, PoC, HK DS-7208HQHI-K2-P'. Entity 2: 'Hikvision DVR TURBOHD 8ch DS-7208HQHI-K2/P'.",Yes
"Do the two product descriptions refer to the same real-world product? Entity 1: 'DVR 8 canale, Turbo HD, 6MP, PoC, Hikvision DS-7208HQHI-K2/P'. Entity 2: 'HK DVR TURBOHD 8ch DS-7208HQHI-K2-P'.",Yes
"Do the two product descriptions refer to the same real-world product? Entity 1: 'DVR 8ch, Turbo HD, 6MP, PoC, Hikvision DS-7208HQHI-K2-P'. Entity 2: 'HK DVR TURBOHD 8 canale DS-7208HQHI-K2/P'.",Yes
"Do the two product descriptions refer to the same real-world product? Entity 1: 'DVR 8 canale, TURBOHD, 6MP, PoC, Hikvision DS-7208HQHI-K2-P'. Entity 2: 'HK DVR Turbo HD 8ch DS-7208HQHI-K2/P'.",Yes
"Do the two product descriptions refer to the same real-world product? Entity 1: 'DVR 8 canale, Turbo HD, , PoC, Hikvision DS-7208HQHI-K2-P'. Entity 2: 'HK DVR TURBOHD 8ch DS-7208HQHI-K2/P 6MP'.",Yes
"Do the two product descriptions refer to the same real-world product? Entity 1: 'DVR 8 canale, Turbo HD, 6MP, , Hikvision DS-7208HQHI-K2-P'. Entity 2: 'HK DVR TURBOHD 8ch DS-7208HQHI-K2/P PoC'.",Yes
Do the two product descriptions refer to the same real-world product? Entity 1: '8 CHANNEL (8CH) HIKVISION 4MP DVR HDMI TURBO 1080P DS-7208HQHI-K1'. Entity 2: 'HIKVISION DS-7208HQHI-K1 2 MEGAPIXEL HYBRID 8CH DVR'.,Yes
Do the two product descriptions refer to the same real-world product? Entity 1: '8CH HIKVISION 2 MEGAPIXEL DVR HDMI TURBO 1080P DS-7208HQHI-K1'. Entity 2: 'HIKVISION DS-7208HQHI-K1 4MP HYBRID 8 CHANNEL (8CH) DVR'.,Yes
Do the two product descriptions refer to the same real-world product? Entity 1: '8CH HIKVISION 4MP DVR  TURBO 1080P DS-7208HQHI-K1'. Entity 2: 'HIKVISION DS-7208HQHI-K1 2 MEGAPIXEL HYBRID 8 CHANNEL (8CH) DVR HDMI'.,Yes
Do the two product descriptions refer to the same real-world product? Entity 1: '8CH HIKVISION 4MP DVR HDMI HYBRID DS-7208HQHI-K1'. Entity 2: 'HIKVISION DS-7208HQHI-K1 2 MEGAPIXEL TURBO 1080P 8 CHANNEL (8CH) DVR'.,Yes
Do the two product descriptions refer to the same real-world product? Entity 1: 'Quality Replica Audemars Piguet Royal Oak Offshore Chronograph Watch 26470OR.OO.1000OR.02'. Entity 2: 'Buy AAA Replica Audemars Piguet Royal Oak Offshore Chronograph Watch 26470OR.OO.1000OR.02'.,Yes
Do the two product descriptions refer to the same real-world product? Entity 1: 'TP-Link | AC1900 Wireless AC1900 USB Adapter | Wireless WiFi Network Adapter for PC (Archer T9UH)'. Entity 2: 'TP-Link Archer T9UH High Gain Dual Band Wifi Adapter'.,Yes
Do the two product descriptions refer to the same real-world product? Entity 1: 'TP-Link | AC1900 High Gain Dual Band Wifi Adapter |  (Archer T9UH)'. Entity 2: 'TP-Link Archer T9UH Wireless AC1900 USB Adapter Wireless WiFi Network Adapter for PC'.,Yes
"Do the two product descriptions refer to the same real-world product? Entity 1: '4GB ValueRAM DDR3, 1600MHz, Non-ECC, Unbuffered, CL11, 1.5V, 240-pin DIMM, Singl Kingston Technology'. Entity 2: ' ValueRAM 4GB DDR3-1600 4GB DDR3 1600MHz memoria'.",Yes
"Do the two product descriptions refer to the same real-world product? Entity 1: '4GB ValueRAM DDR3, 1600MHz, , Unbuffered, CL11, 1.5V, 240-pin DIMM, Singl'. Entity 2: 'Kingston Technology ValueRAM 4GB DDR3-1600 4GB DDR3 1600MHz memoria Non-ECC'.",Yes
"Do the two product descriptions refer to the same real-world product? Entity 1: '4GB ValueRAM DDR3, 1600MHz, Non-ECC, Unbuffered, CL11, 1.5V, , Singl'. Entity 2: 'Kingston Technology ValueRAM 4GB DDR3-1600 4GB DDR3 1600MHz memoria 240-pin DIMM'.",Yes
"Do the two product descriptions refer to the same real-world product? Entity 1: '4GB ValueRAM DDR3, 1600MHz, Non-ECC, Unbuffered, CL11, , 240-pin DIMM, Singl'. Entity 2: 'Kingston Technology ValueRAM 4GB DDR3-1600 4GB DDR3 1600MHz memoria 1.5V'.",Yes
"Do the two product descriptions refer to the same real-world product? Entity 1: '4GB ValueRAM DDR3, 1600MHz, Non-ECC, Unbuffered, , 1.5V, 240-pin DIMM, Singl'. Entity 2: 'Kingston Technology ValueRAM 4GB DDR3-1600 4GB DDR3 1600MHz memoria CL11'.",Yes
"Do the two product descriptions refer to the same real-world product? Entity 1: 'Samsung LH46UHFCLBB 46\"" LED Full HD Nero display professionale'. Entity 2: 'Samsung UH46F5 - 116,8 cm (46\"") - LED - 1920 x 1080 Pixel - 700 cd/m² - Full HD - 8 ms'.",Yes
"Do the two product descriptions refer to the same real-world product? Entity 1: 'Samsung UH46F5 46\"" LED 1920 x 1080 Pixel Nero display professionale'. Entity 2: 'Samsung LH46UHFCLBB - 116,8 cm (46\"") - LED - Full HD - 700 cd/m² - Full HD - 8 ms'.",Yes
"Do the two product descriptions refer to the same real-world product? Entity 1: 'Samsung UH46F5 46\"" LED Full HD Nero display professionale 700 cd/m²'. Entity 2: 'Samsung LH46UHFCLBB - 116,8 cm (46\"") - LED - 1920 x 1080 Pixel -  - Full HD - 8 ms'.",Yes
"Do the two product descriptions refer to the same real-world product? Entity 1: 'Samsung UH46F5 46\"" LED Full HD Nero display professionale 8 ms'. Entity 2: 'Samsung LH46UHFCLBB - 116,8 cm (46\"") - LED - 1920 x 1080 Pixel - 700 cd/m² - Full HD - '.",Yes
"Do the two product descriptions refer to the same real-world product? Entity 1: 'Samsung UH46F5 46\"" LED Full HD  display professionale'. Entity 2: 'Samsung LH46UHFCLBB - 116,8 cm (46\"") - LED - 1920 x 1080 Pixel - 700 cd/m² - Full HD - 8 ms Nero'.",Yes
Do the two product descriptions refer to the same real-world product? Entity 1: 'Shimano Cassette 11 Speed 11-46 CS-M8000'. Entity 2: 'XT CS-M8000 11s Cassette'.,Yes
Do the two product descriptions refer to the same real-world product? Entity 1: 'Shimano Cassette 11s 11-46 CS-M8000 XT'. Entity 2: ' CS-M8000 11 Speed Cassette'.,Yes
"Do the two product descriptions refer to the same real-world product? Entity 1: 'ZOTAC GeForce RTX 2060 SUPER AMP 8GB 256Bit GDDR6'. Entity 2: 'ZOTAC Grafikkarte Gaming GeForce RTX 2060 SUPER AMP!, 8 GB (ZT-T20610D-10P)'.",Yes
"Do the two product descriptions refer to the same real-world product? Entity 1: 'ZOTAC GeForce RTX 2060 SUPER AMP! 8 GB 256Bit GDDR6'. Entity 2: 'ZOTAC Grafikkarte Gaming GeForce RTX 2060 SUPER AMP, 8GB (ZT-T20610D-10P)'.",Yes
"Do the two product descriptions refer to the same real-world product? Entity 1: 'ZOTAC GeForce RTX 2060 SUPER AMP! 8GB 256Bit '. Entity 2: 'ZOTAC Grafikkarte Gaming GeForce RTX 2060 SUPER AMP, 8 GB (ZT-T20610D-10P) GDDR6'.",Yes
"Do the two product descriptions refer to the same real-world product? Entity 1: 'ZOTAC GeForce RTX 2060 SUPER AMP! 8GB  GDDR6'. Entity 2: 'ZOTAC Grafikkarte Gaming GeForce RTX 2060 SUPER AMP, 8 GB (ZT-T20610D-10P) 256Bit'.",Yes
"Do the two product descriptions refer to the same real-world product? Entity 1: 'ZOTAC GeForce RTX 2060 SUPER AMP! 8GB 256Bit GDDR6 ZT-T20610D-10P'. Entity 2: 'ZOTAC Grafikkarte Gaming GeForce RTX 2060 SUPER AMP, 8 GB ()'.",Yes
"Do the two product descriptions refer to the same real-world product? Entity 1: 'Maxxis High Roller II 27.5 x 2.50 Wide Trail 3C Maxx Terra EXO/TR Folding Mountainbike Tyre'. Entity 2: 'Maxxis Maxxis High Roller II Tire: 27.5 x 2.5\"", Folding, 60tpi, 3C MaxxTerra, EXO, Tubeless Ready, Wide Trail, Black'.",Yes
"Do the two product descriptions refer to the same real-world product? Entity 1: 'Maxxis High Roller II 27.5 x 2.5 Wide Trail 3C Maxx Terra EXO/TR Folding'. Entity 2: 'Maxxis Maxxis High Roller II Tire: 27.5 x 2.50\"", Folding Mountainbike Tyre, 60tpi, 3C MaxxTerra, EXO, Tubeless Ready, Wide Trail, Black'.",Yes
"Do the two product descriptions refer to the same real-world product? Entity 1: 'Maxxis High Roller II 27.5 x 2.5 Wide Trail 3C Maxx Terra EXO/TR Folding Mountainbike Tyre Black'. Entity 2: 'Maxxis Maxxis High Roller II Tire: 27.5 x 2.50\"", Folding, 60tpi, 3C MaxxTerra, EXO, Tubeless Ready, Wide Trail, '.",Yes
"Do the two product descriptions refer to the same real-world product? Entity 1: 'Pokémon TCG: Sword & Shield-Rebel Clash Three Booster Blister- Dural'. Entity 2: 'Pokemon TCG:Sword and Shield Rebel Clash 3 Booster Packs, Coin & Rayquaza Promo Card'.",Yes
"Do the two product descriptions refer to the same real-world product? Entity 1: 'Pokemon TCG:Sword and Shield Rebel Clash 3 Booster Packs- Dural'. Entity 2: 'Pokémon TCG: Sword & Shield-Rebel Clash Three Booster Blister, Coin & Rayquaza Promo Card'.",Yes
"Do the two product descriptions refer to the same real-world product? Entity 1: 'Pokemon TCG:Sword and Shield Rebel Clash Three Booster Blister- Rayquaza Promo Card'. Entity 2: 'Pokémon TCG: Sword & Shield-Rebel Clash 3 Booster Packs, Coin & Dural'.",Yes
"Do the two product descriptions refer to the same real-world product? Entity 1: 'Pokemon TCG:Sword and Shield Rebel Clash Three Booster Blister- Dural Coin'. Entity 2: 'Pokémon TCG: Sword & Shield-Rebel Clash 3 Booster Packs,  & Rayquaza Promo Card'.",Yes
Do the two product descriptions refer to the same real-world product? Entity 1: 'Ryze Tello Battery Charging Hub'. Entity 2: 'Ryze Tech Tello Battery Charging Charger Hub (Part 9)'.,Yes
Do the two product descriptions refer to the same real-world product? Entity 1: 'Ryze Tech Tello Battery Charging Charger Hub (Part 9)'. Entity 2: 'Ryze Tello Battery Charging Hub'.,Yes
Do the two product descriptions refer to the same real-world product? Entity 1: 'Ryze Tech Tello Battery Charging Hub Part 9'. Entity 2: 'Ryze Tello Battery Charging Charger Hub ()'.,Yes
Do the two product descriptions refer to the same real-world product? Entity 1: 'NY Yankees New Era Navy League 9FORTY Adjustable Hat - Men - Navy Blue'. Entity 2: 'NEW ERA ČIAPKA THE LEAGUE GM NY YANKEES'.,Yes
Do the two product descriptions refer to the same real-world product? Entity 1: 'New York Yankees New Era Navy League 9FORTY ČIAPKA (Hat) - Men - Navy Blue'. Entity 2: 'NEW ERA ČIAPKA THE LEAGUE GM NY YANKEES'.,Yes
Do the two product descriptions refer to the same real-world product? Entity 1: 'New York Yankees New Era Navy League 9FORTY Adjustable Hat - Men - '. Entity 2: 'NEW ERA ČIAPKA THE LEAGUE GM NY YANKEES Navy Blue'.,Yes
Do the two product descriptions refer to the same real-world product? Entity 1: 'New York Yankees New Era Navy League 9FORTY Adjustable Hat -  - Navy Blue'. Entity 2: 'NEW ERA ČIAPKA THE LEAGUE GM NY YANKEES Men'.,Yes
Do the two product descriptions refer to the same real-world product? Entity 1: 'New York Yankees New Era Navy League THE LEAGUE GM Adjustable Hat - Men - Navy Blue'. Entity 2: 'NEW ERA ČIAPKA 9FORTY NY YANKEES'.,Yes
Do the two product descriptions refer to the same real-world product? Entity 1: 'Carto de memria microSD Kingston 64Gb XC1 classe 10 Canvas Select'. Entity 2: 'Kingston SDCS Canvas Select Class10 micro SD Memory Card - 64GB With Adapter'.,Yes
Do the two product descriptions refer to the same real-world product? Entity 1: 'Carto de memria micro SD Kingston 64Gb XC1 Class10 Canvas Select'. Entity 2: 'Kingston SDCS Canvas Select classe 10 microSD Memory Card - 64GB With Adapter'.,Yes
Do the two product descriptions refer to the same real-world product? Entity 1: 'Carto de memria micro SD Kingston 64Gb XC1 classe 10 Canvas Select With Adapter'. Entity 2: 'Kingston SDCS Canvas Select Class10 microSD Memory Card - 64GB '.,Yes
Do the two product descriptions refer to the same real-world product? Entity 1: 'Canon FP4 Plus 125 120'. Entity 2: 'Ilford EF-S 18-200mm f/3.5-5.6 IS'.,Yes
Do the two product descriptions refer to the same real-world product? Entity 1: 'Ilford EF-S 18-200mm f/3.5-5.6 IS'. Entity 2: 'Canon FP4 Plus 125 120'.,Yes
Do the two product descriptions refer to the same real-world product? Entity 1: 'Ilford FP4 Plus 125 120'. Entity 2: 'Canon EF-S 18-200mm f/3.5-5.6 IS'.,Yes
Do the two product descriptions refer to the same real-world product? Entity 1: 'ASUS Dual GeForce RTX 2060 6GB OC EVO Edition 192Bit GDDR6'. Entity 2: 'ASUS NVIDIA GeForce RTX 2060 6G DUAL OC EVO Turing Graphics Card'.,Yes
Do the two product descriptions refer to the same real-world product? Entity 1: 'ASUS Dual GeForce RTX 2060 6G OC EVO 192Bit GDDR6'. Entity 2: 'ASUS NVIDIA GeForce RTX 2060 6GB DUAL OC EVO Edition Turing Graphics Card'.,Yes
Do the two product descriptions refer to the same real-world product? Entity 1: 'ASUS Dual GeForce RTX 2060 6G OC EVO Edition 192Bit '. Entity 2: 'ASUS NVIDIA GeForce RTX 2060 6GB DUAL OC EVO Turing Graphics Card GDDR6'.,Yes
Do the two product descriptions refer to the same real-world product? Entity 1: 'ASUS Dual GeForce RTX 2060 6G OC EVO Edition 192Bit GDDR6 Turing'. Entity 2: 'ASUS NVIDIA GeForce RTX 2060 6GB DUAL OC EVO  Graphics Card'.,Yes
Do the two product descriptions refer to the same real-world product? Entity 1: 'ASUS Dual GeForce RTX 2060 6G OC EVO Edition  GDDR6'. Entity 2: 'ASUS NVIDIA GeForce RTX 2060 6GB DUAL OC EVO Turing Graphics Card 192Bit'.,Yes
Do the two product descriptions refer to the same real-world product? Entity 1: 'Canon EF-S 55-250mm f4-5.6 IS STM'. Entity 2: 'Canon EF-S 55-250 f/4-5.6 IS STM'.,Yes
Do the two product descriptions refer to the same real-world product? Entity 1: 'Canon EF-S 55-250 f/4-5.6 IS STM'. Entity 2: 'Canon EF-S 55-250mm f4-5.6 IS STM'.,Yes
Do the two product descriptions refer to the same real-world product? Entity 1: '2012 SRAM Red XG-1090 10-Speed PowerDome-X 11-23 Cassette'. Entity 2: 'SRAM XG-1090 X-Dome 10sp Cassette'.,Yes
Do the two product descriptions refer to the same real-world product? Entity 1: '2012 SRAM Red XG-1090 10sp X-Dome 11-23 Cassette'. Entity 2: 'SRAM XG-1090 PowerDome-X 10-Speed Cassette'.,Yes
Do the two product descriptions refer to the same real-world product? Entity 1: ' SRAM Red XG-1090 10-Speed X-Dome 11-23 Cassette'. Entity 2: 'SRAM XG-1090 PowerDome-X 10sp Cassette 2012'.,Yes
Do the two product descriptions refer to the same real-world product? Entity 1: '2012 SRAM Red XG-1090 10-Speed X-Dome  Cassette'. Entity 2: 'SRAM XG-1090 PowerDome-X 10sp Cassette 11-23'.,Yes
Do the two product descriptions refer to the same real-world product? Entity 1: 'ASUS GTX1660S DUAL EVO OC'. Entity 2: 'Asus GeForce GTX 1660 SUPER 6GB Dual EVO'.,Yes
Do the two product descriptions refer to the same real-world product? Entity 1: 'ASUS GeForce GTX 1660 SUPER Dual EVO'. Entity 2: 'Asus GTX1660S 6GB DUAL EVO OC'.,Yes
Do the two product descriptions refer to the same real-world product? Entity 1: 'ASUS GeForce GTX 1660 SUPER DUAL EVO OC 6GB'. Entity 2: 'Asus GTX1660S  Dual EVO'.,Yes
Do the two product descriptions refer to the same real-world product? Entity 1: 'TISSOT Seastar 1000 Men's Black Rubber Strap Watch (T120.417.17.041.00)'. Entity 2: 'Tissot SEASTAR 1000 CHRONOGRAPH T120.417.17.041.00'.,Yes
Do the two product descriptions refer to the same real-world product? Entity 1: 'TISSOT SEASTAR 1000 CHRONOGRAPH T120.417.17.041.00 (T120.417.17.041.00) Black Rubber'. Entity 2: 'Tissot Seastar 1000 Men's  Strap Watch'.,Yes
Do the two product descriptions refer to the same real-world product? Entity 1: 'Zebra Black Ribbon (Eltron) Black (K) Resin Ribbon 800015-301'. Entity 2: 'Zebra 800015-301 True Colours Brand i-series - 1500 Prints'.,Yes
Do the two product descriptions refer to the same real-world product? Entity 1: 'Zebra Black Ribbon True Colours Brand i-series 800015-301 1500 Prints'. Entity 2: 'Zebra 800015-301 (Eltron) Black (K) Resin Ribbon - '.,Yes
"Do the two product descriptions refer to the same real-world product? Entity 1: 'RAM Torque 28mm-38mm Handlebar Rail Mount 1.5\"" Ball'. Entity 2: 'RAM Handlebar & Rail Base 1.125 - 1.5\"" C (RAM-408-112-15U)'.",Yes
"Do the two product descriptions refer to the same real-world product? Entity 1: 'RAM Torque 28mm-38mm Handlebar & Rail Base 1.5\"" Ball'. Entity 2: 'RAM Handlebar Rail Mount 1.125 - 1.5\"" 1.5"" Ball'.",Yes
"Do the two product descriptions refer to the same real-world product? Entity 1: 'RAM Torque 1.125 - 1.5"" Handlebar & Rail Base 1.5\"" Ball'. Entity 2: 'RAM Handlebar Rail Mount 1.125 - 1.5\"" C (RAM-408-112-15U)'.",Yes
"Do the two product descriptions refer to the same real-world product? Entity 1: 'RAM Torque 28mm-38mm Handlebar & Rail Base 1.5\"" Ball RAM-408-112-15U'. Entity 2: 'RAM Handlebar Rail Mount 1.125 - 1.5\"" C ()'.",Yes
"Do the two product descriptions refer to the same real-world product? Entity 1: 'Ubiquiti UniFi AP Wireless Access Point, AC, In Wall, 5-Pack'. Entity 2: 'Ubiquiti Unifi AC In-Wall AP 5 Pack UAP-AC-IW-5 (No PoE Injector)'.",Yes
"Do the two product descriptions refer to the same real-world product? Entity 1: 'Ubiquiti UniFi AP, AC, In Wall, 5 Pack'. Entity 2: 'Ubiquiti Unifi AC In-Wall AP Wireless Access Point 5-Pack UAP-AC-IW-5 (No PoE Injector)'.",Yes
"Do the two product descriptions refer to the same real-world product? Entity 1: 'Ubiquiti UniFi AP, AC, In Wall, 5-Pack No PoE Injector'. Entity 2: 'Ubiquiti Unifi AC In-Wall AP Wireless Access Point 5 Pack UAP-AC-IW-5 ()'.",Yes
Do the two product descriptions refer to the same real-world product? Entity 1: 'Audio-Technica Headphones Air Dynamic Series ATH-AD500X'. Entity 2: 'Casti Hi-Fi Audio Technica ATH-AD500X'.,Yes
Do the two product descriptions refer to the same real-world product? Entity 1: 'Audio Technica Headphones  ATH-AD500X'. Entity 2: 'Casti Hi-Fi Audio-Technica ATH-AD500X Air Dynamic Series'.,Yes
Do the two product descriptions refer to the same real-world product? Entity 1: 'Audio Technica Casti Hi-Fi Air Dynamic Series ATH-AD500X'. Entity 2: 'Headphones Audio-Technica ATH-AD500X'.,Yes
Do the two product descriptions refer to the same real-world product? Entity 1: '  Cs-R9100 Cassette 11-25 Dura-Ace 11-Speed'. Entity 2: 'Dura-Ace 9100 11-Speed Cassette 11-25T Shimano'.,Yes
Do the two product descriptions refer to the same real-world product? Entity 1: 'Shimano Shimano 9100 Cassette 11-25 Dura-Ace 11-Speed'. Entity 2: 'Dura-Ace Cs-R9100 11-Speed Cassette 11-25T'.,Yes
Do the two product descriptions refer to the same real-world product? Entity 1: 'Shimano Shimano Cs-R9100 Cassette 11-25T Dura-Ace 11-Speed'. Entity 2: 'Dura-Ace 9100 11-Speed Cassette 11-25'.,Yes
Do the two product descriptions refer to the same real-world product? Entity 1: 'Canon Ink Jet Cartridge PGI-72 PBK/GY/PM/PC/CO Multipack 6403B007'. Entity 2: 'Canon Multipack PGI-72multi1 (40433)'.,Yes
Do the two product descriptions refer to the same real-world product? Entity 1: '0000006490| Canon EF-S 18-135 f3.5-5.6 IS NANO USM Lens'. Entity 2: 'Canon EF-S 18-135mm/3.5-5.6 IS USM'.,Yes
Do the two product descriptions refer to the same real-world product? Entity 1: '0000006490| Canon EF-S 18-135mm 3.5-5.6 IS NANO USM Lens'. Entity 2: 'Canon EF-S 18-135/f3.5-5.6 IS USM'.,Yes
Do the two product descriptions refer to the same real-world product? Entity 1: '0000006490| Canon EF-S 18-135mm f3.5-5.6 IS USM Lens'. Entity 2: 'Canon EF-S 18-135/3.5-5.6 IS NANO USM'.,Yes
Do the two product descriptions refer to the same real-world product? Entity 1: 'HP 900GB 6G SAS 10K rpm 900 SAS 16 MB Cache 2.5-Inch Internal Bare or OEM Drives 619291-B21'. Entity 2: '619291-B21 HP 900GB 6G SAS 10K SFF (2.5-inch) Enterprise Hard Drive'.,Yes
Do the two product descriptions refer to the same real-world product? Entity 1: 'HP 900GB 6G SAS 10K 900 SAS  2.5-Inch Internal Bare or OEM Drives 619291-B21'. Entity 2: '619291-B21 HP 900GB 6G SAS 10K rpm SFF (2.5-inch) Enterprise Hard Drive 16 MB Cache'.,Yes
Do the two product descriptions refer to the same real-world product? Entity 1: 'Shimano J04C Metal Finned Disc Pad'. Entity 2: 'Shimano Metal Disk Fren Balatası Ice-Tech BR-M9000 J04C'.,Yes
Do the two product descriptions refer to the same real-world product? Entity 1: 'Shimano BR-M9000 J04C Metal Disc Pad'. Entity 2: 'Shimano Metal Finned Disk Fren Balatası Ice-Tech J04C'.,Yes
Do the two product descriptions refer to the same real-world product? Entity 1: 'Shimano BR-M9000 J04C Metal Finned Disc Pad Ice-Tech'. Entity 2: 'Shimano Metal Disk Fren Balatası  J04C'.,Yes
Do the two product descriptions refer to the same real-world product? Entity 1: 'Shimano BR-M9000 J04C Metal Finned Disk Fren Balatası'. Entity 2: 'Shimano Metal Disc Pad Ice-Tech J04C'.,Yes
"Do the two product descriptions refer to the same real-world product? Entity 1: 'Ubiquiti UniFi Cloud Key, G2'. Entity 2: 'UCK-G2-PlusUbiquiti Unifi CloudKey Gen2 Plus, with HDD'.",Yes
"Do the two product descriptions refer to the same real-world product? Entity 1: 'Ubiquiti UniFi CloudKey Gen2 Plus with HDD'. Entity 2: 'UCK-G2-PlusUbiquiti Unifi Cloud Key, G2, '.",Yes
"Do the two product descriptions refer to the same real-world product? Entity 1: 'Ubiquiti UniFi CloudKey Gen2 Plus UCK-G2-Plus'. Entity 2: 'Ubiquiti Unifi Cloud Key, G2, with HDD'.",Yes
Do the two product descriptions refer to the same real-world product? Entity 1: 'Brother HL-L8360CDW Laser Printer'. Entity 2: 'Brother HL-L8360CDW Colour Wireless Laser Printer'.,Yes
Do the two product descriptions refer to the same real-world product? Entity 1: 'DVR  TurboHD 4 canale DS-7204HQHI-K1'. Entity 2: 'DS-7204HQHI-K1 Turbo HD DVR Hikvision'.,Yes
Do the two product descriptions refer to the same real-world product? Entity 1: 'DVR Hikvision Turbo HD DS-7204HQHI-K1'. Entity 2: 'DS-7204HQHI-K1 TurboHD 4 canale DVR'.,Yes
Do the two product descriptions refer to the same real-world product? Entity 1: 'Jabra BIZ 2300 DUO USB Headset MS'. Entity 2: 'Jabra BIZ2300 2399-823-109 USB MS Duo'.,Yes
Do the two product descriptions refer to the same real-world product? Entity 1: 'Jabra BIZ2300 2399-823-109 DUO USB Headset MS'. Entity 2: 'Jabra BIZ 2300 USB MS DUO Headset'.,Yes
Do the two product descriptions refer to the same real-world product? Entity 1: 'SanDisk Extreme Pro SD Card 32GB '. Entity 2: 'SanDisk 32GB Extreme Pro SDSDXPK-032G-GN4IN SDHC Memory Card C10 300MB/s UHS-II'.,Yes
Do the two product descriptions refer to the same real-world product? Entity 1: 'SanDisk Extreme Pro SD Card 32GB 300MB/s UHS-II SDSDXPK-032G-GN4IN'. Entity 2: 'SanDisk 32GB Extreme Pro  SDHC Memory Card C10'.,Yes
Do the two product descriptions refer to the same real-world product? Entity 1: 'SanDisk Extreme Pro SDHC Memory Card 32GB 300MB/s UHS-II'. Entity 2: 'SanDisk 32GB Extreme Pro SDSDXPK-032G-GN4IN SD Card C10'.,Yes
Do the two product descriptions refer to the same real-world product? Entity 1: 'SanDisk Extreme Pro SD Card 32GB 300MB/s UHS-II C10'. Entity 2: 'SanDisk 32GB Extreme Pro SDSDXPK-032G-GN4IN SDHC Memory Card '.,Yes
"Do the two product descriptions refer to the same real-world product? Entity 1: '3M - PF27.0W9 PRIVACY FILTER BLACK FOR 27,0IN / 68,6 CM / 16:9IN ACCS'. Entity 2: '3M - Privacy Filter 27\"" Widescreen 16:9'.",Yes
"Do the two product descriptions refer to the same real-world product? Entity 1: '3M - PF27.0W9 PRIVACY FILTER BLACK FOR 27,0IN / 68,6 CM / 16:9IN ACCS'. Entity 2: '3M - Sekretessfilter 27.0IN / 68.6 CM Widescreen 16:9'.",Yes
"Do the two product descriptions refer to the same real-world product? Entity 1: '3M - PF27.0W9 PRIVACY FILTER BLACK FOR 27,0IN / 68,6 CM / 16:9 ACCS'. Entity 2: '3M - Sekretessfilter 27\"" Widescreen 16:9IN'.",Yes
"Do the two product descriptions refer to the same real-world product? Entity 1: '3M - PF27.0W9 PRIVACY FILTER BLACK FOR 27,0IN / 68,6 CM / 16:9IN ACCS'. Entity 2: '3M - Sekretessfilter 27\"" Widescreen 16:9 Black'.",Yes
"Do the two product descriptions refer to the same real-world product? Entity 1: '3M -  PRIVACY FILTER BLACK FOR 27,0IN / 68,6 CM / 16:9IN ACCS'. Entity 2: '3M - Sekretessfilter 27\"" Widescreen 16:9 PF27.0W9'.",Yes
Do the two product descriptions refer to the same real-world product? Entity 1: 'TP-Link EAP225 Outdoor Access Point'. Entity 2: 'TP-Link EAP225-Outdoor AC1200 Wireless MU-MIMO Gigabit Indoor/Outdoor Access Point'.,Yes
Do the two product descriptions refer to the same real-world product? Entity 1: 'TP-Link EAP225-Outdoor AC1200 Wireless MU-MIMO Gigabit Outdoor Access Point'. Entity 2: 'TP-Link EAP225 Indoor/Outdoor Access Point'.,Yes
Do the two product descriptions refer to the same real-world product? Entity 1: 'Cooler Master MasterCase H500 Mid Tower PC Case | PCByte'. Entity 2: 'Cooler Master MasterCase H500 ARGB Mesh Mid Tower ATX Case TG MCM-H500-IGNN-S01'.,Yes
Do the two product descriptions refer to the same real-world product? Entity 1: 'Cooler Master MasterCase H500 ARGB Mesh Mid Tower PC Case TG MCM-H500-IGNN-S01 | PCByte'. Entity 2: 'Cooler Master MasterCase H500 Mid Tower ATX Case'.,Yes
Do the two product descriptions refer to the same real-world product? Entity 1: 'Cooler Master MasterCase H500  Mesh Mid Tower ATX Case TG MCM-H500-IGNN-S01 | PCByte'. Entity 2: 'Cooler Master MasterCase H500 Mid Tower PC Case ARGB'.,Yes
Do the two product descriptions refer to the same real-world product? Entity 1: 'Cooler Master MasterCase H500 ARGB Mesh Mid Tower ATX Case TG MCM-H500-IGNN-S01 | PCByte'. Entity 2: 'Cooler Master MasterCase H500 Mid Tower PC Case TG (Tempered Glass)'.,Yes
Do the two product descriptions refer to the same real-world product? Entity 1: 'HP 300GB 6G SAS 10K rpm SFF (2.5-inch) SC Enterprise 3yr Warranty HDD'. Entity 2: 'HPE 300GB 6G SAS 10K rpm SFF (2.5-inch) SC Enterprise'.,Yes
"Do the two product descriptions refer to the same real-world product? Entity 1: 'Corsair iCUE 465X RGB Mid-Tower White ATX Case, T/G Window, No PSU'. Entity 2: 'Corsair iCUE 465X RGB Mid-Tower ATX Case White'.",Yes
"Do the two product descriptions refer to the same real-world product? Entity 1: 'Corsair iCUE 465X RGB Mid-Tower White ATX Case, , No PSU'. Entity 2: 'Corsair iCue 465X RGB White T/G Window'.",Yes
"Do the two product descriptions refer to the same real-world product? Entity 1: 'Corsair iCUE 465X RGB Mid-Tower White ATX Case, T/G Window, '. Entity 2: 'Corsair iCue 465X RGB White No PSU'.",Yes
Do the two product descriptions refer to the same real-world product? Entity 1: 'Nikon 24-70mm f/2.8L II USM EF Lens'. Entity 2: 'Canon AF-S NIKKOR FX 50mm F1.8G Lens'.,Yes
Do the two product descriptions refer to the same real-world product? Entity 1: 'Canon 50mm f/2.8L II USM EF Lens'. Entity 2: 'Nikon AF-S NIKKOR FX 24-70mm F1.8G Lens'.,Yes
Do the two product descriptions refer to the same real-world product? Entity 1: 'Canon 24-70mm f/1.8L II USM EF Lens'. Entity 2: 'Nikon AF-S NIKKOR FX 50mm F1.8G Lens'.,Yes
Do the two product descriptions refer to the same real-world product? Entity 1: 'Canon AF-S NIKKOR FX 50mm F1.8G Lens'. Entity 2: 'Nikon 24-70mm f/2.8L II USM EF Lens'.,Yes
Do the two product descriptions refer to the same real-world product? Entity 1: 'Ernie Ball 2222 HYBRID SLINKY 9/46'. Entity 2: 'Hybrid Slinky 9-46 Ernie Ball'.,Yes
Do the two product descriptions refer to the same real-world product? Entity 1: 'Ernie Ball Hybrid Slinky 9-46 2222'. Entity 2: ' HYBRID SLINKY 9/46 Ernie Ball'.,Yes
Do the two product descriptions refer to the same real-world product? Entity 1: ' MVH500AH Lightweight Video Head with Flat Base'. Entity 2: 'MVH500AH FLUID VIDEO HEAD W/FLAT BASE Manfrotto'.,Yes
Do the two product descriptions refer to the same real-world product? Entity 1: 'Manfrotto MVH500AH FLUID VIDEO HEAD with Flat Base'. Entity 2: 'MVH500AH Lightweight Video Head W/FLAT BASE'.,Yes
Do the two product descriptions refer to the same real-world product? Entity 1: 'Gorra New Era NFL New Orleans Saints 9Fifty Cap'. Entity 2: 'Kappe New Era NFL New Orleans Saints 9Fifty Cap'.,Yes
Do the two product descriptions refer to the same real-world product? Entity 1: 'Carbide Series 275R Tempered Glass Mid-Tower Gaming CaseWhite CORSAIR'. Entity 2: ' 275R (ATX) MID TOWER CABINET - WITH TEMPERED GLASS SIDE PANEL (WHITE) CC-9011133-WW'.,Yes
Do the two product descriptions refer to the same real-world product? Entity 1: '275R Tempered Glass Mid-Tower Gaming CaseWhite'. Entity 2: 'CORSAIR Carbide Series 275R (ATX) MID TOWER CABINET - WITH TEMPERED GLASS SIDE PANEL (WHITE) CC-9011133-WW'.,Yes
Do the two product descriptions refer to the same real-world product? Entity 1: 'Carbide Series 275R Tempered Glass MID TOWER Gaming CaseWhite'. Entity 2: 'CORSAIR 275R (ATX) Mid-Tower CABINET - WITH TEMPERED GLASS SIDE PANEL (WHITE) CC-9011133-WW'.,Yes
Do the two product descriptions refer to the same real-world product? Entity 1: 'Carbide Series 275R Tempered Glass Mid-Tower Gaming CaseWhite CC-9011133-WW'. Entity 2: 'CORSAIR 275R (ATX) MID TOWER CABINET - WITH TEMPERED GLASS SIDE PANEL (WHITE) '.,Yes
"Do the two product descriptions refer to the same real-world product? Entity 1: 'PG-730 7-Speed Cassette CLARKS'. Entity 2: ' Sram, PG-730, 7sp cassette, 12-32T'.",Yes
"Do the two product descriptions refer to the same real-world product? Entity 1: 'PG-730 7sp Cassette'. Entity 2: 'CLARKS Sram, PG-730, 7-Speed cassette, 12-32T'.",Yes
"Do the two product descriptions refer to the same real-world product? Entity 1: 'PG-730 7-Speed Cassette 12-32T'. Entity 2: 'CLARKS Sram, PG-730, 7sp cassette, '.",Yes
"Do the two product descriptions refer to the same real-world product? Entity 1: 'GARMIN fenix5 GRAY BLACK 010-01688-00'. Entity 2: 'Garmin FENIX 5 Gray Optic, Black band'.",Yes
"Do the two product descriptions refer to the same real-world product? Entity 1: 'GARMIN FENIX 5 Gray Optic, Black band 010-01688-00'. Entity 2: 'Garmin fenix5 GRAY BLACK'.",Yes
"Do the two product descriptions refer to the same real-world product? Entity 1: 'GARMIN FENIX 5 GRAY BLACK '. Entity 2: 'Garmin fenix5 Gray Optic, Black band 010-01688-00'.",Yes
Do the two product descriptions refer to the same real-world product? Entity 1: 'KINGSTON FURY Blue 4GB (1x4GB) 1600MHz DDR3 Memory'. Entity 2: 'MEMORIA DDR3 HyperX HYPERX FURY BLUE 4GB 1600MHZ'.,Yes
Do the two product descriptions refer to the same real-world product? Entity 1: 'HyperX HYPERX FURY BLUE 4GB (1x4GB) 1600MHz DDR3 Memory'. Entity 2: 'MEMORIA DDR3 KINGSTON FURY Blue 4GB 1600MHZ'.,Yes
Do the two product descriptions refer to the same real-world product? Entity 1: 'HyperX FURY Blue 4GB  1600MHz DDR3 Memory'. Entity 2: 'MEMORIA DDR3 KINGSTON HYPERX FURY BLUE 4GB 1600MHZ (1x4GB)'.,Yes
Do the two product descriptions refer to the same real-world product? Entity 1: 'HyperX FURY Blue 4GB (1x4GB) 1600MHz DDR3'. Entity 2: 'MEMORIA DDR3 Memory KINGSTON HYPERX FURY BLUE 4GB 1600MHZ'.,Yes
Do the two product descriptions refer to the same real-world product? Entity 1: 'TAG Heuer Monaco Men's Blue Leather Strap Watch'. Entity 2: 'TAG Heuer Automatic Chronograph Watch CBL2111.FC6453'.,Yes
Do the two product descriptions refer to the same real-world product? Entity 1: 'TAG Heuer Automatic Chronograph Watch CBL2111.FC6453 Leather'. Entity 2: 'TAG Heuer Monaco Men's Blue  Strap Watch'.,Yes
Do the two product descriptions refer to the same real-world product? Entity 1: 'TAG Heuer Automatic Chronograph Watch CBL2111.FC6453 Blue'. Entity 2: 'TAG Heuer Monaco Men's  Leather Strap Watch'.,Yes
"Do the two product descriptions refer to the same real-world product? Entity 1: 'Asus ROG Strix X570-F GAMING Motherboard,DDR4, 3x PCIe x16, SATA III RAID, USB 3.2, GLAN, M.2, DisplayPort, HDMI, 8ch audio, ATX, , Ryzen | 90MB1160-M0EAY0'. Entity 2: 'Asus ROG Strix X570-F Gaming ATX - motherboard scAM4'.",Yes
"Do the two product descriptions refer to the same real-world product? Entity 1: 'Asus ROG Strix X570-F GAMING Motherboard,, 3x PCIe x16, SATA III RAID, USB 3.2, GLAN, M.2, DisplayPort, HDMI, 8ch audio, ATX, scAM4, Ryzen | 90MB1160-M0EAY0'. Entity 2: 'Asus ROG Strix X570-F Gaming ATX - motherboard DDR4'.",Yes
"Do the two product descriptions refer to the same real-world product? Entity 1: 'Epson A4/Premium Semi-Gloss Photo Paper, 20 sheets'. Entity 2: 'Epson - Premium Semiglossy Photo - A4 - 20 Fogli - C13S041332'.",Yes
"Do the two product descriptions refer to the same real-world product? Entity 1: 'Epson A4/Premium Semiglossy Photo, 20 Fogli'. Entity 2: 'Epson - Premium Semi-Gloss Photo Paper - A4 - 20 sheets - C13S041332'.",Yes
"Do the two product descriptions refer to the same real-world product? Entity 1: 'Epson A4/Premium Semiglossy Photo, 20 sheets C13S041332'. Entity 2: 'Epson - Premium Semi-Gloss Photo Paper - A4 - 20 Fogli - '.",Yes
Do the two product descriptions refer to the same real-world product? Entity 1: 'HIKVISION DS-7216HUHI-K2 (Turbo) 8MP/5MP/4MP'. Entity 2: 'Hikvision DS-7216HUHI-K2 Turbo HD 4.0 1080p HD 16CH DVR - HD-TVI AHD IPC - HDMI COAX'.,Yes
Do the two product descriptions refer to the same real-world product? Entity 1: 'HIKVISION DS-7216HUHI-K2 (Turbo HD 4.0) 1080p HD'. Entity 2: 'Hikvision DS-7216HUHI-K2 Turbo 8MP/5MP/4MP 16CH DVR - HD-TVI AHD IPC - HDMI COAX'.,Yes
Do the two product descriptions refer to the same real-world product? Entity 1: 'HIKVISION DS-7216HUHI-K2 (Turbo HD 4.0) 8MP/5MP/4MP 16CH'. Entity 2: 'Hikvision DS-7216HUHI-K2 Turbo 1080p HD  DVR - HD-TVI AHD IPC - HDMI COAX'.,Yes
Do the two product descriptions refer to the same real-world product? Entity 1: 'HIKVISION DS-7216HUHI-K2 (Turbo HD 4.0) 8MP/5MP/4MP HD-TVI AHD IPC'. Entity 2: 'Hikvision DS-7216HUHI-K2 Turbo 1080p HD 16CH DVR -  - HDMI COAX'.,Yes
Do the two product descriptions refer to the same real-world product? Entity 1: 'HIKVISION DS-7216HUHI-K2 (Turbo HD 4.0) 8MP/5MP/4MP HDMI COAX'. Entity 2: 'Hikvision DS-7216HUHI-K2 Turbo 1080p HD 16CH DVR - HD-TVI AHD IPC - '.,Yes
Do the two product descriptions refer to the same real-world product? Entity 1: 'Shimano Dura-Ace CS-R9100 Cassette 11sp'. Entity 2: 'Shimano Dura-Ace CS-R9100 11-28T 11-speed Cassette'.,Yes
Do the two product descriptions refer to the same real-world product? Entity 1: 'Shimano Dura-Ace CS-R9100 Cassette 11-speed 11-28T'. Entity 2: 'Shimano Dura-Ace CS-R9100  11sp Cassette'.,Yes
Do the two product descriptions refer to the same real-world product? Entity 1: 'DS-7208HUHI-k2-P 8 Channel DVR Turbo 4.0 PoC 5MP Hikvision'. Entity 2: 'DS-7208HUHI-K2-P  8 Channel 5MP / 1080P HD-TVI Hybrid DVR with Power over Coax (PoC / Turbo4.0)'.,Yes
Do the two product descriptions refer to the same real-world product? Entity 1: 'DS-7208HUHI-k2-P 8 Channel DVR HD-TVI Hybrid with Power over Coax (PoC / Turbo4.0) 5MP'. Entity 2: 'DS-7208HUHI-K2-P Hikvision 8 Channel 5MP / 1080P HD-TVI Hybrid DVR with Power over Coax (PoC / Turbo4.0)'.,Yes
Do the two product descriptions refer to the same real-world product? Entity 1: 'Toner Brother - Black - ricarica toner tn200'. Entity 2: 'Toner kompatibel zu Brother TN-200 Nero'.,Yes
Do the two product descriptions refer to the same real-world product? Entity 1: 'Jabra Evolve 40 UC USB - Mono'. Entity 2: 'JABRA EVOLVE 40 UC MONO USB Headset 6393-829-209'.,Yes
"Do the two product descriptions refer to the same real-world product? Entity 1: '120GB Crucial BX500 3D TLC 2.5\"" SATA SSD'. Entity 2: 'Disco SSD Crucial BX500 120GB 3D NAND SATA III'.",Yes
"Do the two product descriptions refer to the same real-world product? Entity 1: '120GB Crucial BX500 3D NAND 2.5\"" SATA SSD'. Entity 2: 'Disco SSD Crucial BX500 120GB 3D TLC SATA III 2.5""'.",Yes
"Do the two product descriptions refer to the same real-world product? Entity 1: '120GB Crucial BX500 3D NAND 2.5\"" SATA III SSD'. Entity 2: 'Disco SSD Crucial BX500 120GB 3D TLC SATA'.",Yes
"Do the two product descriptions refer to the same real-world product? Entity 1: 'Crucial MX500 2TB 3D NAND SATA 2.5"" Internal SSD'. Entity 2: 'Crucial 2TB MX500 2.5 Inch 7mm SATA 6Gb/s SSD'.",Yes
"Do the two product descriptions refer to the same real-world product? Entity 1: 'Crucial MX500 2TB 3D NAND SATA 6Gb/s 2.5 Inch Internal SSD'. Entity 2: 'Crucial 2TB MX500 2.5"" 7mm SATA SSD'.",Yes
"Do the two product descriptions refer to the same real-world product? Entity 1: 'Crucial MX500 2TB 3D NAND SATA 2.5 Inch Internal SSD 7mm'. Entity 2: 'Crucial 2TB MX500 2.5""  SATA 6Gb/s SSD'.",Yes
"Do the two product descriptions refer to the same real-world product? Entity 1: 'Crucial MX500 2TB  SATA 2.5 Inch Internal SSD'. Entity 2: 'Crucial 2TB MX500 2.5"" 7mm SATA 6Gb/s SSD 3D NAND'.",Yes
Do the two product descriptions refer to the same real-world product? Entity 1: 'Samsung T7 Indigo Blue 2TB Portable SSD USB-C/A Gen2'. Entity 2: 'Samsung T7 Portable SSD [2TB] (Blue)'.,Yes
Do the two product descriptions refer to the same real-world product? Entity 1: 'Samsung T7 Blue 2TB Portable SSD '. Entity 2: 'Samsung T7 Portable SSD [2TB] (Indigo Blue) USB-C/A Gen2'.,Yes
"Do the two product descriptions refer to the same real-world product? Entity 1: 'Hard disk server HP Hot-Plug SC Enterprise 6G SAS 900GB 10000 RPM 2.5""'. Entity 2: '652589-B21 HP G8 G9 900-GB 6G 10K 2.5 SAS SC'.",Yes
"Do the two product descriptions refer to the same real-world product? Entity 1: 'Hard disk server HP Hot-Plug SC Enterprise SAS 6G 900-GB 10000 RPM 2.5""'. Entity 2: '652589-B21 HP G8 G9 900GB 6G 10K 2.5 SAS SC'.",Yes
"Do the two product descriptions refer to the same real-world product? Entity 1: 'Hard disk server HP Hot-Plug SC Enterprise SAS 6G 900GB 10K 2.5""'. Entity 2: '652589-B21 HP G8 G9 900-GB 6G 10000 RPM 2.5 SAS SC'.",Yes
"Do the two product descriptions refer to the same real-world product? Entity 1: 'Hard disk server HP Hot-Plug SC Enterprise SAS 6G 900GB 10000 RPM 2.5'. Entity 2: '652589-B21 HP G8 G9 900-GB 6G 10K 2.5"" SAS SC'.",Yes
"Do the two product descriptions refer to the same real-world product? Entity 1: 'Hard disk server HP G8 G9 SC SAS 6G 900GB 10000 RPM 2.5""'. Entity 2: '652589-B21 HP G8 G9 900-GB 6G 10K 2.5 SAS SC'.",Yes
Do the two product descriptions refer to the same real-world product? Entity 1: 'Router wifi archer c60 ac1350 dual TP Link'. Entity 2: ' AC1350 Wireless Dual Band Cable Router - White | ARCHER C60'.,Yes
Do the two product descriptions refer to the same real-world product? Entity 1: 'Router wifi archer c60 ac1350 dual White'. Entity 2: 'TP Link AC1350 Wireless Dual Band Cable Router -  | ARCHER C60'.,Yes
Do the two product descriptions refer to the same real-world product? Entity 1: 'Seagate Ironwolf Pro 6TB (ST6000NE000) 7200rpm'. Entity 2: 'Seagate 6TB  SATA-600 256MB NAS HDD ST6000NE000'.,Yes
Do the two product descriptions refer to the same real-world product? Entity 1: 'Seagate Ironwolf Pro 6TB (ST6000NE000) SATA-600'. Entity 2: 'Seagate 6TB 7200rpm  256MB NAS HDD ST6000NE000'.,Yes
Do the two product descriptions refer to the same real-world product? Entity 1: 'Seagate Ironwolf Pro 6TB (ST6000NE000) 256MB'. Entity 2: 'Seagate 6TB 7200rpm SATA-600  NAS HDD ST6000NE000'.,Yes
Do the two product descriptions refer to the same real-world product? Entity 1: 'Seagate NAS HDD 6TB (ST6000NE000)'. Entity 2: 'Seagate 6TB 7200rpm SATA-600 256MB Ironwolf Pro ST6000NE000'.,Yes
Do the two product descriptions refer to the same real-world product? Entity 1: 'Asus Dual GeForce GTX 1660 6GB OC Edition GDDR5 EVO Graphics Card | 90YV0D11-M0NA00 192Bit'. Entity 2: 'ASUS Dual GeForce GTX 1660 6GB OC Edition EVO  GDDR5'.,Yes
Do the two product descriptions refer to the same real-world product? Entity 1: 'Asus Dual GeForce GTX 1660 6GB OC Edition GDDR5 EVO Graphics Card | '. Entity 2: 'ASUS Dual GeForce GTX 1660 6GB OC Edition EVO 192Bit GDDR5 90YV0D11-M0NA00'.,Yes
Do the two product descriptions refer to the same real-world product? Entity 1: 'Kingston StorageDataTraveler SE9 G2 64GB USB 3.0 Metal'. Entity 2: 'KINGSTON 64GB USB 3.0 DataTraveler SEG G2 (Kovový) DTSE9G2/64GB'.,Yes
Do the two product descriptions refer to the same real-world product? Entity 1: 'Kingston StorageDataTraveler SEG G2 64GB USB 3.0 Kovový'. Entity 2: 'KINGSTON 64GB USB 3.0 DataTraveler SE9 G2 (Metal) DTSE9G2/64GB'.,Yes
Do the two product descriptions refer to the same real-world product? Entity 1: 'Swiss Military Hanowa FLAGSHIP 06-5161.2.04.007 '. Entity 2: 'Swiss Military Hanowa Flagship 06-5161.2.04.007 Herrenuhr'.,Yes
Do the two product descriptions refer to the same real-world product? Entity 1: 'Audemars Piguet Royal Oak Offshore Chronograph Watch - 26470ST.OO.A099CR.01'. Entity 2: 'Cheap Replica Audemars Piguet Royal Oak Offshore Selfwinding Chronograph Watch 26470ST.OO.A099CR.01'.,Yes
Do the two product descriptions refer to the same real-world product? Entity 1: 'Audemars Piguet Royal Oak Offshore Selfwinding Chronograph Watch - 26470ST.OO.A099CR.01 Cheap Replica'. Entity 2: ' Audemars Piguet Royal Oak Offshore Chronograph Watch 26470ST.OO.A099CR.01'.,Yes
Do the two product descriptions refer to the same real-world product? Entity 1: 'SanDisk Extreme PRO SD UHS-II USB 3.0'. Entity 2: 'SanDisk Extreme PRO SD UHS-II Card Reader/Writer'.,Yes
Do the two product descriptions refer to the same real-world product? Entity 1: 'SanDisk Extreme PRO SD UHS-II Card Reader/Writer USB 3.0'. Entity 2: 'SanDisk Extreme PRO SD UHS-II '.,Yes
"Do the two product descriptions refer to the same real-world product? Entity 1: 'XPG SX8200 Pro 256GB M.2 NVMe SSD ultra-fast PCIe Gen3x4 interface ,sustained peak read/write speeds of 3500/1200MB per second'. Entity 2: 'ADATA SX8200 Pro M.2 256 GB PCI Express 3.0 3D TLC NVMe'.",Yes
"Do the two product descriptions refer to the same real-world product? Entity 1: 'ADATA SX8200 Pro 256GB M.2 ultra-fast PCIe Gen3x4 interface ,sustained peak read/write speeds of 3500/1200MB per second'. Entity 2: 'XPG SX8200 Pro M.2 NVMe SSD 256 GB PCI Express 3.0 3D TLC NVMe'.",Yes
"Do the two product descriptions refer to the same real-world product? Entity 1: 'ADATA SX8200 Pro 256 GB M.2 NVMe SSD ultra-fast PCIe Gen3x4 interface ,sustained peak read/write speeds of 3500/1200MB per second'. Entity 2: 'XPG SX8200 Pro M.2 256GB PCI Express 3.0 3D TLC NVMe'.",Yes
"Do the two product descriptions refer to the same real-world product? Entity 1: 'ADATA SX8200 Pro 256GB M.2 NVMe SSD ultra-fast PCI Express 3.0 interface ,sustained peak read/write speeds of 3500/1200MB per second'. Entity 2: 'XPG SX8200 Pro M.2 256 GB PCIe Gen3x4 3D TLC NVMe'.",Yes
"Do the two product descriptions refer to the same real-world product? Entity 1: 'ADATA SX8200 Pro 256GB M.2 NVMe SSD ultra-fast PCIe Gen3x4 interface ,sustained peak read/write speeds of 3500/1200MB per second'. Entity 2: 'XPG SX8200 Pro M.2 256 GB PCI Express 3.0 3D TLC NVMe 3500MB/s'.",Yes
"Do the two product descriptions refer to the same real-world product? Entity 1: 'ADATA SX8200 Pro 256GB M.2 NVMe SSD ultra-fast PCIe Gen3x4 interface ,sustained peak read/write speeds of 3500/1200MB per second'. Entity 2: 'XPG SX8200 Pro M.2 256 GB PCI Express 3.0 3D TLC NVMe 1200MB/s'.",Yes
"Do the two product descriptions refer to the same real-world product? Entity 1: 'ADATA SX8200 Pro 256GB M.2 NVMe SSD ultra-fast PCIe Gen3x4 interface ,sustained peak read/write speeds of 3500/1200MB per second 3D TLC'. Entity 2: 'XPG SX8200 Pro M.2 256 GB PCI Express 3.0  NVMe'.",Yes
Do the two product descriptions refer to the same real-world product? Entity 1: 'Sony FE 24mm F1.4 GM'. Entity 2: 'Sony FE 24mm f/1.4 GM Lens + Bonus'.,Yes
Do the two product descriptions refer to the same real-world product? Entity 1: 'Sony FE 24mm f/1.4 GM Bonus'. Entity 2: 'Sony FE 24mm F1.4 GM Lens + '.,Yes
Do the two product descriptions refer to the same real-world product? Entity 1: 'Daniel Wellington Horloge Classic Sheffield 36mm Rose Gold Black DW00100036'. Entity 2: 'Daniel Wellington Unisex Classic Sheffield Rose DW00100036'.,Yes
Do the two product descriptions refer to the same real-world product? Entity 1: 'Daniel Wellington Horloge Classic Sheffield Rose DW00100036 Unisex'. Entity 2: 'Daniel Wellington  Classic Sheffield 36mm Rose Gold Black DW00100036'.,Yes
Do the two product descriptions refer to the same real-world product? Entity 1: 'Daniel Wellington Horloge Classic Sheffield Rose DW00100036 36mm'. Entity 2: 'Daniel Wellington Unisex Classic Sheffield  Rose Gold Black DW00100036'.,Yes
Do the two product descriptions refer to the same real-world product? Entity 1: 'Daniel Wellington Horloge Classic Sheffield Rose Gold Black DW00100036'. Entity 2: 'Daniel Wellington Unisex Classic Sheffield 36mm Rose DW00100036'.,Yes
"Do the two product descriptions refer to the same real-world product? Entity 1: 'Maxxis Maxxis, High Roller II, Tire, 29er, Folding, Tubeless Ready, Dual, EXO, 60TPI, Black'. Entity 2: 'Maxxis High Roller II 29''x2.30 Dual Compound Folding Tubeless Ready Mountain Bike'.",Yes
"Do the two product descriptions refer to the same real-world product? Entity 1: 'Maxxis Maxxis, High Roller II, Mountain Bike, 29''x2.30, Folding, Tubeless Ready, Dual, EXO, 60TPI, Black'. Entity 2: 'Maxxis High Roller II 29er Dual Compound Folding Tubeless Ready Tire'.",Yes
"Do the two product descriptions refer to the same real-world product? Entity 1: 'Maxxis Maxxis, High Roller II, Tire, 29''x2.30, Folding, Tubeless Ready, Dual Compound, EXO, 60TPI, Black'. Entity 2: 'Maxxis High Roller II 29er Dual Folding Tubeless Ready Mountain Bike'.",Yes
"Do the two product descriptions refer to the same real-world product? Entity 1: 'Maxxis Maxxis, High Roller II, Tire, 29''x2.30, Folding, Tubeless Ready, Dual, , 60TPI, Black'. Entity 2: 'Maxxis High Roller II 29er Dual Compound Folding Tubeless Ready Mountain Bike EXO'.",Yes
"Do the two product descriptions refer to the same real-world product? Entity 1: 'Maxxis Maxxis, High Roller II, Tire, 29''x2.30, Folding, Tubeless Ready, Dual, EXO, , Black'. Entity 2: 'Maxxis High Roller II 29er Dual Compound Folding Tubeless Ready Mountain Bike 60TPI'.",Yes
"Do the two product descriptions refer to the same real-world product? Entity 1: 'Maxxis Maxxis, High Roller II, Tire, 29''x2.30, Folding, Tubeless Ready, Dual, EXO, 60TPI, '. Entity 2: 'Maxxis High Roller II 29er Dual Compound Folding Tubeless Ready Mountain Bike Black'.",Yes
"Do the two product descriptions refer to the same real-world product? Entity 1: 'RAM 2.25\"" Ball with Double U-Bolt Base (RAM-D-235U)'. Entity 2: 'RAM 2 U-Bolts with D Size 2.25\"" Ball for Rails from 0.75\"" to 1.25\"" in Diameter - RAM-D-235U'.",Yes
"Do the two product descriptions refer to the same real-world product? Entity 1: 'RAM 2.25\"" Ball with 2 U-Bolts (RAM-D-235U) 0.75"" to 1.25""'. Entity 2: 'RAM Double U-Bolt Base with D Size 2.25\"" Ball for Rails from 0.75\"" to 1.25\"" in Diameter - RAM-D-235U'.",Yes
"Do the two product descriptions refer to the same real-world product? Entity 1: 'APC - USV APC SMT1000RMI2UC'. Entity 2: 'APC Smart-UPS SMT1000RMI2UCSMARTUPS 1000VA LCD RM 2U 230V SmartC Noodstroomvoeding - 4x C13, USB, Rack Mountable, SmartConnect, 1000VA'.",Yes
"Do the two product descriptions refer to the same real-world product? Entity 1: 'APC - Noodstroomvoeding'. Entity 2: 'APC Smart-UPS SMT1000RMI2UC USV APC SMT1000RMI2UCSMARTUPS 1000VA LCD RM 2U 230V SmartC - 4x C13, USB, Rack Mountable, SmartConnect, 1000VA'.",Yes
"Do the two product descriptions refer to the same real-world product? Entity 1: 'APC - USV APC SMT1000RMI2UCSMARTUPS 1000VA LCD RM 2U 230V SmartC USB'. Entity 2: 'APC Smart-UPS SMT1000RMI2UC Noodstroomvoeding - 4x C13, , Rack Mountable, SmartConnect, 1000VA'.",Yes
"Do the two product descriptions refer to the same real-world product? Entity 1: 'APC - USV APC SMT1000RMI2UCSMARTUPS 1000VA LCD RM 2U 230V SmartC 4x C13'. Entity 2: 'APC Smart-UPS SMT1000RMI2UC Noodstroomvoeding - , USB, Rack Mountable, SmartConnect, 1000VA'.",Yes
"Do the two product descriptions refer to the same real-world product? Entity 1: 'Garmin fenix 5s Sapphire Black Optic, Black band'. Entity 2: 'Garmin fenix5S Sapphire Black'.",Yes
"Do the two product descriptions refer to the same real-world product? Entity 1: 'Garmin fenix5S Sapphire Black, Black band'. Entity 2: 'Garmin fenix 5s Sapphire Black Optic'.",Yes
"Do the two product descriptions refer to the same real-world product? Entity 1: 'Garmin fenix5S Sapphire Black Optic, '. Entity 2: 'Garmin fenix 5s Sapphire Black Black band'.",Yes
Do the two product descriptions refer to the same real-world product? Entity 1: 'Audio Technica ATH-M40x Professional Monitor Audiophile Headphones'. Entity 2: 'Audio Technica ATH-M40x Professional Monitor Headphones'.,Yes
Do the two product descriptions refer to the same real-world product? Entity 1: ' Omega Seamaster Planet Ocean 600M Chronograph Stainless Steel Blue Watch 215.30.46.51.03.001'. Entity 2: 'Seamaster Planet Ocean 600 M Omega Co-Axial Master Chronometer Chronograph 215.30.46.51.03.001 AAA Replica'.,Yes
Do the two product descriptions refer to the same real-world product? Entity 1: 'AAA Replica Seamaster Planet Ocean 600 M Omega Co-Axial Master Chronometer Chronograph Stainless Steel Blue Watch 215.30.46.51.03.001'. Entity 2: 'Omega Seamaster Planet Ocean 600M Chronograph 215.30.46.51.03.001'.,Yes
Do the two product descriptions refer to the same real-world product? Entity 1: 'AAA Replica Omega Seamaster Planet Ocean 600M Chronograph  Blue Watch 215.30.46.51.03.001'. Entity 2: 'Seamaster Planet Ocean 600 M Omega Co-Axial Master Chronometer Chronograph 215.30.46.51.03.001 Stainless Steel'.,Yes
Do the two product descriptions refer to the same real-world product? Entity 1: 'AAA Replica Omega Seamaster Planet Ocean 600M Chronograph Stainless Steel  Watch 215.30.46.51.03.001'. Entity 2: 'Seamaster Planet Ocean 600 M Omega Co-Axial Master Chronometer Chronograph 215.30.46.51.03.001 Blue'.,Yes
"Do the two product descriptions refer to the same real-world product? Entity 1: 'Crucial MX500 250GB 2.5-inch SATA SSD'. Entity 2: 'Crucial MX500 250GB SATA 2.5, SATA 6.0Gb/s 7mm Solid State Drive'.",Yes
"Do the two product descriptions refer to the same real-world product? Entity 1: 'Crucial MX500 250GB 2.5 SATA 6.0Gb/s SSD'. Entity 2: 'Crucial MX500 250GB SATA 2.5-inch, SATA 7mm Solid State Drive'.",Yes
"Do the two product descriptions refer to the same real-world product? Entity 1: 'Crucial MX500 250GB 2.5 SATA SSD 7mm'. Entity 2: 'Crucial MX500 250GB SATA 2.5-inch, SATA 6.0Gb/s  Solid State Drive'.",Yes
Do the two product descriptions refer to the same real-world product? Entity 1: 'Samsung Portable SSD T7 Touch 2TB - Black'. Entity 2: 'Samsung Portable SSD T7 Touch - Zwart - 2TB'.,Yes
Do the two product descriptions refer to the same real-world product? Entity 1: 'LOGITECH Logitech USB Diadema (Headset in Spanish) H390'. Entity 2: 'Diadema Logitech H390 USB Computer ...'.,Yes
"Do the two product descriptions refer to the same real-world product? Entity 1: 'Sandisk Ixpand 64GB USB3.0 Flash Drive for Iphone, Ipad'. Entity 2: 'Genuine SanDiskiXpand Flash Drive 64GB - iPhone lightning connector USB 3.0'.",Yes
"Do the two product descriptions refer to the same real-world product? Entity 1: 'Sandisk Ixpand 64GB USB3.0 Flash Drive for iPhone lightning connector'. Entity 2: 'Genuine SanDiskiXpand Flash Drive 64GB - Iphone, Ipad'.",Yes
Do the two product descriptions refer to the same real-world product? Entity 1: 'SRAM Cassette Sram PG 1130 11sp 11-36'. Entity 2: 'Sram PG 1130 11 vitesses cassette 11-36T'.,Yes
Do the two product descriptions refer to the same real-world product? Entity 1: 'SRAM Cassette Sram PG 1130 11 vitesses 11-36T'. Entity 2: 'Sram PG 1130 11sp cassette 11-36'.,Yes
Do the two product descriptions refer to the same real-world product? Entity 1: 'Gigabyte GTX 1650 SUPER OC'. Entity 2: 'Gigabyte GeForce GTX 1650 Super OC 4G'.,Yes
Do the two product descriptions refer to the same real-world product? Entity 1: 'WD My Passport 4TB USB 3.0 + Etui Black'. Entity 2: 'WD HDD 4TB My Passport '.,Yes
Do the two product descriptions refer to the same real-world product? Entity 1: 'WD My Passport 4TB  + Etui'. Entity 2: 'WD HDD 4TB My Passport Black USB 3.0'.,Yes
Do the two product descriptions refer to the same real-world product? Entity 1: 'WD My Passport 4TB USB 3.0 + '. Entity 2: 'WD HDD 4TB My Passport Black Etui'.,Yes
Do the two product descriptions refer to the same real-world product? Entity 1: 'Crystal Series 460X RGB Compact ATX Mid-Tower Case - CC-9011101-WW Corsair'. Entity 2: ' Crystal 460X RGB ATX Mid Tower Case - Black'.,Yes
Do the two product descriptions refer to the same real-world product? Entity 1: 'Crystal 460X RGB Compact ATX Mid-Tower Case - CC-9011101-WW'. Entity 2: 'Corsair Crystal Series 460X RGB ATX Mid Tower Case - Black'.,Yes
Do the two product descriptions refer to the same real-world product? Entity 1: 'Crystal Series 460X RGB ATX Mid Tower Case - CC-9011101-WW'. Entity 2: 'Corsair Crystal 460X RGB Compact ATX Mid-Tower Case - Black'.,Yes
Do the two product descriptions refer to the same real-world product? Entity 1: 'Crystal Series 460X RGB Compact ATX Mid-Tower Case - CC-9011101-WW Black'. Entity 2: 'Corsair Crystal 460X RGB ATX Mid Tower Case - '.,Yes
Do the two product descriptions refer to the same real-world product? Entity 1: 'Crystal Series 460X RGB Compact ATX Mid-Tower Case - '. Entity 2: 'Corsair Crystal 460X RGB ATX Mid Tower Case - Black CC-9011101-WW'.,Yes
Do the two product descriptions refer to the same real-world product? Entity 1: 'TUF GAMING X570-PLUS Desktop Motherboard - AMD - Socket AM4'. Entity 2: 'ASUS Scheda Madre TUF GAMING X570-PLUS AMD Chipset'.,Yes
Do the two product descriptions refer to the same real-world product? Entity 1: 'TUF GAMING X570-PLUS Desktop Motherboard - AMD Chipset - '. Entity 2: 'ASUS Scheda Madre TUF GAMING X570-PLUS AMD Socket AM4'.,Yes
Do the two product descriptions refer to the same real-world product? Entity 1: 'TUF GAMING X570-PLUS Scheda Madre - AMD Chipset - Socket AM4'. Entity 2: 'ASUS Desktop Motherboard TUF GAMING X570-PLUS AMD'.,Yes
Do the two product descriptions refer to the same real-world product? Entity 1: 'Gigabyte Nvidia RTX 2060 SUPER 8GB Aorus'. Entity 2: 'Gigabyte GeForce RTX 2060 SUPER Aorus OC 8Gb GDDR6'.,Yes
Do the two product descriptions refer to the same real-world product? Entity 1: 'Gigabyte GeForce RTX 2060 SUPER 8GB Aorus OC'. Entity 2: 'Gigabyte Nvidia RTX 2060 SUPER Aorus 8Gb GDDR6'.,Yes
Do the two product descriptions refer to the same real-world product? Entity 1: 'Gigabyte GeForce RTX 2060 SUPER 8GB Aorus GDDR6'. Entity 2: 'Gigabyte Nvidia RTX 2060 SUPER Aorus OC 8Gb '.,Yes
Do the two product descriptions refer to the same real-world product? Entity 1: 'Gigabyte GeForce RTX 2060 SUPER 8GB Aorus OC'. Entity 2: 'Gigabyte Nvidia RTX 2060 SUPER Aorus  8Gb GDDR6'.,Yes
"Do the two product descriptions refer to the same real-world product? Entity 1: 'Western Digital 2.5\"" Red 1To SATA 6'. Entity 2: 'Western Digital 2.5"" Red 1000 GB SATA3 1TB'.",Yes
"Do the two product descriptions refer to the same real-world product? Entity 1: 'Western Digital 2.5\"" Red 1000 GB SATA 6'. Entity 2: 'Western Digital WD10JFCX RED 1To SATA3 1TB'.",Yes
"Do the two product descriptions refer to the same real-world product? Entity 1: 'Western Digital 2.5\"" Red 1To SATA3'. Entity 2: 'Western Digital WD10JFCX RED 1000 GB SATA 6 1TB'.",Yes
Do the two product descriptions refer to the same real-world product? Entity 1: 'FUJIFILM Super EBC XF 27mm f/2.8 Lens - Black'. Entity 2: 'Fujifilm Fujinon XF 23mm f/2 R WR black | 2 Years Warranty'.,Yes
Do the two product descriptions refer to the same real-world product? Entity 1: 'FUJIFILM Super EBC XF 23mm f/2 R WR Lens - Black 2 Years Warranty'. Entity 2: 'Fujifilm Fujinon XF 27mm f/2.8 black | '.,Yes
"Do the two product descriptions refer to the same real-world product? Entity 1: 'Intel Core i3 8300 (Coffee Lake) 3.7 GHz, LGA1151, Intel UHD 630, 8MB, 14nm, 62W, Box'. Entity 2: 'Intel Core i3-8300 Quad Core 3.7GHz Processor'.",Yes
"Do the two product descriptions refer to the same real-world product? Entity 1: 'Intel Core i3-8300 () 3.7 GHz, LGA1151, Intel UHD 630, 8MB, 14nm, 62W, Box'. Entity 2: 'Intel Core i3 8300 Quad Core 3.7GHz Processor Coffee Lake'.",Yes
"Do the two product descriptions refer to the same real-world product? Entity 1: 'Intel Core i3-8300 (Coffee Lake) 3.7GHz, LGA1151, Intel UHD 630, 8MB, 14nm, 62W, Box'. Entity 2: 'Intel Core i3 8300 Quad Core 3.7 GHz Processor'.",Yes
"Do the two product descriptions refer to the same real-world product? Entity 1: 'Intel Core i3-8300 (Coffee Lake) 3.7 GHz, , Intel UHD 630, 8MB, 14nm, 62W, Box'. Entity 2: 'Intel Core i3 8300 Quad Core 3.7GHz Processor LGA1151'.",Yes
"Do the two product descriptions refer to the same real-world product? Entity 1: 'Intel Core i3-8300 (Coffee Lake) 3.7 GHz, LGA1151, , 8MB, 14nm, 62W, Box'. Entity 2: 'Intel Core i3 8300 Quad Core 3.7GHz Processor Intel UHD 630'.",Yes
"Do the two product descriptions refer to the same real-world product? Entity 1: 'Intel Core i3-8300 (Coffee Lake) 3.7 GHz, LGA1151, Intel UHD 630, , 14nm, 62W, Box'. Entity 2: 'Intel Core i3 8300 Quad Core 3.7GHz Processor 8MB'.",Yes
"Do the two product descriptions refer to the same real-world product? Entity 1: 'Intel Core i3-8300 (Coffee Lake) 3.7 GHz, LGA1151, Intel UHD 630, 8MB, , 62W, Box'. Entity 2: 'Intel Core i3 8300 Quad Core 3.7GHz Processor 14nm'.",Yes
"Do the two product descriptions refer to the same real-world product? Entity 1: 'Intel Core i3-8300 (Coffee Lake) 3.7 GHz, LGA1151, Intel UHD 630, 8MB, 14nm, , Box'. Entity 2: 'Intel Core i3 8300 Quad Core 3.7GHz Processor 62W'.",Yes
"Do the two product descriptions refer to the same real-world product? Entity 1: 'Intel Core i3-8300 (Coffee Lake) 3.7 GHz, LGA1151, Intel UHD 630, 8MB, 14nm, 62W, '. Entity 2: 'Intel Core i3 8300 Quad Core 3.7GHz Processor Box'.",Yes
"Do the two product descriptions refer to the same real-world product? Entity 1: 'Intel Core i3-8300 (Coffee Lake) 3.7 GHz, LGA1151, Intel UHD 630, 8MB, 14nm, 62W, Box Quad Core'. Entity 2: 'Intel Core i3 8300  3.7GHz Processor'.",Yes
"Do the two product descriptions refer to the same real-world product? Entity 1: '34\"" Professional 3-Burner Grill, Cart Only'. Entity 2: 'Blaze Cart For Blaze 3 Pro Cart'.",Yes
"Do the two product descriptions refer to the same real-world product? Entity 1: '34\"" Blaze 3 Pro Cart'. Entity 2: 'Blaze Cart For Professional 3-Burner Grill, Cart Only 34""'.",Yes
"Do the two product descriptions refer to the same real-world product? Entity 1: '34\"" Blaze 3 Pro Cart Only'. Entity 2: 'Blaze Cart For Professional 3-Burner Grill, Cart'.",Yes
Do the two product descriptions refer to the same real-world product? Entity 1: 'ASUS Radeon RX5500 XT ROG Strix OC 8GB -Demo'. Entity 2: 'Asus Radeon ROG Strix RX5500 XT 8gb Gddr6 Version OC'.,Yes
Do the two product descriptions refer to the same real-world product? Entity 1: 'ASUS Radeon RX 5500 XT ROG Strix OC 8GB -Demo Gddr6'. Entity 2: 'Asus Radeon ROG Strix RX5500 XT 8gb  Version OC'.,Yes
Do the two product descriptions refer to the same real-world product? Entity 1: 'ASUS Radeon RX 5500 XT ROG Strix OC 8GB -'. Entity 2: 'Asus Radeon ROG Strix RX5500 XT 8gb Gddr6 Version OC Demo'.,Yes
Do the two product descriptions refer to the same real-world product? Entity 1: 'Bosch KGN34NWEAG 60cm Free-standing fridge-freezer'. Entity 2: 'Bosch KGN34NWEAG Frost Free Fridge Freezer'.,Yes
Do the two product descriptions refer to the same real-world product? Entity 1: 'Bosch KGN34NWEAG  Frost Free Fridge Freezer'. Entity 2: 'Bosch KGN34NWEAG Free-standing fridge-freezer 60cm'.,Yes
Do the two product descriptions refer to the same real-world product? Entity 1: 'Logitech Single Pin Stereo Headset H151 with Boom Microphone - Black'. Entity 2: 'Logitech H151 3.5 mm Analog Stereo Headset - Black'.,Yes
Do the two product descriptions refer to the same real-world product? Entity 1: 'Logitech 3.5 mm Analog Stereo Headset H151 with  - Black'. Entity 2: 'Logitech H151 Single Pin Stereo Headset - Black Boom Microphone'.,Yes
Do the two product descriptions refer to the same real-world product? Entity 1: 'Cartucho tinta negro l epson t7031 - 24ml - big ben - para wp-4595 dnf/dtwf/ 4535dwf / 4525dnf / 4515dn / 4095dn / 4025dw /'. Entity 2: 'Epson Blekk Negro T7031 L - WP4000/4500'.,Yes
Do the two product descriptions refer to the same real-world product? Entity 1: 'Cartucho tinta negro l epson t7031 - 24ml - big ben - para wp-4595 dnf/dtwf/ 4535dwf / 4525dnf / 4515dn / 4095dn / 4025dw /'. Entity 2: 'Epson Blekk Svart T7031 L - WP-4595 DNF/DTWF/4535DWF/4525DNF/4515DN/4095DN/4025DW'.,Yes
Do the two product descriptions refer to the same real-world product? Entity 1: 'Cartucho tinta negro l epson t7031 -  - big ben - para wp-4595 dnf/dtwf/ 4535dwf / 4525dnf / 4515dn / 4095dn / 4025dw /'. Entity 2: 'Epson Blekk Svart T7031 L - WP4000/4500 24ml'.,Yes
"Do the two product descriptions refer to the same real-world product? Entity 1: 'RAM Motorcycle Combination Base for Handlebar or Brake/Clutch Reservoir / B Size / RAM-B-309-7U'. Entity 2: 'RAM Motorcycle Brake/Clutch Reservoir & Handlebar Ball Base with 1\"" ...'.",Yes
"Do the two product descriptions refer to the same real-world product? Entity 1: 'RAM Motorcycle Brake/Clutch Reservoir & Handlebar Ball Base / 1\"" / RAM-B-309-7U'. Entity 2: 'RAM Motorcycle Combination Base for Handlebar or Brake/Clutch Reservoir with B Size ...'.",Yes
"Do the two product descriptions refer to the same real-world product? Entity 1: 'RAM Motorcycle Brake/Clutch Reservoir & Handlebar Ball Base / B Size / '. Entity 2: 'RAM Motorcycle Combination Base for Handlebar or Brake/Clutch Reservoir with 1\"" ... RAM-B-309-7U'.",Yes
"Do the two product descriptions refer to the same real-world product? Entity 1: 'Jabra BIZ 2400 II Duo - '. Entity 2: 'BIZ 2400 II Duo IP Flex Mic. 82 NC, Wideband'.",Yes
"Do the two product descriptions refer to the same real-world product? Entity 1: 'Jabra BIZ 2400 II Duo - Mic. 82 NC, Wideband IP Flex'. Entity 2: 'BIZ 2400 II Duo '.",Yes
Do the two product descriptions refer to the same real-world product? Entity 1: 'OMEGA Seamaster Planet Ocean Chronograph Stainless Steel'. Entity 2: 'Omega Seamaster Planet Ocean Automatic Chronograph Steel Watch 232.30.46.51.01.002'.,Yes
Do the two product descriptions refer to the same real-world product? Entity 1: 'OMEGA Seamaster Planet Ocean Chronograph Steel Automatic'. Entity 2: 'Omega Seamaster Planet Ocean  Chronograph Stainless Steel Watch 232.30.46.51.01.002'.,Yes
Do the two product descriptions refer to the same real-world product? Entity 1: 'OMEGA Seamaster Planet Ocean Chronograph Steel 232.30.46.51.01.002'. Entity 2: 'Omega Seamaster Planet Ocean Automatic Chronograph Stainless Steel Watch '.,Yes
"Do the two product descriptions refer to the same real-world product? Entity 1: 'Epson T0487 Multipack'. Entity 2: 'Epson Seahorse Multipack 6-kleur T0487 (Black, Cyan, Magenta, Yellow, Light Cyan, Light Magenta)'.",Yes
Do the two product descriptions refer to the same real-world product? Entity 1: 'Epson Seahorse Multipack 6-kleur T0487'. Entity 2: 'Epson T0487 Multipack (6-kleur (implied))'.,Yes
Do the two product descriptions refer to the same real-world product? Entity 1: 'Western Digital Blue 3D - 2048 GB - M.2 - 560 MB/s - 6 Gbit/s Western DigitalS200T2B0B'. Entity 2: 'SSD WD Blue 2TB M.2 2280 TLC SATA SSD'.,Yes
Do the two product descriptions refer to the same real-world product? Entity 1: 'WD Blue - 2048 GB - M.2 - 560 MB/s - 6 Gbit/s WDS200T2B0B'. Entity 2: 'SSD Western Digital Blue 3D 2TB M.2 2280 TLC SATA SSD'.,Yes
Do the two product descriptions refer to the same real-world product? Entity 1: 'WD Blue 3D - 2TB - M.2 - 560 MB/s - 6 Gbit/s WDS200T2B0B'. Entity 2: 'SSD Western Digital Blue 2048 GB M.2 2280 TLC SATA SSD'.,Yes
Do the two product descriptions refer to the same real-world product? Entity 1: 'WD Blue 3D - 2048 GB - M.2 2280 - 560 MB/s - 6 Gbit/s WDS200T2B0B'. Entity 2: 'SSD Western Digital Blue 2TB M.2 TLC SATA SSD'.,Yes
Do the two product descriptions refer to the same real-world product? Entity 1: 'WD Blue 3D - 2048 GB - M.2 - 560 MB/s - 6 Gbit/s WDS200T2B0B'. Entity 2: 'SSD Western Digital Blue 2TB M.2 2280 TLC SATA 6 Gbit/s SSD'.,Yes
Do the two product descriptions refer to the same real-world product? Entity 1: 'WD Blue 3D - 2048 GB - M.2 -  - 6 Gbit/s WDS200T2B0B'. Entity 2: 'SSD Western Digital Blue 2TB M.2 2280 TLC SATA SSD 560 MB/s'.,Yes
Do the two product descriptions refer to the same real-world product? Entity 1: 'WD Blue 3D - 2048 GB - M.2 - 560 MB/s - 6 Gbit/s WDS200T2B0B'. Entity 2: 'SSD Western Digital Blue 2TB M.2 2280 3D NAND SATA SSD'.,Yes
Do the two product descriptions refer to the same real-world product? Entity 1: 'WD Blue 3D - 2048 GB - M.2 - 560 MB/s - 6 Gbit/s '. Entity 2: 'SSD Western Digital Blue 2TB M.2 2280 TLC SATA SSD WDS200T2B0B'.,Yes
Do the two product descriptions refer to the same real-world product? Entity 1: 'Epson WP4000/4500 Inkjet Cartridge High Yield Punainen. (Eiffel Tower) OEM: C13T70234010 EP48715'. Entity 2: 'Epson C13T70234010 XL Muste Magenta'.,Yes
Do the two product descriptions refer to the same real-world product? Entity 1: 'Epson WP4000/4500 Inkjet Cartridge XL Magenta. (Eiffel Tower) OEM: C13T70234010 EP48715'. Entity 2: 'Epson C13T70234010 High Yield Muste Punainen'.,Yes
Do the two product descriptions refer to the same real-world product? Entity 1: 'Epson  Inkjet Cartridge High Yield Magenta. (Eiffel Tower) OEM: C13T70234010 EP48715'. Entity 2: 'Epson C13T70234010 XL Muste Punainen WP4000/4500'.,Yes
Do the two product descriptions refer to the same real-world product? Entity 1: 'Epson WP4000/4500 Muste High Yield Magenta. (Eiffel Tower) OEM: C13T70234010 EP48715'. Entity 2: 'Epson C13T70234010 XL Inkjet Cartridge Punainen'.,Yes
"Do the two product descriptions refer to the same real-world product? Entity 1: 'BLAZE PROFESSIONAL 27-INCH 2 BURNER BUILT-IN GAS GRILL WITH REAR INFRARED BURNER'. Entity 2: 'Blaze 2 Burner Professional Built-In Gas Grill, BLZ-2PRO-LP'.",Yes
"Do the two product descriptions refer to the same real-world product? Entity 1: 'BLAZE PROFESSIONAL 27-INCH 2 BURNER BUILT-IN GAS GRILL WITH REAR INFRARED BURNER BLZ-2PRO-LP'. Entity 2: 'Blaze 2 Burner Professional Built-In Propane Gas Outdoor Grill, '.",Yes
"Do the two product descriptions refer to the same real-world product? Entity 1: 'BLAZE PROFESSIONAL 27-INCH 2 BURNER BUILT-IN GAS GRILL WITH REAR INFRARED BURNER'. Entity 2: 'Blaze 2 Burner Professional Built-In Propane Gas Outdoor Grill, BLZ-2PRO-LP Yes'.",Yes
"Do the two product descriptions refer to the same real-world product? Entity 1: 'BLAZE PROFESSIONAL 27-INCH 2 BURNER BUILT-IN GAS GRILL WITH REAR INFRARED BURNER'. Entity 2: 'Blaze 2 Burner Professional Built-In Propane Gas Outdoor Grill, BLZ-2PRO-LP 27-Inch'.",Yes
Do the two product descriptions refer to the same real-world product? Entity 1: 'Daniel Wellington  Classic Sheffield 40mm Rose Gold Black DW00100007'. Entity 2: 'Daniel Wellington Classic Sheffield Rose 40mm -rannekello DW00100007 Mens'.,Yes
Do the two product descriptions refer to the same real-world product? Entity 1: 'Daniel Wellington Mens Classic Sheffield 40mm Rose DW00100007'. Entity 2: 'Daniel Wellington Classic Sheffield Rose Gold Black 40mm -rannekello DW00100007'.,Yes
Do the two product descriptions refer to the same real-world product? Entity 1: 'Sony SEL 30mm 3.5 Makro '. Entity 2: 'Sony E 30mm f/3.5 Macro Lens E-Mount'.,Yes
Do the two product descriptions refer to the same real-world product? Entity 1: 'Sony SEL 30mm f/3.5 Makro E-Mount'. Entity 2: 'Sony E 30mm 3.5 Macro Lens'.,Yes
Do the two product descriptions refer to the same real-world product? Entity 1: 'Sony SEL 30mm 3.5 Macro E-Mount'. Entity 2: 'Sony E 30mm f/3.5 Makro Lens'.,Yes
Do the two product descriptions refer to the same real-world product? Entity 1: 'Logitech C920 HD Pro Webcam with Auto-Focus and Microphone'. Entity 2: 'Logitech USB HD Pro Webcam C920 - webkamera'.,Yes
Do the two product descriptions refer to the same real-world product? Entity 1: 'Logitech C920 USB HD Pro Webcam with '. Entity 2: 'Logitech HD Pro Webcam C920 - webkamera Auto-Focus and Microphone'.,Yes
Do the two product descriptions refer to the same real-world product? Entity 1: 'JABRA EVOLVE 20 Wired Stereo Headset'. Entity 2: 'Jabra EVOLVE 20 UC Stereo - Over-the-head - Supra-aural'.,Yes
Do the two product descriptions refer to the same real-world product? Entity 1: 'JABRA EVOLVE 20 UC Stereo Headset'. Entity 2: 'Jabra EVOLVE 20 Wired Stereo - Over-the-head - Supra-aural'.,Yes
Do the two product descriptions refer to the same real-world product? Entity 1: 'JABRA EVOLVE 20 UC Stereo Wired'. Entity 2: 'Jabra EVOLVE 20  Stereo Headset - Over-the-head - Supra-aural'.,Yes
Do the two product descriptions refer to the same real-world product? Entity 1: 'JABRA EVOLVE 20 UC Stereo Over-the-head'. Entity 2: 'Jabra EVOLVE 20 Wired Stereo Headset -  - Supra-aural'.,Yes
Do the two product descriptions refer to the same real-world product? Entity 1: 'JABRA EVOLVE 20 UC Stereo Supra-aural'. Entity 2: 'Jabra EVOLVE 20 Wired Stereo Headset - Over-the-head - '.,Yes
Do the two product descriptions refer to the same real-world product? Entity 1: 'Ext. HDD LaCie MOBILE PORTABLE 2TB USB-C'. Entity 2: 'LACIE 2TB 2.5 Mobile Drive USB 3.0 MOON SILVER'.,Yes
Do the two product descriptions refer to the same real-world product? Entity 1: 'Ext. HDD LaCie Mobile Drive 2TB USB 3.0'. Entity 2: 'LACIE 2TB 2.5 MOBILE PORTABLE USB-C MOON SILVER'.,Yes
Do the two product descriptions refer to the same real-world product? Entity 1: 'Ext. HDD LaCie Mobile Drive 2TB USB-C MOON SILVER'. Entity 2: 'LACIE 2TB 2.5 MOBILE PORTABLE USB 3.0 '.,Yes
Do the two product descriptions refer to the same real-world product? Entity 1: 'SRAM AM BRAKE PAD GUIDE/TRL STLSIN 1 SET'. Entity 2: 'SRAM Guide Trail Brake Pad Guide'.,Yes
Do the two product descriptions refer to the same real-world product? Entity 1: 'SRAM AM BRAKE PAD GUIDE/TRL STLSIN 1 SET'. Entity 2: 'SRAM Guide Trail Brake Pad STLSIN (Stainless Steel)'.,Yes
Do the two product descriptions refer to the same real-world product? Entity 1: 'SRAM AM BRAKE PAD GUIDE/TRL STLSIN 1 SET'. Entity 2: 'SRAM Guide Trail Brake Pad 1 Set'.,Yes
Do the two product descriptions refer to the same real-world product? Entity 1: 'TAG HEUER Monaco Steve McQueen Chronograph CAW211P.FC6356'. Entity 2: 'Buy Quality Replica Tag Heuer Monaco Steve McQueen Chronograph Watch CAW211P.FC6356'.,Yes
Do the two product descriptions refer to the same real-world product? Entity 1: 'TAG HEUER MONACO AUTOMATIC CHRONOGRAPH'. Entity 2: 'Buy Quality Replica Tag Heuer Monaco Steve McQueen Automatic Chronograph Watch CAW211P.FC6356'.,Yes
Do the two product descriptions refer to the same real-world product? Entity 1: 'TAG HEUER MONACO AUTOMATIC CHRONOGRAPH Replica'. Entity 2: 'Buy Quality  Tag Heuer Monaco Steve McQueen Chronograph Watch CAW211P.FC6356'.,Yes
Do the two product descriptions refer to the same real-world product? Entity 1: 'Manfrotto MVK500AM Fluid Video Head With Lightweight Telescopic Legs'. Entity 2: 'Manfrotto MVK500AM Fluid Video System'.,Yes
Do the two product descriptions refer to the same real-world product? Entity 1: 'Western Digital My Book Micro-USB B 3.0 (3.1 Gen 1) 3 To N'. Entity 2: 'Western Digital My Book 3000GB - Noir'.,Yes
Do the two product descriptions refer to the same real-world product? Entity 1: 'Western Digital My Book Micro-USB B 3.0 (3.1 Gen 1) 3000GB N Noir'. Entity 2: 'Western Digital My Book 3 To - '.,Yes
Do the two product descriptions refer to the same real-world product? Entity 1: 'Western Digital My Book  3000GB N'. Entity 2: 'Western Digital My Book 3 To - Noir Micro-USB B 3.0 (3.1 Gen 1)'.,Yes
Do the two product descriptions refer to the same real-world product? Entity 1: 'Brother HL-L5200DW S/W- Laser Printer'. Entity 2: 'Brother HL-L5200DW Laserdrucker'.,Yes
Do the two product descriptions refer to the same real-world product? Entity 1: 'Xerox Phaser 6000/6010 Toner'. Entity 2: 'Xerox Black Toner 106R01634 black Phaser 6000 2000str.'.,Yes
Do the two product descriptions refer to the same real-world product? Entity 1: 'Xerox Phaser 6000 Black Toner'. Entity 2: 'Xerox Toner 106R01634 black Phaser 6000/6010 2000str.'.,Yes
Do the two product descriptions refer to the same real-world product? Entity 1: 'Xerox Phaser 6000/6010 Black Toner 106R01634'. Entity 2: 'Xerox Toner  black Phaser 6000 2000str.'.,Yes
Do the two product descriptions refer to the same real-world product? Entity 1: 'Xerox Phaser 6000/6010 Black Toner 2000str.'. Entity 2: 'Xerox Toner 106R01634 black Phaser 6000 '.,Yes
Do the two product descriptions refer to the same real-world product? Entity 1: 'Oakley Jawbreaker 31 Mm Matte Black Solglasögon'. Entity 2: 'Oakley Jawbreaker MTB Solglsasögon Matte Black w/ Prizm Road'.,Yes
Do the two product descriptions refer to the same real-world product? Entity 1: 'Oakley Jawbreaker 31 Mm Matte Black Sunglasses Prizm Road'. Entity 2: 'Oakley Jawbreaker MTB Solglsasögon Matte Black w/ '.,Yes
Do the two product descriptions refer to the same real-world product? Entity 1: 'Oakley Jawbreaker  Matte Black Sunglasses'. Entity 2: 'Oakley Jawbreaker MTB Solglsasögon Matte Black w/ Prizm Road 31 Mm'.,Yes
Do the two product descriptions refer to the same real-world product? Entity 1: 'Oakley Jawbreaker 31 Mm Matte Black Sunglasses MTB'. Entity 2: 'Oakley Jawbreaker  Solglsasögon Matte Black w/ Prizm Road'.,Yes
Do the two product descriptions refer to the same real-world product? Entity 1: 'Full Frame E-Mount FE 24-240mm F3.5-6.3 OSS Lens Sony'. Entity 2: ' SEL24240 FE 24-240mm f/3.5-6.3 OSS Zoom Lens for Mirrorless Cameras'.,Yes
Do the two product descriptions refer to the same real-world product? Entity 1: 'Full Frame FE FE 24-240mm F3.5-6.3 OSS Lens'. Entity 2: 'Sony SEL24240 E-Mount 24-240mm f/3.5-6.3 OSS Zoom Lens for Mirrorless Cameras'.,Yes
Do the two product descriptions refer to the same real-world product? Entity 1: 'Full Frame E-Mount FE 24-240mm f/3.5-6.3 OSS Lens'. Entity 2: 'Sony SEL24240 FE 24-240mm F3.5-6.3 OSS Zoom Lens for Mirrorless Cameras'.,Yes
Do the two product descriptions refer to the same real-world product? Entity 1: 'Full Frame E-Mount FE 24-240mm F3.5-6.3 OSS Zoom Lens'. Entity 2: 'Sony SEL24240 FE 24-240mm f/3.5-6.3 OSS Lens for Mirrorless Cameras'.,Yes
Do the two product descriptions refer to the same real-world product? Entity 1: 'Full Frame E-Mount FE 24-240mm F3.5-6.3 OSS Lens for Mirrorless Cameras'. Entity 2: 'Sony SEL24240 FE 24-240mm f/3.5-6.3 OSS Zoom Lens '.,Yes
Do the two product descriptions refer to the same real-world product? Entity 1: 'Shimano Cassette Cs-R8000 Ultegra 11 Speed 11-28T'. Entity 2: 'Shimano Shimano Cs-R8000 Cassette 11-28t Ultegra 11-Speed'.,Yes
Do the two product descriptions refer to the same real-world product? Entity 1: 'Shimano Cassette Ultegra R8000 11-Speed 11-28T'. Entity 2: 'Shimano Shimano Cs-R8000 Cassette 11-28t Ultegra 11 Speed'.,Yes
Do the two product descriptions refer to the same real-world product? Entity 1: 'TISSOT T0914204605101 T-TOUCH Expert Solar'. Entity 2: 'Tissot T-Touch Expert Solar Men's Watch - T091.420.46.051.01'.,Yes
Do the two product descriptions refer to the same real-world product? Entity 1: 'TISSOT T091.420.46.051.01 T-TOUCH Expert Solar Men's'. Entity 2: 'Tissot T-Touch Expert Solar  Watch - T0914204605101'.,Yes
Do the two product descriptions refer to the same real-world product? Entity 1: 'TISSOT T091.420.46.051.01 T-TOUCH Expert Solar Watch'. Entity 2: 'Tissot T-Touch Expert Solar Men's  - T0914204605101'.,Yes
Do the two product descriptions refer to the same real-world product? Entity 1: 'WD 1TB My Passport  Hard Drive'. Entity 2: 'WD My Passport - 1 TB Portable'.,Yes
Do the two product descriptions refer to the same real-world product? Entity 1: 'Blaze 4 Burner LTE Grill Gas Grill with Lights'. Entity 2: 'Blaze 32 Inch 4-Burner LTE Built-In Natural Gas Grill With Rear Burner and Built-in Lighting System - BLZ-4LTE2-NG/LP'.,Yes
Do the two product descriptions refer to the same real-world product? Entity 1: 'Blaze 4 Burner LTE Grill Built-In Natural Gas Grill With Built-in Lighting System'. Entity 2: 'Blaze 32 Inch 4-Burner LTE Gas Grill With Rear Burner and Built-in Lighting System - BLZ-4LTE2-NG/LP'.,Yes
Do the two product descriptions refer to the same real-world product? Entity 1: 'Blaze 4 Burner LTE Grill Built-In Natural Gas Grill with Lights 32 Inch'. Entity 2: 'Blaze  4-Burner LTE Gas Grill With Rear Burner and Built-in Lighting System - BLZ-4LTE2-NG/LP'.,Yes
Do the two product descriptions refer to the same real-world product? Entity 1: 'Blaze 4 Burner LTE Grill Built-In Natural Gas Grill with Lights BLZ-4LTE2-NG/LP'. Entity 2: 'Blaze 32 Inch 4-Burner LTE Gas Grill With Rear Burner and Built-in Lighting System - '.,Yes
Do the two product descriptions refer to the same real-world product? Entity 1: 'Blaze 4 Burner LTE Grill Built-In Natural Gas Grill with Lights With Rear Burner'. Entity 2: 'Blaze 32 Inch 4-Burner LTE Gas Grill  and Built-in Lighting System - BLZ-4LTE2-NG/LP'.,Yes
"Do the two product descriptions refer to the same real-world product? Entity 1: 'OBUDOWA COOLER MASTER MASTERCASE H500M MIDI TOWER Z OKNEM BEZ PSU WENTYLATOR LED ARGB'. Entity 2: 'Cooler Master MasterCase H500M IRON GREY ATX Mid-Tower, Tempered Glass Panel, two 200mm RGB fans with Controller and Case Handle for Transport'.",Yes
"Do the two product descriptions refer to the same real-world product? Entity 1: 'OBUDOWA COOLER MASTER MASTERCASE H500M MIDI TOWER Z OKNEM BEZ PSU WENTYLATOR LED ARGB Iron Grey'. Entity 2: 'Cooler Master MasterCase H500 IRON GREY ATX Mid-Tower, Tempered Glass Panel, two 200mm RGB fans with Controller and Case Handle for Transport'.",Yes
"Do the two product descriptions refer to the same real-world product? Entity 1: 'OBUDOWA COOLER MASTER MASTERCASE H500M MIDI TOWER Z OKNEM BEZ PSU WENTYLATOR LED ARGB'. Entity 2: 'Cooler Master MasterCase H500 IRON GREY MIDI Tower, Tempered Glass Panel, two 200mm RGB fans with Controller and Case Handle for Transport'.",Yes
"Do the two product descriptions refer to the same real-world product? Entity 1: 'OBUDOWA COOLER MASTER MASTERCASE H500M MIDI TOWER Z OKNEM BEZ PSU WENTYLATOR LED RGB'. Entity 2: 'Cooler Master MasterCase H500 IRON GREY ATX Mid-Tower, Tempered Glass Panel, two 200mm ARGB fans with Controller and Case Handle for Transport'.",Yes
"Do the two product descriptions refer to the same real-world product? Entity 1: 'OBUDOWA COOLER MASTER MASTERCASE H500M MIDI TOWER Z OKNEM BEZ PSU WENTYLATOR LED ARGB 200mm'. Entity 2: 'Cooler Master MasterCase H500 IRON GREY ATX Mid-Tower, Tempered Glass Panel, two  RGB fans with Controller and Case Handle for Transport'.",Yes
"Do the two product descriptions refer to the same real-world product? Entity 1: 'OBUDOWA COOLER MASTER MASTERCASE H500M MIDI TOWER Z OKNEM BEZ PSU WENTYLATOR LED ARGB'. Entity 2: 'Cooler Master MasterCase H500 IRON GREY ATX Mid-Tower, Tempered Glass Panel, two 200mm RGB fans with Controller and Case Handle for Transport Bez PSU'.",Yes
"Do the two product descriptions refer to the same real-world product? Entity 1: 'OBUDOWA COOLER MASTER MASTERCASE H500M MIDI TOWER Z OKNEM BEZ PSU WENTYLATOR LED ARGB Case Handle for Transport'. Entity 2: 'Cooler Master MasterCase H500 IRON GREY ATX Mid-Tower, Tempered Glass Panel, two 200mm RGB fans with Controller and '.",Yes
Do the two product descriptions refer to the same real-world product? Entity 1: ' SW271 Pro 27in IPS LCD Monitor 4K UHD'. Entity 2: 'Monitor 27 SW271 LED 5ms/QHD/IPS/HDMI/DP/USB BenQ'.,Yes
Do the two product descriptions refer to the same real-world product? Entity 1: 'BenQ SW271 27in IPS LCD Monitor 4K UHD'. Entity 2: 'Monitor 27 SW271 Pro LED 5ms/QHD/IPS/HDMI/DP/USB'.,Yes
Do the two product descriptions refer to the same real-world product? Entity 1: 'BenQ SW271 Pro 27 IPS LCD Monitor 4K UHD'. Entity 2: 'Monitor 27in SW27in1 LED 5ms/QHD/IPS/HDMI/DP/USB'.,Yes
Do the two product descriptions refer to the same real-world product? Entity 1: 'BenQ SW271 Pro 27in IPS Monitor 4K UHD'. Entity 2: 'Monitor 27 SW271 LED 5ms/QHD/IPS LCD/HDMI/DP/USB'.,Yes
Do the two product descriptions refer to the same real-world product? Entity 1: 'BenQ SW271 Pro 27in IPS LCD Monitor QHD'. Entity 2: 'Monitor 27 SW271 LED 5ms/4K UHD/IPS/HDMI/DP/USB'.,Yes
Do the two product descriptions refer to the same real-world product? Entity 1: 'BenQ SW271 Pro 27in IPS LCD Monitor 4K UHD 5ms'. Entity 2: 'Monitor 27 SW271 LED /QHD/IPS/HDMI/DP/USB'.,Yes
Do the two product descriptions refer to the same real-world product? Entity 1: 'BenQ SW271 Pro 27in IPS LCD Monitor 4K UHD HDMI/DP/USB'. Entity 2: 'Monitor 27 SW271 LED 5ms/QHD/IPS/'.,Yes
Do the two product descriptions refer to the same real-world product? Entity 1: 'Jabra EVOLVE 65 UC Mono (6593-829-409)'. Entity 2: 'Jabra EVOLVE 65 UC Mono Bluetooth Headset'.,Yes
Do the two product descriptions refer to the same real-world product? Entity 1: 'Jabra EVOLVE 65 UC Mono  Headset'. Entity 2: 'Jabra EVOLVE 65 UC Mono (6593-829-409) Bluetooth'.,Yes
Do the two product descriptions refer to the same real-world product? Entity 1: 'Jabra EVOLVE 65 UC Mono Bluetooth Headset 6593-829-409'. Entity 2: 'Jabra EVOLVE 65 UC Mono ()'.,Yes
Do the two product descriptions refer to the same real-world product? Entity 1: 'Epson T7551 XL Black High Yield Ink Cartridge C13T755140 / T7551 EP53959'. Entity 2: 'Epson T7551 (Prentar 5000 síður) XL High Yield svart blekhylki (100ml) fyrir WorkForce WF-8XXX prentara'.,Yes
Do the two product descriptions refer to the same real-world product? Entity 1: 'Epson T7551 XL svart High Yield Ink Cartridge C13T755140 / T7551 EP53959'. Entity 2: 'Epson T7551 (Prentar 5000 síður) XL Black blekhylki (100ml) fyrir WorkForce WF-8XXX prentara'.,Yes
Do the two product descriptions refer to the same real-world product? Entity 1: 'Epson T7551 XL Black High Yield Ink Cartridge C13T755140 / T7551 EP53959 100ml'. Entity 2: 'Epson T7551 (Prentar 5000 síður) XL svart blekhylki () fyrir WorkForce WF-8XXX prentara'.,Yes
Do the two product descriptions refer to the same real-world product? Entity 1: 'Epson T7551 XL Black High Yield Ink Cartridge C13T755140 / T7551 EP53959 fyrir WorkForce WF-8XXX prentara'. Entity 2: 'Epson T7551 (Prentar 5000 síður) XL svart blekhylki (100ml) '.,Yes
Do the two product descriptions refer to the same real-world product? Entity 1: 'Epson T7551 XL Black High Yield Ink Cartridge C13T755140 / T7551 EP53959 5000 síður'. Entity 2: 'Epson T7551 (Prentar ) XL svart blekhylki (100ml) fyrir WorkForce WF-8XXX prentara'.,Yes
Do the two product descriptions refer to the same real-world product? Entity 1: 'Epson oryginalny tusz Strawberry 29 cyan'. Entity 2: 'Epson T2982 29 (Prentar 175 síður) Claria Home blekhylki (blátt)'.,Yes
Do the two product descriptions refer to the same real-world product? Entity 1: 'Epson oryginalny tusz T2982 29 blátt'. Entity 2: 'Epson Strawberry 29 (Prentar 175 síður) Claria Home blekhylki (cyan)'.,Yes
Do the two product descriptions refer to the same real-world product? Entity 1: 'Epson oryginalny blekhylki T2982 29 cyan'. Entity 2: 'Epson Strawberry 29 (Prentar 175 síður) Claria Home tusz (blátt)'.,Yes
Do the two product descriptions refer to the same real-world product? Entity 1: 'Epson oryginalny tusz T2982 29 cyan 175 síður'. Entity 2: 'Epson Strawberry 29 (Prentar ) Claria Home blekhylki (blátt)'.,Yes
Do the two product descriptions refer to the same real-world product? Entity 1: 'Epson oryginalny tusz T2982 29 cyan Claria Home'. Entity 2: 'Epson Strawberry 29 (Prentar 175 síður)  blekhylki (blátt)'.,Yes
Do the two product descriptions refer to the same real-world product? Entity 1: 'Samsung MLT-D103L/ELS must toonerikassett'. Entity 2: 'Laser Toner Cartridge compatible with Samsung MLT-D103L High Capacity'.,Yes
Do the two product descriptions refer to the same real-world product? Entity 1: 'Samsung MLT-D103L Laser Toner Cartridge'. Entity 2: 'must toonerikassett compatible with Samsung MLT-D103L/ELS High Capacity'.,Yes
Do the two product descriptions refer to the same real-world product? Entity 1: 'Samsung MLT-D103L must toonerikassett High Capacity'. Entity 2: 'Laser Toner Cartridge compatible with Samsung MLT-D103L/ELS '.,Yes
Do the two product descriptions refer to the same real-world product? Entity 1: 'Samsung MLT-D103L must toonerikassett compatible with Samsung MLT-D103L'. Entity 2: 'Laser Toner Cartridge /ELS High Capacity'.,Yes
Do the two product descriptions refer to the same real-world product? Entity 1: 'Jabra BIZ 2300 USB MS Mono - headset'. Entity 2: 'Jabra BIZ 2300 Mono USB MS Lync Headset'.,Yes
Do the two product descriptions refer to the same real-world product? Entity 1: 'Jabra BIZ 2300 Mono USB MS Headset'. Entity 2: 'Jabra BIZ 2300 USB MS Lync Mono - headset'.,Yes
"Do the two product descriptions refer to the same real-world product? Entity 1: 'Nobreak APC Smart-UPS RT 20kVA RM, 230V'. Entity 2: 'APC Smart-UPS SURT 20kVA/16kW 230V - SURT20KRMXLI'.",Yes
"Do the two product descriptions refer to the same real-world product? Entity 1: 'Nobreak APC Smart-UPS SURT 20kVA/16kW, 230V SURT20KRMXLI'. Entity 2: 'APC Smart-UPS RT 20kVA RM 230V - '.",Yes
Do the two product descriptions refer to the same real-world product? Entity 1: 'Ubiquiti UniFi Mesh AP 802.11ac Dual Radio Indoor/Outdoor access point - 1750Mbps 5 pack no PoE'. Entity 2: 'Ubiquiti UniFi AP AC Mesh PRO OUT AC1750 5 PACK'.,Yes
Do the two product descriptions refer to the same real-world product? Entity 1: 'Ubiquiti UniFi AP AC Mesh PRO  Dual Radio Indoor/Outdoor access point - 1750Mbps 5 pack no PoE'. Entity 2: 'Ubiquiti UniFi Mesh AP OUT AC1750 5 PACK 802.11ac'.,Yes
Do the two product descriptions refer to the same real-world product? Entity 1: 'Ubiquiti UniFi AP AC Mesh PRO 802.11ac  Indoor/Outdoor access point - 1750Mbps 5 pack no PoE'. Entity 2: 'Ubiquiti UniFi Mesh AP OUT AC1750 5 PACK Dual Radio'.,Yes
Do the two product descriptions refer to the same real-world product? Entity 1: 'Ubiquiti UniFi AP AC Mesh PRO 802.11ac Dual Radio OUT access point - 1750Mbps 5 pack no PoE'. Entity 2: 'Ubiquiti UniFi Mesh AP Indoor/Outdoor AC1750 5 PACK'.,Yes
Do the two product descriptions refer to the same real-world product? Entity 1: 'Ubiquiti UniFi AP AC Mesh PRO 802.11ac Dual Radio Indoor/Outdoor access point - AC1750 5 pack no PoE'. Entity 2: 'Ubiquiti UniFi Mesh AP OUT 1750Mbps 5 PACK'.,Yes
Do the two product descriptions refer to the same real-world product? Entity 1: 'Ubiquiti UniFi AP AC Mesh PRO 802.11ac Dual Radio Indoor/Outdoor access point - 1750Mbps 5 pack '. Entity 2: 'Ubiquiti UniFi Mesh AP OUT AC1750 5 PACK no PoE'.,Yes
Do the two product descriptions refer to the same real-world product? Entity 1: 'Manfrotto XPRO Fluid Tripod Head with Fluidity Selector'. Entity 2: 'Manfrotto MHXPRO-2W 2-Way Head'.,Yes
Do the two product descriptions refer to the same real-world product? Entity 1: 'Manfrotto MHXPRO-2W Fluid Tripod Head'. Entity 2: 'Manfrotto XPRO 2-Way Head with Fluidity Selector'.,Yes
"Do the two product descriptions refer to the same real-world product? Entity 1: 'Corsair ML140 Pro 14cm PWM Premium Magnetic Levitation Fan - Single Pack'. Entity 2: 'Corsair ML140 PRO RGB LED 140MM PWM RGB Case Fan, Magnetic Levitation Bearing'.",Yes
"Do the two product descriptions refer to the same real-world product? Entity 1: 'Corsair ML140 PRO RGB LED 140MM PWM RGB Case Fan, Magnetic Levitation Bearing - Single Pack'. Entity 2: 'Corsair ML140 Pro 14cm PWM Premium Magnetic Levitation Fan'.",Yes
"Do the two product descriptions refer to the same real-world product? Entity 1: 'Corsair ML140 PRO RGB LED 140MM PWM Premium Magnetic Levitation Fan - '. Entity 2: 'Corsair ML140 Pro 14cm PWM RGB Case Fan, Magnetic Levitation Bearing Single Pack'.",Yes
"Do the two product descriptions refer to the same real-world product? Entity 1: 'Corsair ML140 PRO RGB 140MM PWM Premium Magnetic Levitation Fan - Single Pack'. Entity 2: 'Corsair ML140 Pro 14cm PWM RGB LED Case Fan, Magnetic Levitation Bearing'.",Yes
"Do the two product descriptions refer to the same real-world product? Entity 1: '3M - PF19 PRIVACY FILTER BLACK FOR 19,0IN / 48,3 CM / 5:4IN ACCS'. Entity 2: '3M - Privacy filter PF19 |30.2 cm x 37.7 cm| Black'.",Yes
Do the two product descriptions refer to the same real-world product? Entity 1: 'Dymo SD53718 Black On Yellow - 24mm'. Entity 2: 'GENUINE Dymo 24mm x 7m Black on Yellow Label Tape Roll 53718'.,Yes
Do the two product descriptions refer to the same real-world product? Entity 1: 'Dymo 53718 Black On Yellow - 24mm 7m'. Entity 2: 'GENUINE Dymo 24mm x  Black on Yellow Label Tape Roll SD53718'.,Yes
"Do the two product descriptions refer to the same real-world product? Entity 1: 'SanDisk 480GB PLUS SSD int 2.5\"" SATA3 SSD (SDSSDA-480G-G26) (Local Warranty with 3years with Local Distributor)'. Entity 2: 'SanDisk SSD Plus Hard Drive 2.5´´ internal, 480 GB, SATA, Black'.",Yes
"Do the two product descriptions refer to the same real-world product? Entity 1: 'SanDisk 480 GB SSD Plus int 2.5\"" SATA3 SSD (SDSSDA-480G-G26) (Local Warranty with 3years with Local Distributor)'. Entity 2: 'SanDisk PLUS SSD Hard Drive 2.5´´ internal, 480GB, SATA, Black'.",Yes
"Do the two product descriptions refer to the same real-world product? Entity 1: 'SanDisk 480GB SSD Plus int 2.5\"" SATA3 SSD (SDSSDA-480G-G26) (Local Warranty with 3years with Local Distributor)'. Entity 2: 'SanDisk PLUS SSD Hard Drive 2.5"" internal, 480 GB, SATA, Black'.",Yes
"Do the two product descriptions refer to the same real-world product? Entity 1: 'SanDisk 480GB SSD Plus int 2.5\"" SATA SSD (SDSSDA-480G-G26) (Local Warranty with 3years with Local Distributor)'. Entity 2: 'SanDisk PLUS SSD Hard Drive 2.5´´ internal, 480 GB, SATA3, Black'.",Yes
"Do the two product descriptions refer to the same real-world product? Entity 1: 'SanDisk 480GB SSD Plus int 2.5\"" SATA3 SSD (SDSSDA-480G-G26) (Local Warranty with 3years with Local Distributor) Black'. Entity 2: 'SanDisk PLUS SSD Hard Drive 2.5´´ internal, 480 GB, SATA, '.",Yes
"Do the two product descriptions refer to the same real-world product? Entity 1: 'SanDisk 480GB SSD Plus int 2.5\"" SATA3 SSD (SDSSDA-480G-G26) ()'. Entity 2: 'SanDisk PLUS SSD Hard Drive 2.5´´ internal, 480 GB, SATA, Black Local Warranty with 3years with Local Distributor'.",Yes
Do the two product descriptions refer to the same real-world product? Entity 1: 'Cooler Master MasterLiquid ML120L V2 RGB Universal Socket 120mm PWM 1800RPM RGB LED All In One Liquid CPU Cooler'. Entity 2: 'Cooler Master MasterLiquid ML120L V2 RGB AiO Liquid CPU Cooler'.,Yes
Do the two product descriptions refer to the same real-world product? Entity 1: 'Cooler Master MasterLiquid ML120L V2 RGB  120mm PWM 1800RPM RGB LED AiO Liquid CPU Cooler'. Entity 2: 'Cooler Master MasterLiquid ML120L V2 RGB All In One Liquid CPU Cooler Universal Socket'.,Yes
Do the two product descriptions refer to the same real-world product? Entity 1: 'Cooler Master MasterLiquid ML120L V2 RGB Universal Socket  PWM 1800RPM RGB LED AiO Liquid CPU Cooler'. Entity 2: 'Cooler Master MasterLiquid ML120L V2 RGB All In One Liquid CPU Cooler 120mm'.,Yes
Do the two product descriptions refer to the same real-world product? Entity 1: 'Cooler Master MasterLiquid ML120L V2 RGB Universal Socket 120mm PWM  RGB LED AiO Liquid CPU Cooler'. Entity 2: 'Cooler Master MasterLiquid ML120L V2 RGB All In One Liquid CPU Cooler 1800RPM'.,Yes
Do the two product descriptions refer to the same real-world product? Entity 1: 'Cooler Master MasterLiquid ML120L V2 RGB Universal Socket 120mm PWM 1800RPM RGB AiO Liquid CPU Cooler'. Entity 2: 'Cooler Master MasterLiquid ML120L V2 RGB LED All In One Liquid CPU Cooler'.,Yes
Do the two product descriptions refer to the same real-world product? Entity 1: 'Corsair 8Gbx1 (1x8Gbx1) 3000MHz CL16 Vengeance LPX Black'. Entity 2: 'CORSAIR 8GB DDR4 3000Mhz Ram CMK8GX4M1D3000C16 VENGEANCE LPX Gaming RAM'.,Yes
Do the two product descriptions refer to the same real-world product? Entity 1: 'Corsair 8GB (1x8GB) 3000MHz CL16 Vengeance LPX Black DDR4'. Entity 2: 'CORSAIR 8Gbx1  3000Mhz Ram CMK8GX4M1D3000C16 VENGEANCE LPX Gaming RAM'.,Yes
Do the two product descriptions refer to the same real-world product? Entity 1: 'Corsair 8GB (1x8GB) 3000MHz C16 Vengeance LPX Black'. Entity 2: 'CORSAIR 8Gbx1 DDR4 3000Mhz Ram CMK8GX4M1D3000CL16 VENGEANCE LPX Gaming RAM'.,Yes
Do the two product descriptions refer to the same real-world product? Entity 1: 'Corsair 8GB (1x8GB) 3000MHz CL16 Vengeance LPX '. Entity 2: 'CORSAIR 8Gbx1 DDR4 3000Mhz Ram CMK8GX4M1D3000C16 VENGEANCE LPX Gaming RAM Black'.,Yes
Do the two product descriptions refer to the same real-world product? Entity 1: 'Corsair 8GB (1x8GB) 3000MHz CL16 Vengeance LPX Black CMK8GX4M1D3000C16'. Entity 2: 'CORSAIR 8Gbx1 DDR4 3000Mhz Ram  VENGEANCE LPX Gaming RAM'.,Yes
Do the two product descriptions refer to the same real-world product? Entity 1: 'Corsair 8GB (1x8GB) 3000MHz CL16 Vengeance LPX Black Gaming RAM'. Entity 2: 'CORSAIR 8Gbx1 DDR4 3000Mhz Ram CMK8GX4M1D3000C16 VENGEANCE LPX '.,Yes
Do the two product descriptions refer to the same real-world product? Entity 1: 'Brother hl - l6300dw Business Laser Printer for Mid-Size Workgroups -hl - l6300dw'. Entity 2: 'Impresora brother laser monocromo HL-L6300DW a4'.,Yes
Do the two product descriptions refer to the same real-world product? Entity 1: 'Brother HL-L6300DW laser monocromo for Mid-Size Workgroups -HL-L6300DW'. Entity 2: 'Impresora brother Business Laser Printer hl - l6300dw a4'.,Yes
Do the two product descriptions refer to the same real-world product? Entity 1: 'Brother HL-L6300DW Business Laser Printer for  -HL-L6300DW'. Entity 2: 'Impresora brother laser monocromo hl - l6300dw a4 Mid-Size Workgroups'.,Yes
Do the two product descriptions refer to the same real-world product? Entity 1: 'Brother HL-L6300DW Business Laser Printer for Mid-Size Workgroups -HL-L6300DW A4'. Entity 2: 'Impresora brother laser monocromo hl - l6300dw a4'.,Yes
"Do the two product descriptions refer to the same real-world product? Entity 1: 'MONITOR SAMSUNG C27F390FHU 27\"" 1920x1080 4MS USB HDMI CURVO NEGRO'. Entity 2: 'Samsung C27F390 - Full HD Curved Monitor'.",Yes
"Do the two product descriptions refer to the same real-world product? Entity 1: 'MONITOR SAMSUNG C27F390 27\"" 1920x1080 4MS USB HDMI CURVO NEGRO'. Entity 2: 'Samsung C27F390FHU - Full HD Curved Monitor 27""'.",Yes
"Do the two product descriptions refer to the same real-world product? Entity 1: 'MONITOR SAMSUNG C27F390 27\"" Full HD 4MS USB HDMI CURVO NEGRO'. Entity 2: 'Samsung C27F390FHU - 1920x1080 Curved Monitor'.",Yes
"Do the two product descriptions refer to the same real-world product? Entity 1: 'MONITOR SAMSUNG C27F390 27\"" 1920x1080 4MS USB HDMI CURVO NEGRO'. Entity 2: 'Samsung C27F390FHU - Full HD Curvo Monitor'.",Yes
"Do the two product descriptions refer to the same real-world product? Entity 1: 'MONITOR SAMSUNG C27F390 27\"" 1920x1080 4MS USB HDMI CURVO NEGRO'. Entity 2: 'Samsung C27F390FHU - Full HD Curved Monitor Negro'.",Yes
"Do the two product descriptions refer to the same real-world product? Entity 1: 'MONITOR SAMSUNG C27F390 27\"" 1920x1080 4MS  HDMI CURVO NEGRO'. Entity 2: 'Samsung C27F390FHU - Full HD Curved Monitor USB'.",Yes
"Do the two product descriptions refer to the same real-world product? Entity 1: 'MONITOR SAMSUNG C27F390 27\"" 1920x1080 4MS USB  CURVO NEGRO'. Entity 2: 'Samsung C27F390FHU - Full HD Curved Monitor HDMI'.",Yes
"Do the two product descriptions refer to the same real-world product? Entity 1: 'RAM Triple Ball Adapter'. Entity 2: 'Ram Mout Triple 1\"" Ball Adapter - Ram Mout-B-289U'.",Yes
"Do the two product descriptions refer to the same real-world product? Entity 1: 'Ram Mout Triple 1"" Ball Adapter'. Entity 2: 'RAM Triple 1\"" Ball Adapter - RAM-B-289U'.",Yes
"Do the two product descriptions refer to the same real-world product? Entity 1: 'Ram Mout Triple Ball Adapter RAM-B-289U'. Entity 2: 'RAM Triple 1\"" Ball Adapter - '.",Yes
"Do the two product descriptions refer to the same real-world product? Entity 1: 'Ram Mout Triple Ball Adapter 1""'. Entity 2: 'RAM Triple 1\"" Ball Adapter - RAM-B-289U'.",Yes
Do the two product descriptions refer to the same real-world product? Entity 1: 'APC APCrbc110 REPLACEMENT BATTERY CATRIDGE #110'. Entity 2: 'APC (APCRBC110) Replacement Battery Cartridge #110'.,Yes
Do the two product descriptions refer to the same real-world product? Entity 1: 'JABRA EVOLVE 20 UC Mono'. Entity 2: 'JABRA Evolve 20 UC Mono'.,Yes
Do the two product descriptions refer to the same real-world product? Entity 1: 'JABRA EVOLVE 20 UC Mono USB'. Entity 2: 'JABRA Evolve 20 UC  - Mono'.,Yes
"Do the two product descriptions refer to the same real-world product? Entity 1: '3M - Privacy filter framed lightweight 18,1\""\""-20\""\"" widescreen'. Entity 2: '3M - Framed Privacy Filter for 19 Widescreen Monitor (16:10)'.",Yes
"Do the two product descriptions refer to the same real-world product? Entity 1: '3M - Privacy filter framed lightweight 18,1\""\""-20\""\"" widescreen 16:10'. Entity 2: '3M - Framed Privacy Filter for 19 Widescreen Monitor ()'.",Yes
"Do the two product descriptions refer to the same real-world product? Entity 1: 'Corsair ML120 Pro LED, Red, 120mm Premium Mag-Lev Fan'. Entity 2: 'Corsair ML120 Pro LED 120mm Premium Magnetic Levitation Fan Red'.",Yes
"Do the two product descriptions refer to the same real-world product? Entity 1: 'Epson Premium Glossy Photo Paperphoto paper - 25vel - A2'. Entity 2: 'EPSON S042091 premium glossy photo paper 255g/m², A2/25 sheet(s)'.",Yes
"Do the two product descriptions refer to the same real-world product? Entity 1: 'Epson Premium Glossy Photo Paperphoto paper - 25 sheet(s) - A2 255g/m²'. Entity 2: 'EPSON S042091 premium glossy photo paper , A2/25vel'.",Yes
Do the two product descriptions refer to the same real-world product? Entity 1: 'PKM - Pokémon - Sword & Shield - Rebel Clash Booster'. Entity 2: 'Pokemon TCG Rebel Clash Booster Pack'.,Yes
Do the two product descriptions refer to the same real-world product? Entity 1: 'Pokemon TCG Rebel Clash Booster Pack Pokémon'. Entity 2: 'PKM -  - Sword & Shield - Rebel Clash Booster'.,Yes
Do the two product descriptions refer to the same real-world product? Entity 1: 'Pokémon - Sword & Shield Rebel Clash Booster Pack'. Entity 2: 'PKM - Pokemon TCG - Rebel Clash Booster'.,Yes
Do the two product descriptions refer to the same real-world product? Entity 1: '32 Oz Wide Mouth With Flex Cap W32BTS001 HYDRO FLASK'. Entity 2: '  32OZ WIDE MOUTH BOTTLE-BLACK'.,Yes
Do the two product descriptions refer to the same real-world product? Entity 1: '32OZ Wide Mouth With Flex Cap W32BTS001'. Entity 2: 'HYDRO FLASK HYDRO FLASK 32 Oz WIDE MOUTH BOTTLE-BLACK'.,Yes
Do the two product descriptions refer to the same real-world product? Entity 1: '32 Oz Wide Mouth With Flex Cap W32BTS001 BLACK'. Entity 2: 'HYDRO FLASK HYDRO FLASK 32OZ WIDE MOUTH BOTTLE-'.,Yes
Do the two product descriptions refer to the same real-world product? Entity 1: '32 Oz Wide Mouth With  W32BTS001'. Entity 2: 'HYDRO FLASK HYDRO FLASK 32OZ WIDE MOUTH BOTTLE-BLACK Flex Cap'.,Yes
Do the two product descriptions refer to the same real-world product? Entity 1: '32 Oz Wide Mouth With Flex Cap '. Entity 2: 'HYDRO FLASK HYDRO FLASK 32OZ WIDE MOUTH BOTTLE-BLACK W32BTS001'.,Yes
Do the two product descriptions refer to the same real-world product? Entity 1: 'FUJIFILM Lens XF 23mm F1.4 R'. Entity 2: 'Fujinon XF23/1.4 XF 23mm f/1.4 R'.,Yes
Do the two product descriptions refer to the same real-world product? Entity 1: 'Fujinon Lens XF23/1.4 XF 23mm f/1.4 R'. Entity 2: 'FUJIFILM XF 23mm F1.4 R'.,Yes
Do the two product descriptions refer to the same real-world product? Entity 1: 'Fujinon Lens XF 23mm f/1.4 R'. Entity 2: 'FUJIFILM XF23/1.4 XF 23mm F1.4 R'.,Yes
Do the two product descriptions refer to the same real-world product? Entity 1: 'Zebra 800011-101 ZXP Series 1 Ribbon ZXP Series 1 Load-N-Go Black Monochrome Ribbon 1000 Prints'. Entity 2: 'Zebra ZXP Series 1Black Monochrome Ribbon K -  800011-101'.,Yes
Do the two product descriptions refer to the same real-world product? Entity 1: 'ASUS Turbo -RTX2060S-8G-EVO NVIDIA GeForce RTX 2060 SUPER 8GB'. Entity 2: 'ASUS NVIDIA GeForce RTX 2060 SUPER 8 GB GDDR6 TURBO EVO Turing Graphics Card'.,Yes
Do the two product descriptions refer to the same real-world product? Entity 1: 'ASUS Turbo -RTX2060S-8G-EVO NVIDIA GeForce RTX 2060 SUPER 8 GB GDDR6 Turing'. Entity 2: 'ASUS NVIDIA GeForce RTX 2060 SUPER 8GB TURBO EVO  Graphics Card'.,Yes
"Do the two product descriptions refer to the same real-world product? Entity 1: 'EPSON (T1285) Multipack Fox (T1281,T1282,T1283,T1284) C13T12854010'. Entity 2: 'Epson róka Multipack \""Renard\"" (T1285) - Encre DURABrite Ultra N, C, M, J'.",Yes
"Do the two product descriptions refer to the same real-world product? Entity 1: 'EPSON (T1285) Multipack róka (T1281,T1282,T1283,T1284) C13T12854010 Encre DURABrite Ultra'. Entity 2: 'Epson Fox Multipack \""Renard\"" (T1285) -  N, C, M, J'.",Yes
"Do the two product descriptions refer to the same real-world product? Entity 1: 'EPSON (T1285) Multipack róka (N, C, M, J) C13T12854010'. Entity 2: 'Epson Fox Multipack \""Renard\"" (T1285) - Encre DURABrite Ultra T1281,T1282,T1283,T1284'.",Yes
"Do the two product descriptions refer to the same real-world product? Entity 1: 'EPSON (T1285) Multipack róka (T1281,T1282,T1283,T1284) '. Entity 2: 'Epson Fox Multipack \""Renard\"" (T1285) - Encre DURABrite Ultra N, C, M, J C13T12854010'.",Yes
Do the two product descriptions refer to the same real-world product? Entity 1: 'UNPKG RAM DBL SOCKET ARM B BALL LONG'. Entity 2: 'RAM Double Socket Arm MC201C C LENGTH'.,Yes
Do the two product descriptions refer to the same real-world product? Entity 1: 'MC201C RAM DBL SOCKET ARM B BALL C LENGTH'. Entity 2: 'RAM Double Socket Arm UNPKG LONG'.,Yes
Do the two product descriptions refer to the same real-world product? Entity 1: 'Tissot Seastar 1000 Powermatic 80 T120.407.11.041.01'. Entity 2: 'Tissot Seastar 1000 Powermatic 80 Silicium'.,Yes
Do the two product descriptions refer to the same real-world product? Entity 1: 'Tissot Seastar 1000 Powermatic 80 Silicium T120.407.11.041.01'. Entity 2: 'Tissot Seastar 1000 Powermatic 80 '.,Yes
Do the two product descriptions refer to the same real-world product? Entity 1: 'TP-Link AC600 NANO Wireless USB Nano Adapter'. Entity 2: 'ADATT. WIFI TP-LINK AC600 T2U WRLS USB'.,Yes
Do the two product descriptions refer to the same real-world product? Entity 1: 'TP-Link AC600 T2U ADATT. WIFI NANO WRLS USB'. Entity 2: 'ADATT. WIFI TP-LINK AC600 NANO WRLS USB'.,Yes
"Do the two product descriptions refer to the same real-world product? Entity 1: 'Evans EMAD2 Clear Bass Batter, 22 Inch'. Entity 2: 'Evans EMAD2 Clear Bass Drum Head'.",Yes
"Do the two product descriptions refer to the same real-world product? Entity 1: 'Evans EMAD2 Clear Bass Drum Head, '. Entity 2: 'Evans EMAD2 Clear Bass Batter 22 Inch'.",Yes
Do the two product descriptions refer to the same real-world product? Entity 1: 'Ubiquiti UniFi UVC-G3-BULLET (Formerly UVC-G3-AF) Video Camera'. Entity 2: 'Ubiquiti G3 Bullet UniFi Video Camera G3 1080p PoE IP Camera'.,Yes
Do the two product descriptions refer to the same real-world product? Entity 1: 'Ubiquiti UniFi G3 Bullet Video Camera 1080p'. Entity 2: 'Ubiquiti UVC-G3-BULLET (Formerly UVC-G3-AF) UniFi Video Camera G3  PoE IP Camera'.,Yes
Do the two product descriptions refer to the same real-world product? Entity 1: 'Ubiquiti UniFi G3 Bullet Video Camera PoE'. Entity 2: 'Ubiquiti UVC-G3-BULLET (Formerly UVC-G3-AF) UniFi Video Camera G3 1080p  IP Camera'.,Yes
Do the two product descriptions refer to the same real-world product? Entity 1: 'Ubiquiti UniFi G3 Bullet Video Camera IP Camera'. Entity 2: 'Ubiquiti UVC-G3-BULLET (Formerly UVC-G3-AF) UniFi Video Camera G3 1080p PoE '.,Yes