prompt,completion,id
Do the two product descriptions refer to the same real-world product? Entity 1: 'Daniel Wellington Mens Classic Sheffield 40mm Rose Gold Black DW00100007'. Entity 2: 'Daniel Wellington Unisex Classic Sheffield 36mm Rose Gold Black DW00100036'.,No,41987114#35410623_original
"Do the two product descriptions refer to the same real-world product? Entity 1: 'RAM Long Length Double Socket Arm for 1.5\"" Balls'. Entity 2: 'Maxxis Maxxis, High Roller II, Tire, 27.5''x2.30, Folding, Tubeless Ready, Dual, EXO, 60TPI, Black'.",No,39417365#79821099_original
"Do the two product descriptions refer to the same real-world product? Entity 1: '3M - Privacy Filter 23.0\""\"" Framed'. Entity 2: 'Fujinon Lens XF 23mm F1.4 R'.",No,5938532#27021728_original
"Do the two product descriptions refer to the same real-world product? Entity 1: 'RAM Mount Double Socket Clamp Arm - SHORT - for 1.5\"" C Size Balls'. Entity 2: 'KINGSTON ValueRAM RAM Module - 4 GB (1 x 4 GB) - DDR4 SDRAM'.",No,77338417#85033463_original
Do the two product descriptions refer to the same real-world product? Entity 1: 'Samsung 970 Evo 500GB NVME M.2 High Speed Solid State Drive with V-Nand'. Entity 2: 'Cappello New Era Clean Trucker Chicago Bulls Cap'.,No,42341716#49092761_original
Do the two product descriptions refer to the same real-world product? Entity 1: 'Ubiquiti UniFi Dual-Band WiFi PoE Access Point UAP-AC-HD - 5 Pack'. Entity 2: 'UniFi AP ac HD ROW 5Pk'.,Yes,18960736#24268406_original
Do the two product descriptions refer to the same real-world product? Entity 1: 'Epson _ T6031 Black Ink 220ml'. Entity 2: 'Epson Stylus Pro 9880 Black Photo Ink'.,Yes,20060104#29467728_left_augmented_right_original
Do the two product descriptions refer to the same real-world product? Entity 1: 'Fujifilm Instax Square Film (10 Pack)'. Entity 2: 'instax square film 10pk black'.,No,47146148#17813216_original
"Do the two product descriptions refer to the same real-world product? Entity 1: 'Corsair DDR4 Vengeance LPX 16GB/2133(2*8GB) CL13-15-15-28 1,20V XMP2.0'. Entity 2: 'Cooler master ventola master liquid ML120R rgb lga 775>2066 amd AM2>FM1'.",No,78223883#47818268_original
Do the two product descriptions refer to the same real-world product? Entity 1: 'Atomos Coiled Full HDMI to Full HDMI Cable (30cm) - ATOMCAB010'. Entity 2: 'Epson Cartuccia 79xl Magenta Originale per WF-5620 WF-5690 WF-4630 C13T79034010'.,No,56736608#2314380_original
Do the two product descriptions refer to the same real-world product? Entity 1: 'Kingston Technology DataTraveler microDuo 3C 128GB USB flash drive USB Type-A / USB Type-C 3.0 (3.1 Gen 1) Silver'. Entity 2: 'HP 300GB 6G SAS 15K rpm SFF (2.5-inch) SC Enterprise'.,No,46100236#35583855_original
"Do the two product descriptions refer to the same real-world product? Entity 1: 'Maxxis High Roller II _ - 27. 5 _ 2. 4, Tubeless, Folding, Black, 3C Maxx _, EXO'. Entity 2: 'Maxxis High Roller II MaxxTerra Tire (WT) (3C/EXO/TR) (27.5 x 2.40) (Folding)'.",Yes,25593960#41191422_left_augmented_right_original
Do the two product descriptions refer to the same real-world product? Entity 1: 'EJ16 - Acoustic Phosphor Bronze 12-53'. Entity 2: 'D'.,Yes,24742825#97547150_left_original_right_augmented
Do the two product descriptions refer to the same real-world product? Entity 1: 'Sandisk Cruzer Force 16GB USB 2. 0 Flash Drive - 016G - B35'. Entity 2: 'Pen Drive SanDisk 16GB Cruzer Force USB 2.0'.,Yes,2491460#75249284_left_augmented_right_original
Do the two product descriptions refer to the same real-world product? Entity 1: 'Crucial 1x 8GB DDR3L 1600MHz ECC Unbuffered UDIMM RAM | Discount Computer Needs'. Entity 2: 'CRUCIAL - DDR3 8GB 1600Hz CL11 Unbuffered CT102472BD160B'.,Yes,83592973#36133874_original
Do the two product descriptions refer to the same real-world product? Entity 1: 'Corsair Value Select 8GB PC4-17000 - 8 GB - 1 x 8 GB - DDR4 - 2133 MHz - 288-pin DIMM'. Entity 2: 'HyperX FURY - DDR3 - 8 GB: 2 x 4 GB - DIMM 240-pin - unbuffered'.,No,48430039#68731207_original
Do the two product descriptions refer to the same real-world product? Entity 1: 'Memoire DDR3 So Dimm Crucial 4GB DDR3 1600 MT/S (PC3-12800)'. Entity 2: 'Fujifilm XF-56mm f1.2 APD'.,No,62293619#63386383_original
Do the two product descriptions refer to the same real-world product? Entity 1: 'Sigma 50mm F1.4 DG HSM Canon [ART]'. Entity 2: '0000012890| Sigma 50mm f/1.4 DG HSM Art for Canon'.,Yes,28656579#3889666_original
"Do the two product descriptions refer to the same real-world product? Entity 1: '16TB IronWolf Pro ST16000NE000, 7200 RPM, SATA 6Gb/s, 256MB cache, 3.5-Inch HDD'. Entity 2: 'Canon Multipack PGI-72multi1 (6403B007)'.",No,26425849#10737119_original
"Do the two product descriptions refer to the same real-world product? Entity 1: 'Shimano M05 Pads Disc Brake (Deore) (Resin )'. Entity 2: 'Shimano Shimano M05 Resin Disc Brake Pads and BR - M515, BR - M515LA and Nexave BR - C601 Calipers'.",Yes,4484537#25657556_both_augmented
Do the two product descriptions refer to the same real-world product? Entity 1: 'Hhdro Flask 32 oz Wide Mouth Vlex Cap Bottle in Sunflower'. Entity 2: 'Sunflower 32oz. Wide Mouth _ Bottle'.,Yes,11665937#46741147_both_augmented
"Do the two product descriptions refer to the same real-world product? Entity 1: 'Razer DeathAdder V2 Ergonomic Wired Gaming Mouse (RZ01-03210100-R3M1) (Warranty 2years with Ban Leong)'. Entity 2: 'Maxxis Maxxis Minion DHR II Tire: 29 x 2.40"", Folding, 60tpi, 3C MaxxGrip 2- Ply, Tubeless Ready, Wide Trail, Black'.",No,5964390#22007806_original
Do the two product descriptions refer to the same real-world product? Entity 1: 'Tissot Mens T-Sport Seastar 1000 Chronograph Black Dial Stainless Steel Bracelet Watch T120.417.11.051.00'. Entity 2: 'DVR 8 canale Hikvision TurboHD 5MP 4 canale alarma audio DS-7208HUHI-K1 H.265'.,No,17282907#69817830_original
Do the two product descriptions refer to the same real-world product? Entity 1: 'Ubiquiti UniFi AP AC Mesh PRO 802.11ac Dual Radio Indoor/Outdoor access point - 1750Mbps 5 pack no PoE'. Entity 2: 'Ubiquiti UniFi Mesh AP OUT AC1750 PACK'.,Yes,86924416#45001854_left_original_right_augmented
Do the two product descriptions refer to the same real-world product? Entity 1: 'Corsair Carbide SPEC-01 Tower Black'. Entity 2: 'Corsair Carbide Spec-01 Red LED Mid-Tower Case'.,Yes,20467137#88727182_original
Do the two product descriptions refer to the same real-world product? Entity 1: 'D-Link Switch 24 Puertos- Red'. Entity 2: 'Switch D-Link - Web smart - switch - 24 porte - gestito dgs-1210-24'.,No,51810284#34259452_original
Do the two product descriptions refer to the same real-world product? Entity 1: 'Adata XPG SX6000 _ 1TB M. 2 PCIe GEN3x4 SSD ASX6000LNP - _ - C'. Entity 2: 'XPG SX6000 Lite internal solid state drive 1000 GB PCI Express 3.0 3D TLC NVMe M.2 SSD'.,Yes,65953977#16403660_left_augmented_right_original
"Do the two product descriptions refer to the same real-world product? Entity 1: 'RAM Torque 28mm-38mm Handlebar & Rail Base 1.5\"" Ball'. Entity 2: 'RAM Mount Torque™ 3/4"" - 1"" Diameter Handlebar/Rail Base with 1"" Ball and X-Grip®'.",No,53451198#12109505_original
Do the two product descriptions refer to the same real-world product? Entity 1: 'Manfrotto MVH500AH Lightweight Video Head with Flat Base'. Entity 2: 'SanDisk SSD PLUS 120GB Solid State Drive -SDSSDA-120G-G27'.,No,64607522#8174351_original
Do the two product descriptions refer to the same real-world product? Entity 1: 'Crucial 500GB MX500 M.2 2880 SATA 6Gb/s SSD'. Entity 2: 'Crucial MX500 M.2 2280 500GB Internal SSD 560MB/s CT500MX500SSD4 | PCByte'.,Yes,1741624#18862066_original
Do the two product descriptions refer to the same real-world product? Entity 1: 'Epson T75 51 XL Black High Yield Ink Cartridge C13T755140 / T7551 E P53959'. Entity 2: 'Epson T7551 (Prentar 4000 síður) XL svart blekhylki (100ml) fyrir WorkForce WF - oXXX prentara'.,Yes,2046148#57534412_both_augmented
Do the two product descriptions refer to the same real-world product? Entity 1: '_ Color LaserJet Professional CP5225dn'. Entity 2: 'HP printer Color LaserJet Professional _ (_ # B19 )'.,Yes,17869090#17681625_both_augmented
Do the two product descriptions refer to the same real-world product? Entity 1: 'AAA Replica Audemars Piguet Royal Oak Chronograph Black Dail Watch 26331ST.OO.1220ST.02'. Entity 2: 'Piguet audemars - Audemars Piguet Royal Oak Chronograph 41mm Mens Watch - 26331ST. . OO 1220ST. 02'.,Yes,31558480#30454890_left_original_right_augmented
"Do the two product descriptions refer to the same real-world product? Entity 1: 'RAM Motorcycle Combination Base for Handlebar or Brake/Clutch Reservoir with 1\"" ...'. Entity 2: 'Hikvision MP Outdoor IR DS-2DE5225IW-AE'.",No,54550733#34073206_original
"Do the two product descriptions refer to the same real-world product? Entity 1: 'AMD AM4-3400G RYZEN5 3.7GHz'. Entity 2: 'RAM 2.25\"" Ball with 2 U-Bolts (RAM-D-235U)'.",No,44025931#51919374_original
Do the two product descriptions refer to the same real-world product? Entity 1: 'Jabra BIZ 2300 USB MS Mono - headset'. Entity 2: 'Swiss Military Hanowa06-4226.30.003.03 Immersion Uhr'.,No,3736831#6800809_original
Do the two product descriptions refer to the same real-world product? Entity 1: 'BenQ SW2700PT 27in QHD Professional Monitor'. Entity 2: 'B'.,Yes,62842391#32701286_both_augmented
Do the two product descriptions refer to the same real-world product? Entity 1: 'Carto de memria micro SD classe 10 Canvas Select'. Entity 2: 'Kingston Canvas Select (32GB) MicroSD Card Class 10 UHS-1 U1 with Adaptor'.,Yes,70986060#37065951_left_augmented_right_original
"Do the two product descriptions refer to the same real-world product? Entity 1: 'Epson atrament SPro 7880/9880/7800/9800 light black 220ml C13T603700'. Entity 2: 'Epson Tinte T6037 Light Black, 220 ml'.",Yes,19042808#12650660_original
Do the two product descriptions refer to the same real-world product? Entity 1: 'Logitech HD Pro Webcam C920 - webkamera'. Entity 2: 'LOGITECH C922 PRO STREAM FULL HD WEBCAM (960-001090)-WRTY 1YR W/BANLEONG'.,No,25980770#29716234_original
"Do the two product descriptions refer to the same real-world product? Entity 1: 'PHILIPS MONITOR LED IPS 24\"" (23.8) 16:9 FULLHD VGA DVI HDMI 243V7QDSB'. Entity 2: 'Corsair ML140 Pro LED, Red, 140mm Premium Magnetic Levitation Fan'.",No,96098511#29553137_original
"Do the two product descriptions refer to the same real-world product? Entity 1: 'Western Digital (WDC) 250GB 2.5\"" SATA SSD Blue 7mm Cased'. Entity 2: '3M - PF19 PRIVACY FILTER BLACK FOR 19,0IN / 48,3 CM / 5:4IN ACCS'.",No,62287971#17629924_original
Do the two product descriptions refer to the same real-world product? Entity 1: '128GB transcend Internal SSD 2. 5 ″ SATA3'. Entity 2: 'TRANSCEND SSD230S 128Gb 3D NAND SATA 3 Aluminium (TS128GSSD230S )'.,Yes,25870078#84514463_both_augmented
"Do the two product descriptions refer to the same real-world product? Entity 1: 'Shimano Shimano M05 Resin Disc Brake Pads and Spring for Deore BR-M515, BR- M515LA and Nexave BR-C601 Calipers'. Entity 2: 'Samsung T7 Blue 2TB Portable SSD USB-C/A Gen2'.",No,25657556#98124674_original
Do the two product descriptions refer to the same real-world product? Entity 1: 'Zebra 800011-101 ZXP Series 1 Ribbon ZXP Series 1 Load-N-Go Black Monochrome Ribbon'. Entity 2: 'Zebra ZXP Series 1Black Monochrome Ribbon K - 1000 Prints 800011-101'.,Yes,41234714#92894304_original
Do the two product descriptions refer to the same real-world product? Entity 1: 'ASUS PRIME X570-PRO (AM4) (D) (90MB11B0-M0EAY0)'. Entity 2: 'SRAM Disc Brake Pad Set Organic Compound'.,No,77308213#18915981_original
Do the two product descriptions refer to the same real-world product? Entity 1: 'Zebra Black Monochrome 800033 - 801 - 1000 Prints'. Entity 2: 'Zebra TrueColours ix Series Monochrome - 1 - black - print ribbon'.,Yes,77094922#10496_left_augmented_right_original
Do the two product descriptions refer to the same real-world product? Entity 1: 'TP - LiMk 150Mbkt - WLAN - Lite - N - PCI Express x1 Adapter'. Entity 2: 'Wireless TP-LINK Wireless Lan TL-WN781ND'.,Yes,30502153#48790334_left_augmented_right_original
"Do the two product descriptions refer to the same real-world product? Entity 1: 'SDS2/32GB, 32GB SDHC Canvas Select Plus 100R C10 UHS-I U1 V10'. Entity 2: 'Kingston Canvas Select SDHC Plus Memory Card UHS - I 4K HD FULL 100MB / s - 32GB'.",Yes,55718937#70291557_left_original_right_augmented
Do the two product descriptions refer to the same real-world product? Entity 1: 'Garmin Fenix 5X Sapphire Black Strap 010 - 01989 - 01'. Entity 2: 'Fenix 5X Plus GPS Black Smartwatch'.,Yes,52404977#18346724_left_augmented_right_original
Do the two product descriptions refer to the same real-world product? Entity 1: 'Toner Brother - Nero - ricarica toner tn200'. Entity 2: 'Toner kompatibel zu Brother TN-200 Black'.,Yes,6020197#68874465_original
Do the two product descriptions refer to the same real-world product? Entity 1: 'TP-Link EAP110 Auranet Access Point 300Mps'. Entity 2: 'APC Smart UPS RM 3000VA'.,No,75297744#18693009_original
Do the two product descriptions refer to the same real-world product? Entity 1: 'TP-Link Archer T9UH Wireless AC1900 USB Adapter'. Entity 2: 'TP-Link 150Mbit-WLAN-Lite -N-PCI Express x1 Adapter'.,No,80086981#30502153_original
Do the two product descriptions refer to the same real-world product? Entity 1: 'Shimano Cassette 11s 11-46 CS-M8000'. Entity 2: 'XT CS-M8000 11 Speed Cassette'.,Yes,75132289#49913390_original
Do the two product descriptions refer to the same real-world product? Entity 1: 'HPE 300GB SERVER SMART MEMORY 6G 15K SAS 2.5 652611-B21'. Entity 2: 'D'addario XTAPB1356XT Acoustic strings set Phosphor Bronze Medium 13-56'.,No,71290070#31149803_original
Do the two product descriptions refer to the same real-world product? Entity 1: 'Corsair Value Select 8GB PC4-17000 - 8 GB - 1 x 8 GB - DDR4 - 2133 MHz - 288-pin DIMM'. Entity 2: 'Epson oryginalny tusz T2982 29 cyan'.,No,48430039#66191134_original
Do the two product descriptions refer to the same real-world product? Entity 1: 'Sram PG 1130 11sp cassette 11-36T'. Entity 2: 'KINGSTON MICRO SD CARD CANVAS SELECT PLUS 128GB 100MB/S LIMITED LIFETIME'.,No,97112728#96712384_original
"Do the two product descriptions refer to the same real-world product? Entity 1: 'BenQ G W2480 23. 8 in ch LED IPS Monitor - Full HD, 5ms, Speakers'. Entity 2: 'BenQ GW2480 23. 8 "" Full HD Monitor'.",Yes,83013356#83555610_both_augmented
Do the two product descriptions refer to the same real-world product? Entity 1: 'Ubiquiti UniFi AC Pro 5-pack UAP-AC-PRO-5 Ubiquiti'. Entity 2: 'Ubiquiti UniFi Dual-Band WiFi PoE Access Point UAP-AC-HD - 5 Pack'.,No,91980346#18960736_original
Do the two product descriptions refer to the same real-world product? Entity 1: 'Ubiquiti UVC-G3-FLEX-3 UniFi Protect G3 FLEX Camera 3-Pack'. Entity 2: 'Ubiquiti UniFi Protect G4-PRO Camera'.,No,44557157#79415655_original
Do the two product descriptions refer to the same real-world product? Entity 1: 'APPLE - Airpods With Charging Case'. Entity 2: 'APPLE - AIRPODS WITH CHARGING CASEIN'.,Yes,16529934#97396039_original
"Do the two product descriptions refer to the same real-world product? Entity 1: 'Crucial MX500 250GB SATA 2.5-inch, SATA 6.0Gb/s 7mm Solid State Drive'. Entity 2: 'Shimano Shimano PD-R7000 105 SPD-SL PEDAL W/O REFLECTOR W/CLEAT'.",No,19102781#51909448_original
Do the two product descriptions refer to the same real-world product? Entity 1: 'U'. Entity 2: 'Ubiquiti UniFi Protect G4 - Camera PRO'.,Yes,21670568#79415655_both_augmented
"Do the two product descriptions refer to the same real-world product? Entity 1: '3M - PF27.0W9 PRIVACY FILTER BLACK FOR 27,0IN / 68,6 CM / 16:9IN ACCS'. Entity 2: '3M - Sekretessfilter 27 \ "" Widescreen _: 9'.",Yes,10719102#16785446_left_original_right_augmented
"Do the two product descriptions refer to the same real-world product? Entity 1: 'Epson S050189 Cyan, High Capacity Toner Cartridge'. Entity 2: 'EPSON S042091 premium glossy photo paper 255g/m², A2/25vel'.",No,24927054#51946981_original
"Do the two product descriptions refer to the same real-world product? Entity 1: 'Corsair ML120 Pro LED, Red, 120mm Premium Magnetic Levitation Fan'. Entity 2: 'Corsair ML140 PRO RGB LED 140MM PWM Premium Magnetic Levitation Fan - Single Pack'.",No,11409646#97634734_original
"Do the two product descriptions refer to the same real-world product? Entity 1: 'T1700G-28TQ GE/XG/SMA/24, Switch'. Entity 2: 'ShimanoSm-Sh10 Spd-Sl Cleats, Fixed'.",No,81441228#70495926_original
Do the two product descriptions refer to the same real-world product? Entity 1: 'Logitech H540 USB Headset With High - Definition sound and on - ear controls - Black | 981'. Entity 2: 'LOGITECH Corded USB Headset H540 - USB - EMEA'.,Yes,12890760#78504458_left_augmented_right_original
Do the two product descriptions refer to the same real-world product? Entity 1: 'FUJIFILM Super EBC XF 23mm f/2 R WR Lens - Black'. Entity 2: 'Elixir Phosphor Acoustic Strings - Extra Light'.,No,3348619#32413380_original
Do the two product descriptions refer to the same real-world product? Entity 1: 'APC - Schneider SMART-UPS 1000VA LCD 230V'. Entity 2: 'APPLE - AIRPODS WITH CHARGING CASEIN'.,No,77969198#97396039_original
Do the two product descriptions refer to the same real-world product? Entity 1: 'Fujifilm XF 56mm f/1.2 R'. Entity 2: 'Orologio Garmin Venu 010-02173-12 Venu'.,No,81954319#76426260_original
"Do the two product descriptions refer to the same real-world product? Entity 1: 'HyperX Predator 16GB - PC4-26600 - DIMM'. Entity 2: 'Mouse Gaming RAZER Mamba Elite, 16000 dpi, negru'.",No,87322400#1283491_original
"Do the two product descriptions refer to the same real-world product? Entity 1: 'Asus ROG Strix X570 - F GAMING Motherboard, _, 3x PCIe x16, SATA _ _, USB 3. 2, _, M. 2, DisplayPort, HDMI, 8ch audio, ATX, scAM4, _ | 90MB1160 - M0EAY0'. Entity 2: 'Asus ROG Strix X570-F Gaming ATX - motherboard'.",Yes,83211359#31886989_left_augmented_right_original
Do the two product descriptions refer to the same real-world product? Entity 1: 'Mavic 2 Part11 _ Charger'. Entity 2: 'DJI Mavic 2 Car Charger'.,Yes,15306268#24574240_left_augmented_right_original
Do the two product descriptions refer to the same real-world product? Entity 1: 'XT CS-M8000 11 Speed Cassette'. Entity 2: 'Shimano Shimano Cs-R8000 Cassette 11-28t Ultegra 11-Speed'.,No,49913390#51733905_original
Do the two product descriptions refer to the same real-world product? Entity 1: 'Logitech H540 USB Headset With High - Definition sound and on - ear controls - Black | 981'. Entity 2: 'LOGITECH Corded USB Headset - USB - EMEA'.,Yes,12890760#78504458_both_augmented
Do the two product descriptions refer to the same real-world product? Entity 1: 'Epson Papir Photo Premium Glossy 13X18cm 30-ark 255G'. Entity 2: 'Epson A3 Premium Glossy Photo Paper 255gsm (Pack of 20) C13S041315'.,No,88168633#71490927_original
Do the two product descriptions refer to the same real-world product? Entity 1: 'ASUS GeForce RTX 2080 SUPER 8GB DUAL OC EVO'. Entity 2: 'Crucial 500GB MX500 M.2 2880 SATA 6Gb/s SSD'.,No,29339493#1741624_original
"Do the two product descriptions refer to the same real-world product? Entity 1: 'Epson Seahorse Multipack 6 - T0487 kleur'. Entity 2: 'Epson T0487 Multipack (Black, Cyan, Magenta, _, Light Cyan, Light _ )'.",Yes,41456801#79707438_both_augmented
Do the two product descriptions refer to the same real-world product? Entity 1: '2012 SRAM Red XG-1090 10-Speed X-Dome 11-23 Cassette'. Entity 2: 'Epson Ink Cartridge - Matte Black 700ml'.,No,1781011#415992_original
"Do the two product descriptions refer to the same real-world product? Entity 1: 'APC Replacement Battery Cartridge #133UPS battery - Lead Acid'. Entity 2: 'RAM Triple 1\"" Ball Adapter - RAM-B-289U'.",No,9561888#30675144_original
"Do the two product descriptions refer to the same real-world product? Entity 1: 'Evans 14\"" TT14EC2S Clear Drum Head'. Entity 2: 'iiyama Prolite 27\"" XUB2792QSU-B1 WQHD IPS Monitor Tilt/Swivel/Pivot'.",No,5519409#16154426_original
"Do the two product descriptions refer to the same real-world product? Entity 1: 'DS-7208HUHI-k2-P 8 Channel DVR Turbo 4.0 PoC 5MP'. Entity 2: '16TB IronWolf Pro ST16000NE000, 7200 RPM, SATA 6Gb/s, 256MB cache, 3.5-Inch HDD'.",No,90921158#26425849_original
Do the two product descriptions refer to the same real-world product? Entity 1: 'Canon Ink Jet Cartridge PGI-72 PBK/GY/PM/PC/CO Multipack 40433'. Entity 2: 'Canon Multipack PGI-72multi1 (6403B007)'.,Yes,30007794#10737119_original
Do the two product descriptions refer to the same real-world product? Entity 1: 'Samsung T7 Blue 2TB Portable SSD USB-C/A Gen2'. Entity 2: 'Samsung T7 Portable SSD [2TB] (Indigo Blue)'.,Yes,98124674#18327954_original
Do the two product descriptions refer to the same real-world product? Entity 1: 'Intel Core i3 8300 Quad Core 3.7GHz Processor'. Entity 2: 'Kingston 32GB DDR4 3000MHz Kit(2x16GB) HyperX Predator Intel XMP'.,No,75749012#54377216_original
Do the two product descriptions refer to the same real-world product? Entity 1: 'HP Color LaserJet Professional CP5225dn'. Entity 2: 'RAM® Composite Double Socket Arm'.,No,17869090#18456007_original
Do the two product descriptions refer to the same real-world product? Entity 1: 'DYMO D1 Labelling Tape 45803 White 19 mm x 7 m'. Entity 2: 'D ymo Label Casette D1 (1 9mm x 7m - Black On White )'.,Yes,88730603#35191236_both_augmented
Do the two product descriptions refer to the same real-world product? Entity 1: 'JABRA Evolve 40 UC USB - Mono'. Entity 2: 'JABRA Evolve 20 UC USB - Mono'.,No,51400506#38552937_original
Do the two product descriptions refer to the same real-world product? Entity 1: 'Oakley Jawbreaker MTB Solglsasögon Matte Black w/ Prizm Road'. Entity 2: 'DS-7216HQHI-K1 Hikvision 16 cs. TurboHD DVR'.,No,12127235#3762458_original
Do the two product descriptions refer to the same real-world product? Entity 1: 'Cheap Replica Audemars Piguet Royal Oak Offshore Chronograph Watch 26470OR.OO.A125CR.01'. Entity 2: 'Audemars Piguet-Audemars Piguet Royal Oak Offshore Chronograph 42mm Mens Watch-26470OR.OO.A125CR.01'.,Yes,25877530#30454889_original
Do the two product descriptions refer to the same real-world product? Entity 1: 'Pokemon TCG:Sword and Shield Rebel Clash Three Booster Blister- Dural'. Entity 2: 'PKM - Pokémon - Sword & Shield - Rebel Clash Booster'.,No,17465629#4486003_original
"Do the two product descriptions refer to the same real-world product? Entity 1: 'Crucial BX500 2.5\"" 480 GB Serial ATA III'. Entity 2: 'Crucial BX500 480 GB SSD Micron 3D NAND S ATA III 6Gb / s 2. 5 Internal Solid State Drive'.",Yes,23491163#93651578_left_original_right_augmented
Do the two product descriptions refer to the same real-world product? Entity 1: 'Gorra New Era NY Yankees MLB 9Fifty Cap'. Entity 2: 'Evans EC2S 13'' Clear Batter - TT13EC2S'.,No,84459988#74972794_original
"Do the two product descriptions refer to the same real-world product? Entity 1: 'Maxxis Maxxis Minion DHR II Tire: 29 x 2.40"", Folding, 60tpi, 3C MaxxGrip 2- Ply, Tubeless Ready, Wide Trail, Black'. Entity 2: 'Maxxis Maxxis, Minion DHR2, Tire, 29''x2.40, Folding, Tubeless Ready, 3C Maxx Grip, 2-ply, Wide Trail, 60TPI, Black'.",Yes,22007806#12389785_original
Do the two product descriptions refer to the same real-world product? Entity 1: 'TP - Link EAP225 - Outdoor AC1200 MU Wireless - Gigabit MIMO Indoor / Outdoor Access Point'. Entity 2: 'TP - Link EAP2 25 Outdoor Access Point'.,Yes,73248952#42516046_both_augmented
Do the two product descriptions refer to the same real-world product? Entity 1: 'Manfrotto MVK500AM Fluid Video Head With Lightweight Telescopic Legs'. Entity 2: 'Manfrotto XPRO Fluid Tripod Head with Fluidity Selector'.,No,37865200#72145468_original
Do the two product descriptions refer to the same real-world product? Entity 1: 'TP - _ | AC1900 High Gain Dual Band Wifi Adapter | Wireless WiFi _ Adapter for PC (_ T9UH )'. Entity 2: 'TP - Link Archer T9UH W ireless AC1900 USB Adapter'.,Yes,98241359#80086981_both_augmented
Do the two product descriptions refer to the same real-world product? Entity 1: 'Samsung Portable SSD T7 Touch 1TB - Zilv er'. Entity 2: 'Samsung T7 Touch Portable SSD Drive 1TB [] () Silver'.,Yes,5603029#48035811_both_augmented
Do the two product descriptions refer to the same real-world product? Entity 1: 'Daniel Wellington Classic Sheffield Rose 40mm -rannekello DW00100007'. Entity 2: 'Daniel Wellington Classic Sheffield Men 40mm Quartz Watch 0206DW'.,No,77020269#62422382_original
Do the two product descriptions refer to the same real-world product? Entity 1: '215.30.46.51.01.001 Omega Seamaster Planet Ocean Chronograph 45.5mm'. Entity 2: 'Cheap Replica Audemars Piguet Royal Oak Offshore Chronograph Watch 26470ST.OO.A099CR.01'.,No,30102415#30674519_original
Do the two product descriptions refer to the same real-world product? Entity 1: 'Samsung T7 Portable SSD [2TB] (Indigo Blue)'. Entity 2: 'Omega Seamaster Planet Ocean 600m Co-Axial Master Ceramic 215.92.46.22.01.004 Black Dial Replica'.,No,18327954#1515409_original
Do the two product descriptions refer to the same real-world product? Entity 1: 'Epson 79xl Cartuccia Magenta Originale per WF - WF 5620 - 5690 WF - 4630 C13T79034010'. Entity 2: 'Epson WF4630/5110/5690 Magenta INK 17ML EP53600'.,Yes,2314380#10385523_left_augmented_right_original
"Do the two product descriptions refer to the same real-world product? Entity 1: 'Shimano R550 SPD-SL Pedals - Black'. Entity 2: 'Apple iPad Air Wi-Fi 256 GB Silver - 10.5\"" Tablet - A12 26.67cm-Display'.",No,26049981#30143469_original
Do the two product descriptions refer to the same real-world product? Entity 1: 'EF canon - M 18 - 150mm f / 3. 5 - 6 3. IS STM () Black'. Entity 2: 'Canon EF-M 18-150mm f/3.5-6.3 IS STM Schwarz EU10'.,Yes,40876435#89258775_left_augmented_right_original
"Do the two product descriptions refer to the same real-world product? Entity 1: 'Corsair Carbide 175R RGB Black Mid Tower ATX Case, Tempered Glass Side Window, No _, _ USB _. 0, HD Audio, 1x 120mm Fan _'. Entity 2: 'Carbide 175R RGB Windowed Mid-Tower Case Tempered Glass'.",Yes,41485546#2952392_left_augmented_right_original
Do the two product descriptions refer to the same real-world product? Entity 1: 'Kingston Digital C anvas Select 128GB micro SD Card w / Adapter (SDCS - 128GB )'. Entity 2: 'Kingston Technology Canvas memory 128 GB MicroSDXC Class 10 UHS - I'.,Yes,47070583#70702847_both_augmented
"Do the two product descriptions refer to the same real-world product? Entity 1: 'Jabra EVOLVE 80 MS Stereo (7899-823-109)'. Entity 2: 'Maxxis High Roller II 650b 27.5\"" Dual Compound EXO Folding Tubeless Ready Mountain Bike Tyre'.",No,13142970#70403624_original
Do the two product descriptions refer to the same real-world product? Entity 1: 'Cappello New Era Clean Trucker 2 NY Yankees Cap'. Entity 2: 'Samsung T7 Blue 2TB Portable SSD USB-C/A Gen2'.,No,39833087#98124674_original
Do the two product descriptions refer to the same real-world product? Entity 1: 'Maxxis Tire Assegai 3C MAXXTERRA/EXO+/TR Foldable 27.5x2.50WT'. Entity 2: 'APC Smart-UPS SRT 10000VA SRT10KXLI'.,No,30212626#87076936_original
"Do the two product descriptions refer to the same real-world product? Entity 1: '- DESKTOP LCD LW FRAMED FILTER'. Entity 2: '3M - Lightweight 300 Privacy Filter PF322WSkjermfilter mot innsyn, m/ramme 20\""-23\""W (30,7 x 48,5)'.",Yes,1286250#562267_left_augmented_right_original
Do the two product descriptions refer to the same real-world product? Entity 1: 'Full Frame E-Mount FE 24-240mm F3.5-6.3 OSS Lens'. Entity 2: 'Sony SEL24240 FE 24-240mm f/3.5-6.3 OSS Zoom Lens for Mirrorless Cameras'.,Yes,97035417#18865753_original
"Do the two product descriptions refer to the same real-world product? Entity 1: 'Garmin fenix 5s Sapphire Black'. Entity 2: 'MikroTikCloud Core Router 1036-12G-4S with Tilera Tile-Gx36 CPU (36-cores, 1.2Ghz per core), 16GB RAM, 4xSFP cage, 12xGbit LAN, RouterOS L6, 1U rackmount case, PSU, LCD panel'.",No,96636315#6256141_original
"Do the two product descriptions refer to the same real-world product? Entity 1: 'Maxxis High Roller II 29"" WideTrail Tire - 3C MT DD / 2.5""'. Entity 2: 'High Roller II Bike Tire: 29 x 2.50\"", Folding, 120tpi, 3C MaxxTerra, Double Down, Tubeless Ready, Wide Trail'.",Yes,20847407#56064924_original
Do the two product descriptions refer to the same real-world product? Entity 1: 'SANDISK EXTREME SDXC 128GB 150MB/S C10 U3'. Entity 2: 'SANDISK EXTREME PRO SDXC 256GB 170MB/S C10 U3'.,No,83274921#92318972_original
Do the two product descriptions refer to the same real-world product? Entity 1: 'Original Epson T1571 Photo Black Cartridge Ink'. Entity 2: 'Epson Tinte schwa rz - photo f. R3000'.,Yes,55645397#10229909_both_augmented
Do the two product descriptions refer to the same real-world product? Entity 1: 'Cooler Master Hyper H411R CPU Cooler RR-H411-20PW-R1 | PCByte'. Entity 2: 'Cooler Master MasterLiquid ML120L V2 RGB All In One Liquid CPU Cooler'.,No,90916504#35737919_original
"Do the two product descriptions refer to the same real-world product? Entity 1: 'Catalyst 2960-X 24 GigE PoE 370W, 2 x 10G SFP+, LAN Base'. Entity 2: 'Corsair 110R Tempered Glass Black ATX Case, Tempered Glass Side Window, No PSU, 2x USB 3.1, HD Audio, 120mm Fan pre-installed'.",No,45014189#37955791_original
"Do the two product descriptions refer to the same real-world product? Entity 1: 'RAM Mount 3.5\"" Twist Lock Suction Cup Base with 1\"" Ball'. Entity 2: 'RAM 2.75\"" Diameter Suction Cup Base with 1\"" Ball'.",No,4287952#2701835_original
"Do the two product descriptions refer to the same real-world product? Entity 1: 'High Roller II Bike Tire: 29 x 2.50\"", Folding, 120tpi, 3C MaxxTerra, Double Down, Tubeless Ready, Wide Trail'. Entity 2: 'Access Point TP-LINK Wireless N 300Mbs B/G/N - 3 Antenas'.",No,56064924#7873500_original
"Do the two product descriptions refer to the same real-world product? Entity 1: 'Apple AirPods Pro, Kopfhrer - EU'. Entity 2: 'Apple AirPods Pro Bluetooth Earbuds w/ Wireless Charging Case, White (MWP22AM/A)'.",Yes,48169914#88924072_original
Do the two product descriptions refer to the same real-world product? Entity 1: 'L'. Entity 2: 'Lexma rk Toner Sort 3. 5k - E3 60 / E460 Return'.,Yes,75840459#69866884_both_augmented
Do the two product descriptions refer to the same real-world product? Entity 1: 'SHIMANO XT CN-HG95 HG-X chain'. Entity 2: 'Shimano Shimano Cn-Hg901 11-Spd Chain Xtr / Dura Ace W/ Quick Link'.,No,63479109#54685720_original
Do the two product descriptions refer to the same real-world product? Entity 1: 'Kappe New Era NFL New Orleans Saints 9Fifty Cap'. Entity 2: 'Kappe New Era NY Yankees MLB 9Fifty Cap'.,No,56475885#12959047_original
"Do the two product descriptions refer to the same real-world product? Entity 1: 'Crucial MX500 2TB 3D NAND SATA 5 Inch Internal SSD'. Entity 2: 'Crucial 2TB MX500 5 "" 7mm SATA 6Gb / s SSD'.",Yes,52356483#91126559_both_augmented
Do the two product descriptions refer to the same real-world product? Entity 1: 'Jabra Evolve 20 SE Special Edition UC USB'. Entity 2: 'Evolve 20 Special Edition Mono MS'.,Yes,35793904#96691496_left_augmented_right_original
"Do the two product descriptions refer to the same real-world product? Entity 1: 'Corsair ML140 PRO RGB LED 140MM PWM Premium Magnetic Levitation Fan - Single Pack'. Entity 2: 'Corsair ML140 Pro LED, Red, 140mm Premium Magnetic Levitation Fan'.",No,97634734#29553137_original
Do the two product descriptions refer to the same real-world product? Entity 1: 'Orologio Garmin Fenix 6 010-02157-11 Fēnix 6X Sapphire'. Entity 2: 'MultiPlus Inverter/Charger C 12/2000/80-30'.,No,36027066#48734603_original
Do the two product descriptions refer to the same real-world product? Entity 1: 'Cartucho ti nta negro l epson t7031 - 24ml - big ben - para wp - 4595 dnf / d twf / 4535dwf / 4525dnf / 45 15dn / 4095dn / 4025dw /'. Entity 2: 'Epson Blekk Sv art T7031 L - WP4000 / 4500'.,Yes,18289538#62242632_both_augmented
Do the two product descriptions refer to the same real-world product? Entity 1: 'Xerox 106R01162 OEM Toner Cartridge For Phaser 7760 Yellow - 25K'. Entity 2: 'Xerox Phaser 6000/6010 Black Toner'.,No,7574514#18835729_original
"Do the two product descriptions refer to the same real-world product? Entity 1: 'Logitech H151 Stereo Headset On Ear Kabelgebunden'. Entity 2: 'Logitech H151 Wired Headset, Stereo Headphones with Rotating Noise-Cancelling Microphone, 3.5 mm Audio Jack'.",Yes,50278024#75799899_original
Do the two product descriptions refer to the same real-world product? Entity 1: 'Sony SEL20F18G.SYX - Sony E-Mount FE 20mm F1.8 G'. Entity 2: 'Sony SEL 30mm 3.5 Makro E-Mount'.,No,3170005#62945209_original
"Do the two product descriptions refer to the same real-world product? Entity 1: 'Elixir Phosphor Bronze Acoustic Guitar Strings with NANOWEB Coating, Extra Light (.010-.047)'. Entity 2: 'Elixir Phosphor Acoustic Strings - Light'.",Yes,7413764#32413380_left_original_right_augmented
"Do the two product descriptions refer to the same real-world product? Entity 1: 'Seagate 6TB 7200rpm SATA-600 256MB NAS HDD ST6000NE000'. Entity 2: 'Seagate IronWolf 6TB 3,5'' 256MB ST6000VN0033'.",No,18480165#59536106_original
Do the two product descriptions refer to the same real-world product? Entity 1: 'Gigabyte Radeon RX 5500 XT OC 4GB GDDR6'. Entity 2: 'ASUS TUF Gaming TUF 3-RX5700XT-O8G-GAMING Radeon RX 5700 XT 8 GB GDDR6'.,No,6721540#67318157_original
Do the two product descriptions refer to the same real-world product? Entity 1: 'ASUS GeForce GTX 1660 SUPER DUAL EVO OC'. Entity 2: 'ASUS Dual GeForce GTX 1660 6GB OC Edition EVO 192Bit GDDR5'.,No,42779659#48791418_original
Do the two product descriptions refer to the same real-world product? Entity 1: 'Kingston 16GB/3333MHz DDR-4 HyperX Predator XMP (Kit! 2db 8GB) (HX433C16PB3K2/16) memória'. Entity 2: 'Kingston 32GB DDR4 3000MHz Kit(2x16GB) HyperX Predator Intel XMP'.,No,38071613#54377216_original
Do the two product descriptions refer to the same real-world product? Entity 1: 'Router wifi archer c60 ac1350 dual'. Entity 2: 'Ubiquiti Unifi AC In-Wall AP Wireless Access Point 5 Pack UAP-AC-IW-5 (No PoE Injector)'.,No,33671496#65827191_original
Do the two product descriptions refer to the same real-world product? Entity 1: 'Manfrotto MVH502AH Fluid Video Head with MT055XPRO3 Tripod'. Entity 2: 'Memoire DDR4 G.Skill Trident Z F4-3600C16D-16GTZNC'.,No,48435137#96889697_original
Do the two product descriptions refer to the same real-world product? Entity 1: 'DJI Accessory CP. PT. 000562 6 Car Charger Retail'. Entity 2: 'DJI Pro automobilinis įkroviklis / Car Charger'.,Yes,58902636#18922461_both_augmented
"Do the two product descriptions refer to the same real-world product? Entity 1: 'LACIE 2TB 2.5 MOBILE PORTABLE USB 3.0 MOON SILVER'. Entity 2: 'LaCie Mobile Drive 2,5"" 5 TB Moon Silver USB 3.1 Gen 2'.",No,23605781#5312650_original
Do the two product descriptions refer to the same real-world product? Entity 1: 'Tissot Heritage Visodate Analog Swiss Quartz Sapph ire Cry stal Men ' s Watch'. Entity 2: 'T'.,Yes,34746615#56904801_both_augmented
"Do the two product descriptions refer to the same real-world product? Entity 1: 'Shimano M05 Pads Disc Brake (Deore) (Resin )'. Entity 2: 'Shimano Shimano M05 Resin Disc Brake Pads and Spring for Deore BR-M515, BR- M515LA and Nexave BR-C601 Calipers'.",Yes,4484537#25657556_left_augmented_right_original
Do the two product descriptions refer to the same real-world product? Entity 1: 'Canon EF 100mm F2.8 L IS USM Macro Lens'. Entity 2: 'Logitech 3.5 mm Analog Stereo Headset H151 with Boom Microphone - Black'.,No,7274546#46809516_original
Do the two product descriptions refer to the same real-world product? Entity 1: 'Corsair Vengeance LPX 16GB DDR4 2400MHz(CMK16GX4M1A2400C14)'. Entity 2: 'TP-Link TL-WN725N Nano Wireless USB Adapter'.,No,31803140#22685310_original
Do the two product descriptions refer to the same real-world product? Entity 1: 'EPSON Premium Glossy Photo Paper A4 30ks /'. Entity 2: 'Epson A4 Premium Glossy PhKto Paper'.,Yes,12051271#91929224_both_augmented
"Do the two product descriptions refer to the same real-world product? Entity 1: 'Corsair 8GB (1x8GB) 2666MHz CL16 Vengeance LPX Black'. Entity 2: 'Western Digital Blue PC SSD 2.5\"" 7mm 250GB'.",No,82583255#34301207_original
Do the two product descriptions refer to the same real-world product? Entity 1: 'APC Replacement Battery Cartridge # _'. Entity 2: 'APC By Schneider Electric APC Replacement Battery Cartridge'.,Yes,12524915#61786686_left_augmented_right_original
Do the two product descriptions refer to the same real-world product? Entity 1: 'Kingst on StorageDataTraveler SEG G2 64GB USB 3. 0 Metal'. Entity 2: 'KINGSTON 64GB USB 3.0 DataTraveler SE9 G2 (Kovový) DTSE9G2/64GB'.,Yes,69167600#3024917_left_augmented_right_original
Do the two product descriptions refer to the same real-world product? Entity 1: 'Shim ano Sh imano Cs - R9100 Cassette 11 - 25 Dura - Ace 11 - Speed'. Entity 2: 'Dura - Ace 9 100 11 - Spe ed Cassette 11 - 25T'.,Yes,31276154#18567164_both_augmented
Do the two product descriptions refer to the same real-world product? Entity 1: 'Ubiquiti UniFi Video Camera G3 FLEX 3-Pack UVC-G3-FLEX-3 Ubiquiti'. Entity 2: 'Ubiquiti UVC-G3-FLEX-3 UniFi Protect G3 FLEX Camera 3-Pack'.,Yes,76024362#44557157_original
Do the two product descriptions refer to the same real-world product? Entity 1: 'Turbo ASUS - RTX2060S - 8G - EVO NVIDIA GeForce RTX SUPER 2060 8 GB GDDR6'. Entity 2: 'NVIDIA GeForce RTX SUPER 8GB TURBO EVO Turing Graphics Card'.,Yes,2024149#24494324_both_augmented
Do the two product descriptions refer to the same real-world product? Entity 1: 'PH-GTX1660S-O6G 6 GB Geforce GTX 1660 Super Overclocked Phoenix Fan Edition Hdmi DP Dvi Graphics Card'. Entity 2: 'Fujifilm XF 56mm F/1.2 R APD Lens'.,No,87637930#89961053_original
"Do the two product descriptions refer to the same real-world product? Entity 1: 'Sram Force22 PG - 1170, 11 sp cassette'. Entity 2: 'SRAM PG-1170 11-Speed Cassette (11-25T)'.",Yes,7883208#9767156_left_augmented_right_original
Do the two product descriptions refer to the same real-world product? Entity 1: 'Canon Multipack PGI-72multi1 (6403B007)'. Entity 2: '0000012890| Sigma 50mm f/1.4 DG HSM Art for Canon'.,No,10737119#3889666_original
"Do the two product descriptions refer to the same real-world product? Entity 1: 'RAM 3. 3 \ "" DIA. W 1 \ "" BALL'. Entity 2: 'RAM Mount 3.5\"" Twist Lock Suction Cup Base with 1\"" Ball'.",Yes,74021002#4287952_left_augmented_right_original
Do the two product descriptions refer to the same real-world product? Entity 1: 'TP-Link | AC1900 High Gain Dual Band Wifi Adapter | Wireless WiFi Network Adapter for PC (Archer T9UH)'. Entity 2: 'Ubiquiti UniFi Dual-Band WiFi PoE Access Point UAP-AC-HD - 5 Pack'.,No,98241359#18960736_original
Do the two product descriptions refer to the same real-world product? Entity 1: 'HyperX 8GB (2x4GB) 1600MHz CL10 Fury Blue'. Entity 2: 'HyperX FURY Blue 4GB (1x4GB) 1600MHz DDR3 Memory'.,No,54500223#74756753_original
Do the two product descriptions refer to the same real-world product? Entity 1: 'Kingston Canvas Select (32GB) MicroSD Card Class 10 UHS-1 U1 with Adaptor'. Entity 2: 'Ubiquiti IR LED Range Extender'.,No,37065951#12164188_original
Do the two product descriptions refer to the same real-world product? Entity 1: 'Gigabyte GTX 1650 SUPER OC 4G'. Entity 2: 'Gigabyte NVIDIA GeForce GTX 1650 4GB D6 OC Turing Graphics Card'.,No,23757092#48293393_original
Do the two product descriptions refer to the same real-world product? Entity 1: 'Zebra Black Ribbon True Colours Brand i-series 800015-301'. Entity 2: 'Razer DeathAdder V2 mouse USB Type-A Right-hand'.,No,57082229#94739264_original
Do the two product descriptions refer to the same real-world product? Entity 1: 'Samyang 24mm f1.4 ED AS IF UMC Lens - Nikon Fit'. Entity 2: '0000010490| Samyang 24mm F1.4 Nikon AE Full Frame Lens'.,Yes,87410064#15813840_original
Do the two product descriptions refer to the same real-world product? Entity 1: 'Sony E 30mm f/3.5 Macro Lens'. Entity 2: 'Full Frame E-Mount FE 24-240mm F3.5-6.3 OSS Lens'.,No,15648#97035417_original
Do the two product descriptions refer to the same real-world product? Entity 1: 'Jabra Evolve 20 SE Special Edition UC monaural USB'. Entity 2: 'Evopve 20 Special Edition Mono MS'.,Yes,35793904#96691496_left_original_right_augmented
Do the two product descriptions refer to the same real-world product? Entity 1: 'Samsung 970 EVO Plus 250GB SSD'. Entity 2: 'Samsung SSD 970 EVO Plus NVMe M.2 PCIe 2TB'.,No,9016004#21668308_original
Do the two product descriptions refer to the same real-world product? Entity 1: 'Shimano Shimano Cs-R9100 Cassette 11-25 Dura-Ace 11-Speed'. Entity 2: 'Dura - Ace 9 100 11 - Spe ed Cassette 11 - 25T'.,Yes,31276154#18567164_left_original_right_augmented
Do the two product descriptions refer to the same real-world product? Entity 1: 'FUJIFILM XF 8-16mm f/2.8 R LM WR Lens'. Entity 2: 'Fujifilm _ 8 - 16mm F2. 8 R LM WR _'.,Yes,21963707#1046934_left_original_right_augmented
Do the two product descriptions refer to the same real-world product? Entity 1: 'DJI DJI | Mavic Mini Drone Fly More Combo'. Entity 2: 'Kingston Technology Canvas Select memory card 128 GB MicroSDXC Class 10 UHS-I'.,No,7736538#70702847_original
Do the two product descriptions refer to the same real-world product? Entity 1: 'Canon PFI107C Cyan Laser Toner Cartridge Remanufactured'. Entity 2: 'Originlny toner CANON CRG-707 C (Azrov)'.,No,29167528#98859135_original
Do the two product descriptions refer to the same real-world product? Entity 1: 'LaCie - Lacie Rugged USB-C Hard Drives - 2TB & 5TB'. Entity 2: 'Orologio Garmin Venu 010-02173-12 Venu'.,No,85887866#76426260_original
Do the two product descriptions refer to the same real-world product? Entity 1: 'Daniel Wellington Classic Sheffield Rose 40mm -rannekello DW00100007'. Entity 2: 'Daniel Wellington - Classic Sheffield Silver - 40mm'.,No,77020269#52851091_original
"Do the two product descriptions refer to the same real-world product? Entity 1: '3M - PF230W9F EYE PROTECTION FILTER DESKTOPS FRAME STANDARD 23.0 ACCS'. Entity 2: '16GB Vengeance LPX DDR4 2400MHz, CL14, Black, DIMM Memory'.",No,49127797#30336988_original
Do the two product descriptions refer to the same real-world product? Entity 1: 'Canon PGI-29 Ink Tank Grey 4871B001AA CO68194'. Entity 2: 'Genuine Canon PGI-29 Grey Ink Cartridge (PGI29GOEM)'.,Yes,77220996#96677424_original
"Do the two product descriptions refer to the same real-world product? Entity 1: 'Ram Mount 2\"" Double Socket Arm for 1\"" Balls'. Entity 2: 'R'.",Yes,93836358#71957793_left_original_right_augmented
Do the two product descriptions refer to the same real-world product? Entity 1: 'W'. Entity 2: 'Western Digital My Book 3 To - Noir'.,Yes,47251006#12850168_left_augmented_right_original
Do the two product descriptions refer to the same real-world product? Entity 1: 'Asus Radeon ROG Strix RX5500 XT 8gb Gddr6 Version OC'. Entity 2: 'Asus Radeon Dual Evo RX5500 XT 8gb Gddr6 Version OC'.,No,22211135#51683015_original
"Do the two product descriptions refer to the same real-world product? Entity 1: 'XT CS-M8000 11 Speed Cassette'. Entity 2: 'Shimano Deore XT CS-M8000 Cassette 11-speed, silver/grey'.",No,49913390#17103408_original
Do the two product descriptions refer to the same real-world product? Entity 1: 'ASUS Turbo -RTX2060S-8G-EVO NVIDIA GeForce RTX 2060 SUPER 8 GB GDDR6'. Entity 2: 'NVIDIA GeForce RTX SUPER 8GB TURBO EVO Turing Graphics Card'.,Yes,2024149#24494324_left_original_right_augmented
Do the two product descriptions refer to the same real-world product? Entity 1: 'No Break APC Smart - UPS 10Kva Mono230V - SRT 10KXLI'. Entity 2: 'APC Smart-UPS SRT 10000VA SRT10KXLI'.,Yes,14418390#87076936_left_augmented_right_original
"Do the two product descriptions refer to the same real-world product? Entity 1: 'Epson Tinte T6935 Matt Black UltraChrome, 350 ml'. Entity 2: 'Epson Singlepack UltraChrome XD MagentaT692300(110ml)'.",No,81408609#93770909_original
Do the two product descriptions refer to the same real-world product? Entity 1: 'instax square film 10pk black'. Entity 2: 'Instax fujifilm Black Square Film (10 Pack )'.,Yes,17813216#36022457_left_original_right_augmented
"Do the two product descriptions refer to the same real-world product? Entity 1: 'Dura-Ace 9100 11-Speed Cassette 11-25T'. Entity 2: 'iiyama Prolite 27\"" XUB2792QSU-B1 WQHD IPS Monitor Tilt/Swivel/Pivot'.",No,18567164#16154426_original
Do the two product descriptions refer to the same real-world product? Entity 1: 'Fujinon Lens XF 23mm F1 4 R'. Entity 2: 'FUJIFILM XF23/1.4 XF 23mm f/1.4 R'.,Yes,27021728#54992750_left_augmented_right_original
Do the two product descriptions refer to the same real-world product? Entity 1: 'Jabra EVOLVE 20 Wired Stereo Headset - Over-the-head - Supra-aural'. Entity 2: 'Cooler Master MasterCase H500 ARGB Mesh Mid Tower ATX Case TG MCM-H500-IGNN-S01 | PCByte'.,No,31177984#84249757_original
Do the two product descriptions refer to the same real-world product? Entity 1: 'Kingston 32GB DDR4 3000MHz Kit(2x16GB) HyperX Predator Intel XMP'. Entity 2: 'K'.,Yes,54377216#66129710_left_original_right_augmented
Do the two product descriptions refer to the same real-world product? Entity 1: 'APC APCrbc110 Replacement Cartridge # 110'. Entity 2: 'APC (_) REPLACEMENT BATTERY CATRIDGE # 110'.,Yes,1644190#40357787_both_augmented
Do the two product descriptions refer to the same real-world product? Entity 1: 'HP 300GB 6G SAS 10K rpm SFF (2.5-inch) SC Enterprise'. Entity 2: 'BenQ SW2700PT 27in QHD Professional AdobeRGB Monitor'.,No,79788718#62842391_original
"Do the two product descriptions refer to the same real-world product? Entity 1: 'Maxxis High Roller II Tire - 27.5 x 2.4, Tubeless, Folding, Black, 3C Maxx Terra, EXO'. Entity 2: 'Maxxis Assegai Tire - 27.5 x 2.5, Folding, Tubeless, Black, 3C Maxx Terra, EXO+, Wide Trail'.",No,25593960#30141859_original
Do the two product descriptions refer to the same real-world product? Entity 1: 'Jabra BIZ 2400 II 3-in-1 Mono IP Headset top only'. Entity 2: 'Dura-Ace 9100 11-Speed Cassette 11-25T'.,No,43780660#18567164_original
Do the two product descriptions refer to the same real-world product? Entity 1: 'ZOTAC GeForce RTX 2060 SUPER AMP! 8GB 256Bit GDDR6'. Entity 2: 'Seastar 1000 Powermatic 80 - T120.407.11.051.00'.,No,76497591#81356812_original
Do the two product descriptions refer to the same real-world product? Entity 1: 'Shimano Shimano Cn-Hg901 11-Spd Chain Xtr / Dura Ace W/ Quick Link'. Entity 2: 'Shimano Ultegra Chain HG701 - 116L - with split'.,No,54685720#37862083_original
Do the two product descriptions refer to the same real-world product? Entity 1: 'Zebra 800015-101 Black Monochrome Ribbon - 1000 Prints'. Entity 2: 'Zeb ra 800015 - 101 1000 Prints Black Resin Rib bon for P310i P420i P520i'.,Yes,30102088#64029523_left_original_right_augmented
"Do the two product descriptions refer to the same real-world product? Entity 1: 'Corsair 110R Tempered Glass Mid - Tower ATX'. Entity 2: 'Corsair 110R Tempered Glass Black ATX Case, Tempered Glass Side Window, No PSU, 2x USB 3.1, HD Audio, 120mm Fan pre-installed'.",Yes,58755004#37955791_left_augmented_right_original
"Do the two product descriptions refer to the same real-world product? Entity 1: '3M - Lightweight 300 Privacy Filter PF322WSkjermfilter mot innsyn, m/ramme 20\""-23\""W (30,7 x 48,5)'. Entity 2: '3M - Privacy filter framed lightweight 18,1\""\""-20\""\"" widescreen'.",No,562267#32904204_original
"Do the two product descriptions refer to the same real-world product? Entity 1: 'Ram Mout Triple Ball Adapter'. Entity 2: 'RAM Triple 1\"" Ball Adapter - RAM-B-289U'.",Yes,80876204#30675144_original
Do the two product descriptions refer to the same real-world product? Entity 1: 'Corsair Vengeance RGB Pro DDR4 3000MHz 16GB (2x8) Desktop Memory White CMW16GX4M2C3000C15W | PCByte'. Entity 2: 'Carbide Series 275R Tempered Glass Mid-Tower Gaming CaseWhite'.,No,23775322#29204789_original
Do the two product descriptions refer to the same real-world product? Entity 1: 'Epson Premium Glossy Photo Paper 13x18cm'. Entity 2: 'Epson Papir Photo Premium Glossy 13X18cm 30-ark 255G'.,Yes,71230660#88168633_original
Do the two product descriptions refer to the same real-world product? Entity 1: 'APC RBC140 Replacement Battery Cartridge'. Entity 2: 'APC Replacement Battery Cartridge #133UPS battery - Lead Acid'.,No,54536046#9561888_original
"Do the two product descriptions refer to the same real-world product? Entity 1: 'Ram Mout Triple Ball Adapter'. Entity 2: 'Audio Technica DJ kõrvaklapid ATH-PRO7X On-ear, Must'.",No,80876204#77117519_original
"Do the two product descriptions refer to the same real-world product? Entity 1: 'Intel, Core i7 - 8700K 8th Gen'. Entity 2: 'Core i7 - 8700K Lake 6 - Core 3. 7 GHz (4. 7 GHz Turbo) LGA 1151 (Series) 95W BX80684I78700K Desktop Intel UHD Graphics 630'.",Yes,43904710#95781094_both_augmented
Do the two product descriptions refer to the same real-world product? Entity 1: 'SRAM Cassette Sram PG 1130 11 viHesses 11 - 36'. Entity 2: 'Sram PG 1130 11sp 11 cassette - 36T'.,Yes,41182463#97112728_both_augmented
Do the two product descriptions refer to the same real-world product? Entity 1: 'Audio Technica ATH - M50xWH Professional Studio _ Headphones'. Entity 2: 'Audio - Technica ATH - M50x Monitor Headphones -'.,Yes,55918296#53737120_both_augmented
Do the two product descriptions refer to the same real-world product? Entity 1: 'G'. Entity 2: 'G'.,Yes,5092599#96636315_both_augmented
"Do the two product descriptions refer to the same real-world product? Entity 1: 'RAM 2.25\"" Ball with 2 U-Bolts (RAM-D-235U)'. Entity 2: 'RAM 3.3\"" DIA. SUCT CUP W 1\"" BALL'.",No,51919374#74021002_original
"Do the two product descriptions refer to the same real-world product? Entity 1: 'Samsung MZ-V7S500B/AM 970 EVO Plus M.2 Internal SSD, 500GB'. Entity 2: 'SAMSUNG 970 EVO P LUS M. 2 2280 500GB PCIe Gen 3. 0 x4, N VMe 1. 3 V - NAND 3 - bit MLC Int ernal Solid State Dri ve (SSD) MZ - V7S500B / AM'.",Yes,20456341#3223487_left_original_right_augmented
Do the two product descriptions refer to the same real-world product? Entity 1: 'HyperX FURY Blue 4GB (1x4GB) 1600MHz DDR3 Memory'. Entity 2: 'Garmin VENU Smartwatch Black 010-02173-12 Leather Strap'.,No,74756753#21469105_original
Do the two product descriptions refer to the same real-world product? Entity 1: 'Canon EF 100mm F2.8 L IS USM Macro Lens'. Entity 2: 'CANON EF 100mm/2.8L macro IS USME67'.,Yes,7274546#88027729_original
Do the two product descriptions refer to the same real-world product? Entity 1: '' d addario XTAPB1356XT Acoustic strings set Phosphor Bronze 13 Medium - 56'. Entity 2: 'D'Addario XT Acoustic Phosphor Bronze Medium Guitar Strings 13-56'.,Yes,31149803#52948864_left_augmented_right_original
Do the two product descriptions refer to the same real-world product? Entity 1: 'Zebra Black Ribbon True Colours Brand i-series 800015-301'. Entity 2: 'Zeb ra 800015 - 301 (Eltron) Black (K) Re sin Ribbon - 1500 Prints'.,Yes,57082229#55031719_left_original_right_augmented
Do the two product descriptions refer to the same real-world product? Entity 1: 'Cappello New Era Clean Trucker 2 NY Yankees Cap'. Entity 2: 'G'.,Yes,39833087#64692163_left_original_right_augmented
"Do the two product descriptions refer to the same real-world product? Entity 1: 'CLARKS Sram, PG-730, 7sp cassette, 12-32T'. Entity 2: 'SEIKO Prospex Automatic Men's 45mm Diver Watch - SPB103J1 – Green Dial'.",No,55037683#59141538_original
"Do the two product descriptions refer to the same real-world product? Entity 1: 'BROTHER HL-L6200DW WIRELESSMONO LASER PRINTER WITH2-Sided PRINTING(46 PPM, 520 Sheets Paper...'. Entity 2: 'Brother HL-L6200DW Business Laser Printer'.",Yes,62578226#90603941_original
"Do the two product descriptions refer to the same real-world product? Entity 1: '619291-B21 HP 900GB 6G SAS 10K rpm SFF (2.5-inch) Enterprise Hard Drive'. Entity 2: 'Maxxis Maxxis, High Roller II, Tire, 29''x2.30, Folding, Tubeless Ready, Dual, EXO, 60TPI, Black'.",No,47613152#3447561_original
Do the two product descriptions refer to the same real-world product? Entity 1: 'Cheap Replica Audemars Piguet Royal Oak Chronograph White Dail Watch 26331ST.OO.1220ST.03'. Entity 2: 'Hikvision MP Outdoor IR DS-2DE5225IW-AE'.,No,2282686#34073206_original
Do the two product descriptions refer to the same real-world product? Entity 1: 'Cooler Master MasterBox TD500 ARGB Mesh ATX Case MCB - D500D - KGNN - S01 | PCByte'. Entity 2: 'Cooler Master MasterBox TD500 Mesh Triple ARGB Full Tower Gaming Cabinet with Dual 360mm Radiator Support and Crystalline Tempered Glass'.,Yes,68689972#93548558_left_augmented_right_original
"Do the two product descriptions refer to the same real-world product? Entity 1: 'UBIQUITI - UVC G3 Bullet Camera, 3-pack'. Entity 2: 'Seagate Lacie 2TB 2.5 Rugged Portable Thunderbolt Type C'.",No,84429009#98793471_original
Do the two product descriptions refer to the same real-world product? Entity 1: 'Shimano Cassette Ultegra R8000 11 Speed 11-28T'. Entity 2: 'Shimano Shimano Cs-R8000 Cassette 11-28t Ultegra 11-Speed'.,Yes,88957207#51733905_original
"Do the two product descriptions refer to the same real-world product? Entity 1: 'Elixir 11152 Strings Acoustic 80 / 20 Bronze NANOWEB, Light'. Entity 2: 'Elixir 12-String Light 80/20 Bronze Nanoweb Acoustic'.",Yes,68527967#830512_left_augmented_right_original
"Do the two product descriptions refer to the same real-world product? Entity 1: 'Processador Amd Am4 Ryzen R5-2400g 3.9ghz 6mb'. Entity 2: 'YD260XBCAFBOX - AMD AM4 Ryzen 5 2600X, 6x 3.60GHz, boxed'.",No,77356650#83152267_original
Do the two product descriptions refer to the same real-world product? Entity 1: 'Ext. HDD LaCie Mobile Drive 2TB USB-C'. Entity 2: 'LaCie 4TB Rugged Thunderbolt / USB-C Mobile HDD'.,No,81439789#53426556_original
Do the two product descriptions refer to the same real-world product? Entity 1: 'Crucial 8GB DDR3 1600MHz CT102464BF160B Notebook Ram'. Entity 2: 'Crucial 1x 8GB DDR3L 1600MHz ECC Unbuffered UDIMM RAM | Discount Computer Needs'.,No,7717624#83592973_original
"Do the two product descriptions refer to the same real-world product? Entity 1: 'Brother Monochrome Compact Laser All-in-One Printer with Duplex Printing and Wireless Networking'. Entity 2: '16GB Vengeance LPX DDR4 2400MHz, CL14, Black, DIMM Memory'.",No,54829738#30336988_original
Do the two product descriptions refer to the same real-world product? Entity 1: 'ASUS NVIDIA GeForce RTX 2060 SUPER 8GB TURBO EVO Turing Graphics Card'. Entity 2: 'Gigabyte GeForce RTX 2060 SUPER 8GB Aorus'.,No,24494324#8882504_original
"Do the two product descriptions refer to the same real-world product? Entity 1: 'SanDisk USB 3.0 Flash Drive Ultra Flair 32 GB Black, Silver'. Entity 2: 'DJI Mavic 2 Car Charger'.",No,51823526#24574240_original
"Do the two product descriptions refer to the same real-world product? Entity 1: 'Maxxis Tire 3C MAXXTERRA / EXO + / TR Foldable. 5x2. 50WT'. Entity 2: 'Maxxis Assegai Tire - 27. 5 x 2. 5, Folding, Tubeless, flack, 3C MaDx Terra, EXO +, WUde Trail'.",Yes,30212626#30141859_both_augmented
"Do the two product descriptions refer to the same real-world product? Entity 1: '8TB - Seagate Enterprise Ironwolf Pro SATA - ST8000NE001'. Entity 2: '3M - Privacy Filter 23.0\""\"" Framed'.",No,83418921#5938532_original
Do the two product descriptions refer to the same real-world product? Entity 1: 'Asus Radeon ROG Strix RX5500 XT 8gb Gddr6 Version OC'. Entity 2: 'APC RBC140 Replacement Battery Cartridge'.,No,22211135#54536046_original
"Do the two product descriptions refer to the same real-world product? Entity 1: 'Apple 10.5-inch iPad Air Wi‑Fi 256GB - Silver - MUUR2FD/A'. Entity 2: 'Blaze 40-Inch Cart For 5-Burner Grill, Cart Only'.",No,30419251#50775039_original
Do the two product descriptions refer to the same real-world product? Entity 1: 'Park Tool PH-1.2 P-Handle Hex Set with Holder'. Entity 2: 'Sram PG 1130 11sp cassette 11-36T'.,No,22422851#97112728_original
Do the two product descriptions refer to the same real-world product? Entity 1: 'WD My Passport 4TB USB 3.0 + Etui'. Entity 2: 'Jabra EVOLVE 20 Wired Stereo Headset - Over-the-head - Supra-aural'.,No,52992150#31177984_original
Do the two product descriptions refer to the same real-world product? Entity 1: 'SanDisk SSD Plus 120GB 240GB 530MB/s 480GB 1TB 535MB/sSolid State Drive (120GB)'. Entity 2: 'SanDisk SSD PLUS 120GB Solid State Drive -SDSSDA-120G-G27'.,Yes,60638240#8174351_original
Do the two product descriptions refer to the same real-world product? Entity 1: 'Cartucho tinta negro l epson t7031 - 24ml - big ben - para wp-4595 dnf/dtwf/ 4535dwf / 4525dnf / 4515dn / 4095dn / 4025dw /'. Entity 2: 'Obiectiv foto CANON EF-S 10-18mm f/4.5-5.6 IS STM'.,No,18289538#14345451_original
Do the two product descriptions refer to the same real-world product? Entity 1: 'Logitech H540 USB Headset With High-Definition sound and on-ear controls - Black | 981-000480'. Entity 2: 'LOGITECH Corded USB Headset - USB - EMEA'.,Yes,12890760#78504458_left_original_right_augmented
"Do the two product descriptions refer to the same real-world product? Entity 1: 'Corsair ML140 Pro LED, Blue, 140mm Premium Magnetic Levitation Cooling Fan CO-9050048-WW'. Entity 2: 'Corsair ML140 Pro LED, Red, 140mm Premium Magnetic Levitation Fan'.",No,80103776#29553137_original
Do the two product descriptions refer to the same real-world product? Entity 1: 'ASUS Radeon RX 5500 XT DUAL EVO 8GB'. Entity 2: 'ASUS Radeon RX 5500 XT ROG Strix OC 8GB -Demo'.,No,83724071#20145574_original
"Do the two product descriptions refer to the same real-world product? Entity 1: '34\"" Blaze 3 Pro Cart'. Entity 2: 'Blaze Cart For Professional 3-Burner Grill, Cart Only'.",Yes,40521037#96037332_original
Do the two product descriptions refer to the same real-world product? Entity 1: 'BenQ SW271 Pro 27in IPS LCD Monitor 4K UHD'. Entity 2: 'Monitor 27 SW271 LED 5ms/QHD/IPS/HDMI/DP/USB'.,Yes,64016107#22000442_original
Do the two product descriptions refer to the same real-world product? Entity 1: 'RAM® Composite Double Socket Arm'. Entity 2: 'Kappe New Era NY Yankees MLB 9Fifty Cap'.,No,18456007#12959047_original
"Do the two product descriptions refer to the same real-world product? Entity 1: 'DJI DJI | Mavic Mini Drone Fly More Combo'. Entity 2: 'RAM 2.75\"" Diameter Suction Cup Base with 1\"" Ball'.",No,7736538#2701835_original
"Do the two product descriptions refer to the same real-world product? Entity 1: 'Weste5n Digital 2. 5 \ "" Red 1To zATA 6'. Entity 2: 'W'.",Yes,8281130#47814705_both_augmented
Do the two product descriptions refer to the same real-world product? Entity 1: 'Tag Heuer Carrera Quartz Chronograph Stainless Steel Watch CBK2112.BA0715'. Entity 2: 'TAG Heuer Carrera Automatic Blue Dial Men's CBK2112.BA0715'.,Yes,12991173#11406200_original
"Do the two product descriptions refer to the same real-world product? Entity 1: '014 Traveler's Notebook Regular- Refill - Kraft Paper Notebook'. Entity 2: '16GB Vengeance LPX DDR4 2400MHz, CL14, Black, DIMM Memory'.",No,61787029#30336988_original
Do the two product descriptions refer to the same real-world product? Entity 1: 'Sandisk Extreme Pro 64GB CFast 2.0'. Entity 2: 'Brother HL-L5200DW S/W- Laserdrucker'.,No,87998765#97987485_original
"Do the two product descriptions refer to the same real-world product? Entity 1: 'Western Digital (WDC) 250GB 2.5\"" SATA SSD Blue 7mm Cased'. Entity 2: 'Elixir Guitar Strings Phosphor Bronze Nanoweb Light 12 - 53'.",No,62287971#91137581_original
"Do the two product descriptions refer to the same real-world product? Entity 1: 'Tissot Seastar 1000 Men's Black Rubber Strap Watch'. Entity 2: 'TP-Link TL-SG1024DE 24-Port Gigabit Easy Smart Switch, 24 10/100/1000Mbps RJ45 ports,MTU/Port/Tag-based VLAN, QoS, IGMP Snooping'.",No,81870804#72125402_original
Do the two product descriptions refer to the same real-world product? Entity 1: 'AMD Ryzen 5 1500X Wraith Spire Cooler'. Entity 2: 'YD150XBBAEBOX AMD Ryzen 5 1500X Quad Core 3. 50GHz 16MB L3 Cache Socket AM4 Processor. New Eetail Factory SDaled With Full Manufacturer Warrant7.'.,Yes,20737266#64351459_left_original_right_augmented
"Do the two product descriptions refer to the same real-world product? Entity 1: 'Placa video Gigabyte Radeon RX 5500 XT OC 8GB GDDR6, 128-bit'. Entity 2: 'Gigabyte AMD Radeon RX 5500 XT OC 8GB GDDR6 RDNA PCIe 4.0 Graphics Card'.",Yes,14576497#88855243_original
Do the two product descriptions refer to the same real-world product? Entity 1: 'Xerox Phaser 7760 Yellow Toner 106R01162'. Entity 2: 'Xerox Phaser 6000/6010 Black Toner'.,No,61066243#18835729_original
Do the two product descriptions refer to the same real-world product? Entity 1: 'Seiko Presage Watch Zen Gardens Mens'. Entity 2: 'Seiko Mens Presage Automatic Blue Date Dial Stainless Steel Bracelet Watch SRPD41J1'.,Yes,67462269#12110339_original
Do the two product descriptions refer to the same real-world product? Entity 1: 'SRAM Cassette Sram PG 1130 11 vitesses 11-36'. Entity 2: 'SanDisk SSD PLUS 120GB Solid State Drive -SDSSDA-120G-G27'.,No,41182463#8174351_original
Do the two product descriptions refer to the same real-world product? Entity 1: 'Impresora brother laser monocromo hl - l6300dw a4'. Entity 2: 'Gorra New Era NFL New Orleans Saints 9Fifty Cap'.,No,3598671#416796_original
"Do the two product descriptions refer to the same real-world product? Entity 1: 'Asus ROG Strix X570 - F GAMING Motherboard, _, 3x PCIe x16, SATA _ _, USB 3. 2, _, M. 2, DisplayPort, HDMI, 8ch audio, ATX, scAM4, _ | 90MB1160 - M0EAY0'. Entity 2: 'ROG asus Strix X570 - F Gaming ATX - motherboard'.",Yes,83211359#31886989_both_augmented
Do the two product descriptions refer to the same real-world product? Entity 1: 'Kingston Canvas Select Plus 128GB microSD - With Adaptor'. Entity 2: 'KINGSTON MICRO SD CARD CANVAS SELECT PLUS 128GB 100MB/S LIMITED LIFETIME'.,Yes,54214061#96712384_original
"Do the two product descriptions refer to the same real-world product? Entity 1: 'Shimano M05 Disc Brake Pads (Deore) (Resin)'. Entity 2: 'Shimano Shimano M05 Resin Disc Brake Pads and Spring for Deore BR-M515, BR- M515LA and Nexave BR-C601 Calipers'.",Yes,4484537#25657556_original
"Do the two product descriptions refer to the same real-world product? Entity 1: 'Intel Core i3-8300 (Coffee Lake) 3.7 GHz, LGA1151, Intel UHD 630, 8MB, 14nm, 62W, Box'. Entity 2: '_ Core i3 8300 Quad Core 3. 7GHz Processor'.",Yes,98554509#75749012_left_original_right_augmented
"Do the two product descriptions refer to the same real-world product? Entity 1: 'Catalyst 2960-X 24 GigE PoE 370W, 2 x 10G SFP+, LAN Base'. Entity 2: 'Cisco Catalyst WS - C2960X - 24PD - L 24 ManagedRack Switch'.",Yes,45014189#23351642_left_original_right_augmented
Do the two product descriptions refer to the same real-world product? Entity 1: 'APC Smart-UPS RT 192V RM Battery Pack'. Entity 2: 'APC Smart-UPS RT 20kVA RM 230V - SURT20KRMXLI'.,No,2965203#70159856_original
"Do the two product descriptions refer to the same real-world product? Entity 1: 'Western Digital WD My Passport Portable HDD 4TB Black'. Entity 2: 'WesteGn Digital My Passoort, 4TB, BLACK3 Years - WDBYFT0040BBK - WESN'.",Yes,68891313#11564664_left_original_right_augmented
Do the two product descriptions refer to the same real-world product? Entity 1: 'TUF GAMING X570-PLUS Desktop Motherboard - AMD Chipset - Socket AM4'. Entity 2: 'ASUq Scheda Madre TUF GAMING X570 - PLUS AMD'.,Yes,90391225#98857946_left_original_right_augmented
Do the two product descriptions refer to the same real-world product? Entity 1: 'Logitech BRIO Ultra 4K HD webcam'. Entity 2: 'Logitech BRIO 4K HD Ultra webcamweb camera'.,Yes,6978466#81524454_both_augmented
Do the two product descriptions refer to the same real-world product? Entity 1: 'Logitech H151 Single Pin Stereo Headset - Black'. Entity 2: 'Hydro Flask Standard Mouth 621ml Insulated Bottle'.,No,67028945#2687477_original
"Do the two product descriptions refer to the same real-world product? Entity 1: 'Ubiquiti UniFi AP, AC, In Wall, 5-Pack'. Entity 2: 'Ubiquiti Unifi AC In-Wall AP Wireless Access Point 5 Pack UAP-AC-IW-5 (No PoE Injector)'.",Yes,34532774#65827191_original
Do the two product descriptions refer to the same real-world product? Entity 1: 'APC APCrbc110 Replacement Battery Cartridge #110'. Entity 2: 'APC APCRBC117 Replacement Battery Cartridge #117'.,No,1644190#62368315_original
Do the two product descriptions refer to the same real-world product? Entity 1: 'SSD TRANSCEND SSD230S 128Gb 3D NAND SATA 3 Aluminium (TS128GSSD230S)'. Entity 2: 'Samsung T7 Touch Black 1TB Portable SSD with Fingerprint ID'.,No,84514463#66625804_original
"Do the two product descriptions refer to the same real-world product? Entity 1: 'DDR4 Vengeance LPX 16GB/3200(2*8GB) CL16-18-18-36 BLACK 1,35VXMP 2.0'. Entity 2: 'Corsair DDR4 Vengeance LPX 16GB/2133(2*8GB) CL13-15-15-28 1,20V XMP2.0'.",No,76657775#78223883_original
Do the two product descriptions refer to the same real-world product? Entity 1: 'TONERBROTHER ORIGINALE GIALLO TN-135Y'. Entity 2: 'Toner kompatibel zu Brother TN-200 Black'.,No,88286371#68874465_original
Do the two product descriptions refer to the same real-world product? Entity 1: 'Swiss Military Hanowa06-4226.30.003.03 Immersion Uhr'. Entity 2: 'SHIMANO XT CN-HG95 HG-X chain'.,No,6800809#63479109_original
Do the two product descriptions refer to the same real-world product? Entity 1: 'Cappello New Era Clean Trucker 2 NY 7ankees Cap'. Entity 2: 'Gorra New Era Clean Trucker 2 NY Yankees Cap'.,Yes,39833087#64692163_left_augmented_right_original
"Do the two product descriptions refer to the same real-world product? Entity 1: 'Western Digital B lue PC SSD 2. 5 \ "" 7mm 25 0GB'. Entity 2: 'Western Digital (WDC) 250GB 2.5\"" SATA SSD Blue 7mm Cased'.",Yes,34301207#62287971_left_augmented_right_original
"Do the two product descriptions refer to the same real-world product? Entity 1: 'Cartus Epson Discproducer PP - 100AP, magenta'. Entity 2: 'EPSON Magenta ink cartridge Discproducer'.",Yes,30500904#96384448_left_augmented_right_original
Do the two product descriptions refer to the same real-world product? Entity 1: 'LOGITECH - HD WEBCAM C310 - USB - EMEAIN'. Entity 2: 'Logitech® HD Webcam C310 - USB'.,Yes,65372331#80753512_original
Do the two product descriptions refer to the same real-world product? Entity 1: 'Buy Quality Replica Omega Seamaster Planet Ocean 600M Steel Chronometer Chronograph Watch 215.30.46.51.01.001'. Entity 2: '215. 30. 46. 51. 01. 001 O<ega Seamaster Planet Ocean FhronLgraph 45. 5mm'.,Yes,31531912#30102415_left_original_right_augmented
Do the two product descriptions refer to the same real-world product? Entity 1: 'Manfrotto MVK500AM Fluid Video Head With Lightweight Telescopic Legs'. Entity 2: 'Manfrotto MVH500AH Lightweight Video Head with Flat Base'.,No,37865200#64607522_original
Do the two product descriptions refer to the same real-world product? Entity 1: 'Swiss Military Hanowa Immersion 06-4226.30.003.03'. Entity 2: 'Swiss Military Hanowa Swiss Military Hanowa Undercover Multifunction 06-4307.30.007'.,No,58599683#96142257_original
Do the two product descriptions refer to the same real-world product? Entity 1: 'Traveler's Company 002. GRID REFILL MIDORI TRAVELER'S NOTEBOOK'. Entity 2: 'Xerox 106R01162 OEM Toner Cartridge For Phaser 7760 Yellow - 25K'.,No,29929454#7574514_original
"Do the two product descriptions refer to the same real-world product? Entity 1: 'DVR HDTVI 32 canale Turbo HD Full HD Hikvision DS-7332HQHI-K4 HD-TVI / AHD / CVI + 8 canale IP de pana la 6MP, 4xSATA'. Entity 2: 'Hikvision 32 Turbo HD / CVI / AHD / Ref: - 7332HQHI - K4'.",Yes,90795718#71442235_left_original_right_augmented
Do the two product descriptions refer to the same real-world product? Entity 1: 'Maxxis High Roller II 29er Dual Compound Folding Tubeless Ready Mountain Bike'. Entity 2: 'Brother Monochrome Compact Laser All-in-One Printer with Duplex Printing and Wireless Networking'.,No,93725418#54829738_original
"Do the two product descriptions refer to the same real-world product? Entity 1: 'Epson Premium Glossy Photo Paper 13x18cm'. Entity 2: '3M - PF27.0W9 PRIVACY FILTER BLACK FOR 27,0IN / 68,6 CM / 16:9IN ACCS'.",No,71230660#10719102_original
"Do the two product descriptions refer to the same real-world product? Entity 1: 'RAM Torque 28mm-38mm Handlebar & Rail Base 1.5\"" Ball'. Entity 2: 'RAM Handlebar Rail Mount 1.125 - 1.5\"" C (RAM-408-112-15U)'.",Yes,53451198#63741667_original
Do the two product descriptions refer to the same real-world product? Entity 1: 'OMEGA Seamaster Planet Ocean Chronograph Steel'. Entity 2: 'Omega Seamaster Planet Ocean Automatic Chronograph Stainless Steel Watch 232.30.46.51.01.002'.,Yes,47200708#45633828_original
"Do the two product descriptions refer to the same real-world product? Entity 1: 'Sram Force22 PG - 1170, 11 sp cassette'. Entity 2: 'SRAM - PG 1170 11 - Speed Cassette (11 25T - )'.",Yes,7883208#9767156_both_augmented
Do the two product descriptions refer to the same real-world product? Entity 1: 'Ryze Tech Tello Battery Charging Hub'. Entity 2: 'Ryze Tello Battery Charging Charger Hub (Part )'.,Yes,60392051#68142605_left_original_right_augmented
Do the two product descriptions refer to the same real-world product? Entity 1: 'Elixir Phosphor Acoustic Strings - Extra Light'. Entity 2: 'PG-730 7-Speed Cassette'.,No,32413380#1130275_original
Do the two product descriptions refer to the same real-world product? Entity 1: 'Canon 24-70mm f/2.8L II USM EF Lens'. Entity 2: 'Nikon AF-S NIKKOR FX 50mm F1.8G Lens'.,Yes,12432797#32885383_original
Do the two product descriptions refer to the same real-world product? Entity 1: 'Caixa Cooler_Master Caixa para PC - 300 - KKN1'. Entity 2: 'Cooler Master N300 Mesh ATX Case Black NSE-300-KKN1 | PCByte'.,Yes,32763428#95251916_left_augmented_right_original
"Do the two product descriptions refer to the same real-world product? Entity 1: 'Headset Audio-Technica ATH-M50X'. Entity 2: 'Cisco Catalyst 2960-X | WS-C2960X-24TD-L Catalyst 2960X 24 port 10/100/1000, 2 x 10G SFP+, LAN Base'.",No,3764542#12032039_original
Do the two product descriptions refer to the same real-world product? Entity 1: 'Cheap Replica Audemars Piguet Royal Oak Chronograph White Dail Watch 26331ST.OO.1220ST.03'. Entity 2: 'Cheap Replica Audemars Piguet Royal Oak Offshore Chronograph Watch 26470ST.OO.A099CR.01'.,No,2282686#30674519_original
Do the two product descriptions refer to the same real-world product? Entity 1: 'TP-Link AC600 T2U Wireless USB Nano Adapter'. Entity 2: 'ADATT. WIFI TP-LINK AC600 NANO WRLS USB'.,Yes,56034511#98430609_original
Do the two product descriptions refer to the same real-world product? Entity 1: 'Ram Mout Triple Ball Adapter'. Entity 2: 'Canon Multipack PGI-72multi1 (6403B007)'.,No,80876204#10737119_original
"Do the two product descriptions refer to the same real-world product? Entity 1: 'OBUDOWA COOLER H500M MIDI TOWER Z OKNEM BEZ PSU WENTYLATOR LED ARGB'. Entity 2: 'Cooler Master MasterCase H500 I RON GREY ATX Mid - Tower, Temper ed Glass Pa nel, two 200mm RGB fans with Controller and Case Handle for Transport'.",Yes,81628037#14224876_both_augmented
"Do the two product descriptions refer to the same real-world product? Entity 1: 'Canon PFI-101C Ink, 130 ml - Cyan'. Entity 2: '0'.",Yes,7158327#45313699_left_original_right_augmented
Do the two product descriptions refer to the same real-world product? Entity 1: 'Diadema Logitech H390 USB Computer ...'. Entity 2: 'Logitech H570e Monaural USB Headset'.,No,47948274#12615558_original
"Do the two product descriptions refer to the same real-world product? Entity 1: '3M - PF19 PRIVACY FILTER BLSCK FOR 19, 0IN / 48, 3 CM / 5: 4IN ACDS'. Entity 2: '3'.",Yes,17629924#15725521_both_augmented
Do the two product descriptions refer to the same real-world product? Entity 1: 'ASUS NVIDIA GeForce RTX 2060 SUPER 8GB TURBO EVO Turing Graphics Card'. Entity 2: 'ASUS NVIDIA GeForce RTX 2060 6GB DUAL OC EVO Turing Graphics Card'.,No,24494324#28224541_original
Do the two product descriptions refer to the same real-world product? Entity 1: 'HIKVISION DS-7216HUHI-K2 (Turbo HD 4.0) 8MP/5MP/4MP'. Entity 2: 'Epson Strawberry 29 (Prentar 175 síður) Claria Home blekhylki (blátt)'.,No,15787372#43006963_original
"Do the two product descriptions refer to the same real-world product? Entity 1: 'Samsung LH46UHFCLBB - 116,8 cm (46\"") - LED - 1920 x 1080 Pixel - 700 cd/m² - Full HD - 8 ms'. Entity 2: '0884B001 | Canon PFI-101 | Original Canon Ink Cartridge - Cyan'.",No,11708101#45313699_original
"Do the two product descriptions refer to the same real-world product? Entity 1: 'Crucial MX500 250GB 2.5 SATA SSD'. Entity 2: 'C rucial MX500 250GB SATA 2. 5 - inch, SATA 6. 0Gb / s 7mm Solid State D rive'.",Yes,68173491#19102781_left_original_right_augmented
Do the two product descriptions refer to the same real-world product? Entity 1: 'Omega Seamaster DIVER 300MOMEGA CO-AXIAL MASTER CHRONOMETER 42 MM'. Entity 2: 'ADAPTADOR INALAMBRICO TP-LINK/USB 2.0/N300/QSS/TL-WN821N'.,No,27449862#60088869_original
Do the two product descriptions refer to the same real-world product? Entity 1: 'Canon Ink Jet Cartridge PGI-72 PBK/GY/PM/PC/CO Multipack 40433'. Entity 2: 'Dymo 40913 Black On White - 9mm'.,No,30007794#46010816_original
"Do the two product descriptions refer to the same real-world product? Entity 1: 'ZOTAC Grafikkarte Gaming GeForce RTX 2060 SUPER AMP, 8 GB (ZT-T20610D-10P)'. Entity 2: 'WEBCAM LOGITECH C270 HD 720P'.",No,19462081#80963811_original
Do the two product descriptions refer to the same real-world product? Entity 1: 'Router wifi archer _ ac1350 dual'. Entity 2: 'TP Link AC1350 Wireless Dual Band Cable Router - White | ARCHER C60'.,Yes,33671496#7737233_left_augmented_right_original
"Do the two product descriptions refer to the same real-world product? Entity 1: 'Canon PFI-101C Ink, 130 ml - Cyan'. Entity 2: 'Catalyst 2960-X 24 GigE PoE 370W, 2 x 10G SFP+, LAN Base'.",No,7158327#45014189_original
"Do the two product descriptions refer to the same real-world product? Entity 1: 'RAZER MAMBA ELITE ERGONOMIC WIRED GAMING MOUSE'. Entity 2: 'Mouse Gaming RAZER Elite, 16000 dpi, negru'.",Yes,83362334#1283491_left_original_right_augmented
"Do the two product descriptions refer to the same real-world product? Entity 1: 'Speed Dome IP, 2 MP, IR 150m, Hikvision DS-2DE5225IW-AE'. Entity 2: 'ADAPTADOR INALAMBRICO TP-LINK/USB 2.0/N300/QSS/TL-WN821N'.",No,12176070#60088869_original
Do the two product descriptions refer to the same real-world product? Entity 1: 'Logitech BRIO 4K Ultra HD webcam'. Entity 2: 'Logitech BRIO 4K Ultra HD webcamweb camera'.,Yes,6978466#81524454_original
Do the two product descriptions refer to the same real-world product? Entity 1: 'MVH500AH FLUID VIDEO HEAD W/FLAT BASE'. Entity 2: '502HD PRO VIDEO HEAD WITH FLAT BASE'.,No,91625850#22563019_original
Do the two product descriptions refer to the same real-world product? Entity 1: 'APC Smart-UPS RT192V RM Battery Pack 2 R'. Entity 2: 'Kingston HyperX Fury 4GB DDR3 1600MHz CL10 Ram'.,No,629096#21463573_original
Do the two product descriptions refer to the same real-world product? Entity 1: 'Samsung PORTABLE SSD T7 Touch 1TB Mobile External _ State'. Entity 2: 'Samsung T7 Touch Black Portable SSD with Fingerprint ID'.,Yes,93674071#66625804_both_augmented
Do the two product descriptions refer to the same real-world product? Entity 1: '32 Oz Wide Mouth With Flex Cap W32BTS001'. Entity 2: 'HYDRO FLASK HYDRO FLASK 32OZ WIDE MOUTH BOTTLE-BLACK'.,Yes,58893463#12190772_original
"Do the two product descriptions refer to the same real-world product? Entity 1: '3M - Sekretessfilter 27\"" Widescreen 16:9'. Entity 2: 'WS-C2960L-16TS-LL: Cisco Catalyst WS-C2960L-16TS-LL'.",No,16785446#61893255_original
Do the two product descriptions refer to the same real-world product? Entity 1: 'Corsair 110R Tempered Glass Mid-Tower ATX Case'. Entity 2: 'Corsair Carbide Spec-01 Red LED Mid-Tower Case'.,No,58755004#88727182_original
"Do the two product descriptions refer to the same real-world product? Entity 1: 'RAM 2.25\"" Ball with 2 U-Bolts (RAM-D-235U)'. Entity 2: 'HyperX 4GB (1x4GB) 1866MHz CL10 Fury Black'.",No,51919374#36986473_original
Do the two product descriptions refer to the same real-world product? Entity 1: 'Corsair Vengeance LPX 16GB(2x8GB)'. Entity 2: 'APC (APCRBC110) REPLACEMENT BATTERY CATRIDGE #110'.,No,88945662#40357787_original
Do the two product descriptions refer to the same real-world product? Entity 1: 'Daniel Wellington Mens Classic Sheffield 40mm Rose Gold Black DW00100007'. Entity 2: 'Daniel Wellington Horloge Classic Sheffield Rose DW00100036'.,No,41987114#26786850_original
Do the two product descriptions refer to the same real-world product? Entity 1: 'Logitech 3.5 mm Analog Stereo Headset H151 with Boom Microphone - Black'. Entity 2: 'L'.,Yes,46809516#67028945_left_original_right_augmented
Do the two product descriptions refer to the same real-world product? Entity 1: 'Brother HL-L8360CDW Colour Wireless Laser Printer'. Entity 2: 'Brother HL-L8360CDW Laser Printer'.,Yes,81351830#5137860_original
Do the two product descriptions refer to the same real-world product? Entity 1: 'Kappe New Era NY Yankees MLB 9Fifty Cap'. Entity 2: 'Gorra New Era NY Yankees MLB 9Fifty Cap'.,Yes,12959047#84459988_original
Do the two product descriptions refer to the same real-world product? Entity 1: 'Nobreak APC Smart - UPS SURT 20kVA / 16kW'. Entity 2: 'APC Smart - UPS RT 2 0kVA RM 230V - SURT20KRMXLI'.,Yes,19248199#70159856_both_augmented
"Do the two product descriptions refer to the same real-world product? Entity 1: 'Corsair Vengeance LPX, 16GB, DDR4 memory module 2133 MHz'. Entity 2: 'Tissot T-Sport Seastar 1000 Powermatic 80 Watch T1204071704100'.",No,52249526#70880620_original
Do the two product descriptions refer to the same real-world product? Entity 1: '4GB DDR3-1866MHz Kingston HyperX Fury Black'. Entity 2: 'Kingston 4GB DDR3 1600MHz HyperX Fury Black Series'.,No,66437726#8315719_original
Do the two product descriptions refer to the same real-world product? Entity 1: 'Fujifilm XF - 56 mm f1. 2 APD'. Entity 2: 'Fujifi lm XF 56 mm F / 1. 2 R APD Lens'.,Yes,63386383#89961053_both_augmented
Do the two product descriptions refer to the same real-world product? Entity 1: 'APPLE - Airpods With Charging Case'. Entity 2: 'Cooler Master MasterLiquid ML120R ARGB AIO Cooler'.,No,16529934#98600039_original
"Do the two product descriptions refer to the same real-world product? Entity 1: 'Corsair Vengeance LPX, 16GB, DDR4 memory module 2133 MHz'. Entity 2: 'Corsair Vengeance RGB Pro DDR4 3000MHz 16GB (2x8) Desktop Memory White CMW16GX4M2C3000C15W | PCByte'.",No,52249526#23775322_original
"Do the two product descriptions refer to the same real-world product? Entity 1: 'RAM Triple 1\"" Ball Adapter - RAM-B-289U'. Entity 2: 'RAM Motorcycle Fork Stem Base w 1\"" Ball (RAM-B-342U)'.",No,30675144#20152457_original
Do the two product descriptions refer to the same real-world product? Entity 1: 'Ubiquiti UVC-G3-BULLET (Formerly UVC-G3-AF) UniFi Video Camera G3 1080p PoE IP Camera'. Entity 2: 'Ubiquiti UniFi Video Camera G3 1080P 802.3af IP UVC-G3-BULLET-3 3 Pack (No PoE Injectors)'.,No,16871572#58970863_original
Do the two product descriptions refer to the same real-world product? Entity 1: 'Samsung MLT-D103L must toonerikassett'. Entity 2: 'Laser Toner Cartridge compatible with Samsung MLT-D103L/ELS High Capacity'.,Yes,61868905#26491787_original
Do the two product descriptions refer to the same real-world product? Entity 1: 'Carbide 175R RGB Windowed Mid-Tower Case Tempered Glass'. Entity 2: 'LOGITECH | G402 Hyperion Fury FPS Gaming Mouse | 910-004068'.,No,2952392#23828624_original
Do the two product descriptions refer to the same real-world product? Entity 1: 'Hikvision MP Outdoor IR DS-2DE5225IW-AE'. Entity 2: 'Corsair 8GB (1x8GB) 2666MHz CL16 Vengeance LPX Black'.,No,34073206#82583255_original
Do the two product descriptions refer to the same real-world product? Entity 1: 'Originlny toner CANON CRG-707 C (Azrov)'. Entity 2: 'LOGITECH UC Corded Stereo USB Headset H570e (Leatherette Pad) - Business EMEA'.,No,98859135#78504449_original
"Do the two product descriptions refer to the same real-world product? Entity 1: 'Samsung T5 external SSD Black 2TB, USB-C'. Entity 2: 'Samsung Portable SSD T5 - 2TB'.",Yes,90945536#6480791_original
"Do the two product descriptions refer to the same real-world product? Entity 1: 'AMD Ryzen 5 2600X - 4.25 GHz - 6-core - 12 threads - 19 MB cache - Socket AM4 - Box'. Entity 2: 'YD260XBCAFBOX - AMD AM4 Ryzen 5 2600X, 6x 3.60GHz, boxed'.",Yes,25725051#83152267_original
Do the two product descriptions refer to the same real-world product? Entity 1: 'Epson Ink Cartridge - Matte Black 700ml'. Entity 2: 'Epson - Ink Cartridge Black 10K'.,No,415992#29914496_original
"Do the two product descriptions refer to the same real-world product? Entity 1: 'Pokemon TCG:Sword and Shield Rebel Clash Three Booster Blister- Dural'. Entity 2: 'Pokémon TCG: Sword & Shield-Rebel Clash 3 Booster Packs, Coin & Rayquaza Promo Card'.",Yes,17465629#79334302_original
"Do the two product descriptions refer to the same real-world product? Entity 1: 'CORSAIR CRYSTAL 570X RGB Mid-Tower Case, 3 RGB Fans, Tempered Glass - White| CC-9011110-WW'. Entity 2: 'DJI Mavic Air Car Charger'.",No,93978472#62242636_original
Do the two product descriptions refer to the same real-world product? Entity 1: 'HP Color LaserJet Professional CP5225dn'. Entity 2: 'Cooler Master Hyper H411R CPU Cooler White LED'.,No,17869090#66652299_original
Do the two product descriptions refer to the same real-world product? Entity 1: 'Brother HL-L6300DW Business Laser Printer for Mid-Size Workgroups -HL-L6300DW'. Entity 2: 'Impresora brother laser monocromo hl - l6300dw a4'.,Yes,49605449#3598671_original
Do the two product descriptions refer to the same real-world product? Entity 1: 'Asus Dual GeForce GTX 1660 6GB OC Edition GDDR5 EVO Graphics Card | 90YV0D11-M0NA00'. Entity 2: 'ASUS GeForce GTX 1660 SUPER DUAL EVO OC'.,No,712313#42779659_original
"Do the two product descriptions refer to the same real-world product? Entity 1: 'DVR 8 canale, Turbo HD, 6MP, PoC, Hikvision DS-7208HQHI-K2-P'. Entity 2: 'Apple AirPods Pro Bluetooth Earbuds w/ Wireless Charging Case, White (MWP22AM/A)'.",No,64536135#88924072_original
Do the two product descriptions refer to the same real-world product? Entity 1: 'Brother MFC - L2710DW - multifun ction prin ter - B / W'. Entity 2: 'Brother Monochrome Compact Laser All-in-One Printer with Duplex Printing and Wireless Networking'.,Yes,67275979#54829738_left_augmented_right_original
Do the two product descriptions refer to the same real-world product? Entity 1: 'HyperX 8GB (2x4GB) 1600MHz CL10 Fury Blue'. Entity 2: 'Corsair Vengeance LPX 16GB(2x8GB)'.,No,54500223#88945662_original
Do the two product descriptions refer to the same real-world product? Entity 1: 'Tissot T-Sport Seastar 1000 Chronograph Watch T1204171105100'. Entity 2: 'Tissot Mens T-Sport Seastar 1000 Chronograph Black Dial Stainless Steel Bracelet Watch T120.417.11.051.00'.,Yes,48521210#17282907_original
"Do the two product descriptions refer to the same real-world product? Entity 1: 'Hikvision DS-7216HUHI-K2 Turbo 1080p HD 16CH DVR - HD-TVI AHD IPC - HDMI COAX'. Entity 2: 'SAMSUNG 970 EVO PLUS M.2 2280 500GB PCIe Gen 3.0 x4, NVMe 1.3 V-NAND 3-bit MLC Internal Solid State Drive (SSD) MZ-V7S500B/AM'.",No,22992322#3223487_original
"Do the two product descriptions refer to the same real-world product? Entity 1: 'RAM Motorcycle Combination Base for Handlebar or Brake/Clutch Reservoir with 1\"" ...'. Entity 2: '128GB Pendrive SanDisk Extreme PRO SSD USB 3.1 420MB/s'.",No,54550733#93168786_original
Do the two product descriptions refer to the same real-world product? Entity 1: 'Western Digital My Book Micro-USB B 3.0 (3.1 Gen 1) 3000GB N'. Entity 2: 'Western Digital My Book 3 To - Noir'.,Yes,47251006#12850168_original
Do the two product descriptions refer to the same real-world product? Entity 1: 'Audio Technica Headphones Air Dynamic Series ATH-AD500X'. Entity 2: 'Casti Hi - Fi Audio - Tec hnica ATH - AD500X'.,Yes,56574761#21506250_left_original_right_augmented
"Do the two product descriptions refer to the same real-world product? Entity 1: 'P'. Entity 2: 'Pokémon TCG: Sword & Shield-Rebel Clash 3 Booster Packs, Coin & Rayquaza Promo Card'.",Yes,17465629#79334302_left_augmented_right_original
Do the two product descriptions refer to the same real-world product? Entity 1: 'Logitech H540 USB Headset With High-Definition sound and on-ear controls - Black | 981-000480'. Entity 2: 'Audemars Piguet-Audemars Piguet Royal Oak Chronograph 41mm Mens Watch-26331ST.OO.1220ST.02'.,No,12890760#30454890_original
Do the two product descriptions refer to the same real-world product? Entity 1: 'TP-Link | AC1900 High Gain Dual Band Wifi Adapter | Wireless WiFi Network Adapter for PC (Archer T9UH)'. Entity 2: 'TP-Link Archer T9UH Wireless AC1900 USB Adapter'.,Yes,98241359#80086981_original
Do the two product descriptions refer to the same real-world product? Entity 1: 'K'. Entity 2: 'Cle Usb KINGSTON 16GB DT MicroDuo USB 3.0 micro USB OTG'.,Yes,38117313#74525970_left_augmented_right_original
Do the two product descriptions refer to the same real-world product? Entity 1: 'Shimano Dura-Ace CS-R9100 Cassette 11-speed'. Entity 2: 'Dura-Ace 9100 11-Speed Cassette 11-25T'.,No,14128915#18567164_original
Do the two product descriptions refer to the same real-world product? Entity 1: 'New Era 39THIRTY MLB New York Yankees Fullcap - 10298279'. Entity 2: 'New Era 39THIRTY New York Yankees - 10298279'.,Yes,12291734#81603750_left_original_right_augmented
Do the two product descriptions refer to the same real-world product? Entity 1: 'Sigma 105mm f1.4 DG HSM Art Lens for Canon'. Entity 2: '3M - PF230W9F EYE PROTECTION FILTER DESKTOPS FRAME STANDARD 23.0 ACCS'.,No,32931015#49127797_original
Do the two product descriptions refer to the same real-world product? Entity 1: 'HyperX 16GB (1x16GB) 3200MHz CL16 Fury'. Entity 2: 'Epson oryginalny tusz T2982 29 cyan'.,No,52993309#66191134_original
Do the two product descriptions refer to the same real-world product? Entity 1: 'SanDisk SSD Plus 120GB 240GB 530MB/s 480GB 1TB 535MB/sSolid State Drive (120GB)'. Entity 2: 'APC - Schneider SMART-UPS 1000VA LCD 230V'.,No,60638240#77969198_original
Do the two product descriptions refer to the same real-world product? Entity 1: 'HPE 300GB 6G SAS 10K rpm SFF (2. 5 - inch) SC Warranty HDD'. Entity 2: 'HP 300GB 6G SAS 10K rpm SFF (2.5-inch) SC Enterprise'.,Yes,87572356#79788718_left_augmented_right_original
Do the two product descriptions refer to the same real-world product? Entity 1: 'SanDisk CFast 2.0 64GB Extreme Pro Memory Card | Read 525 MB/s | Write 430MB/s | 4K Video'. Entity 2: 'Epson Cartouche d'encre C13T865140 (T8651)'.,No,81920536#94512766_original
Do the two product descriptions refer to the same real-world product? Entity 1: 'Audio Technica ATH - M50xWH Professional Studio _ Headphones'. Entity 2: 'Audio-Technica ATH-M50x Monitor Headphones - White'.,Yes,55918296#53737120_left_augmented_right_original
Do the two product descriptions refer to the same real-world product? Entity 1: 'Brother MFC-L2710DW - multifunction printer - B/W'. Entity 2: 'LOGITECH C922 PRO STREAM FULL HD WEBCAM (960-001090)-WRTY 1YR W/BANLEONG'.,No,67275979#29716234_original
Do the two product descriptions refer to the same real-world product? Entity 1: 'Gorra New Era NY Yankees MLB 9Fifty Cap'. Entity 2: 'Gorra New Era Clean Trucker 2 NY Yankees Cap'.,No,84459988#64692163_original
"Do the two product descriptions refer to the same real-world product? Entity 1: 'BenQ GW2480 23.8 inch LED IPS Monitor - Full HD, 5ms, Speakers'. Entity 2: 'BenQ GW2480 23. 8 "" Full HD Monitor'.",Yes,83013356#83555610_left_original_right_augmented
Do the two product descriptions refer to the same real-world product? Entity 1: 'TISSOT T0 91. 420. 46. 051. 01 T - TOUCH Expe rt Solar'. Entity 2: 'Tissot T-Touch Expert Solar Men's Watch - T0914204605101'.,Yes,7180445#57141050_left_augmented_right_original
Do the two product descriptions refer to the same real-world product? Entity 1: 'Audemars Piguet Royal Oak Offshore Selfwinding Chronograph Watch - 26470ST.OO.A099CR.01'. Entity 2: 'Cheap Replica Audemars P iguet Royal Oak Offshore Chronograph Watch 26470ST. OO. A09 9CR. 01'.,Yes,93033011#30674519_left_original_right_augmented
Do the two product descriptions refer to the same real-world product? Entity 1: 'Canon Ink Jet Cartridge PGI-72 PBK/GY/PM/PC/CO Multipack 40433'. Entity 2: 'C'.,Yes,30007794#10737119_left_original_right_augmented
Do the two product descriptions refer to the same real-world product? Entity 1: 'WD 1TB My Passport Portable Hard Drive'. Entity 2: 'W'.,Yes,43411151#13238453_left_original_right_augmented
Do the two product descriptions refer to the same real-world product? Entity 1: 'Kingston Technology DataTraveler microDuo 3C 128GB USB flZsh Vrive USB Tyle - A / USB Type - C 3. 0 (3. 1 Gen 1) Silver'. Entity 2: 'Kingston DataTraveler microDuo 128GB USB 3.0'.,Yes,46100236#21755591_left_augmented_right_original
Do the two product descriptions refer to the same real-world product? Entity 1: 'Relógio Swiss Military Hanowa06-6278.04.001.07 Navalus'. Entity 2: 'Swiss Military Hanowa Navalus Day-Date 06-6278.04.001.07'.,Yes,77146001#76195289_original
Do the two product descriptions refer to the same real-world product? Entity 1: 'UNPKG RAM DBL SOCKET ARM B BALL C LENGTH'. Entity 2: 'RAM Double Socket Arm MC201C LONG'.,Yes,61791022#87259085_original
Do the two product descriptions refer to the same real-world product? Entity 1: 'Zebra Black Ribbon True Colours Brand i-series 800015-301'. Entity 2: 'Cloud Core Router CCR1036-12G-4S-EM'.,No,57082229#88031640_original
"Do the two product descriptions refer to the same real-world product? Entity 1: 'Seagate IronWolf PRO 16TB NAS Professional'. Entity 2: '16TB IronWolf Pro ST16000NE000, 7200 RPM, SATA 6Gb/s, 256MB cache, 3.5-Inch HDD'.",Yes,1329026#26425849_original
Do the two product descriptions refer to the same real-world product? Entity 1: 'Samsung CLT - K406S Black Original Standard Toner Yield Cartridge'. Entity 2: 'Cartus _ Samsung CLT - K406S'.,Yes,55157414#35100344_both_augmented
Do the two product descriptions refer to the same real-world product? Entity 1: 'DVR Hikvision TurboHD 4 canale DS - - K1'. Entity 2: 'DS-7204HQHI-K1 Turbo HD DVR'.,Yes,10999896#69996428_left_augmented_right_original
Do the two product descriptions refer to the same real-world product? Entity 1: 'APC APCRBC117 Replacement Battery Cartridge #117'. Entity 2: 'Diadema Logitech H390 USB Computer ...'.,No,62368315#47948274_original
"Do the two product descriptions refer to the same real-world product? Entity 1: 'Johnnie Walker - Blue Label 70cl'. Entity 2: 'Johnnie _ Blue Label 0, 7 ltr.'.",Yes,24351127#81212084_left_original_right_augmented
Do the two product descriptions refer to the same real-world product? Entity 1: 'Sandisk Extreme Pro 64GB CFast 2.0'. Entity 2: 'Carbide Series 275R Tempered Glass Mid-Tower Gaming CaseWhite'.,No,87998765#29204789_original
Do the two product descriptions refer to the same real-world product? Entity 1: 'SanDisk SD Extreme V30 - I C10 - 128GB'. Entity 2: 'SANDISK EXTREME SDXC 128GB 150MB/S C10 U3'.,Yes,24802094#83274921_left_augmented_right_original
"Do the two product descriptions refer to the same real-world product? Entity 1: 'Crucial 2TB MX500 2.5"" 7mm SATA 6Gb/s SSD'. Entity 2: 'Crucial 500GB MX500 M.2 2880 SATA 6Gb/s SSD'.",No,91126559#1741624_original
Do the two product descriptions refer to the same real-world product? Entity 1: 'Jabra BIZ 2400 II 3 in - - 1 Mono IP top Headset only'. Entity 2: 'Jabra Biz 2400 II Mono 3-1 NC IP 2486-820-209'.,Yes,43780660#8343900_left_augmented_right_original
Do the two product descriptions refer to the same real-world product? Entity 1: 'Garmin VENU Smartwatch Black 010-02173-12 Leather Strap'. Entity 2: 'Crucial 8GB DDR3 1600MHz CT102464BF160B Notebook Ram'.,No,21469105#7717624_original
"Do the two product descriptions refer to the same real-world product? Entity 1: 'Elixir 11152 Strings Acoustic 80/20 Bronze NANOWEB 12 String, Light'. Entity 2: 'Elixir E16052 Nanoweb Phosphor Bronze Acoustic Guitar Strings Light Gauge 12-53'.",No,68527967#62145678_original
"Do the two product descriptions refer to the same real-world product? Entity 1: 'Asus MBTUF B450M - P lus Gam ing / AM4 / B450 / m. 2 / mATX'. Entity 2: 'Motherboard Asus TUF B450M-PLUS GAMING, AM4, USB 3.1, SATA 6GB/S'.",Yes,73315956#73180792_left_augmented_right_original
Do the two product descriptions refer to the same real-world product? Entity 1: 'Fujifilm XF-56mm f1.2 APD'. Entity 2: 'Fujifi lm XF 56 mm F / 1. 2 R APD Lens'.,Yes,63386383#89961053_left_original_right_augmented
Do the two product descriptions refer to the same real-world product? Entity 1: 'Bosch KGN34NWEAG 60cm Frost Fridge Free Freezer'. Entity 2: 'Bosch KGN34NWEAG Free-standing fridge-freezer'.,Yes,62807515#65479901_left_augmented_right_original
Do the two product descriptions refer to the same real-world product? Entity 1: 'Daniel Wellington Unisex Classic Sheffield 36mm Rose Gold Black DW00100036'. Entity 2: 'Tissot Heritage Visodate Analog Swiss Quartz Sapphire Crystal Men's Watch'.,No,35410623#34746615_original
Do the two product descriptions refer to the same real-world product? Entity 1: 'Access Point TP-LINK Wireless N 300Mbs B/G/N - 3 Antenas'. Entity 2: 'Access Point TP - Link 450MBPS TL - WA90!ND Wireless'.,Yes,7873500#10373250_left_original_right_augmented
"Do the two product descriptions refer to the same real-world product? Entity 1: 'Canon PFI107C Cyan Laser Toner Cartridge Remanufactured'. Entity 2: 'Canon PFI-101C Ink, 130 ml - Cyan'.",No,29167528#7158327_original
Do the two product descriptions refer to the same real-world product? Entity 1: 'EJ16 - AcouDtic Phosphor Bronze 12 - 53'. Entity 2: 'D'Addario EJ16 Phosphor Bronze Light Acoustic Guitar Strings'.,Yes,24742825#97547150_left_augmented_right_original
Do the two product descriptions refer to the same real-world product? Entity 1: '32 Oz Wide Mouth With Flex Cap W32BTS001'. Entity 2: 'H'.,Yes,58893463#12190772_left_original_right_augmented
"Do the two product descriptions refer to the same real-world product? Entity 1: 'Samsung 50\"" 4K UHD HDR QLED Smart TV (QN50Q60TAFXZC)'. Entity 2: 'BenQ SW271 Pro 27in IPS LCD Monitor 4K UHD'.",No,16855766#64016107_original
"Do the two product descriptions refer to the same real-world product? Entity 1: 'RAM Mount Base UBolt Mount - Requires RAM Cradle [RAM-B-149ZU]'. Entity 2: 'RAM - B - 149 ZU - RAM Handlebar Rail Mount with Zinc Coated U - Bo lt Base for R ails from 0. 5 \ "" to 1. 25 \ "" in D iameter'.",Yes,38785326#53660770_left_original_right_augmented
Do the two product descriptions refer to the same real-world product? Entity 1: 'Shimano Dura-Ace CS-R9100 11-28T 11sp Cassette'. Entity 2: '002 Traveler's Notebook Regular- Refill - Grid Notebook'.,No,2158913#21924094_original
"Do the two product descriptions refer to the same real-world product? Entity 1: 'ASUS GeForce RTX 2080 SUPER 8GB DUAL OC EVO'. Entity 2: 'ASUS GeForce® RTX 2080 SUPER™ Dual Evo OC 8GB (90YV0DJ0-M0NM00) (NVIDIA, Grafikkarte)'.",Yes,29339493#50769372_original
Do the two product descriptions refer to the same real-world product? Entity 1: 'Traveler's Notebook / Refill 001 / Lined Notebook'. Entity 2: 'Shimano BR-M9000 J04C Metal Finned Disc Pad'.,No,80500885#11542304_original
Do the two product descriptions refer to the same real-world product? Entity 1: 'Corsair 8GB (1x8GB) 2666MHz CL16 Vengeance LPX Black'. Entity 2: 'Daniel Wellington Unisex Classic Sheffield 36mm Rose Gold Black DW00100036'.,No,82583255#35410623_original
"Do the two product descriptions refer to the same real-world product? Entity 1: 'TP-Link T1700G-28TQ JetStream 24-Port Gigabit Stackable Smart Switch with 4 10GE SFP+ Slots'. Entity 2: 'T1700G-28TQ GE/XG/SMA/24, Switch'.",Yes,58763783#81441228_original
Do the two product descriptions refer to the same real-world product? Entity 1: 'RAM Twist-Lock Dual Suction Cup Base / RAM-B-189BU'. Entity 2: 'RAM Dual Suction Cup Base'.,Yes,31143310#26009855_original
Do the two product descriptions refer to the same real-world product? Entity 1: 'instax square film 10pk black'. Entity 2: 'Fujifilm Instax Black Square Film (10 Pack)'.,Yes,17813216#36022457_original
"Do the two product descriptions refer to the same real-world product? Entity 1: 'CS - M8000 CASSETTE 11 - _ _ 11 - SPEED'. Entity 2: 'Shimano Deore XT CS-M8000 Cassette 11-speed, silver/grey'.",Yes,63000389#17103408_left_augmented_right_original
Do the two product descriptions refer to the same real-world product? Entity 1: 'Sigma 35mm F1.4 DG Art HSM EOS Mount Lens'. Entity 2: 'Sigma 35mm f/1.4 DG HSM Art'.,Yes,26301462#38447746_original
"Do the two product descriptions refer to the same real-world product? Entity 1: 'Shimano Cassette Ultegra R8000 11 Speed 11-28T'. Entity 2: 'Life Extension Super Ubiquinol COQ10 with Enhanced Mitochondrial Support 100 mg, 60 Count'.",No,88957207#8482438_original
Do the two product descriptions refer to the same real-world product? Entity 1: 'TRAVELERS REFILL KRAFT PAPER NOTEBOOK 14365006-014'. Entity 2: 'Sandisk Extreme Pro 64GB CFast 2.0'.,No,56619455#87998765_original
Do the two product descriptions refer to the same real-world product? Entity 1: 'APPLE - AIRPODS WITH CHARGING CASEIN'. Entity 2: 'APPLE - AIRPODS WITH WIRELESS CHARGING CASE IN'.,No,97396039#55393360_original
Do the two product descriptions refer to the same real-world product? Entity 1: 'D'. Entity 2: 'DYMO 4500 TAPE BLACK/RED 45017'.,Yes,87459276#80725760_left_augmented_right_original
Do the two product descriptions refer to the same real-world product? Entity 1: 'Dron DJI Mavic 2 Pro'. Entity 2: 'DJI Mavic 2 Car Charger'.,No,83992680#24574240_original
Do the two product descriptions refer to the same real-world product? Entity 1: 'AMD Ryzen 9 3900XT 12 - Core. 8 GHz Socket 105W 100 - 100000277WOF Desktop Processor'. Entity 2: 'AMD Ryzen 9 3900XT CPU AM4'.,Yes,44141044#15448834_both_augmented
Do the two product descriptions refer to the same real-world product? Entity 1: 'Switch D-Link DGS-1210-24 20 p 10 / 100 / 1000 Mbps 4 x SFP'. Entity 2: 'D switch - Link Web - smart - switch - 24 porte - gestito dgs - 1210 - 24'.,Yes,23055402#34259452_left_original_right_augmented
"Do the two product descriptions refer to the same real-world product? Entity 1: '3M - Privacy filter framed lightweight 18,1\""\""-20\""\"" widescreen'. Entity 2: 'Samsung T7 Blue 2TB Portable SSD USB-C/A Gen2'.",No,32904204#98124674_original
Do the two product descriptions refer to the same real-world product? Entity 1: 'JABRA EVOLVE 20 UC Mono'. Entity 2: 'JABRA EVOLVE 20 UC Stereo'.,No,53905543#63984980_original
"Do the two product descriptions refer to the same real-world product? Entity 1: 'Monitor 27 SW271 LED 5ms/QHD/IPS/HDMI/DP/USB'. Entity 2: 'BenQ LCD SW2700PT 27\"" W/IPS LED/2560x1440/5ms/DVI-DL/HDMI/2xUSB3.0/Flicker-free/VESA 9H.LDKLB.QBE'.",No,22000442#32701286_original
Do the two product descriptions refer to the same real-world product? Entity 1: 'AMD Ryzen 5 1500X Wraith Spire Cooler'. Entity 2: '0000012890| Sigma 50mm f/1.4 DG HSM Art for Canon'.,No,20737266#3889666_original
Do the two product descriptions refer to the same real-world product? Entity 1: 'ASUS Scheda Madre TUF GAMING X570-PLUS AMD'. Entity 2: 'SRAM Disc Brake Pad Set Organic Compound'.,No,98857946#18915981_original
Do the two product descriptions refer to the same real-world product? Entity 1: 'Intel - Core i7-9700F 9th Generation 8-core - 8-Threads 3.0 GHz (4.7 GHz Turbo) Socket LGA 2066 Locked Desktop Processor'. Entity 2: 'Zebra 800011-101 ZXP Series 1 Ribbon ZXP Series 1 Load-N-Go Black Monochrome Ribbon'.,No,28603694#41234714_original
Do the two product descriptions refer to the same real-world product? Entity 1: 'D1-TAPE 24MM X 7M BLACK ON WHITE IN'. Entity 2: '53713 dymo Black On White - 24mm'.,Yes,12772810#89243104_left_original_right_augmented
"Do the two product descriptions refer to the same real-world product? Entity 1: 'Ubiquiti UniFi AP, AC, In Wall, 5-Pack'. Entity 2: 'Cappello New Era Clean Trucker 2 NY Yankees Cap'.",No,34532774#39833087_original
Do the two product descriptions refer to the same real-world product? Entity 1: 'Samsung Portable SSD T7 Touch 1TB - Zilver'. Entity 2: 'MultiPlus Inverter/Charger C 12/2000/80-30'.,No,5603029#48734603_original
Do the two product descriptions refer to the same real-world product? Entity 1: 'Western Digital Blue SSD 250GB SATA M.2 2280 WDS250G2B0B'. Entity 2: 'Canon EF-S 55-250 f4-5.6 IS STM'.,No,22109936#3807651_original
Do the two product descriptions refer to the same real-world product? Entity 1: 'DS-7208HUHI-K2-P Hikvision 8 Channel 5MP / 1080P HD-TVI Hybrid DVR with Power over Coax (PoC / Turbo4.0)'. Entity 2: 'Kingston 32GB DDR4 3000MHz Kit(2x16GB) HyperX Predator Intel XMP'.,No,13887167#54377216_original
Do the two product descriptions refer to the same real-world product? Entity 1: 'Crucial MX500 M.2 2280 500GB Internal SSD 560MB/s CT500MX500SSD4 | PCByte'. Entity 2: 'Tissot T-Touch Expert Solar Men's Watch - T0914204605101'.,No,18862066#57141050_original
Do the two product descriptions refer to the same real-world product? Entity 1: 'FUJIFILM Super EBC XF 23mm f/2 R WR Lens - Black'. Entity 2: 'FUJIFILM Aspherical Super EBC XF 80mm f/2.8 R LM OIS WR Macro Lens'.,No,3348619#21075521_original
Do the two product descriptions refer to the same real-world product? Entity 1: 'Hydro Flask 21 Oz- Black'. Entity 2: 'Hydro Flask Standard Mouth 621ml Insulated Bottle'.,Yes,75551932#2687477_original
"Do the two product descriptions refer to the same real-world product? Entity 1: 'Jabra Evolve 80 UC stereo SKype for Business'. Entity 2: 'Epson Tinte T6164 Yellow, 53 ml'.",No,95282914#27195828_original
Do the two product descriptions refer to the same real-world product? Entity 1: 'TP-Link AC600 T2U Wireless USB Nano Adapter'. Entity 2: 'TP-Link Archer T9UH Wireless AC1900 USB Adapter'.,No,56034511#80086981_original
"Do the two product descriptions refer to the same real-world product? Entity 1: 'AMD Ry zen 5 2600X - 4. 25 GHz - 6 - core - 12 th reads - 19 MB ca che - Socket AM4 - Box'. Entity 2: 'YD260XBCAFBOX - AMD AM4 Ry zen 5 2600X, 6x 3. 60GHz, bo xed'.",Yes,25725051#83152267_both_augmented
Do the two product descriptions refer to the same real-world product? Entity 1: 'APC APCrbc110 Replacement Cartridge # 110'. Entity 2: 'APC (APCRBC110) REPLACEMENT BATTERY CATRIDGE #110'.,Yes,1644190#40357787_left_augmented_right_original
"Do the two product descriptions refer to the same real-world product? Entity 1: 'Apple AirPods Pro, Kopfhrer - EU'. Entity 2: 'D'Addario XT Acoustic Phosphor Bronze Medium Guitar Strings 13-56'.",No,48169914#52948864_original
"Do the two product descriptions refer to the same real-world product? Entity 1: 'Speed Dome IP, 2 MP, IR 150m, Hikvision DS-2DE5225IW-AE'. Entity 2: 'Corsair Vengeance LPX 16GB DDR4 2400MHz(CMK16GX4M1A2400C14)'.",No,12176070#31803140_original
Do the two product descriptions refer to the same real-world product? Entity 1: 'Apple AirPods with Charging Case (Latest Model) from Apple Computer'. Entity 2: 'ADATT. WIFI TP-LINK AC600 NANO WRLS USB'.,No,87281733#98430609_original
Do the two product descriptions refer to the same real-world product? Entity 1: 'SEL20F18G. SYX - Sony E - Mount FE 20mm F1. 8 G'. Entity 2: 'Sony E - Mount FE 20mm f / 1. Wide Angle G Lens'.,Yes,3170005#62089162_both_augmented
Do the two product descriptions refer to the same real-world product? Entity 1: 'LOGITECH C922 PRO STREAM FULL HD WEBCAM (960-001090)-WRTY 1YR W/BANLEONG'. Entity 2: 'Tissot Heritage Visodate Analog Swiss Quartz Sapphire Crystal Men's Watch'.,No,29716234#34746615_original
"Do the two product descriptions refer to the same real-world product? Entity 1: '120GB Crucial BX500 3D NAND 2.5\"" SATA SSD'. Entity 2: 'Disco SSD Crucial BXy00 120GB 3D TLC SATA III'.",Yes,69918467#71555853_left_original_right_augmented
Do the two product descriptions refer to the same real-world product? Entity 1: 'Cappello New Era Clean Trucker 2 NY Yankees Cap'. Entity 2: 'Cappello New Era Clean Trucker Chicago Bulls Cap'.,No,39833087#49092761_original
Do the two product descriptions refer to the same real-world product? Entity 1: 'Samsung 970 EVO Plus MZ-V7S250BW / Solid state drive / encrypted / 250GB / internal / M.2 2280 / PCI Express 3.0 x4 (NVMe) / buffer: 512 MB / 256-bit AES / TCG Opal Encryption | MZ-V7S250BW'. Entity 2: 'Samsung 970 EVO Plus SSD 250GB'.,Yes,62631842#9016004_left_original_right_augmented
Do the two product descriptions refer to the same real-world product? Entity 1: 'Original Epson T1571 Photo Black Ink Cartridge'. Entity 2: 'Epson - Ink Cartridge Black 10K'.,No,55645397#29914496_original
Do the two product descriptions refer to the same real-world product? Entity 1: 'Fujifilm Instax mini Rainbow film 10 pack'. Entity 2: 'Logitech BRIO 4K Ultra HD webcam'.,No,46246978#6978466_original
Do the two product descriptions refer to the same real-world product? Entity 1: 'Sony FE 70-200mm f/4 OSS Lens'. Entity 2: 'Sony SEL-70200G FE 70-200 mm F4 Lens'.,Yes,36499924#28284405_original
"Do the two product descriptions refer to the same real-world product? Entity 1: 'C'. Entity 2: 'Crucial MX500 250GB SATA 2.5-inch, SATA 6.0Gb/s 7mm Solid State Drive'.",Yes,68173491#19102781_left_augmented_right_original
"Do the two product descriptions refer to the same real-world product? Entity 1: 'Cooler Master MasterBox Lite 5 Mid Tower Case'. Entity 2: 'Blaze 40\"" Stainless Steel 5 Burner LTE Built-In Gas Grill w/ Rear Burner BLZ-5LTE2'.",No,23276195#92704095_original
Do the two product descriptions refer to the same real-world product? Entity 1: 'C'. Entity 2: 'Kingston SDCS Canvas Select _ microSD Memory Card - _ With Adapter'.,Yes,50903406#13253151_both_augmented
Do the two product descriptions refer to the same real-world product? Entity 1: 'Sigma 50mm F1.4 DG HSM Canon [ART]'. Entity 2: 'Pokemon SWSH3: Darkness Ablaze Elite Trainer Box'.,No,28656579#63016126_original
Do the two product descriptions refer to the same real-world product? Entity 1: 'AF-S FX 24-85MM F3.5-4.5G ED VR'. Entity 2: 'Nikon AF-S NIKKOR FX 50mm F1.8G Lens'.,No,61306190#32885383_original
Do the two product descriptions refer to the same real-world product? Entity 1: '1000 Powermatic 80 -. 407. 11. 051. 00'. Entity 2: 'TISSOT T1204071105100 Seastar Powermatic 80'.,Yes,81356812#9748896_left_augmented_right_original
Do the two product descriptions refer to the same real-world product? Entity 1: 'Tag Heuer Carrera Quartz Chronograph Stainless Steel Watch CBG2A1Z.BA0658'. Entity 2: 'Zebra 800011-101 ZXP Series 1 Ribbon ZXP Series 1 Load-N-Go Black Monochrome Ribbon'.,No,42181153#41234714_original
Do the two product descriptions refer to the same real-world product? Entity 1: 'A SUS GeForce GTX 1660 SUPER DUAL EVO OC'. Entity 2: 'A'.,Yes,42779659#87317188_both_augmented
Do the two product descriptions refer to the same real-world product? Entity 1: 'Shimano 105 RD-R7000 GS Rear Derailleur'. Entity 2: 'Garmin fenix 6X Sapphire Black Silicone Strap Smart Watch'.,No,97940008#61296263_original
"Do the two product descriptions refer to the same real-world product? Entity 1: 'RAM 3.3\"" DIA. SUCT CUP W 1\"" BALL'. Entity 2: 'RAM Motorcycle Fork Stem Base w 1\"" Ball (RAM-B-342U)'.",No,74021002#20152457_original
"Do the two product descriptions refer to the same real-world product? Entity 1: 'Maxxis Assegai Tire - 27.5 x 2.5, Folding, Tubeless, Black, 3C Maxx Terra, EXO+, Wide Trail'. Entity 2: 'Sigma Sigma 35mm F1.4 ART DG HSM - Nikon AF mount'.",No,30141859#31585097_original
Do the two product descriptions refer to the same real-world product? Entity 1: 'Hikvision 32 Turbo HD/CVI / AHD / CVBS Ref: DS-7332HQHI-K4'. Entity 2: 'Epson T7551 (Prentar 5000 síður) XL svart blekhylki (100ml) fyrir WorkForce WF-8XXX prentara'.,No,71442235#57534412_original
Do the two product descriptions refer to the same real-world product? Entity 1: 'Dymo 40913 Black On White 9mm'. Entity 2: 'Genuine Dymo D1 Standard Label Cassette Tape 9mm x 7m - Black on White'.,Yes,46010816#18874158_left_augmented_right_original
Do the two product descriptions refer to the same real-world product? Entity 1: 'Xerox Phaser 6000/6010 Black Toner'. Entity 2: 'Shimano Cassette 11s 11-46 CS-M8000'.,No,18835729#75132289_original
Do the two product descriptions refer to the same real-world product? Entity 1: 'TRAVELER ' S Notebook Blue / / _'. Entity 2: 'Traveler's Notebook Starter Kit (Passport Size) - Blue'.,Yes,43453350#47431263_left_augmented_right_original
"Do the two product descriptions refer to the same real-world product? Entity 1: 'Ubiquiti UniFi Video Camera G3 1080P 802.3af IP UVC-G3-BULLET-3 3 Pack (No PoE Injectors)'. Entity 2: 'UBIQUITI - UVC G3 Fullet Camera, 3 - pack'.",Yes,58970863#84429009_left_original_right_augmented
Do the two product descriptions refer to the same real-world product? Entity 1: 'TP-Link EAP225-Outdoor AC1200 Wireless MU-MIMO Gigabit Indoor/Outdoor Access Point'. Entity 2: 'TP-Link AC1200 Wireless MU-MIMO Gigabit Indoor/Outdoor Access Point (EAP225-Outdoor) AC1200 Outdoor'.,No,73248952#74927976_original
Do the two product descriptions refer to the same real-world product? Entity 1: 'Maxxis Tire Assegai 3C MAXXTERRA/EXO+/TR Foldable 27.5x2.50WT'. Entity 2: 'Maxxis High Roller II MaxxTerra Tire (WT) (3C/EXO/TR) (27.5 x 2.40) (Folding)'.,No,30212626#41191422_original
Do the two product descriptions refer to the same real-world product? Entity 1: 'Western Digital My Book Micro-USB B 3.0 (3.1 Gen 1) 3000GB N'. Entity 2: 'Western Digital My _ 3 To - Noir'.,Yes,47251006#12850168_left_original_right_augmented
Do the two product descriptions refer to the same real-world product? Entity 1: 'Samsung CLT-K406S Black Original Standard Yield Toner Cartridge'. Entity 2: 'Lexmark - Toner cartridge -black - 3500 pages - LRPE260A11E'.,No,55157414#75840459_original
Do the two product descriptions refer to the same real-world product? Entity 1: 'C'. Entity 2: 'Canon - 29 Grey Ink Cartridge (PGI29GOEM )'.,Yes,77220996#96677424_both_augmented
"Do the two product descriptions refer to the same real-world product? Entity 1: 'Evans EC2S 13'' Clear Batter - TT13EC2S'. Entity 2: 'EPSON S042091 premium glossy photo paper 255g/m², A2/25vel'.",No,74972794#51946981_original
"Do the two product descriptions refer to the same real-world product? Entity 1: 'Ram Mount Motorcycle Fork Stem Mou nt with 1 Ball'. Entity 2: 'RAM Motorcycle Fork Stem Base w 1\"" Ball (RAM-B-342U)'.",Yes,3957020#20152457_left_augmented_right_original
"Do the two product descriptions refer to the same real-world product? Entity 1: '16TB IronWolf Pro ST16000NE000, 7200 RPM, SATA 6Gb/s, 256MB cache, 3.5-Inch HDD'. Entity 2: 'BenQ LCD SW2700PT 27\"" W/IPS LED/2560x1440/5ms/DVI-DL/HDMI/2xUSB3.0/Flicker-free/VESA 9H.LDKLB.QBE'.",No,26425849#32701286_original
Do the two product descriptions refer to the same real-world product? Entity 1: 'C'. Entity 2: 'W'.,Yes,12032039#16421267_both_augmented
Do the two product descriptions refer to the same real-world product? Entity 1: 'LOGITECH 1280 X 720PIXELS USB 2. 0 BLACK WEBCAM'. Entity 2: 'WEBCAM LOGITECH C270 HD 720P'.,Yes,24557096#80963811_left_augmented_right_original
"Do the two product descriptions refer to the same real-world product? Entity 1: 'Crucial 8GB (1x8GB) DDR3 1600MHz SODIMM'. Entity 2: 'ShimanoSm-Sh10 Spd-Sl Cleats, Fixed'.",No,7021169#70495926_original
Do the two product descriptions refer to the same real-world product? Entity 1: 'RAM Twist-Lock Dual Suction Cup Base / RAM-B-189BU'. Entity 2: 'RAM Dual Suction Cup Base'.,Yes,31143310#26009855_original
"Do the two product descriptions refer to the same real-world product? Entity 1: 'Epson T6923 Ultrachrome XD rautt Ink 110ml'. Entity 2: 'DDR4 Vengeance LPX 16GB/3200(2*8GB) CL16-18-18-36 BLACK 1,35VXMP 2.0'.",No,36985401#76657775_original
Do the two product descriptions refer to the same real-world product? Entity 1: 'Tissot Seastar 1000 Men's Black Rubber Strap Watch'. Entity 2: 'Karta VGA Gigabyte GeForce GTX 1650 OC 4GB GDDR6 128bit DVI+HDMI+DP PCIe3.0'.,No,81870804#12853731_original
"Do the two product descriptions refer to the same real-world product? Entity 1: 'Samsung 50 \ "" 4K UHD HDR QLED Smar^ TV (QM50@60TAFXZC )'. Entity 2: '43\"" 2020 Q60T 4K Smart QLED TV'.",Yes,16855766#29825517_left_augmented_right_original
Do the two product descriptions refer to the same real-world product? Entity 1: 'Traveler's Notebook / Refill 001 / Lined Notebook'. Entity 2: 'Epson Tinte schwarz-photo f. R3000'.,No,80500885#10229909_original
"Do the two product descriptions refer to the same real-world product? Entity 1: 'Samsung UH46F5 "" LED Full HD Nero display professionale'. Entity 2: 'Samsung LH46UHFCLBB - 116,8 cm (46\"") - LED - 1920 x 1080 Pixel - 700 cd/m² - Full HD - 8 ms'.",Yes,35424032#11708101_left_augmented_right_original
"Do the two product descriptions refer to the same real-world product? Entity 1: 'Shimano - CLEATS SH-10 FIXED RED'. Entity 2: 'ShimanoSm-Sh10 Spd-Sl Cleats, Fixed'.",Yes,9862290#70495926_original
Do the two product descriptions refer to the same real-world product? Entity 1: 'Sony SEL24240 FE 24-240mm f/3.5-6.3 OSS Zoom Lens for Mirrorless Cameras'. Entity 2: '3M - Framed Privacy Filter for 19 Widescreen Monitor (16:10)'.,No,18865753#69236418_original
Do the two product descriptions refer to the same real-world product? Entity 1: 'Jabra EVOLVE 80 Stereo MS (7899 - 823 -) 109'. Entity 2: 'J'.,Yes,13142970#95282914_both_augmented
Do the two product descriptions refer to the same real-world product? Entity 1: 'Shimano Cassette Ultegra R8000 11 S0eed 11 - 28T'. Entity 2: 'Shima no Shimano Cs - R8000 Cassette 11 - 28t U ltegra 11 - Speed'.,Yes,88957207#51733905_both_augmented
Do the two product descriptions refer to the same real-world product? Entity 1: 'APC Smart-UPS SRT 3000VA RM 230V SRT3000RMXLI'. Entity 2: 'APC Smart UPS RM 3000VA'.,Yes,61195551#18693009_original
Do the two product descriptions refer to the same real-world product? Entity 1: 'Johnnie Walker - Blue Label 70cl'. Entity 2: 'TP-Link 300Mbps Wireless N Ceiling Mount Access Point with Passive PoE (EAP115)'.,No,24351127#32658304_original
Do the two product descriptions refer to the same real-world product? Entity 1: 'Manfrotto MVK500AM Fluid Video Head With Lightweight Telescopic Legs'. Entity 2: 'USB STICK SANDISK CRUZER GLIDE 32GB'.,No,37865200#79625472_original
"Do the two product descriptions refer to the same real-world product? Entity 1: 'TP - Link T1700n - 28TQ JetStream 24 - Port Gigabit Stackable Smart Switch with 4 10tE SFP + Slots'. Entity 2: 'T1700G-28TQ GE/XG/SMA/24, Switch'.",Yes,58763783#81441228_left_augmented_right_original
Do the two product descriptions refer to the same real-world product? Entity 1: 'Jabra BIZ 2300 USB UC Duo'. Entity 2: 'Jabra BIZ 2300 USB MS Duo'.,No,89323553#13502365_original
Do the two product descriptions refer to the same real-world product? Entity 1: 'Crystal Series 460X _ Compact ATX Mid - Tower Case - CC - 9011101 - _'. Entity 2: 'Corsair Crystal 460X RGB ATX Mid Tower Case - Black'.,Yes,53072167#11410512_left_augmented_right_original
Do the two product descriptions refer to the same real-world product? Entity 1: 'Tissot Seastar 1000 Powermatic _ Silicium'. Entity 2: 'Tissot _ 1000 Powermatic _ T120. 407. 11. 041. 01'.,Yes,17007886#1647419_both_augmented
Do the two product descriptions refer to the same real-world product? Entity 1: 'Caixa Cooler_Master Caixa para PC NSE-300-KKN1'. Entity 2: 'C'.,Yes,32763428#95251916_left_original_right_augmented
Do the two product descriptions refer to the same real-world product? Entity 1: 'TP - Link T1700n - 28TQ JetStream 24 - Port Gigabit Stackable Smart Switch with 4 10tE SFP + Slots'. Entity 2: 'T1700G - 28TQ GE / XG / SMA / Switch'.,Yes,58763783#81441228_both_augmented
"Do the two product descriptions refer to the same real-world product? Entity 1: 'D-Link DGS-1210-28P'. Entity 2: 'D - Link DGS - 1210 - 28P 24 - port 1Gb Smart Switch, 4x SFP, PoE'.",Yes,37254069#53464814_left_original_right_augmented
Do the two product descriptions refer to the same real-world product? Entity 1: 'HP 900GB 6G SAS 10K 900 SAS MB 16 Cache. 2 5 - Inch Internal or Bare OEM Drives 619291 - B21'. Entity 2: '619291 - B21 HP 900GB 6G SAS 10K SFF rpm (2. 5 - inch) Hard Enterprise Drive'.,Yes,66047716#47613152_both_augmented
"Do the two product descriptions refer to the same real-world product? Entity 1: 'Memoria USB Kingston Technology - Color blanco, 16 GB, USB 3.0'. Entity 2: 'Wireless TP-LINK Wireless Lan TL-WN781ND'.",No,28824028#48790334_original
Do the two product descriptions refer to the same real-world product? Entity 1: 'SanDisk E xtreme Pro SD Card 32GB 3 00MB / s UHS - II'. Entity 2: 'SanDisk 32GB Extreme Pro SDSDXPK-032G-GN4IN SDHC Memory Card C10'.,Yes,3420227#60624891_left_augmented_right_original
Do the two product descriptions refer to the same real-world product? Entity 1: 'APC - Replacement battery cartridge 140'. Entity 2: 'APC RBC140 Replacement Battery Cartridge'.,Yes,8994298#54536046_original
Do the two product descriptions refer to the same real-world product? Entity 1: 'TP-Link | AC1900 High Gain Dual Band Wifi Adapter | Wireless WiFi Network Adapter for PC (Archer T9UH)'. Entity 2: 'TP Link AC1350 Wireless Dual Band Cable Router - White | ARCHER C60'.,No,98241359#7737233_original
Do the two product descriptions refer to the same real-world product? Entity 1: 'Atomos ATOM-CAB010 Full To Full Hdmi Coiled Cable'. Entity 2: 'Fujifilm FUJINON XF-56mm f1.2'.,No,81962548#88398980_original
Do the two product descriptions refer to the same real-world product? Entity 1: 'AAA Replica Omega Seamaster Planet Ocean 600M Chronograph Stainless Steel Blue Watch 215.30.46.51.03.001'. Entity 2: 'Seamaster Ocean Planet M 600 Omega Co - Axial Master Chronometer Chronograph 215. 30. 46. 51 03. . 001'.,Yes,90806148#31420404_left_original_right_augmented
Do the two product descriptions refer to the same real-world product? Entity 1: 'HP 900GB 6G SAS 10K 900 SAS 16 MB Cache 2.5-Inch Internal Bare or OEM Drives 619291-B21'. Entity 2: 'BIZ 2400 II Duo IP Flex'.,No,66047716#78989521_original
"Do the two product descriptions refer to the same real-world product? Entity 1: 'Pokemon SWSH3: Darkness Ablaze Elite Trainer Box'. Entity 2: '43\"" 2020 Q60T 4K Smart QLED TV'.",No,63016126#29825517_original
Do the two product descriptions refer to the same real-world product? Entity 1: 'Cartus compatibil Samsung CLT-K406S'. Entity 2: 'ASUS Prime X570-P ATX Motherboard - Socket AM4 - AMD X570 - USB 3.2 Gen 3'.,No,35100344#49058519_original
Do the two product descriptions refer to the same real-world product? Entity 1: 'Audio Technica Headphones Air Dynamic Series ATH-AD500X'. Entity 2: 'Casti Hi-Fi Audio-Technica ATH-AD500X'.,Yes,56574761#21506250_original
"Do the two product descriptions refer to the same real-world product? Entity 1: 'Traveler's Zip Pocket - Regular Size'. Entity 2: 'Evans EMAD2 Clear Bass Drum Head, 22 Inch'.",No,63928436#9232364_original
Do the two product descriptions refer to the same real-world product? Entity 1: 'HK DVR TURBOHD 8ch DS-7208HQHI-K2/P'. Entity 2: 'DS-7216HQHI-K1 Hikvision 16 cs. TurboHD DVR'.,No,24052138#3762458_original
Do the two product descriptions refer to the same real-world product? Entity 1: 'Swiss Military Hanowa FLAGSHIP 06-5161.2.04.003 Herrenuhr'. Entity 2: 'Swiss Military Hanowa FLAGSHIP 06-5161.2.04.007 Herrenuhr'.,No,64511013#27442156_original
"Do the two product descriptions refer to the same real-world product? Entity 1: 'Western Digital My Passport 1TB 2,5"" USB 3.0'. Entity 2: 'Asus Radeon Dual Evo RX5500 XT 8gb Gddr6 Version OC'.",No,82090972#51683015_original
"Do the two product descriptions refer to the same real-world product? Entity 1: 'Evans 8 \ "" TT08EC2S Clear srum Head'. Entity 2: 'Evans EC2 Clear Drum Head, 8 Inch'.",Yes,52799959#47293324_left_augmented_right_original
"Do the two product descriptions refer to the same real-world product? Entity 1: '3M - Privacy filter framed lightweight 18,1\""\""-20\""\"" widescreen'. Entity 2: '3M - Privacy Filter 23.0\""\"" Framed'.",No,32904204#5938532_original
Do the two product descriptions refer to the same real-world product? Entity 1: 'Sigma Sigma 35mm F1.4 ART DG HSM - Nikon AF mount'. Entity 2: 'Sigma 50mm F1.4 Art DG HSM Nikon Mount Lens'.,No,31585097#26736430_original
Do the two product descriptions refer to the same real-world product? Entity 1: 'Canon EF-M 18-150mm f/3.5-6.3 IS STM (Black)'. Entity 2: 'Canon EF-M 18-150mm f/3.5-6.3 IS STM Schwarz EU10'.,Yes,40876435#89258775_original
Do the two product descriptions refer to the same real-world product? Entity 1: 'DS-7208HUHI-k2-P 8 Channel DVR Turbo 4.0 PoC 5MP'. Entity 2: 'DS - 7208HUHI - K2 - P Hikvision 8 Channel 5MP / 1080P HD - Hybrid TVI DVR with Power over Coax (PoC Turbo4 / 0. )'.,Yes,90921158#13887167_left_original_right_augmented
Do the two product descriptions refer to the same real-world product? Entity 1: 'ASUS Scheda Madre ROG STRIX B550-F GAMING'. Entity 2: 'Audio Technica ATH-M50x Professional Monitor Audiophile Headphones - Black'.,No,2208630#74908666_original
Do the two product descriptions refer to the same real-world product? Entity 1: 'Cooler Master MasterLiquid ML120L V2 RGB Universal Socket 120mm PWM 1800RPM RGB LED AiO Liquid CPU Cooler'. Entity 2: 'Cooler Master MasterLiquid ML120R ARGB AIO Cooler'.,No,54277804#98600039_original
Do the two product descriptions refer to the same real-world product? Entity 1: 'SMSH11 SPDSL CLEAT SET FLOATING MODE YELLOW'. Entity 2: 'SPD-SL-CLEAT-SET-SM-SH11-(YELLOW)-[6DEGREE]'.,Yes,91717987#75596485_original
"Do the two product descriptions refer to the same real-world product? Entity 1: 'Corsair ML140 Pro LED Blue 140mm Magnetic Levitation Fan | Discount Computer Needs'. Entity 2: 'Corsair ML140 Pro LED, Blue, 140mm Premium Magnetic _ _ Fan CO - 9050048 - WW'.",Yes,46441935#80103776_left_original_right_augmented
Do the two product descriptions refer to the same real-world product? Entity 1: 'SRAM Cassette Sram PG 1130 11 vitesses 11-36'. Entity 2: 'Sram PG 1130 11sp 11 cassette - 36T'.,Yes,41182463#97112728_left_original_right_augmented
"Do the two product descriptions refer to the same real-world product? Entity 1: '34\"" Blaze 3 Pro Cart'. Entity 2: 'Cart For 3 - Burner Grill, Cart Only'.",Yes,40521037#96037332_left_original_right_augmented
"Do the two product descriptions refer to the same real-world product? Entity 1: '3M - Framed Privacy Filter for 19 Widescreen Monitor (16:10)'. Entity 2: '3M - PF27.0W9 PRIVACY FILTER BLACK FOR 27,0IN / 68,6 CM / 16:9IN ACCS'.",No,69236418#10719102_original
Do the two product descriptions refer to the same real-world product? Entity 1: 'Epson Strawberry 29 (Prentar 175 síður) Claria Home blekhylki (blátt)'. Entity 2: 'Evans 20” EMAD Clear Bass Drum Head'.,No,43006963#18500821_original
"Do the two product descriptions refer to the same real-world product? Entity 1: 'Elixir Phosphor Bronze Acoustic Guitar Strings with NANOWEB Coating, Extra Light (.010-.047)'. Entity 2: 'Elixir Phosphor Acoustic Strings - Extra Light'.",Yes,7413764#32413380_original
Do the two product descriptions refer to the same real-world product? Entity 1: 'KINGSTON ValueRAM RAM Module - 4 GB (1 x 4 GB) - DDR4 SDRAM'. Entity 2: 'Kingston HyperX Fury 16GB DDR4 3200MHz CL16 Ram'.,No,85033463#46987758_original
Do the two product descriptions refer to the same real-world product? Entity 1: 'HyperX FURY Blue 4GB (1x4GB) 1600MHz DDR3 Memory'. Entity 2: 'M'.,Yes,74756753#45145764_left_original_right_augmented
Do the two product descriptions refer to the same real-world product? Entity 1: 'Catalyst 2960 Plus 48 10/100 +'. Entity 2: 'SanDisk Extreme PRO SD UHS-II USB 3.0'.,No,66810868#27700752_original
"Do the two product descriptions refer to the same real-world product? Entity 1: 'Manfrotto MHXPRO-2W 2-Way Head'. Entity 2: 'SanDisk 480GB SSD Plus int 2.5\"" SATA3 SSD (SDSSDA-480G-G26) (Local Warranty with 3years with Local Distributor)'.",No,35405134#49067884_original
Do the two product descriptions refer to the same real-world product? Entity 1: 'CanoG 24 - 70mm f / 2. 8L II USM EF kens'. Entity 2: 'Nikon AF-S NIKKOR FX 50mm F1.8G Lens'.,Yes,12432797#32885383_left_augmented_right_original
Do the two product descriptions refer to the same real-world product? Entity 1: 'Epson Blekk Svart T7031 L - WP4000/4500'. Entity 2: 'Epson WP4000/4500 Inkjet Cartridge High Yield Magenta. (Eiffel Tower) OEM: C13T70234010 EP48715'.,No,62242632#17128193_original
Do the two product descriptions refer to the same real-world product? Entity 1: 'KINGSTON MICRO SD CARD CANVAS SELECT PLUS 128GB 100MB/S LIMITED LIFETIME'. Entity 2: 'Kingston Canvas Select Plus SDHC Memory Card UHS-I 4K FULL HD 100MB/s - 32GB'.,No,96712384#70291557_original
Do the two product descriptions refer to the same real-world product? Entity 1: 'Epson WP4000 / 4500 Inkjet Cartridge Yield High Magenta. (Eiffel Tower) OEM: EP48715 C13T70234010'. Entity 2: 'Epson C13T70234010 Muste Punainen'.,Yes,17128193#46950967_both_augmented
Do the two product descriptions refer to the same real-world product? Entity 1: 'Genuine SanDiskiXpand Flash Drive 64GB - iPhone lightning connector'. Entity 2: 'Bosch KGN34NWEAG Free-standing fridge-freezer'.,No,73194223#65479901_original
"Do the two product descriptions refer to the same real-world product? Entity 1: 'Evans 14 \ TT14EC2S Clear Drum Head'. Entity 2: 'Evans EC2 Clear Drum Head, 14 Inch'.",Yes,5519409#1136383_left_augmented_right_original
"Do the two product descriptions refer to the same real-world product? Entity 1: 'Crucial MX500 2TB 3D NAND SATA 5 Inch Internal SSD'. Entity 2: 'Crucial 2TB MX500 2.5"" 7mm SATA 6Gb/s SSD'.",Yes,52356483#91126559_left_augmented_right_original
"Do the two product descriptions refer to the same real-world product? Entity 1: 'RAM Motorcycle Brake/Clutch Reservoir & Handlebar Ball Base / B Size / RAM-B-309-7U'. Entity 2: 'BROTHER HL-L6200DW WIRELESSMONO LASER PRINTER WITH2-Sided PRINTING(46 PPM, 520 Sheets Paper...'.",No,89814977#62578226_original
"Do the two product descriptions refer to the same real-world product? Entity 1: 'Catalyst 2960-X 24 GigE PoE 370W, 2 x 10G SFP+, LAN Base'. Entity 2: 'WS-C2960L-16TS-LLCatalyst 2960L 16 port GigE, 2 x 1G SFP, LAN Lite'.",No,45014189#6236857_original
Do the two product descriptions refer to the same real-world product? Entity 1: 'Crucial CT51264BD160BJ 4GB DDR3L-1600 UDIMM Memory Module'. Entity 2: 'Canon EF-M 18-150mm f/3.5-6.3 IS STM Schwarz EU10'.,No,81239989#89258775_original
Do the two product descriptions refer to the same real-world product? Entity 1: 'Corsair 32GB DDR4 Vengeance LPX 2666MHz Memory Kit Black'. Entity 2: 'Corsair _ LPX 32GB (2x16GB) DDR4 _ (CMK32GX4M2A2666C16 )'.,Yes,25135333#38344216_left_original_right_augmented
"Do the two product descriptions refer to the same real-world product? Entity 1: 'GENUINE Dymo 24mm x 7m Black on Yellow Label Tape Roll SD53718'. Entity 2: '3M - Lightweight 300 Privacy Filter PF322WSkjermfilter mot innsyn, m/ramme 20\""-23\""W (30,7 x 48,5)'.",No,72314218#562267_original
Do the two product descriptions refer to the same real-world product? Entity 1: 'Jabra Evolve 20 SE Special Edition UC monaural USB'. Entity 2: 'AF-S FX 24-85MM F3.5-4.5G ED VR'.,No,35793904#61306190_original
Do the two product descriptions refer to the same real-world product? Entity 1: 'G.Skill Trident Z Neo DDR4 3600MHz 16GB (2X8) Desktop Memory for AMD X570 F4-3600C16D-16GTZNC | PCByte'. Entity 2: 'Memoire DDR3 G. Sk9ll Trident Z F4 - 3600C16D - 16GTZNC'.,Yes,66692743#96889697_left_original_right_augmented
Do the two product descriptions refer to the same real-world product? Entity 1: 'Shimano 11 SPD Chain RD/MTB Sil-Tec With Quick Link'. Entity 2: 'Shimano Shimano Cn - Hg901 - Spd Chain Xtr / Dura Ace W / Quick'.,Yes,95222715#54685720_left_original_right_augmented
Do the two product descriptions refer to the same real-world product? Entity 1: 'TP-Link EAP225-Outdoor AC1200 Wireless MU-MIMO Gigabit Indoor/Outdoor Access Point'. Entity 2: 'Access Point TP-LINK Wireless N 300Mbs B/G/N - 3 Antenas'.,No,73248952#7873500_original
Do the two product descriptions refer to the same real-world product? Entity 1: 'Crystal Series 460X _ Compact ATX Mid - Tower Case - CC - 9011101 - _'. Entity 2: 'Corsair Crystal 460X RGB ATX Mid Tower Case - Bla ck'.,Yes,53072167#11410512_both_augmented
"Do the two product descriptions refer to the same real-world product? Entity 1: '3M - _. 0W9 PRIVACY FILTER _ FOR 27, 0IN / 68, 6 _ / 16: 9IN ACCS'. Entity 2: '3M - Sekretessfilter 27 \ "" Widescreen _: 9'.",Yes,10719102#16785446_both_augmented
"Do the two product descriptions refer to the same real-world product? Entity 1: 'TP-LINK EAP110 Access point - Wit'. Entity 2: '3M - Lightweight 300 Privacy Filter PF322WSkjermfilter mot innsyn, m/ramme 20\""-23\""W (30,7 x 48,5)'.",No,85333987#562267_original
Do the two product descriptions refer to the same real-world product? Entity 1: 'Cooler Master MasterLiquid ML120L V2 RGB Universal Socket 12 0mm PWM 1800RPM RGB LED AiO Liquid CPU Coo ler'. Entity 2: 'Cooler Master MasterLiquid ML120L V2 RGB All In One Liquid CPU Cooler'.,Yes,54277804#35737919_left_augmented_right_original
"Do the two product descriptions refer to the same real-world product? Entity 1: 'Speed Dome IP, 2 MP, IR 150m, Hikvision DS-2DE5225IW-AE'. Entity 2: 'Corsair Crystal Series 570X RGB CC-9011098-WW Steel / Tempered Glass ATX Mid Tower Case'.",No,12176070#18666720_original
Do the two product descriptions refer to the same real-world product? Entity 1: 'APC Smart UPS SRT 6000VA / 230V On Line / Web Card - SRT6KRMXLI'. Entity 2: 'APC Smart-UPS SRT 3000VA RM 230V SRT3000RMXLI'.,No,84668470#61195551_original
Do the two product descriptions refer to the same real-world product? Entity 1: 'Fujifilm Instax Mini Film (Monochrome 10's)'. Entity 2: 'Fujifilm INSTAX Mini Monochrome Instant Film (10 Exposures)'.,Yes,43876521#21122556_original
"Do the two product descriptions refer to the same real-world product? Entity 1: 'Cooler Master MasterBox Lite 5 ATX Black Case, Window, NO PSU, 2x USB 3.0, HD Audio, Dark Mirror Front Panel, No External 5.25\"" Drive Bay'. Entity 2: 'Cooler Master MasterBox Lite 5 Mid Tower Case'.",Yes,41570143#23276195_original
"Do the two product descriptions refer to the same real-world product? Entity 1: 'Canon CLI-251BK XL High-Capacity Black Ink Tank'. Entity 2: 'Canon 64 48B001 (CLI - 251XL) Ink C artridge, HY Black, OEM'.",Yes,12243414#80102860_left_original_right_augmented
"Do the two product descriptions refer to the same real-world product? Entity 1: 'Western Digital My Passport 1TB 2,5"" USB 3.0'. Entity 2: 'Western Digital My Book 3 To - Noir'.",No,82090972#12850168_original
Do the two product descriptions refer to the same real-world product? Entity 1: 'Fujifilm XF-56mm f1.2 APD'. Entity 2: 'APC By Schneider Electric APC Replacement Battery Cartridge'.,No,63386383#61786686_original
Do the two product descriptions refer to the same real-world product? Entity 1: 'Crucial 4GB DDR4-2666 SODIMM | CT4G4SFS8266 | Crucial UK'. Entity 2: 'Crucial 4GB (1x4GB) 2666MHz DDR4 Memory'.,Yes,61869387#8939620_original
Do the two product descriptions refer to the same real-world product? Entity 1: 'WS - C2960 - 24TT - L Cisco Catalyst WS - C@960 - 24GT - L Switch'. Entity 2: 'WS - C2960 - 24 TT - L Catalyst 2960 24 10 / 100 + 2 1000BT LAN Base Image'.,Yes,6930754#7979158_both_augmented
"Do the two product descriptions refer to the same real-world product? Entity 1: 'Epson A4 Premium Glossy Photo Paper'. Entity 2: 'Epson A4/Premium Semiglossy Photo, 20 sheets'.",No,91929224#33653915_original
Do the two product descriptions refer to the same real-world product? Entity 1: 'Relógio Swiss Military Hanowa06-6278.04.001.07 Navalus'. Entity 2: 'Brother HL-L6300DW Business Laser Printer for Mid-Size Workgroups -HL-L6300DW'.,No,77146001#49605449_original
Do the two product descriptions refer to the same real-world product? Entity 1: 'Logitech H540 USB Headset With High-Definition sound and on-ear controls - Black | 981-000480'. Entity 2: 'Logitech H151 Stereo Headset On Ear Kabelgebunden'.,No,12890760#50278024_original
Do the two product descriptions refer to the same real-world product? Entity 1: 'Corsair Crystal _ 570X RGB _ Mid - Tower Case Tempered Glass Black'. Entity 2: 'Corsair Crystal Series 570X CC - 9011098 - WW Steel / Tempered ATX Mid Tower Case'.,Yes,74461011#18666720_both_augmented
Do the two product descriptions refer to the same real-world product? Entity 1: 'DJI Mavic Air Car Charger'. Entity 2: 'DJI Drone Accessory CP.PT.00000120.01 Mavic Air Part 4 Car Charger Retail'.,Yes,62242636#95052001_original
Do the two product descriptions refer to the same real-world product? Entity 1: 'Canon EF-S 10-18/4.5-5.6 IS STM'. Entity 2: 'Kingston HyperX Fury 4GB DDR3 1600MHz CL10 Ram'.,No,27365404#21463573_original
Do the two product descriptions refer to the same real-world product? Entity 1: 'Audio Technica ATH-M50xWH Professional Studio Monitor Headphones'. Entity 2: 'TAG HEUER MONACO AUTOMATIC CHRONOGRAPH'.,No,55918296#43742368_original
Do the two product descriptions refer to the same real-world product? Entity 1: 'WS-C2960-24TT-L Cisco Catalyst WS-C2960-24TT-L Switch'. Entity 2: 'WS-C2960X-24TD-L Cisco Catalyst 2960X Network Switch (New)'.,No,6930754#16421267_original
Do the two product descriptions refer to the same real-world product? Entity 1: 'SanDisk Ultra Flair 32GB USB 3.0 Pen Drive'. Entity 2: 'Pen Drive SanDisk 16GB Cruzer Force USB 2.0'.,No,54818129#75249284_original
Do the two product descriptions refer to the same real-world product? Entity 1: 'XPG SX8200 Pro M.2 256 GB PCI Express 3.0 3D TLC NVMe'. Entity 2: 'XPG SX6000 Lite internal solid state drive 1000 GB PCI Express 3.0 3D TLC NVMe M.2 SSD'.,No,1237125#16403660_original
Do the two product descriptions refer to the same real-world product? Entity 1: 'Jabra Evolve 80 UC stereo SKype for Business'. Entity 2: 'Garmin Fenix 5S Plus GPS Watch Silver with Black Band'.,No,95282914#7871753_original
Do the two product descriptions refer to the same real-world product? Entity 1: 'Samsung Portable SSD T7 Touch 1TB - Zilver'. Entity 2: 'HYDRO FLASK HYDRO FLASK 21OZ STANDARD MOUTH BOTTLE-OLIVE'.,No,5603029#9951028_original
Do the two product descriptions refer to the same real-world product? Entity 1: 'SanDisk Extreme Pro SD Card 32GB 300MB/s UHS-II'. Entity 2: 'CS-M8000 CASSETTE 11-40 XT 11-SPEED'.,No,3420227#63000389_original
Do the two product descriptions refer to the same real-world product? Entity 1: 'Unit maintenance Epson T6190 35000Pgs (C13T619000 )'. Entity 2: 'maintenance kit EPSON Business Inkjet B300/310/B500DN/B510DN (´odpad. nadoba´)'.,Yes,33609155#93094504_left_augmented_right_original
Do the two product descriptions refer to the same real-world product? Entity 1: 'DS-7216HQHI-K1 Hikvision 16 cs. TurboHD DVR'. Entity 2: 'WD MY PASSPORT- 1TB RED WORLDWIDE'.,No,3762458#92858368_original
Do the two product descriptions refer to the same real-world product? Entity 1: 'Shimano Ultegra Chain HG701 - 116L - with split'. Entity 2: 'Shimano HG701 Ultegra R8000 XT M8000 11 Speed Chain with Quick Link'.,Yes,37862083#79148737_original
Do the two product descriptions refer to the same real-world product? Entity 1: 'Swiss Milutary Hanowa FLAGSHIP 06 - 5w61. 2. 04. 007 Herrenuhr'. Entity 2: 'Swiss Military Hanowa Flagship 06-5161.2.04.007'.,Yes,27442156#10214898_left_augmented_right_original
Do the two product descriptions refer to the same real-world product? Entity 1: 'Crucial MX500 250GB 2.5 SATA SSD'. Entity 2: 'Cooler Master MasterCase H500 ARGB Mesh Mid Tower ATX Case TG MCM-H500-IGNN-S01 | PCByte'.,No,68173491#84249757_original
Do the two product descriptions refer to the same real-world product? Entity 1: 'Epson - Ink Cartridge Black 10K'. Entity 2: 'Epson C13T603100 T6031 Black Ink 220ml'.,No,29914496#20060104_original
Do the two product descriptions refer to the same real-world product? Entity 1: 'Samsung 970 Evo 500GB NVME M. 2 High Speed Solic Dtate Drive with V - Nand'. Entity 2: 'Samsung 970 EVO 500GB - NVMe PCIe M.2 2280 SSD | MZ-V7E500BW'.,Yes,42341716#57298257_left_augmented_right_original
Do the two product descriptions refer to the same real-world product? Entity 1: 'DJI DJI | Mavic Mini Drone Fly More Combo'. Entity 2: 'Zebra 800015-101 Black Monochrome Ribbon - 1000 Prints'.,No,7736538#30102088_original
Do the two product descriptions refer to the same real-world product? Entity 1: 'Epson Blekk Svart T7031 L - WP4000/4500'. Entity 2: 'TISSOT T091.420.46.051.01 T-TOUCH Expert Solar'.,No,62242632#7180445_original
"Do the two product descriptions refer to the same real-world product? Entity 1: 'Shimano - CLEATS SH-10 FIXED RED'. Entity 2: 'Evans EC2 Clear Drum Head, 8 Inch'.",No,9862290#47293324_original
"Do the two product descriptions refer to the same real-world product? Entity 1: 'Jabra BIZ 2400 Mark II - 3-in-1 Mono Headset'. Entity 2: 'CLARKS Sram, PG-730, 7sp cassette, 12-32T'.",No,81069691#55037683_original
Do the two product descriptions refer to the same real-world product? Entity 1: 'Audio Technica ATH-M50x Professional Monitor Audiophile Headphones - Black'. Entity 2: 'Audio Technica ATH-M40x Professional Monitor Headphones'.,No,74908666#52490674_original
Do the two product descriptions refer to the same real-world product? Entity 1: 'DJI Mavic Pro automobilinis įkroviklis / Car Charger'. Entity 2: 'DJI Mavic Air Car Charger'.,No,18922461#62242636_original
Do the two product descriptions refer to the same real-world product? Entity 1: 'Memoire Crucial DDR3 4GB DDR3 1600 MT / S (PC3 12800 - )'. Entity 2: 'Crucial CT51264BD160BJ 4GB DDR3L - 1600 JDIMM Memory Module'.,Yes,48138837#81239989_both_augmented
Do the two product descriptions refer to the same real-world product? Entity 1: 'Brother HL-L8360CDW Colour Wireless Laser Printer'. Entity 2: 'Brother HL-L5200DW Laser Printer'.,No,81351830#53641305_original
Do the two product descriptions refer to the same real-world product? Entity 1: 'Apple AirPods with Wireless Charging Case (2nd Generation) - White'. Entity 2: 'SanDisk SD Extreme V30 U3 UHS-I C10 - 128GB'.,No,40845396#24802094_original
"Do the two product descriptions refer to the same real-world product? Entity 1: '16GB Vengeance LPX DDR4 2400MHz, CL14, BlaSk, DIMM Mfmory'. Entity 2: 'Corsair Vengeance LPX 16GB DDR4 2400MHz(CMK16GX4M1A2400C14)'.",Yes,30336988#31803140_left_augmented_right_original
Do the two product descriptions refer to the same real-world product? Entity 1: 'Kingston Digital Canvas Select 128GB microSD Card w/ Adapter (SDCS-128GB)'. Entity 2: 'Kingston Technology Canvas memory 128 GB MicroSDXC Class 10 UHS - I'.,Yes,47070583#70702847_left_original_right_augmented
Do the two product descriptions refer to the same real-world product? Entity 1: 'WD HDD 4TB My Passport Black'. Entity 2: 'WD My Passport - 1 TB'.,No,72819377#13238453_original
Do the two product descriptions refer to the same real-world product? Entity 1: 'Sigma ART 50mm f/1.4 DG HSM Lens for Nikon'. Entity 2: 'Sigma 50mm F1. Art DG Nikon Mount Lens'.,Yes,86176880#26736430_left_original_right_augmented
"Do the two product descriptions refer to the same real-world product? Entity 1: '16GB Vengeance LPX DDR4 2400MHz, CL14, Black, DIMM Memory'. Entity 2: 'Corsair Vengeance LPX 16GB DDR4 _ (CMK16GX4M1A2400C14 )'.",Yes,30336988#31803140_left_original_right_augmented
Do the two product descriptions refer to the same real-world product? Entity 1: 'Evans EC2S 13'' Clear Batter - TT13EC2S'. Entity 2: 'Evans EC2 SST Clear Batter Drumhead 13 in.'.,Yes,74972794#41520329_original
"Do the two product descriptions refer to the same real-world product? Entity 1: 'LaCie 4TB Rugged Thunderbolt / USB-C Mobile HDD'. Entity 2: 'LaCie Rugged USB 1C 4 TB 2, 5 ' ' STFS4000800'.",Yes,53426556#149175_left_original_right_augmented
Do the two product descriptions refer to the same real-world product? Entity 1: '_ _ - Ace CS - R9100 Cassette 11 - speed'. Entity 2: 'Shimano Dura - Ace CS - R9100 28T 11sp Cassette'.,Yes,14128915#2158913_both_augmented
"Do the two product descriptions refer to the same real-world product? Entity 1: 'Western Digital (WDC) 250GB 2.5\"" SATA SSD Blue 7mm Cased'. Entity 2: 'APPLE - AIRPODS WITH CHARGING CASEIN'.",No,62287971#97396039_original
Do the two product descriptions refer to the same real-world product? Entity 1: 'EPSON cartridge T7891 black (WorkForce5'. Entity 2: 'Epson T7891 Black Cart - Compatible'.,Yes,40116448#75384375_left_augmented_right_original
Do the two product descriptions refer to the same real-world product? Entity 1: 'Cerox Phaser 7760 Yellow Toner 106R01162'. Entity 2: 'Xerox 106R01162 OEM Toner Cartridge For Phaser 7760 Yellow - 25K'.,Yes,61066243#7574514_left_augmented_right_original
"Do the two product descriptions refer to the same real-world product? Entity 1: '3M - Lightweight 300 Privacy Filter PF322WSkjermfilter mot innsyn, m/ramme 20\""-23\""W (30,7 x 48,5)'. Entity 2: '3M - Privacy filter PF19 |30.2 cm x 37.7 cm|'.",No,562267#15725521_original
Do the two product descriptions refer to the same real-world product? Entity 1: 'Razer Viper Mini Optical Ambidextrous RGB Gaming Mouse'. Entity 2: 'R'.,Yes,18147366#48102422_left_original_right_augmented
Do the two product descriptions refer to the same real-world product? Entity 1: 'Relógio Swiss Military Hanowa06-6278.04.001.07 Navalus'. Entity 2: 'Relógio Swiss Military Hanowa06-4307.30.007 Undercover Multifunction'.,No,77146001#31373426_original
"Do the two product descriptions refer to the same real-world product? Entity 1: 'Sandisk 128gb Extreme Pro USB 3.1 Solid State Flash Drive, 420MB/s'. Entity 2: '128GB Pendrive SanDisk Extreme PRO SSD USB 3.1 420MB/s'.",Yes,38383881#93168786_original
Do the two product descriptions refer to the same real-world product? Entity 1: 'Apple AirPods with Wired Charging Case (2nd Generation)'. Entity 2: 'Apple AirPods with Wireless Charging Case (2nd Generation) - White'.,No,44483408#40845396_original
Do the two product descriptions refer to the same real-world product? Entity 1: '215.30.46.51.01.001 Omega Seamaster Planet Ocean Chronograph 45.5mm'. Entity 2: 'Obudowa Corsair Crystal 680X RGB High Airflow TG White (CC-9011169-WW)'.,No,30102415#41704902_original
"Do the two product descriptions refer to the same real-world product? Entity 1: 'Epson Tinte T6935 M att Black UltraChrome, 350 ml'. Entity 2: '(C13T693500) EPSONSCT3000 UltraChrome XD Matte Black'.",Yes,81408609#62891962_left_augmented_right_original
Do the two product descriptions refer to the same real-world product? Entity 1: 'Elixir Guitar Strings Phosphor Bronze Nanoweb Light 12 - 53'. Entity 2: 'Sigma 35mm F1.4 DG Art HSM EOS Mount Lens'.,No,91137581#26301462_original
"Do the two product descriptions refer to the same real-world product? Entity 1: 'Life Extension Super Ubiquinol COQ10 with _ _ Support 100 mg, 60 Count'. Entity 2: 'S'.",Yes,8482438#37007640_both_augmented
Do the two product descriptions refer to the same real-world product? Entity 1: 'Crucial 8GB DDR3 1600MHz CT102464BF160B Notebook Ram'. Entity 2: 'Brother HL-L6200DW Business Laser Printer'.,No,7717624#90603941_original
Do the two product descriptions refer to the same real-world product? Entity 1: 'SLgma 3^mm F1. 4 DG Art HSM EOS Mount Lens'. Entity 2: 'Sigma 35mm f / 1. 4 DG _ Art'.,Yes,26301462#38447746_both_augmented
"Do the two product descriptions refer to the same real-world product? Entity 1: 'Corsair Carbide SPEC-OMEGA RGB Black ATX Cube Case, Tempered Glass Window, No PSU, 2x USB 3.0, HD Audio, 2x HD120 RGB Fan / Lighting Node PRO pre-installed'. Entity 2: 'Chassis corsair, Carbide Series SPEC - OMEGA'.",Yes,97168711#70100785_left_original_right_augmented
Do the two product descriptions refer to the same real-world product? Entity 1: 'Cooler Master MasterBox TD500 ARGB Mesh ATX Case Black TG MCB-D500D-KGNN-S01 | PCByte'. Entity 2: 'Cooler Master N300 Mesh ATX Case Black NSE-300-KKN1 | PCByte'.,No,68689972#95251916_original
Do the two product descriptions refer to the same real-world product? Entity 1: 'FUJIFILM Super EBC XF 23mm f/2 R WR Lens - Black'. Entity 2: 'F'.,Yes,3348619#50156673_left_original_right_augmented
Do the two product descriptions refer to the same real-world product? Entity 1: 'SanDisk SDHC Ultra UHS-I 256GB Class 10 90MB/S'. Entity 2: 'SanDisk Ultra SDXC Memory Card 100MBs Class 10 UHS-I 256GB'.,Yes,24224044#47282882_original
Do the two product descriptions refer to the same real-world product? Entity 1: 'TP - LINK EAP110 A ccess point - Wit'. Entity 2: 'TP - Link EAP110 Auranet Access Point 300Mpa'.,Yes,85333987#75297744_both_augmented
Do the two product descriptions refer to the same real-world product? Entity 1: 'AMD RYZEN 5 240 0G Quad - C ore 3. 6 GHz (3. 9 GHz Max Boost) Socket AM4 65W YD2400C5FBBOX Deskt op Processor'. Entity 2: 'Processador Amd Am4 Ryzen R5 - 2400n 3. 9Hhz 6mb'.,Yes,73591660#77356650_both_augmented
"Do the two product descriptions refer to the same real-world product? Entity 1: 'Mouse Gaming RAZER Mamba Elite, 16000 dpi, negru'. Entity 2: 'Gigabyte GTX 1650 SUPER OC 4G'.",No,1283491#23757092_original
"Do the two product descriptions refer to the same real-world product? Entity 1: 'Western Digital My Passport 1TB 2,5"" USB 3.0'. Entity 2: 'Hard Disk Drive WD My Passport WDBYNN0010BRD, 1TB, USB 3.0, rosu'.",No,82090972#67614478_original
"Do the two product descriptions refer to the same real-world product? Entity 1: 'Daniel Wellington - Classic St Mawes Rose Gold - 40mm'. Entity 2: 'Blaze 40\"" Stainless Steel 5 Burner LTE Built-In Gas Grill w/ Rear Burner BLZ-5LTE2'.",No,33365078#92704095_original
Do the two product descriptions refer to the same real-world product? Entity 1: 'Dura-Ace 9100 11-Speed Cassette 11-25T'. Entity 2: 'Dron DJI Mavic 2 Pro'.,No,18567164#83992680_original
Do the two product descriptions refer to the same real-world product? Entity 1: 'APC - Replacement battery cartridge 140'. Entity 2: 'APC RBC140 Replacement Cartridge Battery'.,Yes,8994298#54536046_left_original_right_augmented
Do the two product descriptions refer to the same real-world product? Entity 1: 'Fujifilm Instax Black Square Film (10 Pack)'. Entity 2: 'Hydro Flask Standard Mouth 621ml Insulated Bottle'.,No,36022457#2687477_original
Do the two product descriptions refer to the same real-world product? Entity 1: 'T'. Entity 2: '_ - _ AC1200 Wireless MU - MIMO Gigabit Indoor / Outdoor _ Point (EAP225 - Outdoor) AC1200 Outdoor'.,Yes,45880639#74927976_both_augmented
Do the two product descriptions refer to the same real-world product? Entity 1: 'Asus ROG STRIX B5 50 - E GAMING AM4 ATX Motherboard'. Entity 2: 'ASUS ROG STRIX B550-E GAMING Presa AM4 ATX AMD B550'.,Yes,56603137#5030809_left_augmented_right_original
Do the two product descriptions refer to the same real-world product? Entity 1: 'EPSON Premium Glossy Photo Paper A4/30ks'. Entity 2: 'Epson A4 Premium Glossy Photo Paper'.,Yes,12051271#91929224_original
Do the two product descriptions refer to the same real-world product? Entity 1: 'Swiss Immersion 06 - 4226. 30. 003. 03'. Entity 2: 'Swiss Military Hanowa06-4226.30.003.03 Immersion Uhr'.,Yes,58599683#6800809_left_augmented_right_original
Do the two product descriptions refer to the same real-world product? Entity 1: 'Traveler's Zip Pocket - Regular Size'. Entity 2: 'Travelet ' s Refills: AccesWo$ies - 008 / zipper pocket'.,Yes,63928436#97535509_left_original_right_augmented
Do the two product descriptions refer to the same real-world product? Entity 1: 'Corsair 8GB (1x8GB) 3000MHz CL16 Vengeance LPX Black'. Entity 2: 'Sony FE 24mm F1.4 GM Lens + Bonus'.,No,47751906#11625823_original
"Do the two product descriptions refer to the same real-world product? Entity 1: '3M - PF230W9F EYE PROTECTION FILTER DESKTOPS FRAME STANDARD 23.0 ACCS'. Entity 2: '3M - Privacy Filter 23.0\""\"" Framed'.",Yes,49127797#5938532_original
Do the two product descriptions refer to the same real-world product? Entity 1: 'Traveler's Company 002. GRID REFILL MIDORI TRAVELER'S NOTEBOOK'. Entity 2: 'Traveler's Company 001. LINED REFILL MIDORI TRAVELER'S NOTEBOOK'.,No,29929454#59585994_original
"Do the two product descriptions refer to the same real-world product? Entity 1: '014 Traveler's Notebook Regular- Refill - Kraft Paper Notebook'. Entity 2: 'Jabra Biz 2400 II Mono 3-1, NC, 82 mic, QD'.",No,61787029#96888760_original
"Do the two product descriptions refer to the same real-world product? Entity 1: 'MONITOR SAMSUNG C27F390 "" 1920x1080 4MS USB HDMI CURVO NEGRO'. Entity 2: 'Samsung C27F390FHU - Full HD Curved Monitor'.",Yes,22770211#69366044_left_augmented_right_original
Do the two product descriptions refer to the same real-world product? Entity 1: 'Corsair 8GB () 3000MHz CL16 Vengeance LPX Black'. Entity 2: 'CORSAIR 8Gbx1 DDR4 3000Mhz Ram CMK8GX4M1D3000C16 VENGEANCE LPX Gaming RAM'.,Yes,47751906#50005399_left_augmented_right_original
Do the two product descriptions refer to the same real-world product? Entity 1: 'Dr on DJI Mavic 2 Pro'. Entity 2: 'DJI Mavic 2 Pro Drone Quadcopter with Hasselblad Camera HDR Video UAV Adjustable Aperture 20MP 1'.,Yes,83992680#30012034_left_augmented_right_original
Do the two product descriptions refer to the same real-world product? Entity 1: 'SPD-SL-CLEAT-SET-SM-SH11-(YELLOW)-[6DEGREE]'. Entity 2: 'WD Wds100t2b0a 1tb Blue 3d Nand SSD'.,No,75596485#86775292_original
"Do the two product descriptions refer to the same real-world product? Entity 1: 'Maxxis Maxxis, High Roller II, Tire, 27.5''x2.30, Folding, Tubeless Ready, Dual, EXO, 60TPI, Black'. Entity 2: 'Maxxis High Roller II 650b 27.5\"" Dual Compound EXO Folding Tubeless Ready Mountain Bike Tyre'.",Yes,79821099#70403624_original
Do the two product descriptions refer to the same real-world product? Entity 1: 'SRAM Disc Brake Pad Organic Hrd'. Entity 2: 'SRAM Disc Brake Pad Set Organic Compound'.,No,82531103#18915981_original
Do the two product descriptions refer to the same real-world product? Entity 1: 'Atomos Coiled Full HDMI to Full HDMI Cable (30cm) - ATOMCAB010'. Entity 2: 'EPSON Ink bar WF-8xxx Series Ink Cartridge XL Yellow - 4000str. (39 ml)'.,No,56736608#47388064_original
Do the two product descriptions refer to the same real-world product? Entity 1: 'Zebra Black Colours Brand i - series 800015 - 301'. Entity 2: 'Zeb ra 800015 - 301 (Eltron) Black (K) Re sin Ribbon - 1500 Prints'.,Yes,57082229#55031719_both_augmented
"Do the two product descriptions refer to the same real-world product? Entity 1: 'Seagate IronWolf Pro ST8000NE001 - Hard drive - 8 TB - internal - 3.5\"" - SATA 6Gb/s - 7200 rpm - buffer_ 256 MB - with 2 years Rescue Data Recovery Service Plan'. Entity 2: '8TB - Seagate Enterprise Ironwolf Pro SATA - ST8000NE001'.",Yes,84438504#83418921_original
Do the two product descriptions refer to the same real-world product? Entity 1: 'C'. Entity 2: 'Crucial BX500 480 GB SSD Micron 3D NAND S ATA III 6Gb / s 2. 5 Internal Solid State Drive'.,Yes,23491163#93651578_both_augmented
"Do the two product descriptions refer to the same real-world product? Entity 1: 'ZOTAC GeForce RTX 2060 SUPER AMP! 8GB GDDR6 256Bit'. Entity 2: 'ZOTAC Grafikkarte Gaming GeForce RTX 2060 SUPER AMP, 8 GB (ZT-T20610D-10P)'.",Yes,76497591#19462081_left_augmented_right_original
"Do the two product descriptions refer to the same real-world product? Entity 1: 'Catalyst 2960 - X 24 PoE GigE 370W, 2 10G x SFP +, LAN Base'. Entity 2: 'Cisco Catalyst WS-C2960X-24PD-L 24 Ports ManagedRack Mountable Switch'.",Yes,45014189#23351642_left_augmented_right_original
Do the two product descriptions refer to the same real-world product? Entity 1: 'Traveler's Notebook Refill - Sketch Paper'. Entity 2: 'Traveler's Notebook / Refill 001 / Lined Notebook'.,No,10557104#80500885_original
"Do the two product descriptions refer to the same real-world product? Entity 1: 'Hikvision MP Outdoor IR _ - 2DE5225IW - AE'. Entity 2: 'Speed Dome IP, 2 MP, IR 150m, Hikvision DS-2DE5225IW-AE'.",Yes,34073206#12176070_left_augmented_right_original
Do the two product descriptions refer to the same real-world product? Entity 1: 'Canon EF-S 55-250mm f/4-5.6 IS STM'. Entity 2: 'Canon EF-S 10-18/4.5-5.6 IS STM'.,No,61201533#27365404_original
Do the two product descriptions refer to the same real-world product? Entity 1: 'TAG Hejer Automatic Chronograph Watch CBL2111. FC6453'. Entity 2: 'TAG Heuer Monaco Men ' s Blue Leather Strap W atch'.,Yes,13718289#70665219_both_augmented
Do the two product descriptions refer to the same real-world product? Entity 1: 'Zebra 800015-301 (Eltron) Black (K) Resin Ribbon - 1500 Prints'. Entity 2: 'WD HDD 4TB My Passport Black'.,No,55031719#72819377_original
Do the two product descriptions refer to the same real-world product? Entity 1: 'Corsair ML120 Pro LED 120mm Premium Mag-Lev Fan Red'. Entity 2: 'Canon 24-70mm f/2.8L II USM EF Lens'.,No,8298432#12432797_original
Do the two product descriptions refer to the same real-world product? Entity 1: 'Corsair iCue 465X RGB White'. Entity 2: 'Fujifilm INSTAX Mini Monochrome Instant Film (10 Exposures)'.,No,24927328#21122556_original
Do the two product descriptions refer to the same real-world product? Entity 1: 'Asus TUF X470-Plus Gaming Socket AM4 ATX AMD'. Entity 2: 'ASUS Prime X570-P ATX Motherboard - Socket AM4 - AMD X570 - USB 3.2 Gen 3'.,No,36532408#49058519_original
Do the two product descriptions refer to the same real-world product? Entity 1: 'Xerox Phaser 7760 Yellow Toner 106R01162'. Entity 2: 'Xerox 106R01162 OEM Toner Cartridge For Phaser 7760 Yellow - 25K'.,Yes,61066243#7574514_original
Do the two product descriptions refer to the same real-world product? Entity 1: 'Genuine Epson C13T616400 Yellow Ink Cartridge (T6164YOEM)'. Entity 2: 'Ubiquiti Unifi AC In-Wall AP Wireless Access Point 5 Pack UAP-AC-IW-5 (No PoE Injector)'.,No,75157949#65827191_original
Do the two product descriptions refer to the same real-world product? Entity 1: 'Swiss Military Hanowa FLAGSHIP 06-5161.2.04.007 Herrenuhr'. Entity 2: 'Epson - Ink Cartridge Black 10K'.,No,27442156#29914496_original
Do the two product descriptions refer to the same real-world product? Entity 1: 'C'. Entity 2: 'Corsair Carbide Spec-01 Red LED Mid-Tower Case'.,Yes,20467137#88727182_left_augmented_right_original
"Do the two product descriptions refer to the same real-world product? Entity 1: 'Disco Seagate Ironwolf Nas 10Tb Sata3 (St10000vn0008)'. Entity 2: 'Seagate NAS HDD IronWolf - 3.5\"" - 10000 GB - 7200 RPM ST10000VN0008'.",Yes,66564908#84977888_original
Do the two product descriptions refer to the same real-world product? Entity 1: 'Logitech G G402 Hyperion Fury Oyuncu Mouse 910-004068'. Entity 2: 'EJ16 - Acoustic Phosphor Bronze 12-53'.,No,50160182#24742825_original
Do the two product descriptions refer to the same real-world product? Entity 1: 'AMD Ryzen 9 3900XT 12-Core 3.8 GHz Socket AM4 105W 100-100000277WOF Desktop Processor'. Entity 2: 'AMD Ryzen 9 3900XT CPU AM4'.,Yes,44141044#15448834_left_original_right_augmented
Do the two product descriptions refer to the same real-world product? Entity 1: 'TURBO HD DVRDS-7216HQHI-K1 1080P'. Entity 2: 'Cisco Catalyst 2960-Plus 48TC-L - switch - 48 ports - managed - rack-mounta'.,No,79475473#84899710_original
Do the two product descriptions refer to the same real-world product? Entity 1: 'HP Color LaserJet Professional CP5225dn'. Entity 2: 'HP printer Color LaserJet Professional _ (_ # B19 )'.,Yes,17869090#17681625_left_original_right_augmented
Do the two product descriptions refer to the same real-world product? Entity 1: 'Jabra BIZ 2300 USB UC Duo'. Entity 2: 'Jabra BIZ 2300 USB MS Mono - headset'.,No,89323553#3736831_original
"Do the two product descriptions refer to the same real-world product? Entity 1: 'Western Digital WD My Passport HDD 4TB Black'. Entity 2: 'Western Digital My PassPort, 4TB, BLACK3 Years - WDBYFT0040BBK-WESN'.",Yes,68891313#11564664_left_augmented_right_original
Do the two product descriptions refer to the same real-world product? Entity 1: 'Presage Watch Zen Gardens Mens'. Entity 2: 'Seiko Mens Presage Automatic Blue Date Steel Bracelet Watch SRPD41J1'.,Yes,67462269#12110339_both_augmented
Do the two product descriptions refer to the same real-world product? Entity 1: 'Monitor 27 SW271 LED 5ms/QHD/IPS/HDMI/DP/USB'. Entity 2: 'TP-Link TL-WN821 wifi 300Mbps USB adapter TL-WN821N'.,No,22000442#64223023_original
"Do the two product descriptions refer to the same real-world product? Entity 1: 'LaCie M obile Drive 2, 5 "" 5 TB M oon Silver USB 3. 1 Gen 2'. Entity 2: 'Lacie 5TB - USB C Mobile Drive prenosni disk'.",Yes,5312650#48305046_both_augmented
"Do the two product descriptions refer to the same real-world product? Entity 1: 'Traveler's Notebook Starter Kit (Passport Size) - Blue'. Entity 2: 'RAM 3.3\"" DIA. SUCT CUP W 1\"" BALL'.",No,47431263#74021002_original
Do the two product descriptions refer to the same real-world product? Entity 1: 'AMD AM4-3400G RYZEN5 3.7GHz'. Entity 2: 'AMD Ryzen 5 3400G Desktop Processor 4 Cores up to 4.2GHz 6MB Cache AM4 Socket (YD3400C5FHBOX)'.,Yes,44025931#29685693_original
Do the two product descriptions refer to the same real-world product? Entity 1: 'Carbide Series 275R Tempered Glass Mid-Tower Gaming CaseWhite'. Entity 2: 'Nikon AF-S NIKKOR FX 50mm F1.8G Lens'.,No,29204789#32885383_original
Do the two product descriptions refer to the same real-world product? Entity 1: '8GB Corsair ValueSelect DDR4-2133 DIMM CL15 Single'. Entity 2: 'Corsair Vengeance LPX CMK8GX4M1A2666C16 8GB (1x8GB) 2666Mhz DDR4'.,No,84875057#50944416_original
Do the two product descriptions refer to the same real-world product? Entity 1: 'ASUS Scheda Madre TUF GAMING X570-PLUS AMD'. Entity 2: 'ASUS Scheda Madre ROG STRIX Z390-I GAMING Intel Z390'.,No,98857946#7931274_original
"Do the two product descriptions refer to the same real-world product? Entity 1: 'Epson Tinte T6164 Yellow, 53 ml'. Entity 2: 'Epson Tinte T6037 Light Black, 220 ml'.",No,27195828#12650660_original
Do the two product descriptions refer to the same real-world product? Entity 1: 'Asus ROG STRIX B550-E GAMING AM4 ATX Motherboard'. Entity 2: 'ASUS ROG STRIX B 550 - E GA MING Presa AM4 ATX AMD B550'.,Yes,56603137#5030809_left_original_right_augmented
"Do the two product descriptions refer to the same real-world product? Entity 1: 'Intep Co$e i3 - 8300 (Coffee Lake) 3. 7 GHz, LGA1151, Lntel UHD 630, 8MB, 14nm, 62W, Box'. Entity 2: '_ Core i3 8300 Quad Core 3. 7GHz Processor'.",Yes,98554509#75749012_both_augmented
"Do the two product descriptions refer to the same real-world product? Entity 1: 'SDS2/32GB, 32GB SDHC Canvas Select Plus 100R C10 UHS-I U1 V10'. Entity 2: 'Manfrotto MVK500AM Fluid Video System'.",No,55718937#79558814_original
"Do the two product descriptions refer to the same real-world product? Entity 1: '3M - DESKTOP LCD LW FRAMED FILTER'. Entity 2: '3M - Lightweight 300 Privacy innsyn, m / ramme 20 \ "" - 23 \ "" W (30, 7 x 48, 5 )'.",Yes,1286250#562267_left_original_right_augmented
"Do the two product descriptions refer to the same real-world product? Entity 1: 'MAXXIS AGGRESSOR 29X2.3 EXO/TR'. Entity 2: 'Maxxis Maxxis Aggressor Tire - 29 x 2.3, Folding, Tubeless, Black, Dual, EXO'.",Yes,14639066#35599020_original
Do the two product descriptions refer to the same real-world product? Entity 1: 'Samsung C27F390FHU - Full HD Curved Monitor'. Entity 2: 'Samsung 970 EVO 500GB - NVMe PCIe M.2 2280 SSD | MZ-V7E500BW'.,No,69366044#57298257_original
Do the two product descriptions refer to the same real-world product? Entity 1: 'Mavic Mini Drone by DJI - Fly More Combo'. Entity 2: 'Crucial BX500 480GB SSD Micron 3D NAND SATA III 6Gb/s 2.5 Internal Solid State Drive'.,No,41530379#93651578_original
Do the two product descriptions refer to the same real-world product? Entity 1: 'Epson Cartouche d'encre C13T865140 (T8651)'. Entity 2: 'E'.,Yes,94512766#29914496_left_original_right_augmented
Do the two product descriptions refer to the same real-world product? Entity 1: 'Kingston 16GB DataTraveler microDuo USB 3.0 OTG Flash Drive'. Entity 2: 'Cle Usb KINGSTON 16GB DT MicroDuo USB 3.0 micro USB OTG'.,Yes,38117313#74525970_original
Do the two product descriptions refer to the same real-world product? Entity 1: 'Brother HL-L5200DW Laser Printer'. Entity 2: 'Brother MFC-L2710DW - multifunction printer - B/W'.,No,53641305#67275979_original
Do the two product descriptions refer to the same real-world product? Entity 1: 'Xerox Phaser 6000/6010 Black Toner'. Entity 2: 'Xerox Toner 106R01634 black 6000 2000str.'.,Yes,18835729#56884127_left_original_right_augmented
"Do the two product descriptions refer to the same real-world product? Entity 1: 'SHIMANO PD - R7000, 105, SPD PEDAL.'. Entity 2: 'Shimano Shimano PD-R7000 105 SPD-SL PEDAL W/O REFLECTOR W/CLEAT'.",Yes,70331081#51909448_left_augmented_right_original
Do the two product descriptions refer to the same real-world product? Entity 1: 'Logitech H570e Monaural USB Headset'. Entity 2: 'LOGITECH Logitech USB Headset H390'.,No,12615558#57337098_original
"Do the two product descriptions refer to the same real-world product? Entity 1: 'Evans EC2 Clear Drum Head, 8 Inch'. Entity 2: 'INTEL CPU 10TH GEN COMET LAKE I7-10700KF 3.80GHZ LGA1200 16.00MB CACHE BOXED'.",No,47293324#19006949_original
Do the two product descriptions refer to the same real-world product? Entity 1: 'Epson atrament SPro 7880/9880/7800/9800 light black 220ml C13T603700'. Entity 2: 'Shimano M05 Disc Brake Pads (Deore) (Resin)'.,No,19042808#4484537_original
"Do the two product descriptions refer to the same real-world product? Entity 1: '_ H151 Stereo Headset On Ear Kabelgebunden'. Entity 2: 'Logitech H151 Wired Headset, Stereo Headphones with Rotating Noise-Cancelling Microphone, 3.5 mm Audio Jack'.",Yes,50278024#75799899_left_augmented_right_original
Do the two product descriptions refer to the same real-world product? Entity 1: 'ZOTAC GeForce RTX 2060 SUPER AMP! 8GB 256Bit GDDR6'. Entity 2: 'Gigabyte Nvidia RTX 2060 SUPER Aorus OC 8Gb GDDR6'.,No,76497591#75255299_original
Do the two product descriptions refer to the same real-world product? Entity 1: 'DYMO D1 Labelling Tape 45803 White 19 mm x 7 m'. Entity 2: 'Dymo Label Casette D1 (19mm x 7m - Black On White)'.,Yes,88730603#35191236_left_augmented_right_original
Do the two product descriptions refer to the same real-world product? Entity 1: 'HIKVISION DS-7208HQHI-K1 2 MEGAPIXEL HYBRID 8 CHANNEL (8CH) DVR'. Entity 2: 'DS-7204HQHI-K1 Turbo HD DVR'.,No,50920560#69996428_original
"Do the two product descriptions refer to the same real-world product? Entity 1: 'Maxxis Maxxis, High Roller II, Tire, 29''x2.30, Folding, Tubeless Ready, Dual, EXO, 60TPI, Black'. Entity 2: 'Maxxis High Roller II 29er Dual Compound Folding Tubeless Ready Mountain Bike'.",Yes,3447561#93725418_original
Do the two product descriptions refer to the same real-world product? Entity 1: 'Shimano Shimano PD-R7000 105 SPD-SL PEDAL W/O REFLECTOR W/CLEAT'. Entity 2: 'SPD-SL-CLEAT-SET-SM-SH11-(YELLOW)-[6DEGREE]'.,No,51909448#75596485_original
Do the two product descriptions refer to the same real-world product? Entity 1: 'D1-TAPE 24MM X 7M BLACK ON WHITE IN'. Entity 2: 'Dymo 53713 Black On White - 24mm'.,Yes,12772810#89243104_original
Do the two product descriptions refer to the same real-world product? Entity 1: 'ADAPTADOR INALAMBRICO TP-LINK/USB 2.0/N300/QSS/TL-WN821N'. Entity 2: 'TP - Link TL - WN821 wifi 300Mbps USB adapter WN821N'.,Yes,60088869#64223023_left_original_right_augmented
Do the two product descriptions refer to the same real-world product? Entity 1: 'Asus PRIME B450 - PL US (PRIME B450 - PL US )'. Entity 2: 'Asus PRIME B450-PLUS AM4 DDR4 ATX Motherboard'.,Yes,40617635#34168295_left_augmented_right_original
"Do the two product descriptions refer to the same real-world product? Entity 1: 'Blaze Cart For Professional 3-Burner Grill, Cart Only'. Entity 2: 'Dymo 40913 Black On White - 9mm'.",No,96037332#46010816_original
Do the two product descriptions refer to the same real-world product? Entity 1: 'E'. Entity 2: 'Epson - Premium Semi - Gloss P hoto Paper - A4 - 20 Fog li - C13S041332'.,Yes,33653915#27043300_both_augmented
Do the two product descriptions refer to the same real-world product? Entity 1: 'Epson T7891 Black Cart - Compatible'. Entity 2: 'JABRA Evolve 20 UC USB - Mono'.,No,75384375#38552937_original
Do the two product descriptions refer to the same real-world product? Entity 1: 'Seiko Prospex Diver Sumo Green Mens Stainless Steel SPB103J1'. Entity 2: 'Seiko Mens Presage Automatic Blue Date Dial Stainless Steel Bracelet Watch SRPD41J1'.,No,25431697#12110339_original
"Do the two product descriptions refer to the same real-world product? Entity 1: 'Jabra BIZ 2400 Mark II - 3-in-1 Mono Headset'. Entity 2: 'Jabra Biz 2400 II Mono 3-1, NC, 82 mic, QD'.",Yes,81069691#96888760_original
Do the two product descriptions refer to the same real-world product? Entity 1: '32 Oz Wide Mouth With Flex Cap W32BTS001'. Entity 2: 'Maxxis High Roller II MaxxTerra Tire (WT) (3C/EXO/TR) (27.5 x 2.40) (Folding)'.,No,58893463#41191422_original
Do the two product descriptions refer to the same real-world product? Entity 1: 'Ubiquiti UniFi Video Camera G4 Pro (UVC-G4-PRO)'. Entity 2: 'Ubiquiti UniFi Protect G4-PRO Camera'.,Yes,21670568#79415655_original
Do the two product descriptions refer to the same real-world product? Entity 1: 'Buy Quality Re(lica Omega SeamasteE Planet Ocean 600M Steel Chronometer Chronograph WatcY 215. 30. 46. 51. 01. 001'. Entity 2: '215.30.46.51.01.001 Omega Seamaster Planet Ocean Chronograph 45.5mm'.,Yes,31531912#30102415_left_augmented_right_original
Do the two product descriptions refer to the same real-world product? Entity 1: 'Jabra EVOLVE 40 UC MONO USB Headset 6393-829-209'. Entity 2: 'Jabra EVOLVE 65 UC Mono (6593-829-409)'.,No,56459937#48580118_original
Do the two product descriptions refer to the same real-world product? Entity 1: 'Zebra Black Monochrome Ribbon 800033-801 - 1000 Prints'. Entity 2: 'Zebra TrueColours ix Series Monochrome - 1 - print ribbon'.,Yes,77094922#10496_left_original_right_augmented
Do the two product descriptions refer to the same real-world product? Entity 1: 'L'. Entity 2: 'Lexmark Toner Sort 3.5k - E360/E460 Return'.,Yes,75840459#69866884_left_augmented_right_original
Do the two product descriptions refer to the same real-world product? Entity 1: 'Zebra 800015-101 Black Monochrome Ribbon - 1000 Prints'. Entity 2: 'Zebra 800015-101 1000 Prints Black Resin Ribbon for P310i P420i P520i'.,Yes,30102088#64029523_original
Do the two product descriptions refer to the same real-world product? Entity 1: 'APC - USV APC SMT1000RMI2UCSMARTUPS 1000VA LCD RM 2U 230V SmartC'. Entity 2: 'Lexmark - Toner cartridge -black - 3500 pages - LRPE260A11E'.,No,10937592#75840459_original
Do the two product descriptions refer to the same real-world product? Entity 1: 'Switch D-Link - Web smart - switch - 24 porte - gestito dgs-1210-24'. Entity 2: 'Logitech BRIO 4K Ultra HD webcam'.,No,34259452#6978466_original
Do the two product descriptions refer to the same real-world product? Entity 1: 'Canon EF-S 10-18/4.5-5.6 IS STM'. Entity 2: 'Audio Technica ATH-M40x Professional Monitor Headphones'.,No,27365404#52490674_original
Do the two product descriptions refer to the same real-world product? Entity 1: 'EPSON cartridge T7891 black (WorkForce5)'. Entity 2: 'Epson T7891 Black Cart - Compatible'.,Yes,40116448#75384375_original
Do the two product descriptions refer to the same real-world product? Entity 1: 'Fujifilm XF-56mm f1.2 APD'. Entity 2: 'Fujifilm FUJINON XF-56mm f1.2'.,No,63386383#88398980_original
"Do the two product descriptions refer to the same real-world product? Entity 1: 'Corsair ML140 PRO RGB LED 140MM PWM Levitation Fan - Single Pack'. Entity 2: 'Corsair ML140 Pro 14cm PWM RGB Case Fan, Magnetic Levitation Bearing'.",Yes,97634734#15774916_left_augmented_right_original
Do the two product descriptions refer to the same real-world product? Entity 1: 'Cisco Catalyst 2960-Plus 48TC-L - switch - 48 ports - managed - rack-mounta'. Entity 2: 'TP-Link Omada AC1200 Wireless Dual Band Gigabit Outdoor Access Point'.,No,84899710#45880639_original
Do the two product descriptions refer to the same real-world product? Entity 1: 'A'. Entity 2: 'TP-Link TL-WN821 wifi 300Mbps USB adapter TL-WN821N'.,Yes,60088869#64223023_left_augmented_right_original
Do the two product descriptions refer to the same real-world product? Entity 1: 'Crystal Series 460X RGB Compact ATX Mid-Tower Case - CC-9011101-WW'. Entity 2: 'Corsair Crystal 460X RGB ATX Mid Tower Case - Bla ck'.,Yes,53072167#11410512_left_original_right_augmented
Do the two product descriptions refer to the same real-world product? Entity 1: 'Traveler's Refills: Accessories - 008 / zipper pocket'. Entity 2: 'Traveler's Notebook Refill - Sketch Paper'.,No,97535509#10557104_original
Do the two product descriptions refer to the same real-world product? Entity 1: 'LOGITECH | G402 Hyperion Fury FPS Gaming Mouse | 910-004068'. Entity 2: 'Basilisk V2 Ergonomic Gaming Mouse'.,No,23828624#13024596_original
Do the two product descriptions refer to the same real-world product? Entity 1: 'WD BLUE 1TB SN550 NVME M.2 2280 SSD (WDS100T2B0C)'. Entity 2: 'Tissot Seastar 1000 Powermatic 80 Silicium'.,No,29006523#17007886_original
"Do the two product descriptions refer to the same real-world product? Entity 1: 'Audio Technica DJ kõrvaklapid ATH-PRO7X On-ear, Must'. Entity 2: 'Audio Technica ATH-PRO7X DJ headphones'.",Yes,77117519#31247528_original
Do the two product descriptions refer to the same real-world product? Entity 1: 'Kingston Pendrive DataTraveler 100 G3 256GB USB 3.0'. Entity 2: 'SanDisk Ultra Flair 32GB USB 3.0 Pen Drive'.,No,66053411#54818129_original
Do the two product descriptions refer to the same real-world product? Entity 1: 'Seagate IronWolf PRO 16TB NAS Professional'. Entity 2: 'Jabra BIZ 2300 Mono USB MS Lync Headset'.,No,1329026#61154808_original
Do the two product descriptions refer to the same real-world product? Entity 1: 'TAG HEUER MONACO AUTOMATIC CHRONOGRAPH'. Entity 2: 'TAG Heuer Automatic Chronograph Watch CBG2A1Z.BA0658'.,No,43742368#18137846_original
Do the two product descriptions refer to the same real-world product? Entity 1: 'Ram Mount Motorcycle Fork Stem Mount with 1 Ball'. Entity 2: 'Corsair ML140 Magnetic Levitation 140mm Case Fan - Twin Pack'.,No,3957020#36295476_original
"Do the two product descriptions refer to the same real-world product? Entity 1: 'RAP-B-224-1U RAM Mounts 3.3\"" Diameter Suction Cup Base with 1\"" Composite Ball'. Entity 2: 'RAM 3.3\"" DIA. SUCT CUP W 1\"" BALL'.",No,81948691#74021002_original
Do the two product descriptions refer to the same real-world product? Entity 1: 'Sony SEL24240 FE 24-240mm f/3.5-6.3 OSS Zoom Lens for Mirrorless Cameras'. Entity 2: 'WD My Passport - 1 TB'.,No,18865753#13238453_original
"Do the two product descriptions refer to the same real-world product? Entity 1: 'Blaze 40 - Inch 5 - Burner LTE Built - In Liquid Propane Grill Gas With Rear Burner Infrared Grill & Lights'. Entity 2: 'Blaze 40 \ "" Stainless Steel 5 _ _ Built - In Gas Grill _ / Rear Burner BLZ - 5LTE2'.",Yes,87046884#92704095_both_augmented
"Do the two product descriptions refer to the same real-world product? Entity 1: 'Epson Ink Cartridge - Matte Black 700ml'. Entity 2: 'MONITOR SAMSUNG C27F390 27\"" 1920x1080 4MS USB HDMI CURVO NEGRO'.",No,415992#22770211_original
Do the two product descriptions refer to the same real-world product? Entity 1: 'SEAGATE SATA-3 2TB SSHD FIRECUDA'. Entity 2: 'Brother HL-L8360CDW Colour Wireless Laser Printer'.,No,27347346#81351830_original
"Do the two product descriptions refer to the same real-world product? Entity 1: 'iiyama Prolite 27 \ "" XUB2792QSU - B1 Monitor Tilt / Swivel / Pivot'. Entity 2: 'ProLite XUB2792QSU - B1 27 \ "" LED Monitor - 16: 9 - 5 ms'.",Yes,16154426#41148564_both_augmented
"Do the two product descriptions refer to the same real-world product? Entity 1: 'SanDisk 480GB SSD Plus int 2.5\"" SATA3 SSD (SDSSDA-480G-G26) (Local Warranty with 3years with Local Distributor)'. Entity 2: 'SanDisk PL US SSD Hard Drive 2. 5 ´ ´ internal, 480 GB, SATA, Bla ck'.",Yes,49067884#62318417_left_original_right_augmented
Do the two product descriptions refer to the same real-world product? Entity 1: 'New York Yankees New Era Navy League 9FORTY Adjustable Hat - Men - Navy Blue'. Entity 2: 'Corsair Crystal Series 570X RGB ATX Mid-Tower Case Tempered Glass Black'.,No,95671075#74461011_original
Do the two product descriptions refer to the same real-world product? Entity 1: 'Canon PFI 107C Ink Cartridge Cyan'. Entity 2: 'Canon PFI107C Cyan Laser Toner Cartridge Remanufactured'.,Yes,66680332#29167528_original
Do the two product descriptions refer to the same real-world product? Entity 1: 'HYDRO FLASK HYDRO FLASK 32OZ WIDE MOUTH BOTTLE-BLACK'. Entity 2: 'Kingston Canvas Select Plus SDHC Memory Card UHS-I 4K FULL HD 100MB/s - 32GB'.,No,12190772#70291557_original
Do the two product descriptions refer to the same real-world product? Entity 1: 'Samsung T7 Blue 2TB Portable SSD USB / A Gen2'. Entity 2: 'Samsung T7 [2TB] (Indigo Blue )'.,Yes,98124674#18327954_both_augmented
Do the two product descriptions refer to the same real-world product? Entity 1: 'Omega Seamaster DIVER 300MOMEGA CO-AXIAL MASTER CHRONOMETER 42 MM'. Entity 2: 'Seamaster Planet Ocean 600 M Omega Co-Axial Master Chronometer Chronograph 215.30.46.51.03.001'.,No,27449862#31420404_original
Do the two product descriptions refer to the same real-world product? Entity 1: 'SanDisk Extreme PRO SD UHS-II USB 3.0'. Entity 2: 'Kingston Digital Canvas Select 128GB microSD Card w/ Adapter (SDCS-128GB)'.,No,27700752#47070583_original
Do the two product descriptions refer to the same real-world product? Entity 1: 'AAA Replica Audemars Piguet Royal Oak Offshore Chronograph Watch 26470OR.OO.1000OR.02'. Entity 2: 'Buy Quality Replica Audemars Piguet Royal Oak Offshore Chronograph Watch 26470OR.OO.1000OR.02'.,Yes,36803847#48484532_original
Do the two product descriptions refer to the same real-world product? Entity 1: 'Carto de memria micro SD Kingston 32Gb classe 10 Canvas Select'. Entity 2: 'TP-Link AC1200 Wireless MU-MIMO Gigabit Indoor/Outdoor Access Point (EAP225-Outdoor) AC1200 Outdoor'.,No,70986060#74927976_original
Do the two product descriptions refer to the same real-world product? Entity 1: 'Zebra TrueColours ix Series Monochrome - 1 - black - print ribbon'. Entity 2: '652589-B21 HP G8 G9 900-GB 6G 10K 2.5 SAS SC'.,No,10496#33972604_original
"Do the two product descriptions refer to the same real-world product? Entity 1: 'Seagate IronWolf Pro ST8000NE001 - Hard - drive 8 TB - internal 3 -. 5 \ "" - 6Gb SATA / s 7200 - rpm - buffer_ 256 MB - with 2 years Rescue Data Recovery Service Plan'. Entity 2: '8TB - Seagate Enterprise Ironwolf Pro SATA - ST8000NE001'.",Yes,84438504#83418921_left_augmented_right_original
Do the two product descriptions refer to the same real-world product? Entity 1: 'TAG HEUER MONACO AUTOMATIC CHRONOGR APH'. Entity 2: 'Buy Quality Replica Tag Heuer Monaco Steve McQueen Chronograph Watch CAW211P.FC6356'.,Yes,43742368#70174967_left_augmented_right_original
"Do the two product descriptions refer to the same real-world product? Entity 1: 'Hewlett Packard Enterprise HDD 146GB 10K SAS 2,5INCH (507125-B21)'. Entity 2: 'Daniel Wellington Horloge Classic Sheffield Rose DW00100036'.",No,75431386#26786850_original
Do the two product descriptions refer to the same real-world product? Entity 1: 'Original Epson T1571 Photo Black Ink Cartridge'. Entity 2: 'Epson Tinte schwarz-photo f. R3000'.,Yes,55645397#10229909_original
Do the two product descriptions refer to the same real-world product? Entity 1: 'Shimano Shimano Cs-R9100 Cassette 11-25 Dura-Ace 11-Speed'. Entity 2: 'Dura-Ace 9100 11-Speed Cassette 11-25T'.,Yes,31276154#18567164_original
Do the two product descriptions refer to the same real-world product? Entity 1: 'Asus MBTUF B450M-Plus Gaming / AM4 / B450 / m.2 / mATX'. Entity 2: 'Asus PRIME B450-PLUS AM4 DDR4 ATX Motherboard'.,No,73315956#34168295_original
Do the two product descriptions refer to the same real-world product? Entity 1: 'Jabra EVOLVE 80 MS Stereo (7899-823-109)'. Entity 2: 'Jabra Evolve 80 UC stereo SKype for Business'.,Yes,13142970#95282914_original
Do the two product descriptions refer to the same real-world product? Entity 1: 'Canon PFI 107C Ink Cartridge Cyan'. Entity 2: 'Canon PFI107C Cyan Laser _ Cartridge Remanufactured'.,Yes,66680332#29167528_left_original_right_augmented
"Do the two product descriptions refer to the same real-world product? Entity 1: '3M - PF27.0W9 PRIVACY FILTER BLACK FOR 27,0IN / 68,6 CM / 16:9IN ACCS'. Entity 2: '3M - Sekretessfilter 27\"" Widescreen 16:9'.",Yes,10719102#16785446_original
Do the two product descriptions refer to the same real-world product? Entity 1: 'TONER CANON CL707C 2. 000 PAGINAS'. Entity 2: 'Originlny toner CANON CRG-707 C (Azrov)'.,Yes,47317909#98859135_left_augmented_right_original
Do the two product descriptions refer to the same real-world product? Entity 1: 'HIKVISION DS-7208HUHI-K1 5 MEGAPIXEL (5MP) HYBRID 8 CHANNEL DVR'. Entity 2: 'D'.,Yes,3167871#69817830_left_original_right_augmented
"Do the two product descriptions refer to the same real-world product? Entity 1: 'Elixir Phosphor Bronze Acoustic Guitar Strings with NANOWEB Coating, Extra Light (.010-.047)'. Entity 2: 'Elixir E16052 Nanoweb Phosphor Bronze Acoustic Guitar Strings Light Gauge 12-53'.",No,7413764#62145678_original
Do the two product descriptions refer to the same real-world product? Entity 1: 'Brother HL-L6200DW Business Laser Printer'. Entity 2: 'Brother HL-L8360CDW Laser Printer'.,No,90603941#5137860_original
Do the two product descriptions refer to the same real-world product? Entity 1: 'Corsair Crystal _ 570X RGB _ Mid - Tower Case Tempered Glass Black'. Entity 2: 'Corsair Crystal Series 570X RGB CC-9011098-WW Steel / Tempered Glass ATX Mid Tower Case'.,Yes,74461011#18666720_left_augmented_right_original
Do the two product descriptions refer to the same real-world product? Entity 1: 'Šilterica New Era Clean Trucker _ Bulls Cap'. Entity 2: 'Cappello New Era Clean Trucker Chicago Bulls Cap'.,Yes,69406607#49092761_left_augmented_right_original
Do the two product descriptions refer to the same real-world product? Entity 1: 'Mavic Min7 Drone by DJI - Fly More Combo'. Entity 2: 'DJI DJI | Mavic Mini Drone Fly More Combo'.,Yes,41530379#7736538_left_augmented_right_original
"Do the two product descriptions refer to the same real-world product? Entity 1: 'ASUS TUF X470 Plus Gaming with Aura Sync RGB LED lighting AM4 DDR4 HDMI DVI M.2 ATX Motherboard'. Entity 2: 'ASUS AMD ATX ROG STRIX B550 F Gaming Motherboard AM4 Dual DDR4, HDMI, Dual M.2'.",No,38818158#77926243_original
Do the two product descriptions refer to the same real-world product? Entity 1: 'Cooler Master Hyper H411R CPU Cooler White LED'. Entity 2: 'Cooler Master Hyper H411R CPU Cooler RR-H411-20PW-R1 | PCByte'.,Yes,66652299#90916504_original
Do the two product descriptions refer to the same real-world product? Entity 1: 'Brother HL-L6300DW Business Laser Printer for Mid-Size Workgroups -HL-L6300DW'. Entity 2: 'Impresora laser monocromo hl - l6300dw a4'.,Yes,49605449#3598671_left_original_right_augmented
Do the two product descriptions refer to the same real-world product? Entity 1: 'Fujifilm XF-56mm f1.2 APD'. Entity 2: 'Fujifilm XF 56mm F/1.2 R APD Lens'.,Yes,63386383#89961053_original
Do the two product descriptions refer to the same real-world product? Entity 1: 'SEAGATE SATA-3 2TB SSHD FIRECUDA'. Entity 2: '8TB - Seagate Enterprise Ironwolf Pro SATA - ST8000NE001'.,No,27347346#83418921_original
Do the two product descriptions refer to the same real-world product? Entity 1: 'Memoire DDR3 So Dimm Crucial 4GB DDR3 1600 MT/S (PC3-12800)'. Entity 2: 'Memoire DDR3 Crucial 4GB DDR3 1600 MT/S (PC3-12800)'.,No,62293619#48138837_original
Do the two product descriptions refer to the same real-world product? Entity 1: 'SHIMANO RS500 SPD-SL road pedals'. Entity 2: 'Shimano PD Pedal - RS500 SL Black'.,Yes,68770838#48734649_left_original_right_augmented
Do the two product descriptions refer to the same real-world product? Entity 1: 'Nikon AF-S NIKKOR 24-85mm f/3.5-4.5 G ED VR Lens'. Entity 2: 'Nikon AF-S NIKKOR FX 50mm F1.8G Lens'.,No,619357#32885383_original
"Do the two product descriptions refer to the same real-world product? Entity 1: 'Shimano Shimano M05 Resin Disc Brake Pads and Spring for Deore BR-M515, BR- M515LA and Nexave BR-C601 Calipers'. Entity 2: 'D'Addario EJ16 Phosphor Bronze Light Acoustic Guitar Strings'.",No,25657556#97547150_original
"Do the two product descriptions refer to the same real-world product? Entity 1: 'Corsair 110R Tempered Glass Mid-Tower ATX Case'. Entity 2: 'Corsair Glass Black ATX Case, Tempered Glass Side Window, No PSU, 2x USB 3. 1, HD Audio, 120mm pre - installed'.",Yes,58755004#37955791_left_original_right_augmented
"Do the two product descriptions refer to the same real-world product? Entity 1: 'PG-730 7-Speed Cassette'. Entity 2: 'C LARKS Sram, PG - 730, 7sp c assette, 12 - 32T'.",Yes,1130275#55037683_left_original_right_augmented
Do the two product descriptions refer to the same real-world product? Entity 1: 'Ilford FP4 Plus 125 120'. Entity 2: 'Canon EF-S 18-200mm f/3.5-5.6 IS'.,Yes,76157897#28465006_original
Do the two product descriptions refer to the same real-world product? Entity 1: 'Obudowa Corsair Crystal 680X RGB High Airflow TG White (CC-9011169-WW)'. Entity 2: 'Western digital wd blue - hdd - 2 tb - interno - 3.5 - sata 6Gb/s - 5400 rpm - buffer: 64 mb'.,No,41704902#27923177_original
Do the two product descriptions refer to the same real-world product? Entity 1: 'RAM Double Socket Arm MC201C LONG'. Entity 2: 'RAM® Composite Double Socket Arm'.,No,87259085#18456007_original
Do the two product descriptions refer to the same real-world product? Entity 1: 'FUJIFILM XF 8-16mm f/2.8 R LM WR Lens'. Entity 2: 'HIKVISION DS-7208HUHI-K1 5 MEGAPIXEL (5MP) HYBRID 8 CHANNEL DVR'.,No,21963707#3167871_original
Do the two product descriptions refer to the same real-world product? Entity 1: 'Adata XPG SX6000 Lite 1TB M.2 PCIe GEN3x4 SSD ASX6000LNP-1TT-C'. Entity 2: 'XPG SX6000 Lite internal solid state drive 1000 GB PCI Express 3.0 3D TLC NVMe M.2 SSD'.,Yes,65953977#16403660_original
Do the two product descriptions refer to the same real-world product? Entity 1: 'Xerox Phaser 7760 Yellow Toner 106R01162'. Entity 2: 'Mens Daniel Wellington St Mawes 40mm Watch DW00100006'.,No,61066243#42604445_original
Do the two product descriptions refer to the same real-world product? Entity 1: 'HyperX Predator 16GB - PC4-26600 - DIMM'. Entity 2: 'Seagate Lacie 2TB 2.5 Rugged Portable Thunderbolt Type C'.,No,87322400#98793471_original
Do the two product descriptions refer to the same real-world product? Entity 1: 'Shimano R550 SPD-SL Pedals - Black'. Entity 2: 'Ubiquiti UniFi AC Pro 5-pack UAP-AC-PRO-5 Ubiquiti'.,No,26049981#91980346_original
"Do the two product descriptions refer to the same real-world product? Entity 1: 'ADATA SX8200 Pro 256GB M. 2 NVMe SSD PCIe Gen3x4 interface, sustained peak read / write speeds of 3500 / 1200MB per second'. Entity 2: 'XPG SX8200 Pro M. 2 GB PCI 3. 0 3D TLC NVMe'.",Yes,32979461#1237125_both_augmented
"Do the two product descriptions refer to the same real-world product? Entity 1: 'CorsaiG ML140 Pro LED Blue 140mm Magnetic L2vitation Fan | Discount Computer Needs'. Entity 2: 'Corsair ML140 Pro LED, Blue, 140mm Premium Magnetic Levitation Cooling Fan CO-9050048-WW'.",Yes,46441935#80103776_left_augmented_right_original
"Do the two product descriptions refer to the same real-world product? Entity 1: 'S amsung MZ - V7S500B / AM 970 EVO Plus M. 2 I nternal SSD, 500GB'. Entity 2: 'SAMSUNG 970 EVO P LUS M. 2 2280 500GB PCIe Gen 3. 0 x4, N VMe 1. 3 V - NAND 3 - bit MLC Int ernal Solid State Dri ve (SSD) MZ - V7S500B / AM'.",Yes,20456341#3223487_both_augmented
Do the two product descriptions refer to the same real-world product? Entity 1: 'Gigabyte GeForce RTX 2060 SUPER 8GB Aorus'. Entity 2: 'Gigabyte Nvidia RTX 2060 SUPER Aorus OC 8Gb GDDR6'.,Yes,8882504#75255299_original
"Do the two product descriptions refer to the same real-world product? Entity 1: 'Corsair Vengeance LPX, 16GB, DDR4 memory module 2133 MHz'. Entity 2: 'Samsung 970 EVO 500GB - NVMe PCIe M.2 2280 SSD | MZ-V7E500BW'.",No,52249526#57298257_original
Do the two product descriptions refer to the same real-world product? Entity 1: 'EPSON Ink bar WF - 8xxx Series Ink Cartridge XL Yel low - 4000s tr. (39 ml )'. Entity 2: 'Epson C13T755440 T7554 Yellow Ink'.,Yes,47388064#97502452_both_augmented
Do the two product descriptions refer to the same real-world product? Entity 1: 'Swiss Military Hanowa06-4226.30.003.03 Immersion Uhr'. Entity 2: 'Relógio Swiss Military Hanowa06-4307.30.007 Undercover Multifunction'.,No,6800809#31373426_original
Do the two product descriptions refer to the same real-world product? Entity 1: 'DYMO D1 Labelling Tape 45803 Black on White 19 mm x 7 m'. Entity 2: 'Dymo Label Casette D1 (19mm x 7m - Black On White)'.,Yes,88730603#35191236_original
Do the two product descriptions refer to the same real-world product? Entity 1: 'E'. Entity 2: 'Elixir Phosphor Acoustic Strings - Light'.,Yes,7413764#32413380_both_augmented
Do the two product descriptions refer to the same real-world product? Entity 1: 'Apple AirPods with Wireless Charging Case (2nd Generation) - White'. Entity 2: 'APPLE - Apple AirPods 2 with Wireless Charging Case MRXJ2ZM/A - White'.,No,40845396#11022309_original
Do the two product descriptions refer to the same real-world product? Entity 1: 'Audio Technica Headphones Air Dynamic Series ATH-AD500X'. Entity 2: 'ADAPTADOR INALAMBRICO TP-LINK/USB 2.0/N300/QSS/TL-WN821N'.,No,56574761#60088869_original
Do the two product descriptions refer to the same real-world product? Entity 1: 'Corsair Vengeance LPX 16GB(2x8GB)'. Entity 2: 'Corsair 8GB (1x8GB) 3000MHz CL16 Vengeance LPX Black'.,No,88945662#47751906_original
Do the two product descriptions refer to the same real-world product? Entity 1: 'SanDisk CFast 2. 0 64GB Card | Read 525 MB / s | Write 430MB / s | 4K Video'. Entity 2: 'Sandisk Extreme Pro 64GB CFast 2.0'.,Yes,81920536#87998765_left_augmented_right_original
Do the two product descriptions refer to the same real-world product? Entity 1: 'Razer Viper Mini Optical Ambidextrous RGB Gaming Mouse'. Entity 2: 'Ext. HDD LaCie Mobile Drive 2TB USB-C'.,No,18147366#81439789_original
Do the two product descriptions refer to the same real-world product? Entity 1: 'Asus GeForce GTX 1660 Super Phoenix OC 6GB GDDR6 DVI/HDMI/DP PCi Ex 3.0 x16'. Entity 2: 'PH-GTX1660S-O6G 6 GB Geforce GTX 1660 Super Overclocked Phoenix Fan Edition Hdmi DP Dvi Graphics Card'.,Yes,64518758#87637930_original
Do the two product descriptions refer to the same real-world product? Entity 1: 'Asus ROG STRIX B550-E GAMING AM4 ATX Motherboard'. Entity 2: 'Samsung T7 Portable SSD [2TB] (Indigo Blue)'.,No,56603137#18327954_original
"Do the two product descriptions refer to the same real-world product? Entity 1: 'Gigabyte GeForce RTX 2060 SUPER 8GB Aorus'. Entity 2: 'ZOTAC Grafikkarte Gaming GeForce RTX 2060 SUPER AMP, 8 GB (ZT-T20610D-10P)'.",No,8882504#19462081_original
Do the two product descriptions refer to the same real-world product? Entity 1: 'TISSOT T0 91. 420. 46. 051. 01 T - TOUCH Expe rt Solar'. Entity 2: 'Tissot Touch Expert Solar Men ' s Watch - T0914204605101'.,Yes,7180445#57141050_both_augmented
"Do the two product descriptions refer to the same real-world product? Entity 1: 'Razer Basilisk V2 Wired Ergonomic Gaming Mouse, 11 Programmable Buttons | RZ01-03160100-R3M1'. Entity 2: 'Sony E 30mm f/3.5 Macro Lens'.",No,39130017#15648_original
Do the two product descriptions refer to the same real-world product? Entity 1: '4GB DDR3-1866MHz Kingston HyperX Fury Black'. Entity 2: 'HyperX 4GB (1x4GB) 1866MHz CL10 Fury Black'.,Yes,66437726#36986473_original
"Do the two product descriptions refer to the same real-world product? Entity 1: 'RAM ® Double Socket Arm'. Entity 2: 'RAM Mounts short arm for 1\"" ball'.",Yes,18456007#94106554_left_augmented_right_original
Do the two product descriptions refer to the same real-world product? Entity 1: 'Garmin Fenix 5X Plus Sapphire Black Rubber Strap 010-01989-01'. Entity 2: 'Fenix 5X Plus GPS Black Smartwatch'.,Yes,52404977#18346724_original
Do the two product descriptions refer to the same real-world product? Entity 1: 'Corsair Crystal Series 570X RGB CC-9011098-WW Steel / Tempered Glass ATX Mid Tower Case'. Entity 2: 'Crystal Series 460X RGB Compact ATX Mid-Tower Case - CC-9011101-WW'.,No,18666720#53072167_original
Do the two product descriptions refer to the same real-world product? Entity 1: 'Kappe New Era NY Yankees MLB 9Fifty Cap'. Entity 2: 'Gorra New Era NY Yankees MLB 9Fifty Cap'.,Yes,12959047#84459988_original
Do the two product descriptions refer to the same real-world product? Entity 1: 'APPLE - AIRPODS WITH WIRELESS CHARGING CASE IN'. Entity 2: 'EPSON cartridge T7891 black (WorkForce5)'.,No,55393360#40116448_original
Do the two product descriptions refer to the same real-world product? Entity 1: 'Zebra Black Monochrome Ribbon 800033-801 - 1000 Prints'. Entity 2: 'Zebra TrueColours ix Series Monochrome - 1 - black - print ribbon'.,Yes,77094922#10496_original
Do the two product descriptions refer to the same real-world product? Entity 1: 'Fujifilm Instax Square Film Twin Pack 20 Shots'. Entity 2: 'Fujifilm Instax Square Film 20 Pack'.,Yes,59324937#34388814_original
"Do the two product descriptions refer to the same real-world product? Entity 1: 'Jabra BIZ2300 2399-823-109 DUO USB Headset MS'. Entity 2: 'RAM Torque 28mm-38mm Handlebar & Rail Base 1.5\"" Ball'.",No,5717009#53451198_original
Do the two product descriptions refer to the same real-world product? Entity 1: 'FUJIFILM XF23/1.4 XF 23mm f/1.4 R'. Entity 2: 'Fujifilm XF 80mm f2.8 R LM WR Macro Lens'.,No,54992750#11676180_original
"Do the two product descriptions refer to the same real-world product? Entity 1: 'CORSAIR - Crystal 680X RGB White High Airflow, Tempered Glass'. Entity 2: 'Obudowa Corsair Crystal 680X RGB TG White (CC - 9011169 - WW )'.",Yes,11149251#41704902_left_original_right_augmented
Do the two product descriptions refer to the same real-world product? Entity 1: 'SanDisk SSD Plus 120GB 240GB 530MB/s 480GB 1TB 535MB/sSolid State Drive (120GB)'. Entity 2: 'SanDi sk SSD PLUS 120GB Solid State Drive - SDSSDA - 12 0G - G27'.,Yes,60638240#8174351_left_original_right_augmented
Do the two product descriptions refer to the same real-world product? Entity 1: 'A'. Entity 2: 'TP - Link 300Mbps Wireless N Ceiling Mount with Passive PoE (EAP115 )'.,Yes,32328366#32658304_both_augmented
Do the two product descriptions refer to the same real-world product? Entity 1: 'Fujifilm Instax Mini Rainbow (10 sheets) Film'. Entity 2: 'Fujifilm Instax mini Rainbow fi lm 10 pack'.,Yes,67556867#46246978_left_original_right_augmented
"Do the two product descriptions refer to the same real-world product? Entity 1: 'EPSON (T1285) Multipack róka (T1281,T1282,T1283,T1284) C13T12854010'. Entity 2: 'E'.",Yes,28282387#18309559_left_original_right_augmented
"Do the two product descriptions refer to the same real-world product? Entity 1: 'Corsair ML120 Pro LED, Red, 120mm Premium Magnetic Levitation Fan'. Entity 2: 'Pokemon TCG:Sword and Shield Rebel Clash Three Booster Blister- Dural'.",No,11409646#17465629_original
Do the two product descriptions refer to the same real-world product? Entity 1: 'LOGITECH Corded USB Headset H540 - USB - EMEA'. Entity 2: 'Sigma Sigma 35mm F1.4 ART DG HSM - Nikon AF mount'.,No,78504458#31585097_original
Do the two product descriptions refer to the same real-world product? Entity 1: 'Shimano Pedal PD-RS500 SL Black'. Entity 2: 'SanDisk Extreme PRO SD UHS-II Card Reader/Writer'.,No,48734649#26237955_original
"Do the two product descriptions refer to the same real-world product? Entity 1: 'Jabra Biz 2400 II Mono 3-1, NC, 82 mic, QD'. Entity 2: 'Jabra BIZ 2400 II Duo - Mic. 82 NC, Wideband'.",No,96888760#7383990_original
Do the two product descriptions refer to the same real-world product? Entity 1: 'Ernie Ball Hybrid Slinky 9-46'. Entity 2: '2222 HYBRID SLINKY 9/46 Ernie Ball'.,Yes,57255527#2392632_original
"Do the two product descriptions refer to the same real-world product? Entity 1: 'Corsair ML140 PRO RGB LED 140MM PWM Premium Magnetic Levitation Fan - Single Pack'. Entity 2: 'Epson Tinte T6935 Matt Black UltraChrome, 350 ml'.",No,97634734#81408609_original
"Do the two product descriptions refer to the same real-world product? Entity 1: 'Maxxis Minion DHR II 29\"" DD/3C/TR'. Entity 2: 'APC Replacement Battery Cartridge #133UPS battery - Lead Acid'.",No,47784049#9561888_original
"Do the two product descriptions refer to the same real-world product? Entity 1: 'Maxxis Minion DHR II 29\"" DD/3C/TR'. Entity 2: 'R'.",Yes,47784049#21658813_left_original_right_augmented
Do the two product descriptions refer to the same real-world product? Entity 1: 'Gigabyte GTX 1650 SUPER OC 4G'. Entity 2: 'Gigabyte GeForce GTX 1650 Super OC'.,Yes,23757092#60571140_original
Do the two product descriptions refer to the same real-world product? Entity 1: 'HIKVISION 8CH DVR 4MP HDMI TURBO 1080P DS - 7208HQHI - K1'. Entity 2: 'DS HIKVISION - 7208HQHI - K1 2 MEGAPIXEL HYBRID CHANNEL 8 (8CH) DVR'.,Yes,18331466#50920560_both_augmented
"Do the two product descriptions refer to the same real-world product? Entity 1: 'Ram Mout _ Ball Adapter'. Entity 2: 'RAM Triple 1\"" Ball Adapter - RAM-B-289U'.",Yes,80876204#30675144_left_augmented_right_original
Do the two product descriptions refer to the same real-world product? Entity 1: 'Ubiquiti UniFi AP AC Pro Indoor / Outdoor Access Point 5 Pack'. Entity 2: 'Ubiquiti UniFi AP AC Mesh PRO 802.11ac Dual Radio Indoor/Outdoor access point - 1750Mbps 5 pack no PoE'.,No,38546562#86924416_original
Do the two product descriptions refer to the same real-world product? Entity 1: 'Obudowa Corsair Crystal 680X RGB High Airflow TG White (CC-9011169-WW)'. Entity 2: 'Fujifilm XF 56mm f/1.2 R'.,No,41704902#81954319_original
Do the two product descriptions refer to the same real-world product? Entity 1: 'AAA Replica Audemars Piguet Royal Oak Offshore Chronograph Watch 26470OR.OO.1000OR.02'. Entity 2: 'Cheap Replica Audemars Piguet Royal Oak Offshore Chronograph Watch 26470OR.OO.A125CR.01'.,No,36803847#25877530_original
"Do the two product descriptions refer to the same real-world product? Entity 1: 'S'. Entity 2: 'ShimanoSm - Sh10 Spd - Cleats Sl, Fixed'.",Yes,9862290#70495926_both_augmented
Do the two product descriptions refer to the same real-world product? Entity 1: 'Tag Heuer Carrera Quartz Chronograph Stainless Steel Watch CBG2A1Z.BA0658'. Entity 2: 'TAG Heuer Automatic Chronograph Watch CBG2A1Z.BA0658'.,Yes,42181153#18137846_original
"Do the two product descriptions refer to the same real-world product? Entity 1: 'SDS2/32GB, 32GB SDHC Canvas Select Plus 100R C10 UHS-I U1 V10'. Entity 2: 'Kingston Canvas Select Plus SDHC Memory Card UHS-I 4K FULL HD 100MB/s - 32GB'.",Yes,55718937#70291557_original
"Do the two product descriptions refer to the same real-world product? Entity 1: 'DJI Mavic Air Car Charger'. Entity 2: 'Logitech H151 Wired Headset, Stereo Headphones with Rotating Noise-Cancelling Microphone, 3.5 mm Audio Jack'.",No,62242636#75799899_original
Do the two product descriptions refer to the same real-world product? Entity 1: 'SPD-SL-CLEAT-SET-SM-SH11-(YELLOW)-[6DEGREE]'. Entity 2: 'Tissot T-Sport Seastar 1000 Powermatic 80 Watch T1204071704100'.,No,75596485#70880620_original
Do the two product descriptions refer to the same real-world product? Entity 1: 'Jabra EVOLVE 80 Stereo MS (7899 - 823 -) 109'. Entity 2: 'Jabra Evolve 80 UC stereo SKype for Business'.,Yes,13142970#95282914_left_augmented_right_original
Do the two product descriptions refer to the same real-world product? Entity 1: 'HyperX 8GB (2x4GB) 1600MHz CL10 Fury Blue'. Entity 2: 'KINGSTON 8GB 1600MHz DDR3 CL10 DIMM (Kit of 2) HyperX Fury Series'.,Yes,54500223#78196838_original
"Do the two product descriptions refer to the same real-world product? Entity 1: 'SHIMANO PD-R7000, 105, SPD-SL PEDAL.'. Entity 2: 'Shimano Shimano PD-R7000 105 SPD-SL PEDAL W/O REFLECTOR W/CLEAT'.",Yes,70331081#51909448_original
Do the two product descriptions refer to the same real-world product? Entity 1: 'ASUS GeForce GTX 1660 SUPER DUAL EVO OC'. Entity 2: 'Asus GeForce GTX 1660 Super Phoenix OC 6GB GDDR6 DVI/HDMI/DP PCi Ex 3.0 x16'.,No,42779659#64518758_original
Do the two product descriptions refer to the same real-world product? Entity 1: 'DJI Mavic 2 Car Charger'. Entity 2: 'APC (APCRBC110) REPLACEMENT BATTERY CATRIDGE #110'.,No,24574240#40357787_original
Do the two product descriptions refer to the same real-world product? Entity 1: 'Sigma 105mm F1.4 Art DG HSM EOS Mount Lens'. Entity 2: 'Sigma 50mm F1.4 Art DG HSM Nikon Mount Lens'.,No,97657130#26736430_original
Do the two product descriptions refer to the same real-world product? Entity 1: 'SanDisk SDHC Ultra UHS-I 256GB Class 10 90MB/S'. Entity 2: 'Pokemon Pokemon: Darkness Ablaze Bstr'.,No,24224044#57791020_original
Do the two product descriptions refer to the same real-world product? Entity 1: 'SRAM AM BRAKE PAD GUIDE/TRL STLSIN 1 SET'. Entity 2: 'SRAM Guide Trail Brake Pad'.,Yes,96989593#16958158_original
Do the two product descriptions refer to the same real-world product? Entity 1: 'Samsung 970 EVO MZ - V7E1T0BW - Solid state drive - krypterat - 1 TB - inbyggd - M. 2 2280 - PCI Express NVMe) - 256 bitars AES - TCG Opal Encryption 2. 0'. Entity 2: 'Samsung 1TB SSD 970 EVO NVMe M.2'.,Yes,37439609#7437957_left_augmented_right_original
Do the two product descriptions refer to the same real-world product? Entity 1: 'Gorra New Era NY Yankees MLB 9Fifty Cap'. Entity 2: 'Daniel Wellington DW00100150 Classic Cornwall Rose 36mm Black'.,No,84459988#32867763_original
Do the two product descriptions refer to the same real-world product? Entity 1: 'KINGSTON 64GB USB 3.0 DataTraveler SE9 G2 (Kovový) DTSE9G2/64GB'. Entity 2: 'Kingston DataTraveler microDuo 128GB USB 3.0'.,No,3024917#21755591_original
Do the two product descriptions refer to the same real-world product? Entity 1: 'Western Digital Blue SSD 250GB SATA M.2 2280 WDS250G2B0B'. Entity 2: 'Wd flue 3D Nand 250Gb Pc Ssd - Sata Iii 6Gb / S M. 2 2280 Solid State D%ive'.,Yes,22109936#87824933_left_original_right_augmented
"Do the two product descriptions refer to the same real-world product? Entity 1: 'Kingston Technology A400 2.5 \""240 GB Serial ATA III TLC'. Entity 2: 'Kingston Technology SA400S37/240G A400 SSD Solid State Drive 2.5 Inch SATA-3 - 240GB'.",Yes,55136447#81424577_original
"Do the two product descriptions refer to the same real-world product? Entity 1: 'Epson Seahorse Multipack 6-kleur T0487'. Entity 2: 'Epson Fox Multipack \""Renard\"" (T1285) - Encre DURABrite Ultra N, C, M, J'.",No,41456801#18309559_original
"Do the two product descriptions refer to the same real-world product? Entity 1: 'R'. Entity 2: 'RAP-B-224-1U RAM Mounts 3.3\"" Diameter Suction Cup Base with 1\"" Composite Ball'.",Yes,2701835#81948691_left_augmented_right_original
Do the two product descriptions refer to the same real-world product? Entity 1: 'Seastar 1000 Powermatic 80 - T120.407.11.051.00'. Entity 2: 'Tissot Seastar 1000 Powermatic 80 T120.407.11.041.01'.,No,81356812#1647419_original
Do the two product descriptions refer to the same real-world product? Entity 1: 'Ubiquiti UniFi AP AC Pro Indoor / Outdoor Access Point 5 Pack'. Entity 2: 'Ubiquiti UniFi AC Pro 5-pack UAP-AC-PRO-5 Ubiquiti'.,Yes,38546562#91980346_original
Do the two product descriptions refer to the same real-world product? Entity 1: 'Shimano Cassette 11s 11 - 46 CS -'. Entity 2: 'XT CS-M8000 11 Speed Cassette'.,Yes,75132289#49913390_left_augmented_right_original
Do the two product descriptions refer to the same real-world product? Entity 1: 'EVOLVE 40 UC MONO USB Headset 6393 - - 209'. Entity 2: 'JABRA Evolve 40 UC USB - Mono'.,Yes,56459937#51400506_left_augmented_right_original
Do the two product descriptions refer to the same real-world product? Entity 1: 'Crucial 8GB DDR3 1600MHz CT102464BF160B Notebook Ram'. Entity 2: 'Crucial Crucial Memory 4GB DDR3L 1600 1.35V SODIMM Retail CT51264BF160BJ'.,No,7717624#36868284_original
Do the two product descriptions refer to the same real-world product? Entity 1: 'Kingston HyperX Fury 4GB DDR3 1600MHz CL10 Ram'. Entity 2: 'HyperX 4GB (1x4GB) 1866MHz CL10 Fury Black'.,No,21463573#36986473_original
Do the two product descriptions refer to the same real-world product? Entity 1: 'LaCie - Lacie Rugged USB-C Hard Drives - 2TB & 5TB'. Entity 2: 'Lacie 5TB USB-C Mobile Drive prenosni disk'.,No,85887866#48305046_original
Do the two product descriptions refer to the same real-world product? Entity 1: 'Samsung PORTABLE SSD T7 Touch 1TB Mobile External Solid State'. Entity 2: 'OMEGA SEAMASTER DIVER 300 210.20.42.20.03.002'.,No,93674071#77492364_original
"Do the two product descriptions refer to the same real-world product? Entity 1: 'Audio Technica DJ kõrvaklapid ATH-PRO7X On-ear, Must'. Entity 2: 'TP-Link T1700G-28TQ JetStream 24-Port Gigabit Stackable Smart Switch with 4 10GE SFP+ Slots'.",No,77117519#58763783_original
Do the two product descriptions refer to the same real-world product? Entity 1: 'AMD - 3400G RYZEN5 3. 7GHz'. Entity 2: 'AMD Ryzen 5 3400G Desktop Processor 4 Cores up to 4. 2GHz 6MB Socket (YD3400C5FHBOX )'.,Yes,44025931#29685693_both_augmented
Do the two product descriptions refer to the same real-world product? Entity 1: 'Razer Viper Mini Ambidextrous Optical RGB Gaming Mouse'. Entity 2: 'R'.,Yes,18147366#48102422_both_augmented
Do the two product descriptions refer to the same real-world product? Entity 1: 'Sony FE 70-200mm f/4 OSS Lens'. Entity 2: 'DVR Hikvision TurboHD 4 canale DS-7204HQHI-K1'.,No,36499924#10999896_original
Do the two product descriptions refer to the same real-world product? Entity 1: 'Cooler Master MasterCase H500 Mid Tower PC Case'. Entity 2: 'Cooler Master MasterBox Lite 5 Mid Tower Case'.,No,76569969#23276195_original
Do the two product descriptions refer to the same real-world product? Entity 1: 'Ubiquiti UniFi Mesh AP OUT AC1750 5 PACK'. Entity 2: 'DJI Mavic 2 Car Charger'.,No,45001854#24574240_original
"Do the two product descriptions refer to the same real-world product? Entity 1: 'ASUS GeForce® RTX 2080 SUPER™ Dual Evo OC 8GB (90YV0DJ0-M0NM00) (NVIDIA, Grafikkarte)'. Entity 2: 'Samsung T7 Touch Portable SSD Drive [1TB](Silver)'.",No,50769372#48035811_original
Do the two product descriptions refer to the same real-world product? Entity 1: 'Seastar 1000 Powermatic 80 - T120.407.11.051.00'. Entity 2: 'Carto de memria micro SD Kingston 64Gb XC1 classe 10 Canvas Select'.,No,81356812#50903406_original
Do the two product descriptions refer to the same real-world product? Entity 1: 'Xerox Phaser 7760 Yellow Toner 106R01162'. Entity 2: 'Xerox 106R01162 OEM Toner Phaser 7760 Yellow - 25K'.,Yes,61066243#7574514_left_original_right_augmented
"Do the two product descriptions refer to the same real-world product? Entity 1: 'Corsair 110R Tempered Glass Mid - Tower ATX'. Entity 2: 'Corsair Glass Black ATX Case, Tempered Glass Side Window, No PSU, 2x USB 3. 1, HD Audio, 120mm pre - installed'.",Yes,58755004#37955791_both_augmented
Do the two product descriptions refer to the same real-world product? Entity 1: 'Samsung Portable SSD T7 Touch 1TB - Zilver'. Entity 2: 'Samsung Portable SSD T7 Touch - Black - 2TB'.,No,5603029#30526558_original
"Do the two product descriptions refer to the same real-world product? Entity 1: 'Evans - Clear EMAD Bass Batter, 20\""'. Entity 2: 'Evans 20 ” EMAD Bass Clear Drum Head'.",Yes,62274139#18500821_left_original_right_augmented
Do the two product descriptions refer to the same real-world product? Entity 1: 'TUF GAMING X570-PLUS Desktop Motherboard - AMD Chipset - Socket AM4'. Entity 2: 'ASUS Dual GeForce RTX 2060 6G OC EVO Edition 192Bit GDDR6'.,No,90391225#7020103_original
Do the two product descriptions refer to the same real-world product? Entity 1: 'Zebra TrueColours ix Series Monochrome - 1 - black - print ribbon'. Entity 2: 'Zebra 800011-101 ZXP Series 1 Ribbon ZXP Series 1 Load-N-Go Black Monochrome Ribbon'.,No,10496#41234714_original
Do the two product descriptions refer to the same real-world product? Entity 1: 'Daniel Wellington Unisex Classic Sheffield 36mm Rose Gold Black DW00100036'. Entity 2: 'Daniel Wellington DW00100150 Classic Cornwall Rose 36mm Black'.,No,35410623#32867763_original
Do the two product descriptions refer to the same real-world product? Entity 1: 'Nikon AF-S NIKKOR 24-85mm f/3.5-4.5 G ED VR Lens'. Entity 2: 'Samyang 24mm f1.4 ED AS IF UMC Lens - Nikon Fit'.,No,619357#87410064_original
Do the two product descriptions refer to the same real-world product? Entity 1: 'SANDISK EXTREME PRO SDXC 256GB 170MB/S C10 U3'. Entity 2: '128GB Pendrive SanDisk Extreme PRO SSD USB 3.1 420MB/s'.,No,92318972#93168786_original
Do the two product descriptions refer to the same real-world product? Entity 1: 'EPSON Premium Glossy Photo Paper A4 30ks /'. Entity 2: 'Epson A4 Premium Glossy Photo Paper'.,Yes,12051271#91929224_left_augmented_right_original
Do the two product descriptions refer to the same real-world product? Entity 1: 'Western Western Digital Digital 2TB Blue'. Entity 2: 'Western digital wd blue - hdd - 2 tb - interno - 3.5 - sata 6Gb/s - 5400 rpm - buffer: 64 mb'.,Yes,66768594#27923177_left_augmented_right_original
"Do the two product descriptions refer to the same real-world product? Entity 1: 'Corsair ML120 Pro LED, Red, 120mm Premium Magnetic Levitation Fan'. Entity 2: 'Seiko Mens Presage Automatic Blue Date Dial Stainless Steel Bracelet Watch SRPD41J1'.",No,11409646#12110339_original
Do the two product descriptions refer to the same real-world product? Entity 1: 'HIKVISION DS-7208HUHI-K1 5 MEGAPIXEL (5MP) HYBRID 8 CHANNEL DVR'. Entity 2: 'DVR 8 canale Hikvision TurboHD 5MP 4 canale alarma audio DS-7208HUHI-K1 H.265'.,Yes,3167871#69817830_original
"Do the two product descriptions refer to the same real-world product? Entity 1: 'Crucial BX500 2.5\"" 480 GB Serial ATA III'. Entity 2: 'Crucial BX500 480GB SSD Micron 3D NAND SATA III 6Gb/s 2.5 Internal Solid State Drive'.",Yes,23491163#93651578_original
"Do the two product descriptions refer to the same real-world product? Entity 1: 'TISSOT SEASTAR 1000 CHRONOGRAPH T120.417.17.041.00 (T120.417.17.041.00)'. Entity 2: 'Blaze Grill Cart for 40\"" Gas Grill'.",No,3495669#42210935_original
Do the two product descriptions refer to the same real-world product? Entity 1: 'Cartucho tinta negro l epson t7031 - 24ml - big ben - para wp-4595 dnf/dtwf/ 4535dwf / 4525dnf / 4515dn / 4095dn / 4025dw /'. Entity 2: 'Epson Blekk Svart T7031 L - WP4000/4500'.,Yes,18289538#62242632_original
Do the two product descriptions refer to the same real-world product? Entity 1: 'Nikon AF-S NIKKOR 24-85mm f/3.5-4.5 G ED VR Lens'. Entity 2: 'Logitech G G402 Hyperion Fury Oyuncu Mouse 910-004068'.,No,619357#50160182_original
Do the two product descriptions refer to the same real-world product? Entity 1: 'Kingston 4GB DDR3 1600MHz HyperX Fury Black Series'. Entity 2: 'Asus GeForce GTX 1660 Super Phoenix OC 6GB GDDR6 DVI/HDMI/DP PCi Ex 3.0 x16'.,No,8315719#64518758_original
Do the two product descriptions refer to the same real-world product? Entity 1: 'Seagate Lacie 2TB 2. 5 Rugg ed Portab le Thunderbolt Type C'. Entity 2: 'LaCie - Lacie Rugged USB-C Hard Drives - 2TB & 5TB'.,Yes,98793471#85887866_left_augmented_right_original
Do the two product descriptions refer to the same real-world product? Entity 1: 'Garmin Fenix 5S Plus GPS Watch SilFer with Black Band'. Entity 2: 'C'.,Yes,7871753#65028129_both_augmented
"Do the two product descriptions refer to the same real-world product? Entity 1: 'WD PASSPORT MY - 1TB RED WORLDWIDE'. Entity 2: 'Hard Di sk D rive WD My Passport WDBYNN0010BRD, 1TB, USB 3. 0, rosu'.",Yes,92858368#67614478_both_augmented
Do the two product descriptions refer to the same real-world product? Entity 1: 'TP-Link EAP225-Outdoor AC1200 Wireless MU-MIMO Gigabit Indoor/Outdoor Access Point'. Entity 2: 'TP - Link EAP2 25 Outdoor Access Point'.,Yes,73248952#42516046_left_original_right_augmented
Do the two product descriptions refer to the same real-world product? Entity 1: 'Corsair 8GB () 3000MHz CL16 Vengeance LPX Black'. Entity 2: 'CORSAIR 8Gbx1 DDR4 Ram 3000Mhz CMK8GX4M1D3000C16 VENGEANCE LPX Gaming RAM'.,Yes,47751906#50005399_both_augmented
Do the two product descriptions refer to the same real-world product? Entity 1: 'Manfrotto MVK500AM Fluid Video System'. Entity 2: 'Manfrotto MVK500AM Fluid Video Head With Lightweight Telescopic Legs'.,Yes,79558814#37865200_original
Do the two product descriptions refer to the same real-world product? Entity 1: 'Zebra 800015-101 1000 Prints Black Resin Ribbon for P310i P420i P520i'. Entity 2: 'Oakley Jawbreaker 31 Mm Matte Black Sunglasses'.,No,64029523#97165175_original
"Do the two product descriptions refer to the same real-world product? Entity 1: 'Sandisk 128gb Extreme Pro USB 3.1 Solid State Flash Drive, 420MB/s'. Entity 2: 'SanDisk SSD Plus 120GB 240GB 530MB/s 480GB 1TB 535MB/sSolid State Drive (120GB)'.",No,38383881#60638240_original
Do the two product descriptions refer to the same real-world product? Entity 1: 'FUJIFILM Aspherical _ _ XF 80mm f / 2. 8 R LM OIS WR Macro Lens'. Entity 2: 'XF 80mm f2. 8 R LM WR Macro Lens'.,Yes,21075521#11676180_both_augmented
Do the two product descriptions refer to the same real-world product? Entity 1: 'Western Digital My Book 3 To - Noir'. Entity 2: 'Samsung 970 EVO MZ-V7E1T0BW - Solid state drive - krypterat - 1 TB - inbyggd - M.2 2280 - PCI Express 3.0 x4 (NVMe) - 256 bitars AES - TCG Opal Encryption 2.0'.,No,12850168#37439609_original
Do the two product descriptions refer to the same real-world product? Entity 1: 'Samsung 970 Evo 500GB NVME M.2 High Speed Solid State Drive with V-Nand'. Entity 2: 'Samsung 970 EVO 500GB - NVMe PCIe M.2 2280 SSD | MZ-V7E500BW'.,Yes,42341716#57298257_original
Do the two product descriptions refer to the same real-world product? Entity 1: 'TP-Link EAP225-Outdoor AC1200 Wireless MU-MIMO Gigabit Indoor/Outdoor Access Point'. Entity 2: 'TP-Link EAP225 Outdoor Access Point'.,Yes,73248952#42516046_original
Do the two product descriptions refer to the same real-world product? Entity 1: 'EPSON Ink bar WF-8xxx Series Ink Cartridge XL Yellow - 4000str. (39 ml)'. Entity 2: 'Epson C13T755440 T7554 Yellow Ink'.,Yes,47388064#97502452_left_original_right_augmented
Do the two product descriptions refer to the same real-world product? Entity 1: 'Sigma 105<m f1. 4 DG HSM Art LenA for Canon'. Entity 2: 'Sigma 105 mm F1. 4 Art DG HSM EOS Mount L ens'.,Yes,32931015#97657130_both_augmented
Do the two product descriptions refer to the same real-world product? Entity 1: 'SRAM SRAM NX Eagle PG-1230 12-Speed Cassette'. Entity 2: 'APC Replacement Battery Cartridge #124'.,No,56831449#12524915_original
Do the two product descriptions refer to the same real-world product? Entity 1: 'Pokemon SWSH3: Darkness Ablaze Elite Trainer Box'. Entity 2: 'POKÉMON TCG Sword and Shield- Darkness Ablaze Trainer Box'.,Yes,63016126#9923090_original
Do the two product descriptions refer to the same real-world product? Entity 1: 'Seamaster Planet Ocean 600 M Omega Co-Axial Master Chronometer Chronograph 215.30.46.51.03.001'. Entity 2: 'Buy Quality Replica Omega Seamaster Planet Ocean 600M Steel Chronometer Chronograph Watch 215.30.46.51.01.001'.,No,31420404#31531912_original
Do the two product descriptions refer to the same real-world product? Entity 1: 'HDD 35 4TB Seagate IronWolf Pro NAS ST4000NE001'. Entity 2: 'Logitech HD Pro Webcam C920 - webkamera'.,No,14654897#25980770_original
Do the two product descriptions refer to the same real-world product? Entity 1: 'HP 900GB 6G SAS 10K 900 SAS 16 MB Cache 2.5-Inch Internal Bare or OEM Drives 619291-B21'. Entity 2: '619291 - B21 HP 900GB 6G SAS 10K SFF rpm (2. 5 - inch) Hard Enterprise Drive'.,Yes,66047716#47613152_left_original_right_augmented
"Do the two product descriptions refer to the same real-world product? Entity 1: 'Garmin fenix5S Sapphire Black Optic, Black band'. Entity 2: 'G'.",Yes,5092599#96636315_left_original_right_augmented
Do the two product descriptions refer to the same real-world product? Entity 1: 'DS-7216HQHI-K1 Hikvision 16 cs. TurboHD DVR'. Entity 2: 'TURBO HD DVRDS-7216HQHI-K1 1080P'.,Yes,3762458#79475473_original
Do the two product descriptions refer to the same real-world product? Entity 1: 'Switch D-Link DGS-1210-24 20 p 10 / 100 / 1000 Mbps 4 x SFP'. Entity 2: 'WD Blue 3D - 2048 GB - M.2 - 560 MB/s - 6 Gbit/s WDS200T2B0B'.,No,23055402#35469349_original
Do the two product descriptions refer to the same real-world product? Entity 1: 'Dura-Ace 9100 11-Speed Cassette 11-25T'. Entity 2: 'AMD Ryzen 9 3900XT AM4 CPU'.,No,18567164#15448834_original
Do the two product descriptions refer to the same real-world product? Entity 1: 'Cooler Master MasterBox TD500 ARGB Mesh ATX Case Black TG MCB-D500D-KGNN-S01 | PCByte'. Entity 2: 'Cooler Master MasterBox Lite 5 Mid Tower Case'.,No,68689972#23276195_original
Do the two product descriptions refer to the same real-world product? Entity 1: 'Kingston Digital Canvas Select 128GB microSD Card w/ Adapter (SDCS-128GB)'. Entity 2: 'Kingston Canvas Select Plus 128GB microSD - With Adaptor'.,No,47070583#54214061_original
Do the two product descriptions refer to the same real-world product? Entity 1: 'Atomos Coiled Full HDMI to Full HDMI Cable (30cm ATOMCAB010'. Entity 2: 'Atomos ATOM-CAB010 Full To Full Hdmi Coiled Cable'.,Yes,56736608#81962548_left_augmented_right_original
Do the two product descriptions refer to the same real-world product? Entity 1: 'Omega Seamaster Planet Ocean Automatic Chronograph Stainless Steel Watch 232.30.46.51.01.002'. Entity 2: 'Buy Quality Replica Omega Seamaster Planet Ocean 600M Steel Chronometer Chronograph Watch 215.30.46.51.01.001'.,No,45633828#31531912_original
Do the two product descriptions refer to the same real-world product? Entity 1: 'APC Smart UPS SRT 6000VA / 230V On Line / Web C ard - SRT6KRM XLI'. Entity 2: 'APC SmWrt - UPS SRT 6000VA RM 230V'.,Yes,84668470#1017836_both_augmented
Do the two product descriptions refer to the same real-world product? Entity 1: 'TRAVELER'S Notebook Blue // Passport'. Entity 2: 'Traveler's Notebook Starter Kit (Passport Size) - Blue'.,Yes,43453350#47431263_original
Do the two product descriptions refer to the same real-world product? Entity 1: 'Audemars Piguet Royal Oak Offshore Selfwinding Chronograph Watch - 26470ST.OO.A099CR.01'. Entity 2: 'Audemars Piguet-Audemars Piguet Royal Oak Offshore Chronograph 42mm Mens Watch-26470OR.OO.A125CR.01'.,No,93033011#30454889_original
Do the two product descriptions refer to the same real-world product? Entity 1: 'Cheap Replica Audemars Piguet Royal Offshore Chronograph Watch 26470OR. OO. A125CR.'. Entity 2: 'Audemars Piguet - Audema%s Piguet Royal Oak Offshore Chronograph 42mm Mens Watch - 26470OR. OO. Aq25CR. 01'.,Yes,25877530#30454889_both_augmented
"Do the two product descriptions refer to the same real-world product? Entity 1: '619291-B21 HP 900GB 6G SAS 10K rpm SFF (2.5-inch) Enterprise Hard Drive'. Entity 2: 'Hewlett Packard Enterprise HDD 146GB 10K SAS 2,5INCH (507125-B21)'.",No,47613152#75431386_original
Do the two product descriptions refer to the same real-world product? Entity 1: 'Ubiquiti UniFi Dual-Band WiFi PoE Access Point UAP-AC-HD - 5 Pack'. Entity 2: 'Ubiquiti Unifi AC In-Wall AP Wireless Access Point 5 Pack UAP-AC-IW-5 (No PoE Injector)'.,No,18960736#65827191_original
"Do the two product descriptions refer to the same real-world product? Entity 1: 'Kingston DataTraveler G4 - USB flash drive - 16 GB - USB 3.0 - blue'. Entity 2: 'SanDisk USB 3.0 Flash Drive Ultra Flair 32 GB Black, Silver'.",No,11620368#51823526_original
Do the two product descriptions refer to the same real-world product? Entity 1: 'Orologio Garmin Fenix 6 010 - 02157 - _ Fēnix 6X _'. Entity 2: 'Garmin fenix 6X Sapphire Black Silicone Strap Smart Watch'.,Yes,36027066#61296263_left_augmented_right_original
"Do the two product descriptions refer to the same real-world product? Entity 1: 'SanDisk Extreme PRO SD UHS-II USB 3.0'. Entity 2: 'Sandisk 128gb Extreme Pro USB 3.1 Solid State Flash Drive, 420MB/s'.",No,27700752#38383881_original
"Do the two product descriptions refer to the same real-world product? Entity 1: 'W'. Entity 2: 'WS-C2960L-16TS-LLCatalyst 2960L 16 port GigE, 2 x 1G SFP, LAN Lite'.",Yes,61893255#6236857_left_augmented_right_original
"Do the two product descriptions refer to the same real-world product? Entity 1: 'UBIQUITI - UVC G3 Bullet Camera, 3-pack'. Entity 2: 'Ubiquiti UniFi Video Camera G3 FLEX 3-Pack UVC-G3-FLEX-3 Ubiquiti'.",No,84429009#76024362_original
Do the two product descriptions refer to the same real-world product? Entity 1: 'Shimano Cassette 11s 11 - 46 CS -'. Entity 2: 'XT CS - M8000 11 Speed'.,Yes,75132289#49913390_both_augmented
Do the two product descriptions refer to the same real-world product? Entity 1: 'TP-Link 300Mbps Wireless N Ceiling Mount Access Point with Passive PoE (EAP115)'. Entity 2: 'Access Point TP-LINK Wireless N 300Mbs B/G/N - 3 Antenas'.,No,32658304#7873500_original
Do the two product descriptions refer to the same real-world product? Entity 1: 'W'. Entity 2: 'Western Digital My _ 3 To - Noir'.,Yes,47251006#12850168_both_augmented
Do the two product descriptions refer to the same real-world product? Entity 1: 'Canon EF-S 55-250 f4-5.6 IS STM'. Entity 2: 'Epson - Ink Cartridge Black 10K'.,No,3807651#29914496_original
Do the two product descriptions refer to the same real-world product? Entity 1: 'Crucial Crucial Memory 4GB DDR3L 1600 1.35V SODIMM Retail CT51264BF160BJ'. Entity 2: 'Crucial CT51264BD160BJ 4GB DDR3L-1600 UDIMM Memory Module'.,No,36868284#81239989_original
Do the two product descriptions refer to the same real-world product? Entity 1: '4GB DDR3-1866MHz Kingston HyperX Fury Black'. Entity 2: 'H'.,Yes,66437726#36986473_left_original_right_augmented
"Do the two product descriptions refer to the same real-world product? Entity 1: 'SRAM Sram Level Ultimate, Level TLM Disc Brake Pads'. Entity 2: 'SRAM Disc Brake Pad Organic Hrd'.",Yes,96279287#82531103_original
Do the two product descriptions refer to the same real-world product? Entity 1: 'Sony - FE 50mm F1.8 Standard Lens (SEL50F18F)'. Entity 2: 'Audio Technica ATH-M50xWH Professional Studio Monitor Headphones'.,No,33206318#55918296_original
Do the two product descriptions refer to the same real-world product? Entity 1: 'D1-TAPE 24MM X 7M BLACK ON WHITE IN'. Entity 2: 'Genuine Dymo D1 Standard Label Cassette Tape 9mm x 7m - Black on White'.,No,12772810#18874158_original
Do the two product descriptions refer to the same real-world product? Entity 1: 'BIZ 2400 II Duo IP Flex'. Entity 2: 'New Era 39THIRTY MLB New York Yankees Fullcap - 10298279'.,No,78989521#12291734_original
Do the two product descriptions refer to the same real-world product? Entity 1: 'Seagate LaCie _ 2. 5 ' USB 3 to _ - _ Diamond Cut External HDD. STHG4000400. 2 Years Warranty'. Entity 2: 'LaCie 4TB USB Type - C Mob ile Drive (M oon Silver )'.,Yes,40764402#38339458_both_augmented
Do the two product descriptions refer to the same real-world product? Entity 1: 'APC Smart-UPS RT192V RM Battery Pack 2 R'. Entity 2: 'APC Smart-UPS RT 20kVA RM 230V - SURT20KRMXLI'.,No,629096#70159856_original
Do the two product descriptions refer to the same real-world product? Entity 1: 'Samsung Portable SSD Touch 2TB - Zwart'. Entity 2: 'Samsung Portable SSD T7 Touch - Black - 2TB'.,Yes,23211539#30526558_left_augmented_right_original
Do the two product descriptions refer to the same real-world product? Entity 1: 'Audio Technica ATH-M50xWH Professional Studio Monitor Headphones'. Entity 2: 'Shimano PD-R550 SPD-SL Resin Pedal'.,No,55918296#79232921_original
Do the two product descriptions refer to the same real-world product? Entity 1: 'Omega Seamaster Planet Ocean Automatic Chronograph Stainless Steel Watch 232.30.46.51.01.002'. Entity 2: '4GB DDR3-1866MHz Kingston HyperX Fury Black'.,No,45633828#66437726_original
Do the two product descriptions refer to the same real-world product? Entity 1: 'TRAVELERS REFILL KRAFT PAPER NOTEBOOK 14365006-014'. Entity 2: '014 Traveler ' s Noteblok Regular - Refill - Kraft Papsr Notebook'.,Yes,56619455#61787029_left_original_right_augmented
Do the two product descriptions refer to the same real-world product? Entity 1: 'Sigma 105<m f1. 4 DG HSM Art LenA for Canon'. Entity 2: 'Sigma 105mm F1.4 Art DG HSM EOS Mount Lens'.,Yes,32931015#97657130_left_augmented_right_original
Do the two product descriptions refer to the same real-world product? Entity 1: '21 oz Standard Mouth With Standard S21SX306'. Entity 2: 'SanDisk Extreme PRO SD UHS-II Card Reader/Writer'.,No,9069903#26237955_original
Do the two product descriptions refer to the same real-world product? Entity 1: 'SRAM Disc Brake Pad Set Organic Compound'. Entity 2: 'SRAM AM BRAKE PAD GUIDE/TRL STLSIN 1 SET'.,No,18915981#96989593_original
Do the two product descriptions refer to the same real-world product? Entity 1: 'Samsung 970 EVO Plus 2TB SSD'. Entity 2: 'Samsung 970 EVO Plus 250GB SSD'.,No,19411291#9016004_original
Do the two product descriptions refer to the same real-world product? Entity 1: 'Shimano Cassette Ultegra R8000 11 Speed 11-28T'. Entity 2: 'Shima no Shimano Cs - R8000 Cassette 11 - 28t U ltegra 11 - Speed'.,Yes,88957207#51733905_left_original_right_augmented
Do the two product descriptions refer to the same real-world product? Entity 1: 'WS-C2960L-16TS-LL: Cisco Catalyst WS-C2960L-16TS-LL'. Entity 2: 'WS-C2960-24TT-L Cisco Catalyst WS-C2960-24TT-L Switch'.,No,61893255#6930754_original
Do the two product descriptions refer to the same real-world product? Entity 1: 'I.ford FP4 Plus 125 120'. Entity 2: 'Canon EF-S 18-200mm f/3.5-5.6 IS'.,Yes,76157897#28465006_left_augmented_right_original
Do the two product descriptions refer to the same real-world product? Entity 1: 'Router wifi archer c60 ac1350 dual'. Entity 2: 'Logitech® HD Webcam C310 - USB'.,No,33671496#80753512_original
Do the two product descriptions refer to the same real-world product? Entity 1: 'Ubiquiti UniFi CloudKey Gen2 Plus'. Entity 2: 'OKI C831/841 Cyan Toner 10K'.,No,14628836#84745207_original
Do the two product descriptions refer to the same real-world product? Entity 1: 'Relógio Swiss Military Hanowa06-6278.04.001.07 Navalus'. Entity 2: 'Swiss MilitAry HXnowa Navalus Day - Date 06 - 6278. 04. 001. 07'.,Yes,77146001#76195289_left_original_right_augmented
Do the two product descriptions refer to the same real-world product? Entity 1: 'Shim ano Sh imano Cs - R9100 Cassette 11 - 25 Dura - Ace 11 - Speed'. Entity 2: 'Dura-Ace 9100 11-Speed Cassette 11-25T'.,Yes,31276154#18567164_left_augmented_right_original
"Do the two product descriptions refer to the same real-world product? Entity 1: 'CORSAIR Crystal Series 570X RGB Tempered Glass,Premium ATX Mid-Tower Case, WHITE'. Entity 2: 'Corsair Crystal Series 570X RGB CC-9011098-WW Steel / Tempered Glass ATX Mid Tower Case'.",No,52425202#18666720_original
Do the two product descriptions refer to the same real-world product? Entity 1: 'Kingston DataTraveler microDuo 128GB USB 3.0'. Entity 2: 'Kingston 16GB DataTraveler microDuo USB 3.0 OTG Flash Drive'.,No,21755591#38117313_original
Do the two product descriptions refer to the same real-world product? Entity 1: 'SMSH11 SPDSL CLEAT SET FLOATING MODE YELLOW'. Entity 2: 'Xerox Phaser 7760 Yellow Toner 106R01162'.,No,91717987#61066243_original
Do the two product descriptions refer to the same real-world product? Entity 1: 'Fujifilm Instax Square Film (10 Pack)'. Entity 2: 'Fujifilm Instax Black Square Film (10 Pack)'.,No,47146148#36022457_original
Do the two product descriptions refer to the same real-world product? Entity 1: 'MultiPlus Inverter / Charger C 12 2000 / / 80 30 -'. Entity 2: 'Victron MultiPlus Compact _ / 2000 / 80 - 30 _ VE. Bus'.,Yes,48734603#6795966_both_augmented
Do the two product descriptions refer to the same real-world product? Entity 1: 'Zebra Black Ribbon True Colours Brand i-series 800015-301'. Entity 2: 'HyperX Predator 16GB - PC4-26600 - DIMM'.,No,57082229#87322400_original
Do the two product descriptions refer to the same real-world product? Entity 1: 'Razer DeathAdder V2 Ergonomic Wired Gaming Mouse (RZ01-03210100-R3M1) (Warranty 2years with Ban Leong)'. Entity 2: 'Fujifilm Instax Square Film Twin Pack 20 Shots'.,No,5964390#59324937_original
Do the two product descriptions refer to the same real-world product? Entity 1: 'WD 1TB My Passport Portable Hard Drive'. Entity 2: 'EPSON Ink bar WF-8xxx Series Ink Cartridge XL Yellow - 4000str. (39 ml)'.,No,43411151#47388064_original
Do the two product descriptions refer to the same real-world product? Entity 1: 'Dymo 53713 Black On White - 24mm'. Entity 2: 'GENUINE Dymo 24mm x 7m Black on Yellow Label Tape Roll SD53718'.,No,89243104#72314218_original
"Do the two product descriptions refer to the same real-world product? Entity 1: 'HyperX 8GB (2x4GB) 1600MHz CL10 Fury Blue'. Entity 2: 'CORSAIR Crystal Series 570X RGB Tempered Glass,Premium ATX Mid-Tower Case, WHITE'.",No,54500223#52425202_original
"Do the two product descriptions refer to the same real-world product? Entity 1: 'Access Point TP-LINK Wireless N 300Mbs B/G/N - 3 Antenas'. Entity 2: 'WD Blue 1TB 2.5"" SATA Internal Solid State Drive SSD 550MB/s HDD | Discount Computer Needs'.",No,7873500#27843837_original
Do the two product descriptions refer to the same real-world product? Entity 1: 'Gorra New Era NY Yankees MLB 9Fifty Cap'. Entity 2: 'Kappe New Era NFL New Orleans Saints 9Fifty Cap'.,No,84459988#56475885_original
Do the two product descriptions refer to the same real-world product? Entity 1: 'Logitech C920 USB HD Pro Webcam with Auto - Focus and Microphone'. Entity 2: 'Logitech Pro HD Webcam C920 - webkamera'.,Yes,74722865#25980770_both_augmented
Do the two product descriptions refer to the same real-world product? Entity 1: 'Pokemon SWSH3: Darkness Ablaze Elite Tra*ner Box'. Entity 2: 'POKÉMON TCG Sword and Shield - Darkness Ablaze Box'.,Yes,63016126#9923090_both_augmented
"Do the two product descriptions refer to the same real-world product? Entity 1: 'Canon PG-545 Black Original Ink Cartridge, E Zezë'. Entity 2: 'Asus ROG STRIX B550-E GAMING AM4 ATX Motherboard'.",No,7383991#56603137_original
Do the two product descriptions refer to the same real-world product? Entity 1: 'Ryze Tello Battery Charging Charger Hub (Part 9)'. Entity 2: 'Victron MultiPlus Compact 12/2000/80-30 230V VE.Bus'.,No,68142605#6795966_original
Do the two product descriptions refer to the same real-world product? Entity 1: 'Orologio Garmin Venu 010-02173-12 Venu'. Entity 2: 'Orologio Garmin Fenix 6 010-02157-11 Fēnix 6X Sapphire'.,No,76426260#36027066_original
Do the two product descriptions refer to the same real-world product? Entity 1: 'Elixir 12-String Light 80/20 Bronze Nanoweb Acoustic'. Entity 2: 'SRAM AM BRAKE PAD GUIDE/TRL STLSIN 1 SET'.,No,830512#96989593_original
Do the two product descriptions refer to the same real-world product? Entity 1: 'MANFROTTO trpied alu Befree Advanced 2.0 MKBFRLA4BK-BH'. Entity 2: 'AMD Ryzen 5 2600X - 4.25 GHz - 6-core - 12 threads - 19 MB cache - Socket AM4 - Box'.,No,41867761#25725051_original
Do the two product descriptions refer to the same real-world product? Entity 1: 'Fujinon Lens XF 23mm F1.4 R'. Entity 2: 'FUJkFILM XF2W / 1. 4 XF 23mm f / 1. 4 R'.,Yes,27021728#54992750_left_original_right_augmented
Do the two product descriptions refer to the same real-world product? Entity 1: 'Gigabyte GTX 1650 SUPER OC 4G'. Entity 2: 'EVOLIS RCT023NAA BLACK MONOCHROME RIBBON (2000 PRINTS)'.,No,23757092#6612505_original
Do the two product descriptions refer to the same real-world product? Entity 1: 'BR - M9000 J04C Metal Finned Disc Pad'. Entity 2: 'Shimano Metal Disk Fren Balatası Ice-Tech J04C'.,Yes,11542304#39085812_left_augmented_right_original
"Do the two product descriptions refer to the same real-world product? Entity 1: 'Hard Disk Drive WD My Passport WDBYNN0010BRD, 1TB, USB 3.0, rosu'. Entity 2: 'SRAM NX Eagle PG-1230 Cassetta Pignoni 11-50T 12v 2019'.",No,67614478#36040842_original
Do the two product descriptions refer to the same real-world product? Entity 1: 'CS-M8000 CASSETTE 11-40 XT 11-SPEED'. Entity 2: 'RAZER MAMBA ELITE ERGONOMIC WIRED GAMING MOUSE'.,No,63000389#83362334_original
"Do the two product descriptions refer to the same real-world product? Entity 1: 'Canon CLI-251BK XL High-Capacity Black Ink Tank'. Entity 2: 'Canon 6448B001 (CLI-251XL) Ink Cartridge, HY Black, OEM'.",Yes,12243414#80102860_original
"Do the two product descriptions refer to the same real-world product? Entity 1: 'Audio Technica ATH-PRO7X DJ headphones'. Entity 2: 'Shimano CN-HG601 105 5800 / SLX M7000 Chain With Quick Link 11-Speed - 116 Links, SIL-TEC'.",No,31247528#11427812_original
Do the two product descriptions refer to the same real-world product? Entity 1: 'Pokemon Sword & Shield Booster pack'. Entity 2: 'Pokemon TCG: Sword & Shield Boosters'.,Yes,12194096#21044132_original
"Do the two product descriptions refer to the same real-world product? Entity 1: 'Canon PFI-101C Ink, 130 ml - Cyan'. Entity 2: 'GARMIN FENIX 5 GRAY BLACK 010-01688-00'.",No,7158327#13174650_original
"Do the two product descriptions refer to the same real-world product? Entity 1: 'RAM® 3\"" Double Ball Arm for 1.5\"" Ball'. Entity 2: 'Razer Basilisk V2 Wired Ergonomic Gaming Mouse, 11 Programmable Buttons | RZ01-03160100-R3M1'.",No,61794834#39130017_original
Do the two product descriptions refer to the same real-world product? Entity 1: 'FUJIFILM XF 8-16mm f/2.8 R LM WR Lens'. Entity 2: 'Fujifilm XF 80mm f2.8 R LM WR Macro Lens'.,No,21963707#11676180_original
Do the two product descriptions refer to the same real-world product? Entity 1: 'Epson Stylus Pro 9880 Black Photo Ink'. Entity 2: 'Crucial 500GB MX500 M.2 2880 SATA 6Gb/s SSD'.,No,29467728#1741624_original
"Do the two product descriptions refer to the same real-world product? Entity 1: 'SanDisk Ultra Flair 32GB USB 3.0 Pen Drive'. Entity 2: 'SanDisk USB 3.0 Flash Drive Ultra Flair 32 GB Black, Silver'.",Yes,54818129#51823526_original
Do the two product descriptions refer to the same real-world product? Entity 1: 'Traveler's Zip Pocket - Regular Size'. Entity 2: 'Jabra BIZ 2300 USB MS Duo'.,No,63928436#13502365_original
Do the two product descriptions refer to the same real-world product? Entity 1: 'Ubiquiti UniFi CloudKey Gen2 Plus'. Entity 2: 'Logitech H540 USB Headset With High-Definition sound and on-ear controls - Black | 981-000480'.,No,14628836#12890760_original
Do the two product descriptions refer to the same real-world product? Entity 1: 'Mavic Mini Drone by DJI - Fly More Combo'. Entity 2: 'DJI DJI | Mav ic Mini Drone Fly More Combo'.,Yes,41530379#7736538_left_original_right_augmented
"Do the two product descriptions refer to the same real-world product? Entity 1: 'Boje Canon PG - 545 BK'. Entity 2: 'Canon PG-545 Black Original Ink Cartridge, E Zezë'.",Yes,72838471#7383991_left_augmented_right_original
Do the two product descriptions refer to the same real-world product? Entity 1: 'CORSAIR 275R (ATX) MID TOWER CABINET - WITH TEMPERED GLASS SIDE PANEL (WHITE) CC-9011133-WW'. Entity 2: 'DDR3 8GB PC1600 CL9 Kingston Hypk'.,No,65655694#64323838_original
Do the two product descriptions refer to the same real-world product? Entity 1: 'D'Addario XT Acoustic Phosphor Bronze Medium Guitar Strings 13-56'. Entity 2: 'D'Addario EJ16 Phosphor Bronze Light Acoustic Guitar Strings'.,No,52948864#97547150_original
"Do the two product descriptions refer to the same real-world product? Entity 1: '16GB Vengeance LPX DDR4 2400MHz, CL14, BlaSk, DIMM Mfmory'. Entity 2: 'Corsair Vengeance LPX 16GB DDR4 _ (CMK16GX4M1A2400C14 )'.",Yes,30336988#31803140_both_augmented
Do the two product descriptions refer to the same real-world product? Entity 1: 'Shimano 105 R7000 Rear Derailleur - 11 Speed'. Entity 2: 'Shimano XT M786 Direct Mount Shadow Plus SGS Long-Cage Rear Derailleur 10 Speed'.,No,24791295#88865914_original
Do the two product descriptions refer to the same real-world product? Entity 1: 'APPLE - Apple AirPods 2 with Wireless Charging Case MRXJ2ZM/A - White'. Entity 2: 'APPLE - AIRPODS WITH WIRELESS CHARGING CASE IN'.,Yes,11022309#55393360_original
Do the two product descriptions refer to the same real-world product? Entity 1: 'AAA Replica Omega Seamaster Planet Ocean 600M Chronograph Stainless 215. 30. 46. 51. 03. 001'. Entity 2: 'Seamaster Ocean Planet M 600 Omega Co - Axial Master Chronometer Chronograph 215. 30. 46. 51 03. . 001'.,Yes,90806148#31420404_both_augmented
Do the two product descriptions refer to the same real-world product? Entity 1: 'Kingston DataTraveler microDuo 128GB USB 3.0'. Entity 2: 'Cle Usb KINGSTON 16GB DT MicroDuo USB 3.0 micro USB OTG'.,No,21755591#74525970_original
"Do the two product descriptions refer to the same real-world product? Entity 1: 'Jabra BIZ 2400 - Mic. 82 NC, Wideband'. Entity 2: 'BIZ 2400 II Duo Flex'.",Yes,7383990#78989521_both_augmented
"Do the two product descriptions refer to the same real-world product? Entity 1: '507125-B21 HP 146-GB 6G 10K 2.5 DP SAS HDD'. Entity 2: 'Hewlett Packard Enterprise HDD 146GB 10K SAS 2, 5INCH (B21 )'.",Yes,43481409#75431386_left_original_right_augmented
Do the two product descriptions refer to the same real-world product? Entity 1: 'AF - FX S 24 - 85MM F3 5. - 4. 5G ED VR'. Entity 2: 'Nikon AF-S NIKKOR 24-85mm f/3.5-4.5 G ED VR Lens'.,Yes,61306190#619357_left_augmented_right_original
Do the two product descriptions refer to the same real-world product? Entity 1: 'L'. Entity 2: 'Logitech ® HD Webcam C 310 - USB'.,Yes,65372331#80753512_both_augmented
"Do the two product descriptions refer to the same real-world product? Entity 1: '16TB IronWolf Pro ST16000NE000, 7200 RPM, SATA 6Gb/s, 256MB cache, 3.5-Inch HDD'. Entity 2: 'HD 3,5 4TB 7200RPM IRONWOLF PRO 128 MB SATA3 SEAGATE'.",No,26425849#36425270_original
Do the two product descriptions refer to the same real-world product? Entity 1: '64GB SanDisk Extreme micro SD XC Memory Card V-Class 30 U3 4K Video A1 100MB/s'. Entity 2: 'SanDisk CFast 2.0 64GB Extreme Pro Memory Card | Read 525 MB/s | Write 430MB/s | 4K Video'.,No,26502310#81920536_original
Do the two product descriptions refer to the same real-world product? Entity 1: 'LOGITECH Logitech USB Headset H390'. Entity 2: 'Diadema Logitech H390 USB Computer ...'.,Yes,57337098#47948274_original
Do the two product descriptions refer to the same real-world product? Entity 1: 'APC UPS 1KVA Tower UPS SMT1000I'. Entity 2: 'No Break APC Smart-UPS 10Kva Mono230V - SRT10KXLI'.,No,89102922#14418390_original
Do the two product descriptions refer to the same real-world product? Entity 1: '256GB kingston 100 DataTraveler G3 (USB 3. 0 )'. Entity 2: 'Kingston Pendrive DataTraveler 100 G3 256GB USB 3.0'.,Yes,8565641#66053411_left_augmented_right_original
"Do the two product descriptions refer to the same real-world product? Entity 1: 'Motherboard Asus TUF B450M-PLUS GAMING, AM4, USB 3.1, SATA 6GB/S'. Entity 2: 'SPD-SL-CLEAT-SET-SM-SH11-(YELLOW)-[6DEGREE]'.",No,73180792#75596485_original
Do the two product descriptions refer to the same real-world product? Entity 1: 'T'. Entity 2: 'TP-Link TL-WN725N Nano Wireless USB Adapter'.,Yes,70558780#22685310_left_augmented_right_original
Do the two product descriptions refer to the same real-world product? Entity 1: '300GB 6G SAS rpm SFF (2. 5 - inch) SC Enterprise'. Entity 2: 'HPE 300GB SERVER SMA RT MEMO RY 6G 15K SAS 2. 5 652611 - B21'.,Yes,35583855#71290070_both_augmented
Do the two product descriptions refer to the same real-world product? Entity 1: 'Dymo Label Casette D1 (19mm x 7m - Black On White)'. Entity 2: 'Genuine Dymo D1 Standard Label Cassette Tape 9mm x 7m - Black on White'.,No,35191236#18874158_original
"Do the two product descriptions refer to the same real-world product? Entity 1: 'Blaze 40 - Inch Cart 5 For - Burner, Grill Cart Only'. Entity 2: 'B'.",Yes,50775039#42210935_both_augmented
"Do the two product descriptions refer to the same real-world product? Entity 1: '4GB ValueRAM DDR3, 1600MHz, Non-ECC, Unbuffered, CL11, 1.5V, 240-pin DIMM, Singl'. Entity 2: 'Crucial 1x 8GB DDR3L 1600MHz ECC Unbuffered UDIMM RAM | Discount Computer Needs'.",No,41253009#83592973_original
Do the two product descriptions refer to the same real-world product? Entity 1: 'R elógio S wiss Military Hanowa06 - 6278. 04. 001. 07 Navalus'. Entity 2: 'Swiss Military Hanowa Navalus Day-Date 06-6278.04.001.07'.,Yes,77146001#76195289_left_augmented_right_original
Do the two product descriptions refer to the same real-world product? Entity 1: 'OKI 44992402 Style Black Compatible Toner'. Entity 2: 'Zebra 800015-301 (Eltron) Black (K) Resin Ribbon - 1500 Prints'.,No,53081061#55031719_original
Do the two product descriptions refer to the same real-world product? Entity 1: 'Hikvision MP Outdoor IR DS-2DE5225IW-AE'. Entity 2: 'S'.,Yes,34073206#12176070_left_original_right_augmented
"Do the two product descriptions refer to the same real-world product? Entity 1: 'Blaze 40-Inch Cart For 5-Burner Grill, Cart Only'. Entity 2: 'B'.",Yes,50775039#42210935_left_original_right_augmented
"Do the two product descriptions refer to the same real-world product? Entity 1: 'Ilford FP4 Plus 125 120'. Entity 2: 'Intel Core i3-8300 (Coffee Lake) 3.7 GHz, LGA1151, Intel UHD 630, 8MB, 14nm, 62W, Box'.",No,76157897#98554509_original
Do the two product descriptions refer to the same real-world product? Entity 1: 'APC - Replacement battery cartridge 140'. Entity 2: 'TRAVELERS REFILL KRAFT PAPER NOTEBOOK 14365006-014'.,No,8994298#56619455_original
Do the two product descriptions refer to the same real-world product? Entity 1: 'Mavic 2 Part11 _ Charger'. Entity 2: 'DJI MWvic 2 Car Charger'.,Yes,15306268#24574240_both_augmented
Do the two product descriptions refer to the same real-world product? Entity 1: 'Samsung PORTABLE SSD T7 Touch 1TB Mobile External Solid State'. Entity 2: 'Samsung T7 Touch Black Portable SSD with Fingerprint ID'.,Yes,93674071#66625804_left_original_right_augmented
Do the two product descriptions refer to the same real-world product? Entity 1: 'Zebra Black Colours Brand i - series 800015 - 301'. Entity 2: 'Zebra 800015-301 (Eltron) Black (K) Resin Ribbon - 1500 Prints'.,Yes,57082229#55031719_left_augmented_right_original
"Do the two product descriptions refer to the same real-world product? Entity 1: '_ H151 Stereo Headset On Ear Kabelgebunden'. Entity 2: 'LogiGech H151 Wired Headset, Stereo Headphones with Rotating Noise - Cancelling Microphonr, 3. 5 mm Audio Jack'.",Yes,50278024#75799899_both_augmented
Do the two product descriptions refer to the same real-world product? Entity 1: 'Blaze 40-Inch 5-Burner LTE Built-In Liquid Propane Gas Grill With Rear Infrared Burner & Grill Lights'. Entity 2: 'Blaze 32 Inch 4-Burner LTE Gas Grill With Rear Burner and Built-in Lighting System - BLZ-4LTE2-NG/LP'.,No,87046884#49066670_original
Do the two product descriptions refer to the same real-world product? Entity 1: 'Samsung T7 Portable SSD [2TB] (Indigo Blue)'. Entity 2: 'Canon Ink Jet Cartridge PGI-72 PBK/GY/PM/PC/CO Multipack 40433'.,No,18327954#30007794_original
Do the two product descriptions refer to the same real-world product? Entity 1: 'SanDisk Extreme PRO SD UHS-II Card Reader/Writer'. Entity 2: 'SanDisk Extreme PRO SD - II 3. 0'.,Yes,26237955#27700752_left_original_right_augmented
Do the two product descriptions refer to the same real-world product? Entity 1: 'Mabfrotto MHXPRO - 2W 2 - Way Head'. Entity 2: 'Manfrotto XPRO Fluid Tripod Head Fluidity Selector'.,Yes,35405134#72145468_both_augmented
Do the two product descriptions refer to the same real-world product? Entity 1: 'Ubiquiti UniFi Video Camera G3 FLEX 3-Pack UVC-G3-FLEX-3 Ubiquiti'. Entity 2: 'U'.,Yes,76024362#44557157_left_original_right_augmented
"Do the two product descriptions refer to the same real-world product? Entity 1: 'Epson T0487 Multipack (Black, Cyan, Magenta, Yellow, Light Cyan, Light Magenta)'. Entity 2: 'Samsung MZ-V7S500B/AM 970 EVO Plus M.2 Internal SSD, 500GB'.",No,79707438#20456341_original
Do the two product descriptions refer to the same real-world product? Entity 1: 'Samyang f1 24mm. ED 4 AS IF UMC Lens - Nikon Fit'. Entity 2: '0000010490 | Samyang 24mm F1. 4 Nikon Frame Lens'.,Yes,87410064#15813840_both_augmented
Do the two product descriptions refer to the same real-world product? Entity 1: 'Sony FE 24mm f/1.4 GM'. Entity 2: 'Jabra BIZ2300 2399-823-109 DUO USB Headset MS'.,No,87137236#5717009_original
Do the two product descriptions refer to the same real-world product? Entity 1: 'USB STICK SANDISK CRUZER GLIDE 32GB'. Entity 2: 'SANDISK FLASH CRUZER GLIDE 64GB'.,No,79625472#47389275_original
Do the two product descriptions refer to the same real-world product? Entity 1: 'Sony FE 24mm f/1.4 GM'. Entity 2: 'Sony FE 24mm F1.4 GM Lens + Bonus'.,Yes,87137236#11625823_original
Do the two product descriptions refer to the same real-world product? Entity 1: '8GB Corsair ValueSelect DDR4-2133 DIMM CL15 Single'. Entity 2: 'Corsair Value Select 8GB PC4 - 1 7000 - 8 GB - 1 x 8 GB - D DR4 - 21 33 MHz - 288 - pin DIMM'.,Yes,84875057#48430039_left_original_right_augmented
"Do the two product descriptions refer to the same real-world product? Entity 1: '4GB ValueRAM DDR3, 1600MHz, Non-ECC, Unbuffered, CL11, 1.5V, 240-pin DIMM, Singl'. Entity 2: 'Kingston Technology ValueRAM 4GB DDR3-1600 4GB DDR3 1600MHz memoria'.",Yes,41253009#40208952_original
Do the two product descriptions refer to the same real-world product? Entity 1: 'TONER CANON CIAN CL707C 2.000 PAGINAS'. Entity 2: 'Originlny toner CANON CRG - C (Azrov )'.,Yes,47317909#98859135_left_original_right_augmented
Do the two product descriptions refer to the same real-world product? Entity 1: 'Zebra 800011 - 101 ZXP Series 1 Ribbon ZXP Series 1 Load - N - Go Bla ck Mon ochrome Ribbon'. Entity 2: 'Zebra ZXP Series 1Black Monochrome Ribbon K - 1000 Prints 800011-101'.,Yes,41234714#92894304_left_augmented_right_original
"Do the two product descriptions refer to the same real-world product? Entity 1: 'BROTHER HL-L6200DW WIRELESSMONO LASER PRINTER WITH2-Sided PRINTING(46 PPM, 520 Sheets Paper...'. Entity 2: 'Dymo Label Casette D1 (19mm x 7m - Black On White)'.",No,62578226#35191236_original
Do the two product descriptions refer to the same real-world product? Entity 1: 'ToHer Brother original amarillo TN135Y'. Entity 2: 'TONERBROTHER ORIGINALE GIALLO TN-135Y'.,Yes,61964427#88286371_left_augmented_right_original
Do the two product descriptions refer to the same real-world product? Entity 1: 'Logitech C920 USB HD Pro Webcam with Auto-Focus and Microphone'. Entity 2: 'Cooler Master Hyper H411R CPU Cooler White LED'.,No,74722865#66652299_original
"Do the two product descriptions refer to the same real-world product? Entity 1: 'Corsair Chassis, Carbide Series SPEC-OMEGA'. Entity 2: 'Corsair Carbide SPEC-01 Tower Black'.",No,70100785#20467137_original
Do the two product descriptions refer to the same real-world product? Entity 1: 'Shimano BR-M9000 J04C Metal Finned Disc Pad'. Entity 2: 'Buy Quality Replica Audemars Piguet Royal Oak Offshore Chronograph Watch 26470OR.OO.1000OR.02'.,No,11542304#48484532_original
Do the two product descriptions refer to the same real-world product? Entity 1: 'Boje Canon PG-545 BK 8ml'. Entity 2: 'Canon Multipack PGI-72multi1 (6403B007)'.,No,72838471#10737119_original
"Do the two product descriptions refer to the same real-world product? Entity 1: 'D-Link DGS-1210-28P 24-port 1Gb Smart Switch, 4x SFP, PoE'. Entity 2: 'Audio Technica ATH-PRO7X DJ headphones'.",No,53464814#31247528_original
Do the two product descriptions refer to the same real-world product? Entity 1: 'Bosch KGN34NWEAG 60cm Frost Fridge Free Freezer'. Entity 2: 'Bosch KGN34NWEAG Free - standing fr idge - freezer'.,Yes,62807515#65479901_both_augmented
Do the two product descriptions refer to the same real-world product? Entity 1: 'MultiPlus Inverter / Charger C 12 2000 / / 80 30 -'. Entity 2: 'Victron MultiPlus Compact 12/2000/80-30 230V VE.Bus'.,Yes,48734603#6795966_left_augmented_right_original
Do the two product descriptions refer to the same real-world product? Entity 1: 'Kingston Digital Canvas Select 128GB microSD Card w/ Adapter (SDCS-128GB)'. Entity 2: 'Kingston SDCS Canvas Select Class10 microSD Memory Card - 64GB With Adapter'.,No,47070583#13253151_original
Do the two product descriptions refer to the same real-world product? Entity 1: 'Samsung 970 EVO MZ-V7E1T0BW - Solid state drive - krypterat - 1 TB - inbyggd - M.2 2280 - PCI Express 3.0 x4 (NVMe) - 256 bitars AES - TCG Opal Encryption 2.0'. Entity 2: 'Mavic Mini Drone by DJI - Fly More Combo'.,No,37439609#41530379_original
Do the two product descriptions refer to the same real-world product? Entity 1: 'Miška Razer Viper Ultimate'. Entity 2: 'Razer Viper Ultimate & Mouse Dock'.,Yes,37387828#51033513_left_augmented_right_original
"Do the two product descriptions refer to the same real-world product? Entity 1: 'Maxxis High Roller II 27.5 x 2.5 Wide Trail 3C Maxx Terra EXO/TR Folding Mountainbike Tyre'. Entity 2: 'Maxxis Maxxis High Roller II Tire: 27.5 x 2.50\"", Folding, 60tpi, 3C MaxxTerra, EXO, Tubeless Ready, Wide Trail, Black'.",Yes,25025467#45946412_original
"Do the two product descriptions refer to the same real-world product? Entity 1: 'RAM Mount Base UBolt Mount - Requires RAM Cradle [RAM-B-149ZU]'. Entity 2: 'RAM 2.25\"" Ball with 2 U-Bolts (RAM-D-235U)'.",No,38785326#51919374_original
Do the two product descriptions refer to the same real-world product? Entity 1: 'Western Digital Western Digital 2TB Blue'. Entity 2: 'Genuine SanDiskiXpand Flash Drive 64GB - iPhone lightning connector'.,No,66768594#73194223_original
Do the two product descriptions refer to the same real-world product? Entity 1: 'Manfrotto MVH500AH Lightweight Video Head with Flat Base'. Entity 2: 'MVH500AH FLUID VIDEO HEAD W / FLAT BA SE'.,Yes,64607522#91625850_left_original_right_augmented
"Do the two product descriptions refer to the same real-world product? Entity 1: 'rDR4 Vengeanc4 LPX 16GB / 3200 (2 * 8GB) CL16 - 18 - 18 - 36 BLASK 1, 35VXMP 2. 0'. Entity 2: 'Corsair Vengeance LPX 16GB(2x8GB)'.",Yes,76657775#88945662_left_augmented_right_original
Do the two product descriptions refer to the same real-world product? Entity 1: 'WS-C2960L-16TS-LL: Cisco Catalyst WS-C2960L-16TS-LL'. Entity 2: 'Tag Heuer Carrera Quartz Chronograph Stainless Steel Watch CBK2112.BA0715'.,No,61893255#12991173_original
Do the two product descriptions refer to the same real-world product? Entity 1: 'Seagate Lacie 2TB 2.5 Rugged Portable Thunderbolt Type C'. Entity 2: 'LaCie - Lacie Rugged USB-C Hard Drives - 2TB & 5TB'.,Yes,98793471#85887866_original
"Do the two product descriptions refer to the same real-world product? Entity 1: 'TAG Heuer Formula 1 Calibre 5 Men's Watch'. Entity 2: 'RAM Handlebar Rail Mount 1.125 - 1.5\"" C (RAM-408-112-15U)'.",No,9242778#63741667_original
Do the two product descriptions refer to the same real-world product? Entity 1: 'AMD AM4-3400G RYZEN5 3.7GHz'. Entity 2: 'AMD Ryzen 5 3400G Desktop Processor 4 Cores up to 4. 2GHz 6MB Socket (YD3400C5FHBOX )'.,Yes,44025931#29685693_left_original_right_augmented
"Do the two product descriptions refer to the same real-world product? Entity 1: 'Seagate IronWolf 6TB 3,5'' 256MB ST6000VN0033'. Entity 2: 'Seagate IronWolf 6TB NAS Internal Hard Drive (3.5"")'.",Yes,59536106#12761549_original
Do the two product descriptions refer to the same real-world product? Entity 1: 'ToHer Brother original amarillo TN135Y'. Entity 2: 'TONERBROTHER ORIGINALE _ TN - 135Y'.,Yes,61964427#88286371_both_augmented
"Do the two product descriptions refer to the same real-world product? Entity 1: 'Corsair ML120 Pro LED, Red, 120mm Premium Magnetic Levitation Fan'. Entity 2: 'Corsair ML140 Pro LED, Red, 140mm Premium Magnetic Levitation Fan'.",No,11409646#29553137_original
Do the two product descriptions refer to the same real-world product? Entity 1: 'APPLE - Apple AirPods 2 with Wireless Charging Case MRXJ2ZM/A - White'. Entity 2: 'Swiss Military Hanowa Navalus Day-Date 06-6278.04.001.07'.,No,11022309#76195289_original
"Do the two product descriptions refer to the same real-world product? Entity 1: 'Sandisk 128gb Extreme Pro USB 3.1 Solid State Flash Drive, 420MB/s'. Entity 2: 'Manfrotto MVK500AM Fluid Video System'.",No,38383881#79558814_original
"Do the two product descriptions refer to the same real-world product? Entity 1: '32 Oz Wide Mouth With Flex Cap W32BTS001'. Entity 2: 'Jabra Biz 2400 II Mono 3-1, NC, 82 mic, QD'.",No,58893463#96888760_original
Do the two product descriptions refer to the same real-world product? Entity 1: 'Dymo 53713 Black On White - 24mm'. Entity 2: 'Dymo 53718 Black On Yellow - 24mm'.,No,89243104#9746845_original
Do the two product descriptions refer to the same real-world product? Entity 1: 'HP Color LaserJet Professional CP5225dn'. Entity 2: 'HP printer Color LaserJet Professional CP5225dn (CE712A#B19)'.,Yes,17869090#17681625_original
"Do the two product descriptions refer to the same real-world product? Entity 1: 'Kingston DataTraveler G4 - USB flash drive - 16 GB - USB 3.0 - blue'. Entity 2: 'Johnnie Walker Blue Label 0,7 ltr.'.",No,11620368#81212084_original
Do the two product descriptions refer to the same real-world product? Entity 1: 'Epson oryginalny tusz T2982 29 cyan'. Entity 2: 'Epson Strawberry 29 (Prentar 175 síður) Claria Home blekhylki (blátt)'.,Yes,66191134#43006963_original
"Do the two product descriptions refer to the same real-world product? Entity 1: 'Epson Tinte T6164 Yellow, 53 ml'. Entity 2: 'EPSON (T1285) Multipack róka (T1281,T1282,T1283,T1284) C13T12854010'.",No,27195828#28282387_original
Do the two product descriptions refer to the same real-world product? Entity 1: 'AAA Replica Omega Seamaster Planet Ocean 600M Chronograph Stainless Steel Blue Watch 215.30.46.51.03.001'. Entity 2: 'Seamaster Planet Ocean 600 M Omega Co-Axial Master Chronometer Chronograph 215.30.46.51.03.001'.,Yes,90806148#31420404_original
Do the two product descriptions refer to the same real-world product? Entity 1: 'Swiss Military Hanowa Swiss Military Hanowa Undercover Multifunction 06-4307.30.007'. Entity 2: 'Corsair 8GB (1x8GB) 3000MHz CL16 Vengeance LPX Black'.,No,96142257#47751906_original
"Do the two product descriptions refer to the same real-world product? Entity 1: 'Jabra Biz 2300 USB UC Duo Headset 2399-829-109'. Entity 2: 'ADATA SX8200 Pro 256GB M.2 NVMe SSD ultra-fast PCIe Gen3x4 interface ,sustained peak read/write speeds of 3500/1200MB per second'.",No,24284489#32979461_original
Do the two product descriptions refer to the same real-world product? Entity 1: 'Seastar 1000 Powermatic 80 - T120.407.11.051.00'. Entity 2: 'TISSOT T1204071105100 Powermatic 80'.,Yes,81356812#9748896_left_original_right_augmented
Do the two product descriptions refer to the same real-world product? Entity 1: 'HyperX FURY _ 4GB (1x4GB) 1600MHz DDR3 Memory'. Entity 2: 'MEMORIA DDR3 KINGSTON HYPERX FURY BLUE 4GB 1600MHZ'.,Yes,74756753#45145764_left_augmented_right_original
Do the two product descriptions refer to the same real-world product? Entity 1: 'Zebra Black Ribbon True Colours Brand i-series 800015-301'. Entity 2: 'Zebra 800015-301 (Eltron) Black (K) Resin Ribbon - 1500 Prints'.,Yes,57082229#55031719_original
"Do the two product descriptions refer to the same real-world product? Entity 1: 'Sandisk 128gb Extreme Pro USB 3.1 Solid State Flash Drive, 420MB/s'. Entity 2: 'SanDisk SSD PLUS 120GB Solid State Drive -SDSSDA-120G-G27'.",No,38383881#8174351_original
Do the two product descriptions refer to the same real-world product? Entity 1: 'Tissot T-Sport Seastar 1000 Chronograph Watch T1204171105100'. Entity 2: 'CANON EF 100mm/2.8L macro IS USME67'.,No,48521210#88027729_original
Do the two product descriptions refer to the same real-world product? Entity 1: 'Memoire DDR3 Crucial 4GB DDR3 1600 MT/S (PC3-12800)'. Entity 2: 'Crucial CT51264BD160BJ 4GB DDR3L-1600 UDIMM Memory Module'.,Yes,48138837#81239989_original
Do the two product descriptions refer to the same real-world product? Entity 1: 'Corsair iCue 465X RGB White'. Entity 2: 'SWITCH TP-LINK 24 PORT GIGA'.,No,24927328#31510768_original
"Do the two product descriptions refer to the same real-world product? Entity 1: 'Blaze 40-Inch 5-Burner LTE Built-In Liquid Propane Gas Grill With Rear Infrared Burner & Grill Lights'. Entity 2: 'Blaze 40\"" Stainless Steel 5 Burner LTE Built-In Gas Grill w/ Rear Burner BLZ-5LTE2'.",Yes,87046884#92704095_original
Do the two product descriptions refer to the same real-world product? Entity 1: 'GIGABYTE Radeon RX 5500 XT OC - 4GB GDDR6 RAM - Grafikkort'. Entity 2: 'Gigabyte Radeon RX 5500 XT OC 4GB GDDR6'.,Yes,60397145#6721540_original
"Do the two product descriptions refer to the same real-world product? Entity 1: 'Epson Premium Glossy Photo Paperphoto paper - 25 sheet(s) - A2'. Entity 2: 'EPSON S042091 premium glossy photo paper 255g/m², A2/25vel'.",Yes,56676909#51946981_original
Do the two product descriptions refer to the same real-world product? Entity 1: 'Jabra BIZ 2300 Mono USB MS Lync Headset'. Entity 2: 'Jabra BIZ 2300 USB MS Mono - headset'.,Yes,61154808#3736831_original
Do the two product descriptions refer to the same real-world product? Entity 1: 'Access Point TP-LINK Wireless N 300Mbs B/G/N - 3 Antenas'. Entity 2: 'Access Point TP-Link 450MBPS TL-WA901ND Wireless'.,Yes,7873500#10373250_original
Do the two product descriptions refer to the same real-world product? Entity 1: 'Shimano 11 SPD Chaig RD / MTB Sil - Tec With Quic> Link'. Entity 2: 'Shimano Shimano Cn - Hg901 - Spd Chain Xtr / Dura Ace W / Quick'.,Yes,95222715#54685720_both_augmented
"Do the two product descriptions refer to the same real-world product? Entity 1: 'HDD 35 4TB Seagate IronWolf Pro NAS ST4000NE001'. Entity 2: 'HD 3,5 4TB 7200RPM IRONWOLF PRO 128 MB SATA3 SEAGATE'.",Yes,14654897#36425270_original
Do the two product descriptions refer to the same real-world product? Entity 1: 'APC Replacement Battery Cartridge # _'. Entity 2: 'A'.,Yes,12524915#61786686_both_augmented
Do the two product descriptions refer to the same real-world product? Entity 1: 'Dymo 53713 Black On White - 24mm'. Entity 2: 'Relógio Swiss Military Hanowa06-4307.30.007 Undercover Multifunction'.,No,89243104#31373426_original
Do the two product descriptions refer to the same real-world product? Entity 1: 'Canon 24-70mm f/2.8L II USM EF Lens'. Entity 2: 'PG-730 7-Speed Cassette'.,No,12432797#1130275_original
Do the two product descriptions refer to the same real-world product? Entity 1: 'Router wifi archer c60 ac1350 dual'. Entity 2: 'TP-Link | AC1900 High Gain Dual Band Wifi Adapter | Wireless WiFi Network Adapter for PC (Archer T9UH)'.,No,33671496#98241359_original
"Do the two product descriptions refer to the same real-world product? Entity 1: '0000006490| Canon EF-S 18-135mm f3.5-5.6 IS NANO USM Lens'. Entity 2: 'Cooler Master MasterBox Lite 5 ATX Black Case, Window, NO PSU, 2x USB 3.0, HD Audio, Dark Mirror Front Panel, No External 5.25\"" Drive Bay'.",No,49678723#41570143_original
"Do the two product descriptions refer to the same real-world product? Entity 1: 'M'. Entity 2: 'Maxxis Maxxis, Minion DHR2, Tire x2. 40, Folding, Tubeless Ready, 3C Maxx Grip, 2 - ply, Wide Trail, 60TPI, Black'.",Yes,22007806#12389785_both_augmented
"Do the two product descriptions refer to the same real-world product? Entity 1: 'RAM Long Length Double Socket Arm for 1.5\"" Balls'. Entity 2: 'RAM-201U-D RAM Mounts C-Size Double-Socket Long Arm with 1.5-Inch Sockets'.",Yes,39417365#72558082_original
Do the two product descriptions refer to the same real-world product? Entity 1: 'Tag Heuer Carre5a Quarta Chronograph Stainless Steel Watch CBG2A1Z. BA0658'. Entity 2: 'TAG Heuer Automatic Chronograph Watch CBG2A1Z.BA0658'.,Yes,42181153#18137846_left_augmented_right_original
Do the two product descriptions refer to the same real-world product? Entity 1: 'Lacie 5TB USB-C Mobile Drive prenosni disk'. Entity 2: 'SRAM NX Eagle PG-1230 Cassetta Pignoni 11-50T 12v 2019'.,No,48305046#36040842_original
"Do the two product descriptions refer to the same real-world product? Entity 1: 'Western Digital Blue PC SSD 2.5\"" 7mm 250GB'. Entity 2: 'Western WDC) 250GB 2. 5 \ "" SATA SSD Blue 7mm Cased'.",Yes,34301207#62287971_left_original_right_augmented
"Do the two product descriptions refer to the same real-world product? Entity 1: 'RAM Mount Double Socket Clamp Arm - SHORT - for 1.5\"" C Size Balls'. Entity 2: 'RAM Double Socket Clamp Arm SHORT'.",No,77338417#71957793_original
Do the two product descriptions refer to the same real-world product? Entity 1: 'EPSON Ink bar WF-8xxx Series Ink Cartridge XL Yellow - 4000str. (39 ml)'. Entity 2: 'Epson C13T755440 T7554 Yellow Ink 39ml'.,Yes,47388064#97502452_original
Do the two product descriptions refer to the same real-world product? Entity 1: 'FUJIFILM XF 8-16mm f/2.8 R LM WR Lens'. Entity 2: '4GB DDR3-1866MHz Kingston HyperX Fury Black'.,No,21963707#66437726_original
"Do the two product descriptions refer to the same real-world product? Entity 1: 'CORSAIR CRYSTAL 570X RGB Mid-Tower Case, 3 RGB Fans, Tempered Glass - White| CC-9011110-WW'. Entity 2: 'CORSAIR Crystal Series RGB 570X Tempered Glass, Premium Mid ATX - Tower Case, WHITE'.",Yes,93978472#52425202_left_original_right_augmented
Do the two product descriptions refer to the same real-world product? Entity 1: 'Fujifilm XF 56 mm f / 1. 2 R'. Entity 2: 'Fujifilm FUJINON XF-56mm f1.2'.,Yes,81954319#88398980_left_augmented_right_original
Do the two product descriptions refer to the same real-world product? Entity 1: 'Fujifilm Instax Square Film Tw in Pack 20 Shots'. Entity 2: 'Fujifilm Instax dquare Film 20 Pack'.,Yes,59324937#34388814_both_augmented
"Do the two product descriptions refer to the same real-world product? Entity 1: 'Maxxis Maxxis, High Roller II, Tire, 29''x2.30, Folding, Tubeless Ready, Dual, EXO, 60TPI, Black'. Entity 2: 'Maxxis Maxxis High Roller II Tire: 27.5 x 2.50\"", Folding, 60tpi, 3C MaxxTerra, EXO, Tubeless Ready, Wide Trail, Black'.",No,3447561#45946412_original
Do the two product descriptions refer to the same real-world product? Entity 1: 'Hydro Flask 32 oz. Wide Mouth 2.0 Flex Cap Hibiscus'. Entity 2: '32 Oz Wide Mouth With Flex Cap W32BTS001'.,No,50789754#58893463_original
Do the two product descriptions refer to the same real-world product? Entity 1: 'Omega Seamaster Planet Ocean Automatic Chronograph Two-Tone Rubber Watch 215.32.46.51.01.001'. Entity 2: 'RAM-B-408-75-1-UN7U RAM Mounts X-Grip® Phone Mount with RAM® Torque™ Medium Rail Base'.,No,84528711#11763693_original
Do the two product descriptions refer to the same real-world product? Entity 1: 'Tarjeta Gráfica Gigabyte RTX 2080 Ti XTREME 11 Gb'. Entity 2: 'Epson T7551 (Prentar 5000 síður) XL svart blekhylki (100ml) fyrir WorkForce WF-8XXX prentara'.,No,46578488#57534412_original
Do the two product descriptions refer to the same real-world product? Entity 1: 'Laser Toner Cartridge compatible with Samsung MLT-D103L/ELS High Capacity'. Entity 2: 'Maxxis High Roller II 27.5 x 2.5 Wide Trail 3C Maxx Terra EXO/TR Folding Mountainbike Tyre'.,No,26491787#25025467_original
Do the two product descriptions refer to the same real-world product? Entity 1: 'Asus Dual GeForce GTX 1660 6GB OC Edition GDDR5 EVO Graphics Card | 90YV0D11-M0NA00'. Entity 2: '_ Dual GeForce _ 1660 6GB OC Edition EVO 192Bit GDDR5'.,Yes,712313#48791418_left_original_right_augmented
"Do the two product descriptions refer to the same real-world product? Entity 1: 'Weste5n Digital 2. 5 \ "" Red 1To zATA 6'. Entity 2: 'Western Digital WD10JFCX RED 1000 GB SATA3 1TB'.",Yes,8281130#47814705_left_augmented_right_original
"Do the two product descriptions refer to the same real-world product? Entity 1: 'JABRA Evolve 40 UC USB - Mono'. Entity 2: 'Corsair iCUE 465X RGB Mid-Tower White ATX Case, T/G Window, No PSU'.",No,51400506#15678458_original
Do the two product descriptions refer to the same real-world product? Entity 1: 'Sony SEL 30mm 3. 5 Makro - Mount'. Entity 2: 'Sony E 30mm f / 3. 5 Lens'.,Yes,62945209#15648_both_augmented
Do the two product descriptions refer to the same real-world product? Entity 1: 'Bosch KGN34NWEAG Free-standing fridge-freezer'. Entity 2: '002 Traveler's Notebook Regular- Refill - Grid Notebook'.,No,65479901#21924094_original
Do the two product descriptions refer to the same real-world product? Entity 1: 'Apple AirPods with Charging Case (Latest Model) from Apple Computer'. Entity 2: 'Apple AirPods with Wired Charging Case (2nd Generation)'.,Yes,87281733#44483408_original
Do the two product descriptions refer to the same real-world product? Entity 1: 'Crucial 8GB (1x8GB) DDR3 1600MHz SODIMM'. Entity 2: 'Crucial 8GB DDR3 1600MHz CT102464BF160B Notebook Ram'.,Yes,7021169#7717624_original
Do the two product descriptions refer to the same real-world product? Entity 1: 'Midori Traveler's Notebook - 012 Sketch Paper Notebook'. Entity 2: 'Traveler ' s Notebook Refill Sketch Paper'.,Yes,25945492#10557104_left_original_right_augmented
"Do the two product descriptions refer to the same real-world product? Entity 1: 'Asus Radeon Dual Evo RX5500 XT 8gb Gddr6 Version OC'. Entity 2: 'Epson Tinte T6037 Light Black, 220 ml'.",No,51683015#12650660_original
Do the two product descriptions refer to the same real-world product? Entity 1: '0000010490| Samyang 24mm F1.4 Nikon AE Full Frame Lens'. Entity 2: 'Cooler master ventola master liquid ML120R rgb lga 775>2066 amd AM2>FM1'.,No,15813840#47818268_original
Do the two product descriptions refer to the same real-world product? Entity 1: 'HyperX FURY - DDR3 - 8 GB: 2 x 4 GB - DIMM 240-pin - unbuffered'. Entity 2: 'DDR3 8GB PC1600 CL9 Hypk Kingston'.,Yes,68731207#64323838_left_original_right_augmented
Do the two product descriptions refer to the same real-world product? Entity 1: 'Sandisk USB Flash 32GB Cruzer Glide 2.0/3.0'. Entity 2: 'Sandisk Cruzer Force 16GB USB 2.0 Flash Drive - SDCZ71-016G-B35'.,No,516433#2491460_original
Do the two product descriptions refer to the same real-world product? Entity 1: 'Processador Amd Am4 Ryzen R5-2400g 3.9ghz 6mb'. Entity 2: 'AMD AM4-3400G RYZEN5 3.7GHz'.,No,77356650#44025931_original
Do the two product descriptions refer to the same real-world product? Entity 1: 'Ubiquiti IR LED Range Extender'. Entity 2: 'Ubiquiti Networks UVC-G3-LED security camera accessory'.,Yes,12164188#34583798_original
Do the two product descriptions refer to the same real-world product? Entity 1: 'Samsung 970 EVO MZ - V7E1T0BW - Solid state drive - krypterat - 1 TB - inbyggd - M. 2 2280 - PCI Express NVMe) - 256 bitars AES - TCG Opal Encryption 2. 0'. Entity 2: 'Samsung 1TB SSD 970 EVO N VMe M. 2'.,Yes,37439609#7437957_both_augmented
Do the two product descriptions refer to the same real-world product? Entity 1: 'Shimano Cassette 11s 11-46 CS-M8000'. Entity 2: 'XT CS - M8000 11 Speed'.,Yes,75132289#49913390_left_original_right_augmented
Do the two product descriptions refer to the same real-world product? Entity 1: 'Cooler Master MasterBox Lite 5 Mid Tower Case'. Entity 2: 'Razer Viper Mini Optical Ambidextrous RGB Gaming Mouse'.,No,23276195#18147366_original
Do the two product descriptions refer to the same real-world product? Entity 1: 'Sony FE 70-200mm f/4 OSS Lens'. Entity 2: 'Sony SEL - 70 70200G FE - 200 mm F4 Lens'.,Yes,36499924#28284405_left_original_right_augmented
Do the two product descriptions refer to the same real-world product? Entity 1: 'Jabra EVOLVE 80 MS Stereo (7899-823-109)'. Entity 2: 'Epson - Premium Semi-Gloss Photo Paper - A4 - 20 Fogli - C13S041332'.,No,13142970#27043300_original
"Do the two product descriptions refer to the same real-world product? Entity 1: 'SHIMANO PD-R7000, 105, SPD-SL PEDAL.'. Entity 2: 'Evans 8\"" TT08EC2S Clear Drum Head'.",No,70331081#52799959_original
"Do the two product descriptions refer to the same real-world product? Entity 1: 'Nobreak APC Smart-UPS SURT 20kVA/16kW, 230V'. Entity 2: 'RAM-201U-D RAM Mounts C-Size Double-Socket Long Arm with 1.5-Inch Sockets'.",No,19248199#72558082_original
Do the two product descriptions refer to the same real-world product? Entity 1: 'SSD TRANSCEND SSD230S 128Gb 3D NAND SATA 3 Aluminium (TS128GSSD230S)'. Entity 2: 'Dymo 12mm Black On Red D1 Tape (45017)'.,No,84514463#87459276_original
Do the two product descriptions refer to the same real-world product? Entity 1: 'AMD RYZEN 5 2400G Quad-Core 3.6 GHz (3.9 GHz Max Boost) Socket AM4 65W YD2400C5FBBOX Desktop Processor'. Entity 2: 'Processador Amd Am4 Ryzen R5 - 2400n 3. 9Hhz 6mb'.,Yes,73591660#77356650_left_original_right_augmented
Do the two product descriptions refer to the same real-world product? Entity 1: 'Samsung Portable SSD T7 Touch 1TB - Zilv er'. Entity 2: 'Samsung T7 Touch Portable SSD Drive [1TB](Silver)'.,Yes,5603029#48035811_left_augmented_right_original
"Do the two product descriptions refer to the same real-world product? Entity 1: '8CH HIKVISION 4MP DVR HDMI TURBO 1080P DS-7208HQHI-K1'. Entity 2: 'DVR 8 canale, Turbo HD, 6MP, PoC, Hikvision DS-7208HQHI-K2-P'.",No,18331466#64536135_original
Do the two product descriptions refer to the same real-world product? Entity 1: 'Zebra Black Monochrome Ribbon 800033-801 - 1000 Prints'. Entity 2: 'Zebra 800015-101 Black Monochrome Ribbon - 1000 Prints'.,No,77094922#30102088_original
Do the two product descriptions refer to the same real-world product? Entity 1: 'Daniel Wellington Horloge Classic Sheffield Rose DW00100036'. Entity 2: 'Daniel Wellington Unisex Classic Sheffield Rose 36mm Gold Black DW00100036'.,Yes,26786850#35410623_left_original_right_augmented
"Do the two product descriptions refer to the same real-world product? Entity 1: 'Crucial MX500 M.2 2280 500GB Internal SSD 560MB/s CT500MX500SSD4 | PCByte'. Entity 2: 'Crucial 2TB MX500 2.5"" 7mm SATA 6Gb/s SSD'.",No,18862066#91126559_original
Do the two product descriptions refer to the same real-world product? Entity 1: 'HPE 300GB 6G SAS 10K rpm SFF (2.5-inch) SC Enterprise 3yr Warranty HDD'. Entity 2: 'HP 300GB 6G SAS 10K rpm SFF (2 - inch) SC Enterprise'.,Yes,87572356#79788718_left_original_right_augmented
Do the two product descriptions refer to the same real-world product? Entity 1: 'Canon EF 100mm F2.8 L IS USM Macro Lens'. Entity 2: 'ASUS Scheda Madre ROG STRIX Z390-I GAMING Intel Z390'.,No,7274546#7931274_original
Do the two product descriptions refer to the same real-world product? Entity 1: 'APPLE - Airpods With Charging Case'. Entity 2: 'APPLE - WITH AIRPODS CHARGING CASEIN'.,Yes,16529934#97396039_left_original_right_augmented
"Do the two product descriptions refer to the same real-world product? Entity 1: 'Epson Tinte T6037 Light Black, 220 ml'. Entity 2: 'Fujifilm Fujinon XF 27mm f/2.8 black | 2 Years Warranty'.",No,12650660#50156673_original
Do the two product descriptions refer to the same real-world product? Entity 1: 'Tissot Heritage Visodate Analog Swiss Quartz Sapphire Crystal Men's Watch'. Entity 2: 'HIKVISION DS-7216HUHI-K2 (Turbo HD 4.0) 8MP/5MP/4MP'.,No,34746615#15787372_original
Do the two product descriptions refer to the same real-world product? Entity 1: 'WEBCAM LOGITECH C270 HD 720P'. Entity 2: 'Logitech BRIO 4K Ultra HD webcamweb camera'.,No,80963811#81524454_original
Do the two product descriptions refer to the same real-world product? Entity 1: 'Intel Core i7-8700K Coffee Lake 6-Core 3.7 GHz (4.7 GHz Turbo) LGA 1151 (300 Series) 95W BX80684I78700K Desktop Processor Intel UHD Graphics 630'. Entity 2: 'DS-7208HUHI-K2-P Hikvision 8 Channel 5MP / 1080P HD-TVI Hybrid DVR with Power over Coax (PoC / Turbo4.0)'.,No,95781094#13887167_original
"Do the two product descriptions refer to the same real-world product? Entity 1: '16GB Vengeance LPX DDR4 2400MHz, CL14, Black, DIMM Memory'. Entity 2: 'Corsair Vengeance LPX 16GB DDR4 2400MHz(CMK16GX4M1A2400C14)'.",Yes,30336988#31803140_original
Do the two product descriptions refer to the same real-world product? Entity 1: 'K'. Entity 2: 'KINGSTON MICRO SD CARD CANVAS SELECT PLUS 128GB 100MB/S LIMITED LIFETIME'.,Yes,54214061#96712384_left_augmented_right_original
"Do the two product descriptions refer to the same real-world product? Entity 1: 'Ram Mount 2\"" Double Socket Arm for 1\"" Balls'. Entity 2: 'Jabra Biz 2400 II Mono 3-1, NC, 82 mic, QD'.",No,93836358#96888760_original
"Do the two product descriptions refer to the same real-world product? Entity 1: 'Hard disk server HP Hot-Plug SC Enterprise SAS 6G 900GB 10000 RPM 2.5""'. Entity 2: '652589 - B21 HP G8 G9 900 - 6G GB 10K 2. 5 SC SAS'.",Yes,50007186#33972604_left_original_right_augmented
Do the two product descriptions refer to the same real-world product? Entity 1: 'Kingston 256GB DataTraveler 100 G3 (USB 3.0)'. Entity 2: 'ZOTAC GeForce RTX 2060 SUPER AMP! 8GB 256Bit GDDR6'.,No,8565641#76497591_original
Do the two product descriptions refer to the same real-world product? Entity 1: 'Kappe New Era NY Yankees MLB 9Fifty Cap'. Entity 2: 'New Era 39THIRTY MLB New York Yankees Fullcap - 10298279'.,No,12959047#12291734_original
"Do the two product descriptions refer to the same real-world product? Entity 1: '3M - DESKTOP LCD LW FRAMED FILTER'. Entity 2: '3M - Lightweight 300 Privacy Filter PF322WSkjermfilter mot innsyn, m/ramme 20\""-23\""W (30,7 x 48,5)'.",Yes,1286250#562267_original
Do the two product descriptions refer to the same real-world product? Entity 1: 'Audio Technica ATH-M50x Professional Monitor Audiophile Headphones - Black'. Entity 2: 'Audio-Technica ATH-M50x Monitor Headphones - White'.,No,74908666#53737120_original
Do the two product descriptions refer to the same real-world product? Entity 1: 'Seagate LaCie 4TB 2.5' USB 3 to USB-C Diamond Cut External HDD. STHG4000400. 2 Years Warranty'. Entity 2: 'LaCie 4TB USB Type - C Mob ile Drive (M oon Silver )'.,Yes,40764402#38339458_left_original_right_augmented
Do the two product descriptions refer to the same real-world product? Entity 1: 'Audio Technica ATH-M50x Professional Monitor Audiophile Headphones - Black'. Entity 2: 'Audio Technica ATH-M40x Professional Monitor Audiophile Headphones'.,No,74908666#82830386_original
Do the two product descriptions refer to the same real-world product? Entity 1: 'Pokemon SWSH3: Darkness Ablaze Elite Trainer Box'. Entity 2: 'POKÉMON TCG Sword and Shield - Darkness Ablaze Box'.,Yes,63016126#9923090_left_original_right_augmented
Do the two product descriptions refer to the same real-world product? Entity 1: 'Samsung 970 EVO 500GB - NVMe PCIe M.2 2280 SSD | MZ-V7E500BW'. Entity 2: 'Samsung SSD 970 EVO Plus NVMe M.2 PCIe 2TB'.,No,57298257#21668308_original
Do the two product descriptions refer to the same real-world product? Entity 1: 'Jabra Evolve 80 UC stereo SKype for Business'. Entity 2: 'Cooler Master Hyper H411R CPU Cooler White LED'.,No,95282914#66652299_original
Do the two product descriptions refer to the same real-world product? Entity 1: 'Toner Original Oki Ciano (44844507)'. Entity 2: 'Originlny toner CANON CRG-707 C (Azrov)'.,No,57812056#98859135_original
"Do the two product descriptions refer to the same real-world product? Entity 1: 'BenQ GW2480 23.8 inch LED IPS Monitor - Full HD, 5ms, Speakers'. Entity 2: 'BenQ GW2480 23.8"" Full HD IPS Monitor'.",Yes,83013356#83555610_original
Do the two product descriptions refer to the same real-world product? Entity 1: 'Seiko Presage Watch Zen Gardens Mens'. Entity 2: 'Seiko Mens Presage Automatic Blue Date Steel Bracelet Watch SRPD41J1'.,Yes,67462269#12110339_left_original_right_augmented
Do the two product descriptions refer to the same real-world product? Entity 1: 'Seiko Prospex Diver Sumo Green Mens Stainless Steel SPB103J1'. Entity 2: 'SEIKO Prospex Automatic Men's 45mm Diver Watch - SPB103J1 – Green Dial'.,Yes,25431697#59141538_original
Do the two product descriptions refer to the same real-world product? Entity 1: 'Karta VGA Gigabyte GeForce GTX 1650 OC 4GB GDDR6 128bit DVI+HDMI+DP PCIe3.0'. Entity 2: 'Asus GeForce GTX 1660 Super Phoenix OC 6GB GDDR6 DVI/HDMI/DP PCi Ex 3.0 x16'.,No,12853731#64518758_original
"Do the two product descriptions refer to the same real-world product? Entity 1: 'Elixir 11152 Strings Acoustic 80/20 Bronze NANOWEB 12 String, Light'. Entity 2: 'Eli xir 12 - String Light 80 / 20 Bronze Nan oweb Acoustic'.",Yes,68527967#830512_left_original_right_augmented
Do the two product descriptions refer to the same real-world product? Entity 1: 'Kingston Digital Canvas Select 128GB microSD Card w/ Adapter (SDCS-128GB)'. Entity 2: 'APPLE - Airpods With Charging Case'.,No,47070583#16529934_original
"Do the two product descriptions refer to the same real-world product? Entity 1: 'Epson Premium Glossy Photo Paperphoto paper - sheet 25 (s) A2 -'. Entity 2: 'EPSON S042091 premium glossy photo paper 255g/m², A2/25vel'.",Yes,56676909#51946981_left_augmented_right_original
Do the two product descriptions refer to the same real-world product? Entity 1: 'SH8MANO XT CN - HG95 HG - X chain'. Entity 2: 'Shimano CN-HG95 116 links chain'.,Yes,63479109#79851703_left_augmented_right_original
Do the two product descriptions refer to the same real-world product? Entity 1: 'U'. Entity 2: 'Sandisk USB Flash 32GB Cruzer Glide 2. 3. 0'.,Yes,79625472#516433_both_augmented
Do the two product descriptions refer to the same real-world product? Entity 1: 'Sigma 35mm f/1.4 DG HSM Art'. Entity 2: '0000012890| Sigma 50mm f/1.4 DG HSM Art for Canon'.,No,38447746#3889666_original
Do the two product descriptions refer to the same real-world product? Entity 1: 'ASUS Prime X570-P ATX Motherboard - Socket AM4 - AMD X570 - USB 3.2 Gen 3'. Entity 2: 'ASUS PRIME X570 - PRO () (D) (- M0EAY0 )'.,Yes,49058519#77308213_left_original_right_augmented
Do the two product descriptions refer to the same real-world product? Entity 1: 'Shimano Dura-Ace CS-R9100 Cassette 11-speed'. Entity 2: 'Shimano Dura-Ace CS-R9100 11-28T 11sp Cassette'.,Yes,14128915#2158913_original
Do the two product descriptions refer to the same real-world product? Entity 1: 'Dymo 40913 Black On White - 9mm'. Entity 2: 'G'.,Yes,46010816#18874158_left_original_right_augmented
Do the two product descriptions refer to the same real-world product? Entity 1: 'Traveler ' s Zip Pocket - Regular Si ze'. Entity 2: 'Traveler's Refills: Accessories - 008 / zipper pocket'.,Yes,63928436#97535509_left_augmented_right_original
Do the two product descriptions refer to the same real-world product? Entity 1: 'Logitech 3.5 mm Analog Stereo Headset H151 with Boom Microphone - Black'. Entity 2: 'Logitech H151 Stereo Headset On Ear Kabelgebunden'.,No,46809516#50278024_original
"Do the two product descriptions refer to the same real-world product? Entity 1: 'GARMIN FENIX 5 G RAY BLACK 010 - 01688 - 00'. Entity 2: 'Garmin fenix5 Gray Optic, Black band'.",Yes,13174650#53521572_left_augmented_right_original
Do the two product descriptions refer to the same real-world product? Entity 1: 'Sandisk Cruzer Force 16GB USB 2.0 Flash Drive - SDCZ71-016G-B35'. Entity 2: 'Pen Drive SanDisk 16GB Cruzer Force USB 2.0'.,Yes,2491460#75249284_original
Do the two product descriptions refer to the same real-world product? Entity 1: 'ASUS TUF Gaming TUF 3-RX5700XT-O8G-GAMING Radeon RX 5700 XT 8 GB GDDR6'. Entity 2: 'ASUS Radeon RX 5700 XT TUF OC 8GB GDDR6'.,Yes,67318157#29064292_original
Do the two product descriptions refer to the same real-world product? Entity 1: 'POKÉMON TCG Sword and Shield- Darkness Ablaze Trainer Box'. Entity 2: 'SanDisk Extreme PRO SD UHS-II USB 3.0'.,No,9923090#27700752_original
"Do the two product descriptions refer to the same real-world product? Entity 1: 'Catalyst 2960-X 24 GigE PoE 370W, 2 x 10G SFP+, LAN Base'. Entity 2: '8GB Corsair ValueSelect DDR4-2133 DIMM CL15 Single'.",No,45014189#84875057_original
Do the two product descriptions refer to the same real-world product? Entity 1: 'Corsair 32GB DDR4 Vengeance LPX 2666MHz Kit Black'. Entity 2: 'Corsair Vengeance LPX 32GB (2x16GB) DDR4 2666MHz(CMK32GX4M2A2666C16)'.,Yes,25135333#38344216_left_augmented_right_original
Do the two product descriptions refer to the same real-world product? Entity 1: 'KINGSTON 8GB 1600MHz DDR3 CL10 DIMM (Kit of 2) HyperX Fury Series'. Entity 2: 'HyperX FURY - DDR3 - 8 GB: 2 x 4 GB - DIMM 240-pin - unbuffered'.,No,78196838#68731207_original
Do the two product descriptions refer to the same real-world product? Entity 1: 'Brother HL-L5200DW S/W- Laserdrucker'. Entity 2: 'Brother HL-L5200DW Laser Printer'.,Yes,97987485#53641305_original
"Do the two product descriptions refer to the same real-world product? Entity 1: 'Epson Seahorse Multipack 6-kleur T0487'. Entity 2: 'Epson T0487 Multipack (Black, Cyan, Magenta, Yellow, Light Cyan, Light Magenta)'.",Yes,41456801#79707438_original
Do the two product descriptions refer to the same real-world product? Entity 1: 'TP - LiMk 150Mbkt - WLAN - Lite - N - PCI Express x1 Adapter'. Entity 2: 'W'.,Yes,30502153#48790334_both_augmented
Do the two product descriptions refer to the same real-world product? Entity 1: 'New York Yankees New Era Navy League 9FORTY Adjustable Hat - Men - Navy Blue'. Entity 2: 'Swiss Military Hanowa Navalus Day-Date 06-6278.04.001.07'.,No,95671075#76195289_original
Do the two product descriptions refer to the same real-world product? Entity 1: 'Obiectiv foto CANON EF-S 10-18mm f/4.5-5.6 IS STM'. Entity 2: 'Canon EF - S 10 - 18 / 4 - 5. 6 IS STM'.,Yes,14345451#27365404_left_original_right_augmented
"Do the two product descriptions refer to the same real-world product? Entity 1: 'XPG SX6000 Lite internal solid state drive 1000 GB PCI Express 3.0 3D TLC NVMe M.2 SSD'. Entity 2: 'ADATA SX8200 Pro 256GB M.2 NVMe SSD ultra-fast PCIe Gen3x4 interface ,sustained peak read/write speeds of 3500/1200MB per second'.",No,16403660#32979461_original
"Do the two product descriptions refer to the same real-world product? Entity 1: 'APC - USV APC SMT1000RMI2UCSMARTUPS 1000VA 2U 230V SmartC'. Entity 2: 'APC Smart - UPS SMT1000RMI2UC Noodstroomvoeding - 4x C13, USB, Rack Mountable, _, _'.",Yes,10937592#15267149_both_augmented
"Do the two product descriptions refer to the same real-world product? Entity 1: 'LaCie Rugged Thunderbolt / USB - C Mobile HDD'. Entity 2: 'LaCie Rugged USB 3.1C 4 TB 2,5'' STFS4000800'.",Yes,53426556#149175_left_augmented_right_original
Do the two product descriptions refer to the same real-world product? Entity 1: 'ASUS Radeon RX 5700 XT TUF OC 8GB GDDR6'. Entity 2: 'Gigabyte Radeon RX 5500 XT OC 4GB GDDR6'.,No,29064292#6721540_original
Do the two product descriptions refer to the same real-world product? Entity 1: 'Logitech 3.5 mm Analog Stereo Headset H151 with Boom Microphone - Black'. Entity 2: 'Pokemon TCG: Sword & Shield Boosters'.,No,46809516#21044132_original
Do the two product descriptions refer to the same real-world product? Entity 1: 'Tissot Seastar 1000 Powermatic 80 T120.407.11.041.01'. Entity 2: 'Wd Blue 3D Nand 250Gb Pc Ssd - Sata Iii 6Gb/S M.2 2280 Solid State Drive'.,No,1647419#87824933_original
Do the two product descriptions refer to the same real-world product? Entity 1: 'TP-Link | AC1900 High Gain Dual Band Wifi Adapter | Wireless WiFi Network Adapter for PC (Archer T9UH)'. Entity 2: 'Crucial BX500 480GB SSD Micron 3D NAND SATA III 6Gb/s 2.5 Internal Solid State Drive'.,No,98241359#93651578_original
"Do the two product descriptions refer to the same real-world product? Entity 1: 'Monitor 27 SW271 LED 5ms/QHD/IPS/HDMI/DP/USB'. Entity 2: 'MONITOR SAMSUNG C27F390 27\"" 1920x1080 4MS USB HDMI CURVO NEGRO'.",No,22000442#22770211_original
Do the two product descriptions refer to the same real-world product? Entity 1: 'Corsair ML140 140mm PWM Premium Magnetic Levitation Fan - Twin Pack'. Entity 2: 'Corsair ML140 Magnetic Levitation 140mm Fan Case - Twin Pack'.,Yes,33078108#36295476_left_original_right_augmented
Do the two product descriptions refer to the same real-world product? Entity 1: 'Cooler Master MasterCase H500 ARGB Mesh Mid Tower ATX Case TG MCM-H500-IGNN-S01 | PCByte'. Entity 2: 'Carbide 175R RGB Windowed Mid-Tower Case Tempered Glass'.,No,84249757#2952392_original
Do the two product descriptions refer to the same real-world product? Entity 1: 'ASUS Radeon RX 5500 XT ROG Strix OC 8GB -Demo'. Entity 2: 'Asus Radeon ROG Strix RX5500 XT 8gb Gddr6 OC Version'.,Yes,20145574#22211135_left_original_right_augmented
"Do the two product descriptions refer to the same real-world product? Entity 1: 'RAM-B-149ZU - RAM Handlebar Rail Mount with Zinc Coated U-Bolt Base for Rails from 0.5\"" to 1.25\"" in Diameter'. Entity 2: 'RAM Mount Torque™ 3/4"" - 1"" Diameter Handlebar/Rail Base with 1"" Ball and X-Grip®'.",No,53660770#12109505_original
Do the two product descriptions refer to the same real-world product? Entity 1: 'Samsung Portable SSD T5 - 2TB'. Entity 2: 'Ubiquiti UniFi Dual-Band WiFi PoE Access Point UAP-AC-HD - 5 Pack'.,No,6480791#18960736_original
Do the two product descriptions refer to the same real-world product? Entity 1: 'Sigma 105mm f1.4 DG HSM Art Lens for Canon'. Entity 2: 'Sigma 105mm F1.4 Art DG HSM EOS Mount Lens'.,Yes,32931015#97657130_original
Do the two product descriptions refer to the same real-world product? Entity 1: 'Shimano Ultegra Chain HG701 - 116L - with split'. Entity 2: 'Shimano HG701 Ultegra R8000 XT M8000 11 Speed Chain Link'.,Yes,37862083#79148737_left_original_right_augmented
"Do the two product descriptions refer to the same real-world product? Entity 1: 'Ram Mout _ Ball Adapter'. Entity 2: 'RAM Triple 1 \ "" Ball _ - RAM - _ - 289U'.",Yes,80876204#30675144_both_augmented
Do the two product descriptions refer to the same real-world product? Entity 1: 'FUJIFILM XF 8-16mm f/2.8 R LM WR Lens'. Entity 2: 'Fujifilm XF 8-16mm F2.8 R LM WR Lens'.,Yes,21963707#1046934_original
Do the two product descriptions refer to the same real-world product? Entity 1: 'Kingston Canvas Select (32GB) MicroSD Card Class 10 UHS-1 U1 with Adaptor'. Entity 2: 'Orologio Garmin Venu 010-02173-12 Venu'.,No,37065951#76426260_original
"Do the two product descriptions refer to the same real-world product? Entity 1: '120GB Crucial BX500 3D NAND 2.5\"" SATA SSD'. Entity 2: 'Crucial MX500 2TB 3D NAND SATA 2.5 Inch Internal SSD'.",No,69918467#52356483_original
"Do the two product descriptions refer to the same real-world product? Entity 1: 'SEAGATE SATA - 3 2TB SSHc FIRECUDA'. Entity 2: 'Seagate 2TB FireC8da 3. 5 "" SATq 6Gb / s SSHD'.",Yes,27347346#90183159_both_augmented
Do the two product descriptions refer to the same real-world product? Entity 1: 'Sigma ART 50mm f / 1. 4 Lens for Nikon'. Entity 2: 'Sigma 50mm F1. Art DG Nikon Mount Lens'.,Yes,86176880#26736430_both_augmented
Do the two product descriptions refer to the same real-world product? Entity 1: 'Western Digital My Book Micro-USB B 3.0 (3.1 Gen 1) 3000GB N'. Entity 2: 'Maintenance Unit Epson T6190 35000Pgs (C13T619000)'.,No,47251006#33609155_original
Do the two product descriptions refer to the same real-world product? Entity 1: 'KINGSTON 8GB 1600MHz DDR3 CL10 DIMM (Kit of 2) HyperX Fury Series'. Entity 2: 'Kingston HyperX Fury 4GB DDR3 1600MHz CL10 Ram'.,No,78196838#21463573_original
Do the two product descriptions refer to the same real-world product? Entity 1: 'Omega Seamaster Planet Ocean Automatic Chronograph Two-Tone Rubber Watch 215.32.46.51.01.001'. Entity 2: 'Omega Horloge Seamaster 46mm Planet Ocean 600M Co-Axial Master ChronometerChronograph 215.32.46.51.01.001'.,Yes,84528711#27166337_original
Do the two product descriptions refer to the same real-world product? Entity 1: 'Kingston Digital C anvas Select 128GB micro SD Card w / Adapter (SDCS - 128GB )'. Entity 2: 'Kingston Technology Canvas Select memory card 128 GB MicroSDXC Class 10 UHS-I'.,Yes,47070583#70702847_left_augmented_right_original
"Do the two product descriptions refer to the same real-world product? Entity 1: 'Kingston Technology A400 2. 5 \ "" 240 Serial GB ATA TLC III'. Entity 2: 'KingEton Technology SA400S37 / 240G A400 SSD Solid Stafe Drive 2. 5 Inch SATA - 3 - 240GB'.",Yes,55136447#81424577_both_augmented
Do the two product descriptions refer to the same real-world product? Entity 1: 'UniFi AP Mesh PRO 802. 11ac Dual Radio Indoor / Outdoor access point - 1750Mbps pack no PoE'. Entity 2: 'Ubiquiti UniFi Mesh AP OUT AC1750 PACK'.,Yes,86924416#45001854_both_augmented
Do the two product descriptions refer to the same real-world product? Entity 1: 'APC - Schneider SMART-UPS 1000VA LCD 230V'. Entity 2: 'APC UPS 1KVA Tower UPS SMT1000I'.,Yes,77969198#89102922_original
Do the two product descriptions refer to the same real-world product? Entity 1: 'ASUS ROG STRIX B550-E GAMING Presa AM4 ATX AMD B550'. Entity 2: 'HPE 300GB SERVER SMART MEMORY 6G 15K SAS 2.5 652611-B21'.,No,5030809#71290070_original
Do the two product descriptions refer to the same real-world product? Entity 1: 'W'. Entity 2: 'W'.,Yes,43411151#13238453_both_augmented
Do the two product descriptions refer to the same real-world product? Entity 1: 'APC APCrbc110 Replacement Battery Cartridge #110'. Entity 2: 'APC Replacement Battery Cartridges #117'.,No,1644190#35978749_original
Do the two product descriptions refer to the same real-world product? Entity 1: 'Asus GeForce GTX 1660 Super Phoenix _ 6GB GDDR6 DVI / HDMI / DP PCi Ex 3. 0 _'. Entity 2: 'P'.,Yes,64518758#87637930_both_augmented
Do the two product descriptions refer to the same real-world product? Entity 1: 'SSD TRANSCEND SSD230S 128Gb 3D NAND SATA 3 Aluminium (TS128GSSD230S)'. Entity 2: 'Epson T7891 Black Cart - Compatible'.,No,84514463#75384375_original
Do the two product descriptions refer to the same real-world product? Entity 1: 'Kingston Technology DataTraveler microDuo 3C 128GB USB flash drive USB Type-A / USB Type-C 3.0 (3.1 Gen 1) Silver'. Entity 2: 'Canon EF-S 10-18/4.5-5.6 IS STM'.,No,46100236#27365404_original
"Do the two product descriptions refer to the same real-world product? Entity 1: 'Johnnie Walker - Blue Label 70cl'. Entity 2: 'ASUS GeForce® RTX 2080 SUPER™ Dual Evo OC 8GB (90YV0DJ0-M0NM00) (NVIDIA, Grafikkarte)'.",No,24351127#50769372_original
Do the two product descriptions refer to the same real-world product? Entity 1: 'Shimano PD-R550 SPD-SL Resin Pedal'. Entity 2: 'Shimano Shimano PD-R7000 105 SPD-SL PEDAL W/O REFLECTOR W/CLEAT'.,No,79232921#51909448_original
"Do the two product descriptions refer to the same real-world product? Entity 1: 'RAM Mount 3.5\"" Twist Lock Suction Cup Base with 1\"" Ball'. Entity 2: 'RAM Twist-Lock Dual Suction Cup Base / RAM-B-189BU'.",No,4287952#31143310_original
Do the two product descriptions refer to the same real-world product? Entity 1: 'A'. Entity 2: 'TP - Link TL - WN821 wifi 300Mbps USB adapter WN821N'.,Yes,60088869#64223023_both_augmented
Do the two product descriptions refer to the same real-world product? Entity 1: 'Epson Ink Cartridge - Matte Blzck 700ml'. Entity 2: 'Epson Tinte matte schwarz 700ml f. 7900/9900'.,Yes,415992#23007161_left_augmented_right_original
Do the two product descriptions refer to the same real-world product? Entity 1: 'Logitech 3. mm Analog Stereo H151 with Boom Microphone - Black'. Entity 2: 'L'.,Yes,46809516#67028945_both_augmented
"Do the two product descriptions refer to the same real-world product? Entity 1: 'Philips Monitor LCD 243V7QDSB/00'. Entity 2: 'PHILIPS MpNITOR LED IPS 24 \ "" (23. 8) 16: 9 FULLHD VGA DVI HDMj 243V7QDSB'.",Yes,74490598#96098511_left_original_right_augmented
"Do the two product descriptions refer to the same real-world product? Entity 1: 'BenQ GW2480 23.8 inch LED IPS Monitor - Full HD, 5ms, Speakers'. Entity 2: 'PHILIPS MONITOR LED IPS 24\"" (23.8) 16:9 FULLHD VGA DVI HDMI 243V7QDSB'.",No,83013356#96098511_original
Do the two product descriptions refer to the same real-world product? Entity 1: 'Samsung CLT-K406S Black Original Standard Yield Toner Cartridge'. Entity 2: 'EJ16 - Acoustic Phosphor Bronze 12-53'.,No,55157414#24742825_original
Do the two product descriptions refer to the same real-world product? Entity 1: 'JABRA EVOLVE 20 UC Mono'. Entity 2: 'Evolve 20 Special Edition Mono MS'.,No,53905543#96691496_original
Do the two product descriptions refer to the same real-world product? Entity 1: 'Jabra BIZ 2400 II 3-in-1 Mono IP Headset top only'. Entity 2: 'Omega Seamaster Planet Ocean Automatic Chronograph Two-Tone Rubber Watch 215.32.46.51.01.001'.,No,43780660#84528711_original
"Do the two product descriptions refer to the same real-world product? Entity 1: 'Canon PFI-101C Ink, 130 ml - Cyan'. Entity 2: 'WD HDD 4TB My Passport Black'.",No,7158327#72819377_original
Do the two product descriptions refer to the same real-world product? Entity 1: 'Corsair ML140 PRO RGB LED 140MM PWM Premium Magnetic Levitation Fan - Single Pack'. Entity 2: 'Corsair ML140 Magnetic Levitation 140mm Case Fan - Twin Pack'.,No,97634734#36295476_original
Do the two product descriptions refer to the same real-world product? Entity 1: 'Asus ROG STRIX Z390-I Gaming (ROG STRIX Z390-I GAMING)'. Entity 2: 'Ubiquiti UniFi Dual-Band WiFi PoE Access Point UAP-AC-HD - 5 Pack'.,No,34689442#18960736_original
Do the two product descriptions refer to the same real-world product? Entity 1: 'Seiko Prospex Diver Sumo Green Mens Steel SPB103J1'. Entity 2: 'SEIKO Prospex Automatic Men ' s 45mm Diver Qatch - SPB103J1 – Green Dizl'.,Yes,25431697#59141538_both_augmented
Do the two product descriptions refer to the same real-world product? Entity 1: 'SanDisk Extreme PRO SD UHS-II Card Reader/Writer'. Entity 2: 'SanDisk Extreme Pro SD Card 32GB 300MB/s UHS-II'.,No,26237955#3420227_original
"Do the two product descriptions refer to the same real-world product? Entity 1: 'Shimano CN-HG95 116 links chain'. Entity 2: 'Shimano CN-HG601 105 5800 / SLX M7000 Chain With Quick Link 11-Speed - 116 Links, SIL-TEC'.",No,79851703#11427812_original
Do the two product descriptions refer to the same real-world product? Entity 1: 'Logitech HD Pro Webcam C920 - webkamera'. Entity 2: 'WEBCAM LOGITECH C270 HD 720P'.,No,25980770#80963811_original
Do the two product descriptions refer to the same real-world product? Entity 1: '0000006490| Canon EF-S 18-135mm f3.5-5.6 IS NANO USM Lens'. Entity 2: 'Canon EF-S 18-200mm f/3.5-5.6 IS'.,No,49678723#28465006_original
Do the two product descriptions refer to the same real-world product? Entity 1: 'No Break APC Smart-UPS 10Kva Mono230V - SRT10KXLI'. Entity 2: 'APC Smart-UPS SRT 10000VA SRT10KXLI'.,Yes,14418390#87076936_original
Do the two product descriptions refer to the same real-world product? Entity 1: 'Cooler Master MasterLiquid ML120L V2 RGB Universal Socket 12 0mm PWM 1800RPM RGB LED AiO Liquid CPU Coo ler'. Entity 2: 'Cooler Master MasterLiquid ML120L V2 RGB All In One Loquid CPU Coolrr'.,Yes,54277804#35737919_both_augmented
Do the two product descriptions refer to the same real-world product? Entity 1: 'Carto de memria micro SD classe 10 Canvas Select'. Entity 2: 'Kingston Canvas _ (32GB) MicroSD _ Class 10 UHS - 1 U1 with Adaptor'.,Yes,70986060#37065951_both_augmented
"Do the two product descriptions refer to the same real-world product? Entity 1: 'RAM Motorcycle frake / Clutch Reservlir & Handlebar Ball Base / B SiAe / RAM - B - 309 - 7U'. Entity 2: 'RAM Motorcycle Combination Base for Handlebar or Bra ke / Clutch Reservo ir with 1 \ "". ..'.",Yes,89814977#54550733_both_augmented
"Do the two product descriptions refer to the same real-world product? Entity 1: 'RAM Mount Double Socket Clamp Arm - SHORT - for 1.5\"" C Size Balls'. Entity 2: 'Epson T7551 XL Black High Yield Ink Cartridge C13T755140 / T7551 EP53959'.",No,77338417#2046148_original
Do the two product descriptions refer to the same real-world product? Entity 1: 'Sigma 105mm f1.4 DG HSM Art Lens for Canon'. Entity 2: '0000012890| Sigma 50mm f/1.4 DG HSM Art for Canon'.,No,32931015#3889666_original
Do the two product descriptions refer to the same real-world product? Entity 1: 'WS-C2960-24TT-L Cisco Catalyst WS-C2960-24TT-L Switch'. Entity 2: 'WS-C2960-24TT-LCatalyst 2960 24 10/100 + 2 1000BT LAN Base Image'.,Yes,6930754#7979158_original
Do the two product descriptions refer to the same real-world product? Entity 1: 'ASUS Scheda Madre ROG STRIX Z390-I GAMING Intel Z390'. Entity 2: 'ASUS Scheda Madre ROG STRIX B550-F GAMING'.,No,7931274#2208630_original
Do the two product descriptions refer to the same real-world product? Entity 1: 'DS-7208HUHI-k2-P 8 Channel DVR Turbo 4.0 PoC 5MP'. Entity 2: 'DS-7208HUHI-K2-P Hikvision 8 Channel 5MP / 1080P HD-TVI Hybrid DVR with Power over Coax (PoC / Turbo4.0)'.,Yes,90921158#13887167_original
Do the two product descriptions refer to the same real-world product? Entity 1: 'Tissot T - Sport Seastar 1000 Powermatic 80 T1204071704100 Watch'. Entity 2: 'TISSOT SEASTAR 1000 POWERMATIC 80'.,Yes,70880620#962259_left_augmented_right_original
"Do the two product descriptions refer to the same real-world product? Entity 1: 'Samsung UH46F5 "" LED Full HD Nero display professionale'. Entity 2: 'Samsung LH46UHFCLBB - 116, 8 cm (46 \ "") - LED - x Pixel - 700 cd / m² - Full HD - 8'.",Yes,35424032#11708101_both_augmented
Do the two product descriptions refer to the same real-world product? Entity 1: 'Sony FE 24mm F1.4 GM Lens + Bonus'. Entity 2: 'Sony - FE 50mm F1.8 Standard Lens (SEL50F18F)'.,No,11625823#33206318_original
Do the two product descriptions refer to the same real-world product? Entity 1: 'Sandisk Cruzer Force 16GB USB 2.0 Flash Drive - SDCZ71-016G-B35'. Entity 2: 'Gigabyte AMD Radeon RX 5500 XT OC 8GB GDDR6 RDNA PCIe 4.0 Graphics Card'.,No,2491460#88855243_original
Do the two product descriptions refer to the same real-world product? Entity 1: 'Philips Monitor LCD 243V7QDSB/00'. Entity 2: 'Kingston DataTraveler microDuo 128GB USB 3.0'.,No,74490598#21755591_original
"Do the two product descriptions refer to the same real-world product? Entity 1: 'Western Digital My Passport 1TB 2,5"" USB 3.0'. Entity 2: 'W'.",Yes,82090972#84821763_left_original_right_augmented
"Do the two product descriptions refer to the same real-world product? Entity 1: 'Corsair Vengeance LPX, 16GB, DDR4 memory module 2133 MHz'. Entity 2: 'Corsair DDR4 Vengeance LPX 16TB / 2133 (2 * 8GB) SL13 - 15 - 15 - 28 1, 20V XMP!. 0'.",Yes,52249526#78223883_left_original_right_augmented
Do the two product descriptions refer to the same real-world product? Entity 1: 'APC - Replacement battery cartridge 140'. Entity 2: '507125-B21 HP 146-GB 6G 10K 2.5 DP SAS HDD'.,No,8994298#43481409_original
Do the two product descriptions refer to the same real-world product? Entity 1: 'Logitech H151 Single Pin Stereo Headset - Black'. Entity 2: 'Logitech H151 Stereo Headset On Ear Kabelgebunden'.,No,67028945#50278024_original
Do the two product descriptions refer to the same real-world product? Entity 1: 'Sigma ART 50mm f/1.4 DG HSM Lens for Nikon'. Entity 2: 'BIZ 2400 II Duo IP Flex'.,No,86176880#78989521_original
"Do the two product descriptions refer to the same real-world product? Entity 1: 'Sandisk Extreme Pro USB 3. 1 Solid State Flash Drive, 420MB /'. Entity 2: '128GB SanDisk PRO SSD USB 3. 1 420MB / s'.",Yes,38383881#93168786_both_augmented
Do the two product descriptions refer to the same real-world product? Entity 1: 'Canon EF-M 18-150mm f/3.5-6.3 IS STM Schwarz EU10'. Entity 2: 'Evolis RCT023NAA Black Monochrome Ribbon'.,No,89258775#70269940_original
Do the two product descriptions refer to the same real-world product? Entity 1: 'Audio-Technica ATH-M50x Monitor Headphones - White'. Entity 2: 'Canon EF 100mm F2.8 L IS USM Macro Lens'.,No,53737120#7274546_original
Do the two product descriptions refer to the same real-world product? Entity 1: 'TAG Heuer Automatic Chronograph Watch CBL2111.FC6453'. Entity 2: 'TAG Heuer Monaco Men's Blue Leather Strap Watch'.,Yes,13718289#70665219_original
Do the two product descriptions refer to the same real-world product? Entity 1: 'JABRA EVOLVE 20 UC _'. Entity 2: 'JAB RA Evolve 20 UC USB - Mono'.,Yes,53905543#38552937_both_augmented
Do the two product descriptions refer to the same real-world product? Entity 1: 'Omega Horloge Seamaster 46mm Planet Ocean 600M Co-Axial Master ChronometerChronograph 215.32.46.51.01.001'. Entity 2: 'Audio Technica Headphones Air Dynamic Series ATH-AD500X'.,No,27166337#56574761_original
Do the two product descriptions refer to the same real-world product? Entity 1: 'Elixir Phosphor Acoustic Strings - Extra Light'. Entity 2: 'Elixir E16052 Nanoweb Phosphor Bronze Acoustic Guitar Strings Light Gauge 12-53'.,No,32413380#62145678_original
"Do the two product descriptions refer to the same real-world product? Entity 1: 'RAM - B - 408 - 75 - 1 - UN7U RAM Mounts X - Grip Phone ® Mount with RAM ® Torque ™ Medium Rail Base'. Entity 2: 'RAM Mount Torque™ 3/4"" - 1"" Diameter Handlebar/Rail Base with 1"" Ball and X-Grip®'.",Yes,11763693#12109505_left_augmented_right_original
Do the two product descriptions refer to the same real-world product? Entity 1: 'SEL20F18G. SYX - Sony E - Mount FE 20mm F1. 8 G'. Entity 2: 'Sony E-Mount FE 20mm f/1.8 Ultra Wide Angle G Lens'.,Yes,3170005#62089162_left_augmented_right_original
Do the two product descriptions refer to the same real-world product? Entity 1: 'Jabra EVOLVE 20 Wired Stereo Headset - Over-the-head - Supra-aural'. Entity 2: 'Pokemon TCG:Sword and Shield Rebel Clash Three Booster Blister- Dural'.,No,31177984#17465629_original
Do the two product descriptions refer to the same real-world product? Entity 1: 'Cooler Master MasterCase H500 ARGB Mesh Mid Tower ATX Case TG MCM-H500-IGNN-S01 | PCByte'. Entity 2: 'Cooler Master MasterCase H500 Mid Tow$r PC Case'.,Yes,84249757#76569969_left_original_right_augmented
Do the two product descriptions refer to the same real-world product? Entity 1: 'Memoire DDR4 G.Skill Trident Z F4-3600C16D-16GTZNC'. Entity 2: 'Zebra 800015-301 (Eltron) Black (K) Resin Ribbon - 1500 Prints'.,No,96889697#55031719_original
Do the two product descriptions refer to the same real-world product? Entity 1: 'Sandisk USB Flash 32GB Cruzer Glide 2.0/3.0'. Entity 2: 'AMD Ryzen 9 3900XT AM4 CPU'.,No,516433#15448834_original
"Do the two product descriptions refer to the same real-world product? Entity 1: 'Elixir 11152 Strings Acoustic 80/20 Bronze NANOWEB 12 String, Light'. Entity 2: 'Sandisk Cruzer Force 16GB USB 2.0 Flash Drive - SDCZ71-016G-B35'.",No,68527967#2491460_original
"Do the two product descriptions refer to the same real-world product? Entity 1: 'Catalyst 2960 Plus 48 10/100 +'. Entity 2: 'Crucial BX500 2.5\"" 480 GB Serial ATA III'.",No,66810868#23491163_original
Do the two product descriptions refer to the same real-world product? Entity 1: 'Šilterica New Era Clean Trucker Chicago Bulls Cap'. Entity 2: 'Epson T7551 (Prentar 5000 síður) XL svart blekhylki (100ml) fyrir WorkForce WF-8XXX prentara'.,No,69406607#57534412_original
Do the two product descriptions refer to the same real-world product? Entity 1: 'HyperX FURY - DDR3 - 8 GB: 2 x 4 GB - DIMM 240-pin - unbuffered'. Entity 2: 'DDR3 8GB PC1600 CL9 Kingston Hypk'.,Yes,68731207#64323838_original
Do the two product descriptions refer to the same real-world product? Entity 1: 'C'. Entity 2: 'Crucial BX500 480GB SSD Micron 3D NAND SATA III 6Gb/s 2.5 Internal Solid State Drive'.,Yes,23491163#93651578_left_augmented_right_original
Do the two product descriptions refer to the same real-world product? Entity 1: 'Atomos ATOM-CAB010 Full To Full Hdmi Coiled Cable'. Entity 2: 'Maxxis High Roller II MaxxTerra Tire (WT) (3C/EXO/TR) (27.5 x 2.40) (Folding)'.,No,81962548#41191422_original
"Do the two product descriptions refer to the same real-world product? Entity 1: 'Evans EMAD2 Clear _ Drum Head, 22 Inch'. Entity 2: 'Evans EMQD2 Clear Bass Batter'.",Yes,9232364#63899324_both_augmented
Do the two product descriptions refer to the same real-world product? Entity 1: 'Corsair ML140 140mm PWM Premium Magnetic Levitation Fan - Twin Pack'. Entity 2: 'Cooler Master MasterLiquid ML120L V2 RGB Universal Socket 120mm PWM 1800RPM RGB LED AiO Liquid CPU Cooler'.,No,33078108#54277804_original
Do the two product descriptions refer to the same real-world product? Entity 1: 'CORSAIR 8Gbx1 DDR4 3000Mhz Ram CMK8GX4M1D3000C16 VENGEANCE LPX Gaming RAM'. Entity 2: 'Czapka New Era 39THIRTY New York Yankees - 10298279'.,No,50005399#81603750_original
Do the two product descriptions refer to the same real-world product? Entity 1: 'Tissot T-Sport Seastar 1000 Powermatic 80 Watch T1204071704100'. Entity 2: 'TISSOT SEASTAR 1 000 POWERMATIC 80'.,Yes,70880620#962259_left_original_right_augmented
Do the two product descriptions refer to the same real-world product? Entity 1: 'R yze Tech Tello Battery Charging Hub'. Entity 2: 'Ryze Tello Battery Charging Charger Hub (Part )'.,Yes,60392051#68142605_both_augmented
Do the two product descriptions refer to the same real-world product? Entity 1: 'Audio Technica ATH-M50xWH Professional Studio Monitor Headphones'. Entity 2: 'Audio-Technica ATH-M50x Monitor Headphones - White'.,Yes,55918296#53737120_original
Do the two product descriptions refer to the same real-world product? Entity 1: 'Cheap Replica Audemars Piguet Royal Oak Offshore Chronograph Watch 26470OR.OO.A125CR.01'. Entity 2: 'Buy Quality Replica Audemars Piguet Royal Oak Offshore Chronograph Watch 26470OR.OO.1000OR.02'.,No,25877530#48484532_original
Do the two product descriptions refer to the same real-world product? Entity 1: 'ASUS TUF Gaming TUF 3-RX5700XT-O8G-GAMING Radeon RX 5700 XT 8 GB GDDR6'. Entity 2: 'A'.,Yes,67318157#29064292_left_original_right_augmented
Do the two product descriptions refer to the same real-world product? Entity 1: 'Asus TUF X470-Plus Gaming Socket AM4 ATX AMD'. Entity 2: 'Cheap Replica Audemars Piguet Royal Oak Offshore Chronograph Watch 26470ST.OO.A099CR.01'.,No,36532408#30674519_original
Do the two product descriptions refer to the same real-world product? Entity 1: 'Kingston 256GB DataTraveler 100 G3 (USB 3.0)'. Entity 2: 'Kingston Pendrive DataTraveler 100 G3 256GB USB 3.0'.,Yes,8565641#66053411_original
Do the two product descriptions refer to the same real-world product? Entity 1: 'Samsung CLT-K406S Black Original Standard Yield Toner Cartridge'. Entity 2: 'Cartus compatibil Samsung CLT-K406S'.,Yes,55157414#35100344_original
"Do the two product descriptions refer to the same real-world product? Entity 1: 'Evans 14\"" TT14EC2S Clear Drum Head'. Entity 2: 'Evans 8\"" TT08EC2S Clear Drum Head'.",No,5519409#52799959_original
Do the two product descriptions refer to the same real-world product? Entity 1: 'Sram/Avid Road Disc Brake Pads - Road/Level (Organic/Steel Back)'. Entity 2: 'DJI Mavic 2 Pro Drone Quadcopter with Hasselblad Camera HDR Video UAV Adjustable Aperture 20MP 1'.,No,80159309#30012034_original
Do the two product descriptions refer to the same real-world product? Entity 1: 'Ubiquiti UniFi Video Camera G4 Pro (UVC-G4-PRO)'. Entity 2: 'Seiko Presage Watch Zen Gardens Mens'.,No,21670568#67462269_original
Do the two product descriptions refer to the same real-world product? Entity 1: 'LOGITECH | G402 Hyperion Fury FPS Gaming Mouse | 910-004068'. Entity 2: 'Samsung Portable SSD T7 Touch 2TB - Zwart'.,No,23828624#23211539_original
Do the two product descriptions refer to the same real-world product? Entity 1: 'Shimano HG701 Ultegra R8000 XT M8000 11 Speed Chain with Quick Link'. Entity 2: 'Shimano 11 SPD Chain RD/MTB Sil-Tec With Quick Link'.,No,79148737#95222715_original
Do the two product descriptions refer to the same real-world product? Entity 1: 'EJ16 - AcouDtic Phosphor Bronze 12 - 53'. Entity 2: 'D'.,Yes,24742825#97547150_both_augmented
"Do the two product descriptions refer to the same real-world product? Entity 1: 'BLsZE PROF3QSIONAL 27 - INCH 2 BURNER BUILT - IN GAS GRILL WITH REAR INFRARED BURNER'. Entity 2: 'Blaze 2 Burner Professional Built-In Propane Gas Outdoor Grill, BLZ-2PRO-LP'.",Yes,11199708#24360041_left_augmented_right_original
Do the two product descriptions refer to the same real-world product? Entity 1: 'Fuji Fuji Instax Square Film 1-Pack'. Entity 2: 'Fujifi lm Instax Square Film (10 Pack )'.,Yes,88773659#47146148_left_original_right_augmented
"Do the two product descriptions refer to the same real-world product? Entity 1: 'CS-M8000 CASSETTE 11-40 XT 11-SPEED'. Entity 2: 'Shimano Deore XT CS-M8000 Cassette 11-speed, silver/grey'.",Yes,63000389#17103408_original
Do the two product descriptions refer to the same real-world product? Entity 1: 'Sony SEL 30mm 3.5 Makro E-Mount'. Entity 2: 'Sony E 30mm f / 3. 5 Lens'.,Yes,62945209#15648_left_original_right_augmented
Do the two product descriptions refer to the same real-world product? Entity 1: 'Evolve 20 Special Edition Mono MS'. Entity 2: 'FUJIFILM Aspherical Super EBC XF 80mm f/2.8 R LM OIS WR Macro Lens'.,No,96691496#21075521_original
Do the two product descriptions refer to the same real-world product? Entity 1: 'T'. Entity 2: 'Gigabyte AORUS GeForce RTX™ 2080 Ti XTREME 11G'.,Yes,46578488#44884689_left_augmented_right_original
Do the two product descriptions refer to the same real-world product? Entity 1: 'Sandisk USB Flash 32GB Cruzer Glide 2.0/3.0'. Entity 2: 'SanDisk SDCZ60-064G-B35 Cruzer Glide USB Flash Drive USB 2.0 - 64 GB'.,No,516433#64003605_original
Do the two product descriptions refer to the same real-world product? Entity 1: 'Asus PRIME B450-PLUS(PRIME B450-PLUS)'. Entity 2: 'Asus PRIME - PLUS AM4 DDR4 ATX Motherboard'.,Yes,40617635#34168295_left_original_right_augmented
"Do the two product descriptions refer to the same real-world product? Entity 1: 'Corsair iCUE 465X RGB Mid - To!er WhiRe ATX Case, T / G Window, No PSU'. Entity 2: 'Corsair iCue 465X RGB White'.",Yes,15678458#24927328_left_augmented_right_original
"Do the two product descriptions refer to the same real-world product? Entity 1: 'DJI Accessory CP.PT.000562 Mavic Part 6 Car Charger Retail'. Entity 2: 'UBIQUITI - UVC G3 Bullet Camera, 3-pack'.",No,58902636#84429009_original
Do the two product descriptions refer to the same real-world product? Entity 1: 'Tag Heuer Carrera Quartz Chronograph Stainless Steel Watch CBK2112.BA0715'. Entity 2: 'TAG Heuer Automatic Chronograph Watch CBG2A1Z.BA0658'.,No,12991173#18137846_original
Do the two product descriptions refer to the same real-world product? Entity 1: 'Intel Core i3 8300 Quad Core 3.7GHz Processor'. Entity 2: 'Intel Core i3-7100 Dual-Core 3.9GHz LGA1151 (BX80677I37100)'.,No,75749012#56383083_original
Do the two product descriptions refer to the same real-world product? Entity 1: 'TP-Link AC600 T2U Wireless USB Nano Adapter'. Entity 2: 'ADATT. WIFI TP - LINK A C600 NANO WRLS USB'.,Yes,56034511#98430609_left_original_right_augmented
Do the two product descriptions refer to the same real-world product? Entity 1: '8CH HIKVISION 4MP DVR HDMI TURBO 1080P DS-7208HQHI-K1'. Entity 2: 'HIKVISION DS-7208HQHI-K1 2 MEGAPIXEL HYBRID 8 CHANNEL (8CH) DVR'.,Yes,18331466#50920560_original
Do the two product descriptions refer to the same real-world product? Entity 1: 'Jabra EVOLVE 65 UC Mono Bluetoogh Headset'. Entity 2: 'Jabra EVOLVE 65 UC _ (6593 - _ - 409 )'.,Yes,4284864#48580118_both_augmented
Do the two product descriptions refer to the same real-world product? Entity 1: 'BenQ SW271 Pro 27in IPS LCD Monitor 4K UHD'. Entity 2: 'BenQ SW2700PT 27in QHD Professional AdobeRGB Monitor'.,No,64016107#62842391_original
Do the two product descriptions refer to the same real-world product? Entity 1: 'Shimano Shimano Cs-R8000 Cassette 11-28t Ultegra 11-Speed'. Entity 2: 'Shimano Dura-Ace CS-R9100 11-28T 11sp Cassette'.,No,51733905#2158913_original
Do the two product descriptions refer to the same real-world product? Entity 1: 'Pokemon TCG Rebel Clash Booster Pack'. Entity 2: 'PKM - Pokémon - Sword & Shield - Rebel Clash Booster'.,Yes,84465814#4486003_original
Do the two product descriptions refer to the same real-world product? Entity 1: 'FUJIFILM Super EBC XF 23mm f/2 R WR Lens - Black'. Entity 2: 'Fujifilm Fujinon XF 27mm f/2.8 black | 2 Years Warranty'.,Yes,3348619#50156673_original
Do the two product descriptions refer to the same real-world product? Entity 1: '64GB SanDisk Extreme micro SD XC Memory Card V-Class 30 U3 4K Video A1 100MB/s'. Entity 2: 'DS-7216HQHI-K1 Hikvision 16 cs. TurboHD DVR'.,No,26502310#3762458_original
Do the two product descriptions refer to the same real-world product? Entity 1: 'TAG Heuer Formula 1 Calibre 5 Men's Watch'. Entity 2: 'TAG Heuer Carrera Automatic Blue Dial Men's CBK2112.BA0715'.,No,9242778#11406200_original
Do the two product descriptions refer to the same real-world product? Entity 1: 'Epson Strawberry 29 (Prentar 175 síður) Claria Home blekhylki (blátt)'. Entity 2: 'Epson T7551 (Prentar 5000 síður) XL svart blekhylki (100ml) fyrir WorkForce WF-8XXX prentara'.,No,43006963#57534412_original
"Do the two product descriptions refer to the same real-world product? Entity 1: 'Nobreak APC Smart-UPS SURT 20kVA/16kW, 230V'. Entity 2: 'Toner Brother - Nero - ricarica toner tn200'.",No,19248199#6020197_original
"Do the two product descriptions refer to the same real-world product? Entity 1: 'RAM Mount Double Socket Clamp Arm - SHORT - for 1. 5 \ "" C S ize B alls'. Entity 2: '® \ "" Double Ball Arm for 1. 5 \ "" Ball'.",Yes,77338417#61794834_both_augmented
Do the two product descriptions refer to the same real-world product? Entity 1: 'Kingston HyperX Fury 4GB DDR3 1600MHz CL10 Ram'. Entity 2: 'Kingston 4GB DDR3 1600MHz HyperX Fury Black Series'.,Yes,21463573#8315719_original
Do the two product descriptions refer to the same real-world product? Entity 1: 'Full Frame E - Mount FE - 24 F3 240mm. 5 - 6. 3 OSS Lens'. Entity 2: 'Sony SEL24240 FE 24 - 240mm _ / _. _ - 6. 3 OSS Zoom Lens for Mirrorless Cameras'.,Yes,97035417#18865753_both_augmented
Do the two product descriptions refer to the same real-world product? Entity 1: 'Ram Mout Triple Ball Adapter'. Entity 2: 'Maxxis High Roller II 27.5 x 2.5 Wide Trail 3C Maxx Terra EXO/TR Folding Mountainbike Tyre'.,No,80876204#25025467_original
"Do the two product descriptions refer to the same real-world product? Entity 1: 'Catalyst 2960-X 24 GigE PoE 370W, 2 x 10G SFP+, LAN Base'. Entity 2: 'Cisco Catalyst WS-C2960X-24PD-L 24 Ports ManagedRack Mountable Switch'.",Yes,45014189#23351642_original
Do the two product descriptions refer to the same real-world product? Entity 1: 'EPSON Premium Glossy Photo Paper A4/30ks'. Entity 2: 'Epson A4 Premium Glossy PhKto Paper'.,Yes,12051271#91929224_left_original_right_augmented
"Do the two product descriptions refer to the same real-world product? Entity 1: 'Epson A4/Premium Semiglossy Photo, 20 sheets'. Entity 2: 'Epson - Premium Semi - Gloss P hoto Paper - A4 - 20 Fog li - C13S041332'.",Yes,33653915#27043300_left_original_right_augmented
Do the two product descriptions refer to the same real-world product? Entity 1: 'Brother HL-L5200DW Laser Printer'. Entity 2: 'Brother HL-L8360CDW Laser Printer'.,No,53641305#5137860_original
Do the two product descriptions refer to the same real-world product? Entity 1: 'TP-LINK EAP110 Access point - Wit'. Entity 2: 'Access Point|TP-LINK|300 Mbps|IEEE 802.3af|IEEE 802.11b|IEEE 802.11g|IEEE 802.11n|1xRJ45|Number of antennas 2|EAP115'.,No,85333987#32328366_original
Do the two product descriptions refer to the same real-world product? Entity 1: 'SanDisk SD Extreme V30 U3 UHS-I C10 - 128GB'. Entity 2: 'SANDISK EXTREME SDAC 128GB 150MB / S C10 U3'.,Yes,24802094#83274921_left_original_right_augmented
Do the two product descriptions refer to the same real-world product? Entity 1: 'KINGSTON MICRO SD CARD CANVAS SELECT PLUS 128GB 100MB/S LIMITED LIFETIME'. Entity 2: 'Lexmark - Toner cartridge -black - 3500 pages - LRPE260A11E'.,No,96712384#75840459_original
Do the two product descriptions refer to the same real-world product? Entity 1: 'ASUS ROG STRIX B550-E GAMING Presa AM4 ATX AMD B550'. Entity 2: 'Fujifilm Instax mini Rainbow film 10 pack'.,No,5030809#46246978_original
Do the two product descriptions refer to the same real-world product? Entity 1: 'PH-GTX1660S-O6G 6 GB Geforce GTX 1660 Super Overclocked Phoenix Fan Edition Hdmi DP Dvi Graphics Card'. Entity 2: 'HyperX FURY Blue 4GB (1x4GB) 1600MHz DDR3 Memory'.,No,87637930#74756753_original
Do the two product descriptions refer to the same real-world product? Entity 1: 'C'. Entity 2: 'WS-C2960X-24TD-L Cisco Catalyst 2960X Network Switch (New)'.,Yes,12032039#16421267_left_augmented_right_original
Do the two product descriptions refer to the same real-world product? Entity 1: 'Logitech H570e Monaural USB Headset'. Entity 2: 'LOGITECH UC _ Stereo USB _ H570e (Leatherette Pad) - Business EMEA'.,Yes,12615558#78504449_left_original_right_augmented
"Do the two product descriptions refer to the same real-world product? Entity 1: 'RAM 2.75\"" Diameter Suction Cup Base with 1\"" Ball'. Entity 2: 'R'.",Yes,2701835#81948691_left_original_right_augmented
Do the two product descriptions refer to the same real-world product? Entity 1: 'LOGITECH - HD WEBCAM C310 - USB - EMEAIN'. Entity 2: 'Logitech ® HD Webcam C 310 - USB'.,Yes,65372331#80753512_left_original_right_augmented
"Do the two product descriptions refer to the same real-world product? Entity 1: 'Ubiquiti UniFi AC Pro 5-pack UAP-AC-PRO-5 Ubiquiti'. Entity 2: 'Ubiquiti UniFi AP, AC, In Wall, 5-Pack'.",No,91980346#34532774_original
Do the two product descriptions refer to the same real-world product? Entity 1: 'Park Tool PH-1.2 P-Handle Hex Set with Holder'. Entity 2: 'Tissot T-Sport Seastar 1000 Chronograph Watch T1204171105100'.,No,22422851#48521210_original
Do the two product descriptions refer to the same real-world product? Entity 1: 'AAA Replica Audemars Piguet Royal Oak Chronograph Black Dail Watch 26331ST.OO.1220ST.02'. Entity 2: 'Audemars Piguet-Audemars Piguet Royal Oak Chronograph 41mm Mens Watch-26331ST.OO.1220ST.02'.,Yes,31558480#30454890_original
Do the two product descriptions refer to the same real-world product? Entity 1: 'Razer DeathAdder V2 Ergonomic Wired Gaming Mouse (RZ01-03210100-R3M1) (Warranty 2years with Ban Leong)'. Entity 2: 'Razer Viper Mini Ultra-Lightweight USB RGB Optical Gaming Mouse (RZ01-03250100-R3M1)'.,No,5964390#48102422_original
Do the two product descriptions refer to the same real-world product? Entity 1: 'Jabra Biz 2300 USB UC Duo Headset 2399-829-109'. Entity 2: 'Jabra BIZ2300 2399-823-109 DUO USB Headset MS'.,No,24284489#5717009_original
"Do the two product descriptions refer to the same real-world product? Entity 1: '32 DVR HDTVI canale Turbo Full HD HD Hikvision DS - 7332HQHI - K4 - HD TVI / AHD / CVI + 8 canale IP de pana la 6MP, 4xSATA'. Entity 2: 'Hikvision 32 Turbo HD / CVI / AHD / Ref: - 7332HQHI - K4'.",Yes,90795718#71442235_both_augmented
Do the two product descriptions refer to the same real-world product? Entity 1: 'Corsair ML140 PRO RGB LED 140MM PWM Levitation Fan - Single Pack'. Entity 2: 'Corsair ML140 Pro 14cm PWM RGB Case Magnetic Levitation Bearing'.,Yes,97634734#15774916_both_augmented
Do the two product descriptions refer to the same real-world product? Entity 1: 'Ubiquiti UniFi G3 Bullet Video Camera'. Entity 2: 'Ubiquiti UVC-G3-BULLET (Formerly UVC-G3-AF) UniFi Video Camera G3 1080p PoE IP Camera'.,Yes,80529811#16871572_original
"Do the two product descriptions refer to the same real-world product? Entity 1: 'Maxxis Minion DHR II 29 \ "" / / TR'. Entity 2: 'Reifen Maxxis 29x2.30 Minion DHR II DoubleDown'.",Yes,47784049#21658813_left_augmented_right_original
"Do the two product descriptions refer to the same real-world product? Entity 1: 'C'. Entity 2: 'Corsair Chassis, Carbide Series SPEC-OMEGA'.",Yes,97168711#70100785_left_augmented_right_original
Do the two product descriptions refer to the same real-world product? Entity 1: 'Atomos Coiled Full HDMI to Full HDMI Cable (30cm ATOMCAB010'. Entity 2: 'Atomos ATOM - CAB010 Full To Full Hdmi Coiled Ca ble'.,Yes,56736608#81962548_both_augmented
"Do the two product descriptions refer to the same real-world product? Entity 1: 'TP - Link TL - SG1024DE 24 - Port Gigabit Easy Smart Switch, 24 10 / 100 / 1000Mbps RJ45 ports, / MTU / Port Tag based - VLAN, QoS, Snooping IGMP'. Entity 2: 'SWITCH TP LINK - 24 PORT GIGA'.",Yes,72125402#31510768_both_augmented
"Do the two product descriptions refer to the same real-world product? Entity 1: 'Sram Force22 PG-1170, 11sp cassette'. Entity 2: 'Canon EF-S 10-18/4.5-5.6 IS STM'.",No,7883208#27365404_original
"Do the two product descriptions refer to the same real-world product? Entity 1: 'Evans EMAD2 Clear Bass Drum Head, 22 Inch'. Entity 2: 'Evans EMQD2 Clear Bass Batter'.",Yes,9232364#63899324_left_original_right_augmented
Do the two product descriptions refer to the same real-world product? Entity 1: 'TAG Heuer Fprmula 1 Calibre 5 Men ' s Watch'. Entity 2: 'TAG Heuer Formula 1 43mm Mens WWtch WAZ2011. BA0842'.,Yes,9242778#49810009_both_augmented
Do the two product descriptions refer to the same real-world product? Entity 1: 'Sigma 35 mm f1. 4 EX DG HSM A Nikon'. Entity 2: 'Sigma Sigma F1. 4 ART DG - Nikon AF mount'.,Yes,14519075#31585097_both_augmented
Do the two product descriptions refer to the same real-world product? Entity 1: 'Cheap Replica Audemars Piguet Royal Offshore Chronograph Watch 26470OR. OO. A125CR.'. Entity 2: 'Audemars Piguet-Audemars Piguet Royal Oak Offshore Chronograph 42mm Mens Watch-26470OR.OO.A125CR.01'.,Yes,25877530#30454889_left_augmented_right_original
"Do the two product descriptions refer to the same real-world product? Entity 1: 'Seagate IronWolf 6TB _, 5 ' ' 256MB ST6000VN0033'. Entity 2: 'Seagate IronWplf 6TB NAS Unternal Hard Drive (3. 5 "" )'.",Yes,59536106#12761549_both_augmented
"Do the two product descriptions refer to the same real-world product? Entity 1: 'MAXXIS AGGRESSOR 29X2.3 EXO/TR'. Entity 2: 'Maxxis Maxxis Aggressor _ - 29 x 2. 3, Folding, _, Black, Dual, EXO'.",Yes,14639066#35599020_left_original_right_augmented
Do the two product descriptions refer to the same real-world product? Entity 1: 'Epson T6923 Ultrachrome XD rautt Ink 110ml'. Entity 2: 'Epson Singlepack UltraChrome XD MagentaT692300(110ml)'.,Yes,36985401#93770909_original
Do the two product descriptions refer to the same real-world product? Entity 1: 'Hydro Flask 21 Oz- Black'. Entity 2: 'Hydro Flask Standard M outh 621ml Insulated Bottle'.,Yes,75551932#2687477_left_original_right_augmented
Do the two product descriptions refer to the same real-world product? Entity 1: 'Adata XPG SX6000 _ 1TB M. 2 PCIe GEN3x4 SSD ASX6000LNP - _ - C'. Entity 2: 'XPG SX6000 Lite internal solid state drive 1000 GB PCI Express 3. 0 3D TLC NVMe SSD'.,Yes,65953977#16403660_both_augmented
"Do the two product descriptions refer to the same real-world product? Entity 1: 'iiyama Prolite 27\"" XUB2792QSU-B1 WQHD IPS Monitor Tilt/Swivel/Pivot'. Entity 2: 'ProLite XUB2792QSU - B1 27 \ "" LED Monitor - 16: 9 - 5 ms'.",Yes,16154426#41148564_left_original_right_augmented
Do the two product descriptions refer to the same real-world product? Entity 1: 'Transcend 128GB Internal SSD 2.5″ SATA3'. Entity 2: 'Omega Seamaster Planet Ocean 600m Co-Axial Master Ceramic 215.92.46.22.01.004 Black Dial Replica'.,No,25870078#1515409_original
Do the two product descriptions refer to the same real-world product? Entity 1: 'Crucial Crucial Memory 4GB DDR3L 1600 1.35V SODIMM Retail CT51264BF160BJ'. Entity 2: 'Memoire DDR3 So Dimm Crucial 4GB DDR3 1600 MT/S (PC3-12800)'.,Yes,36868284#62293619_original
"Do the two product descriptions refer to the same real-world product? Entity 1: 'RAZER MAMBA ERGONOMIC WIRED GAMING MOUSE'. Entity 2: 'Mouse Gaming RAZER Elite, 16000 dpi, negru'.",Yes,83362334#1283491_both_augmented
"Do the two product descriptions refer to the same real-world product? Entity 1: 'Impresora brother laser monocromo hl - l6300dw a4'. Entity 2: 'Evans - Clear EMAD Bass Batter, 20\""'.",No,3598671#62274139_original
Do the two product descriptions refer to the same real-world product? Entity 1: 'Fujifilm XF 56 mm f / 1. 2 R'. Entity 2: 'Fujifilm FUJINON XF - f1 56mm. 2'.,Yes,81954319#88398980_both_augmented
"Do the two product descriptions refer to the same real-world product? Entity 1: 'Shimano Shimano M05 Resin Disc Brake Pads and Spring for Deore BR-M515, BR- M515LA and Nexave BR-C601 Calipers'. Entity 2: 'Canon EF-S 55-250mm f/4-5.6 IS STM'.",No,25657556#61201533_original
Do the two product descriptions refer to the same real-world product? Entity 1: 'Mavic Mini Drone by DJI - Fly More Combo'. Entity 2: 'DJI Mavic Air Car Charger'.,No,41530379#62242636_original
"Do the two product descriptions refer to the same real-world product? Entity 1: 'aandisk Ixpand 64GB USB3. 0 Flash Drive for IphoMe, Ipad'. Entity 2: 'Genuine SanDiskiXpand Flash Drive 64GB - iPhone lightning connector'.",Yes,38693547#73194223_left_augmented_right_original
Do the two product descriptions refer to the same real-world product? Entity 1: 'SRAM SRAM NX Eagle PG-1230 12-Speed Cassette'. Entity 2: 'SRAM NX - 1230 Cassetta Pignoni 11 - 50T 12v 2019'.,Yes,56831449#36040842_left_original_right_augmented
Do the two product descriptions refer to the same real-world product? Entity 1: 'Kingston DataTraveler microDuo 128GB USB 3.0'. Entity 2: 'Crucial BX500 480GB SSD Micron 3D NAND SATA III 6Gb/s 2.5 Internal Solid State Drive'.,No,21755591#93651578_original
"Do the two product descriptions refer to the same real-world product? Entity 1: 'BROTHER HL - L6200DW WIRELESSMONO LASER PR INTER WITH2 - Si ded PRINTI NG (46 PPM, 520 Sheets Paper. ..'. Entity 2: 'Brother HL - L6200DW Laser Printer'.",Yes,62578226#90603941_both_augmented
Do the two product descriptions refer to the same real-world product? Entity 1: 'Crucial 4GB DDR4-2666 SODIMM | CT4G4SFS8266 | Crucial UK'. Entity 2: 'Crucial Crucial Memory 4GB DDR3L 1600 1.35V SODIMM Retail CT51264BF160BJ'.,No,61869387#36868284_original
Do the two product descriptions refer to the same real-world product? Entity 1: 'Nikon AF-S NIKKOR 24-85mm f/3.5-4.5 G ED VR Lens'. Entity 2: 'Access Point|TP-LINK|300 Mbps|IEEE 802.3af|IEEE 802.11b|IEEE 802.11g|IEEE 802.11n|1xRJ45|Number of antennas 2|EAP115'.,No,619357#32328366_original
Do the two product descriptions refer to the same real-world product? Entity 1: 'Ubiquiti UniFi Video C amera G3 FLEX 3 - Pack UVC - G3 - FLEX - 3 Ubi quiti'. Entity 2: 'U'.,Yes,76024362#44557157_both_augmented
"Do the two product descriptions refer to the same real-world product? Entity 1: 'Corsair 110R Tempered Glass Black ATX Case, Tempered Glass Side Window, No PSU, 2x USB 3.1, HD Audio, 120mm Fan pre-installed'. Entity 2: 'Corsair Carbide 175R RGB Black Mid Tower ATX Case, Tempered Glass Side Window, No PSU, 2x USB 3.0, HD Audio, 1x 120mm Fan included'.",No,37955791#41485546_original
Do the two product descriptions refer to the same real-world product? Entity 1: 'WD 1TB Blue SN550 NVME M.2 SSD (WDS100T2B0C) (Warranty 5years with WD SG)'. Entity 2: 'Shimano M05 Disc Brake Pads (Deore) (Resin)'.,No,16327022#4484537_original
"Do the two product descriptions refer to the same real-world product? Entity 1: 'RAM 2.25\"" Ball with 2 U-Bolts (RAM-D-235U)'. Entity 2: 'RAM Double U-Bolt Base with D Size 2.25\"" Ball for Rails from 0.75\"" to 1.25\"" in Diameter - RAM-D-235U'.",Yes,51919374#75462645_original
"Do the two product descriptions refer to the same real-world product? Entity 1: 'Maxxis High Roller II 29"" WideTrail Tire - 3C MT DD / 2.5""'. Entity 2: 'CORSAIR Vengeance RGB Pro 16GB (2 x 8GB) 288-Pin DDR4 DRAM DDR4 3000 (PC4 24000) Desktop Memory Model CMW16GX4M2C3000C15W'.",No,20847407#27074490_original
Do the two product descriptions refer to the same real-world product? Entity 1: 'Shimano 105 RD-R7000 GS Rear Derailleur'. Entity 2: 'Swiss Military Hanowa Flagship 06-5161.2.04.003'.,No,97940008#71716796_original
Do the two product descriptions refer to the same real-world product? Entity 1: 'Dymo 53713 Black On White - 24mm'. Entity 2: 'Epson Stylus Pro 9880 Black Photo Ink'.,No,89243104#29467728_original
Do the two product descriptions refer to the same real-world product? Entity 1: 'TAG Heuer Automatic Chronograph Watch CBL2111.FC6453'. Entity 2: 'TAG Heuer Automatic Chronograph Watch CBG2A1Z.BA0658'.,No,13718289#18137846_original
Do the two product descriptions refer to the same real-world product? Entity 1: 'Samyang 24mm f1.4 ED AS IF UMC Lens - Nikon Fit'. Entity 2: '0000010490 | Samyang 24mm F1. 4 Nikon Frame Lens'.,Yes,87410064#15813840_left_original_right_augmented
"Do the two product descriptions refer to the same real-world product? Entity 1: 'Samsung 50\"" 4K UHD HDR QLED Smart TV (QN50Q60TAFXZC)'. Entity 2: 'Tissot Seastar 1000 Powermatic 80 Silicium'.",No,16855766#17007886_original
Do the two product descriptions refer to the same real-world product? Entity 1: 'TP-Link Archer T9UH Wireless AC1900 USB Adapter'. Entity 2: 'WD HDD 4TB My Passport Black'.,No,80086981#72819377_original
Do the two product descriptions refer to the same real-world product? Entity 1: 'MANFROTTO trpied alu Befree Advanced 2.0 MKBFRLA4BK-BH'. Entity 2: 'Manfrotto Befree Advanced Twis5 Tripod'.,Yes,41867761#16470846_left_original_right_augmented
Do the two product descriptions refer to the same real-world product? Entity 1: 'Cooler Master MasterCase H500 ARGB Mesh Mid Tower ATX C ase TG MCM - H500 - IG NN - S01 | PCByte'. Entity 2: 'Cooler Master MasterCase H500 Mid Tower PC Case'.,Yes,84249757#76569969_left_augmented_right_original
"Do the two product descriptions refer to the same real-world product? Entity 1: 'Crucial BX500 480GB SSD Micron 3D NAND SATA III 6Gb/s 2.5 Internal Solid State Drive'. Entity 2: 'Crucial MX500 250GB SATA 2.5-inch, SATA 6.0Gb/s 7mm Solid State Drive'.",No,93651578#19102781_original
"Do the two product descriptions refer to the same real-world product? Entity 1: 'Crucial MX500 250GB 2.5 SATA SSD'. Entity 2: 'Crucial MX500 250GB SATA 2.5-inch, SATA 6.0Gb/s 7mm Solid State Drive'.",Yes,68173491#19102781_original
"Do the two product descriptions refer to the same real-world product? Entity 1: 'Western Digital 2.5\"" Red 1To SATA 6'. Entity 2: 'Western Digital WD10JFCX RED 1000 GB SATA3 1TB'.",Yes,8281130#47814705_original
"Do the two product descriptions refer to the same real-world product? Entity 1: 'Apple 10.5-inch iPad Air Wi‑Fi 256GB - Silver - MUUR2FD/A'. Entity 2: 'Apple iPad Air Wi-Fi 256 GB Silver - 10.5\"" Tablet - A12 26.67cm-Display'.",Yes,30419251#30143469_original
Do the two product descriptions refer to the same real-world product? Entity 1: 'Traveler's Notebook Refill - Sketch Paper'. Entity 2: 'TISSOT SEASTAR 1000 POWERMATIC 80'.,No,10557104#962259_original
Do the two product descriptions refer to the same real-world product? Entity 1: 'Evans EC2S 13'' Clear Batter - TT13EC2S'. Entity 2: 'Evans EMAD2 Clear Bass Batter'.,No,74972794#63899324_original
Do the two product descriptions refer to the same real-world product? Entity 1: 'Intel - Core i7-9700F 9th Generation 8-core - 8-Threads 3.0 GHz (4.7 GHz Turbo) Socket LGA 2066 Locked Desktop Processor'. Entity 2: 'Toner kompatibel zu Brother TN-200 Black'.,No,28603694#68874465_original
"Do the two product descriptions refer to the same real-world product? Entity 1: 'WD My Passport 4TB USB 3.0 + Etui'. Entity 2: 'Hard Disk Drive WD My Passport WDBYNN0010BRD, 1TB, USB 3.0, rosu'.",No,52992150#67614478_original
Do the two product descriptions refer to the same real-world product? Entity 1: 'Corsair ML140 PRO RGB LED 140MM PWM Premium Magnetic Levitation Fan - Single Pack'. Entity 2: 'Blaze 32 Inch 4-Burner LTE Gas Grill With Rear Burner and Built-in Lighting System - BLZ-4LTE2-NG/LP'.,No,97634734#49066670_original
"Do the two product descriptions refer to the same real-world product? Entity 1: 'Intel, Core i7 - 8700K 8th Gen'. Entity 2: 'Intel Core i7-8700K Coffee Lake 6-Core 3.7 GHz (4.7 GHz Turbo) LGA 1151 (300 Series) 95W BX80684I78700K Desktop Processor Intel UHD Graphics 630'.",Yes,43904710#95781094_left_augmented_right_original
Do the two product descriptions refer to the same real-world product? Entity 1: 'LOGITECH Corded USB Headset H540 - USB - EMEA'. Entity 2: 'OMEGA Seamaster Planet Ocean Chronograph Steel'.,No,78504458#47200708_original
Do the two product descriptions refer to the same real-world product? Entity 1: 'DDR3 8GB PC1600 CL9 Kingston Hypk'. Entity 2: 'Ubiquiti UniFi Mesh AP OUT AC1750 5 PACK'.,No,64323838#45001854_original
Do the two product descriptions refer to the same real-world product? Entity 1: 'SRAM Disc Brake Pad Set Compound'. Entity 2: 'Sram/Avid Road Disc Brake Pads - Road/Level (Organic/Steel Back)'.,Yes,18915981#80159309_left_augmented_right_original
"Do the two product descriptions refer to the same real-world product? Entity 1: '34\"" Blaze 3 Pro Cart'. Entity 2: 'Samsung PORTABLE SSD T7 Touch 1TB Mobile External Solid State'.",No,40521037#93674071_original
"Do the two product descriptions refer to the same real-world product? Entity 1: 'Epson - Ink Cartridge Black 10K'. Entity 2: 'T1700G-28TQ GE/XG/SMA/24, Switch'.",No,29914496#81441228_original
Do the two product descriptions refer to the same real-world product? Entity 1: 'XT CS-M8000 11 Speed Cassette'. Entity 2: 'Kingston ValueRAM 4GB No Heatsink (1 x 4GB) DDR4 2400MHz SODIMM System Memory'.,No,49913390#7488025_original
"Do the two product descriptions refer to the same real-world product? Entity 1: '4GB ValueRAM DDR3, 1600MHz, Non-ECC, Unbuffered, CL11, 1.5V, 240-pin DIMM, Singl'. Entity 2: 'Pre-Owned Audemars Piguet Royal Oak Chronograph 26331ST.OO.1220ST.03'.",No,41253009#45759535_original
Do the two product descriptions refer to the same real-world product? Entity 1: 'Jabra BIZ 2400 Mark II - 3-in-1 Mono Headset'. Entity 2: 'Samsung T7 Touch Black 1TB Portable SSD with Fingerprint ID'.,No,81069691#66625804_original
Do the two product descriptions refer to the same real-world product? Entity 1: 'E'. Entity 2: 'Epson Premium Glossy A3 20 sheets'.,Yes,71490927#81349254_left_augmented_right_original
Do the two product descriptions refer to the same real-world product? Entity 1: 'Obiectiv foto CANON EF - S 10 - 18mm f / 4. - 5. IS STM'. Entity 2: 'Canon EF - S 10 - 18 / 4 - 5. 6 IS STM'.,Yes,14345451#27365404_both_augmented
"Do the two product descriptions refer to the same real-world product? Entity 1: 'Basilisk V2 Ergonomic Gaming Mouse'. Entity 2: 'Razer Basilisk V2 Wired Ergonomic Gaming Mouse, 11 Programmable Buttons | RZ01-03160100-R3M1'.",Yes,13024596#39130017_original
Do the two product descriptions refer to the same real-world product? Entity 1: 'Asus ROG STRIX B550-E GAMING AM4 ATX Motherboard'. Entity 2: 'Asus ROG Strix X570-F Gaming ATX - motherboard'.,No,56603137#31886989_original
Do the two product descriptions refer to the same real-world product? Entity 1: 'SSD Plus 120GB 240GB 530MB / s 480GB 1TB 535MB / sSolid State Drive (120GB )'. Entity 2: 'SanDi sk SSD PLUS 120GB Solid State Drive - SDSSDA - 12 0G - G27'.,Yes,60638240#8174351_both_augmented
"Do the two product descriptions refer to the same real-world product? Entity 1: 'Cartus Epson Discproducer PP - 100AP, magenta'. Entity 2: 'EPSON Magenta ink _ Discproducer'.",Yes,30500904#96384448_both_augmented
"Do the two product descriptions refer to the same real-world product? Entity 1: 'HDD 35 4TB Seagate IronWolf Pro NAS ST4000NE001'. Entity 2: 'HD 3, 5 4TB 7100RPM IRONWOLF PRO 128 MB DATA3 SEAGATE'.",Yes,14654897#36425270_left_original_right_augmented
"Do the two product descriptions refer to the same real-world product? Entity 1: 'Ram Mout Triple Ball Adapter'. Entity 2: 'RAM Triple 1 \ "" Ball _ - RAM - _ - 289U'.",Yes,80876204#30675144_left_original_right_augmented
"Do the two product descriptions refer to the same real-world product? Entity 1: 'BLAZE PROFESSIONAL 27-INCH 2 BURNER BUILT-IN GAS GRILL WITH REAR INFRARED BURNER'. Entity 2: 'Blaze 2 Burner Professional Built-In Propane Gas Outdoor Grill, BLZ-2PRO-LP'.",Yes,11199708#24360041_original
"Do the two product descriptions refer to the same real-world product? Entity 1: 'RAM 2.75\"" Diameter Suction Cup Base with 1\"" Ball'. Entity 2: 'RAP-B-224-1U RAM Mounts 3.3\"" Diameter Suction Cup Base with 1\"" Composite Ball'.",Yes,2701835#81948691_original
Do the two product descriptions refer to the same real-world product? Entity 1: 'D'addario XTAPB1356XT Acoustic strings set Phosphor Bronze Medium 13-56'. Entity 2: 'D'Addario XT Acoustic Phosphor Bronze Medium Guitar Strings 13-56'.,Yes,31149803#52948864_original
Do the two product descriptions refer to the same real-world product? Entity 1: '2222 HYBRID SLINKY 9/46 Ernie Ball'. Entity 2: 'Canon EF-M 18-150mm f/3.5-6.3 IS STM (Black)'.,No,2392632#40876435_original
Do the two product descriptions refer to the same real-world product? Entity 1: 'Audio Technica ATH-M50xWH Professional Studio Monitor Headphones'. Entity 2: 'Audio Technica ATH-M50x Professional Monitor Audiophile Headphones - Black'.,No,55918296#74908666_original
"Do the two product descriptions refer to the same real-world product? Entity 1: 'Maxxis Maxxis High Roller II Tire: 27.5 x 2.50\"", Folding, 60tpi, 3C MaxxTerra, EXO, Tubeless Ready, Wide Trail, Black'. Entity 2: 'Maxxis High Roller II Tire - 27.5 x 2.4, Tubeless, Folding, Black, 3C Maxx Terra, EXO'.",No,45946412#25593960_original
Do the two product descriptions refer to the same real-world product? Entity 1: 'Sony FE 24mm F1.4 GM Lens + Bonus'. Entity 2: 'Sony FE 70-200mm f/4 OSS Lens'.,No,11625823#36499924_original
Do the two product descriptions refer to the same real-world product? Entity 1: 'Shimano Cassette Ultegra R8000 11 Speed 11-28T'. Entity 2: 'Traveler's Notebook / Refill 001 / Lined Notebook'.,No,88957207#80500885_original
Do the two product descriptions refer to the same real-world product? Entity 1: 'Elixir 12-String Light 80/20 Bronze Nanoweb Acoustic'. Entity 2: 'Elixir E16052 Nanoweb Phosphor Bronze Acoustic Guitar Strings Light Gauge 12-53'.,No,830512#62145678_original
Do the two product descriptions refer to the same real-world product? Entity 1: 'Shimano M05 Disc Brake Pads (Deore) (Resin)'. Entity 2: 'Shimano 11 SPD Chain RD/MTB Sil-Tec With Quick Link'.,No,4484537#95222715_original
Do the two product descriptions refer to the same real-world product? Entity 1: 'U'. Entity 2: 'Ubiquiti Unifi AC In-Wall AP Wireless Access Point 5 Pack UAP-AC-IW-5 (No PoE Injector)'.,Yes,34532774#65827191_left_augmented_right_original
Do the two product descriptions refer to the same real-world product? Entity 1: 'E'. Entity 2: 'Elixir Phosphor Acoustic Strings - Extra Light'.,Yes,7413764#32413380_left_augmented_right_original
Do the two product descriptions refer to the same real-world product? Entity 1: 'Epson WF4630/5110/5690 Magenta INK 17ML EP53600'. Entity 2: 'SRAM PG-1170 11-Speed Cassette (11-25T)'.,No,10385523#9767156_original
"Do the two product descriptions refer to the same real-world product? Entity 1: 'Lant Shimano CN-HG601-11, 11 Viteze'. Entity 2: 'Shimano CN-HG601 105 5800 / SLX M7000 Chain With Quick Link 11-Speed - 116 Links, SIL-TEC'.",Yes,77806817#11427812_original
Do the two product descriptions refer to the same real-world product? Entity 1: 'Manfrotto Befree Advanced Twist Tripod'. Entity 2: 'AMD Ryzen 9 3900XT 12-Core 3.8 GHz Socket AM4 105W 100-100000277WOF Desktop Processor'.,No,16470846#44141044_original
"Do the two product descriptions refer to the same real-world product? Entity 1: 'Disco Seagate Ironwolf Nas 10Tb Sata3 (St10000vn0008)'. Entity 2: 'NAS seagate HDD IronWolf - 3. 5 \ "" - GB 10000 - 7200 RPM ST10000VN0008'.",Yes,66564908#84977888_left_original_right_augmented
Do the two product descriptions refer to the same real-world product? Entity 1: 'Hydro Flask 32 oz Wide Mouth Flex Cap Bottle in Sunflower'. Entity 2: 'Sunflower 32oz. Wide Mouth Water Bottle'.,Yes,11665937#46741147_original
Do the two product descriptions refer to the same real-world product? Entity 1: 'Park Tool PH-1.2 P-Handle Hex Set with Holder'. Entity 2: 'Park Tool PH-1.2 P-Handle Hex Wrench Set - Tool Set'.,Yes,22422851#12750791_original
"Do the two product descriptions refer to the same real-world product? Entity 1: 'Crucial 2TB MX500 2.5"" 7mm SATA 6Gb/s SSD'. Entity 2: 'Crucial MX500 250GB 2.5 SATA SSD'.",No,91126559#68173491_original
Do the two product descriptions refer to the same real-world product? Entity 1: 'ASUS Prime X570-P ATX Motherboard - Socket AM4 - AMD X570 - USB 3.2 Gen 3'. Entity 2: 'ASUS PRIME X570-PRO (AM4) (D) (90MB11B0-M0EAY0)'.,Yes,49058519#77308213_original
Do the two product descriptions refer to the same real-world product? Entity 1: 'Jabra EVOLVE 65 UC Mono Bluetooth Headset'. Entity 2: 'Jabra EVOLVE 65 UC _ (6593 - _ - 409 )'.,Yes,4284864#48580118_left_original_right_augmented
"Do the two product descriptions refer to the same real-world product? Entity 1: 'Maxxis High Roller II MaxxTerra Tire (WT) (3C/EXO/TR) (27.5 x 2.40) (Folding)'. Entity 2: 'Maxxis Maxxis High Roller II Tire: 27.5 x 2.50\"", Folding, 60tpi, 3C MaxxTerra, EXO, Tubeless Ready, Wide Trail, Black'.",No,41191422#45946412_original
Do the two product descriptions refer to the same real-world product? Entity 1: 'Fujifilm Instax Black Square Film (10 Pack)'. Entity 2: 'Fuji Fuji Instax Square Film 1-Pack'.,No,36022457#88773659_original
Do the two product descriptions refer to the same real-world product? Entity 1: 'Swiss Military Hanowa Flagship 06-5161.2.04.007'. Entity 2: 'Swiss Military Hanowa Flagship 06-5161.2.04.003'.,No,10214898#71716796_original
Do the two product descriptions refer to the same real-world product? Entity 1: 'LOGITECH AURICULARES H650E STEREO USB'. Entity 2: 'LOGITECH Logitech USB Headset H390'.,No,82676601#57337098_original
Do the two product descriptions refer to the same real-world product? Entity 1: 'Audio Technica Headphones Air D ynamic Series ATH - AD500X'. Entity 2: 'Casti Hi-Fi Audio-Technica ATH-AD500X'.,Yes,56574761#21506250_left_augmented_right_original
Do the two product descriptions refer to the same real-world product? Entity 1: 'SanDisk E xtreme Pro SD Card 32GB 3 00MB / s UHS - II'. Entity 2: 'SanDisk 32 GB Extreme Pro SDSDXPK - 032G - GN4IN SDHC Me mory Card C10'.,Yes,3420227#60624891_both_augmented
Do the two product descriptions refer to the same real-world product? Entity 1: 'Cheap Replica Audemars Piguet Ro yal Oak Chronograph White Dail Watch 2633 1ST. OO. 1220ST. 03'. Entity 2: 'Pre - Owned Audemars Oak Chronograph 26331ST. OO. 1220ST. 03'.,Yes,2282686#45759535_both_augmented
Do the two product descriptions refer to the same real-world product? Entity 1: 'Switch D-Link DGS-1210-24 20 p 10 / 100 / 1000 Mbps 4 x SFP'. Entity 2: 'Switch D-Link - Web smart - switch - 24 porte - gestito dgs-1210-24'.,Yes,23055402#34259452_original
Do the two product descriptions refer to the same real-world product? Entity 1: 'APC By Schneider Electric APC Replacement Battery Cartridge'. Entity 2: 'APC - Replacement battery cartridge 140'.,No,61786686#8994298_original
"Do the two product descriptions refer to the same real-world product? Entity 1: 'BenQ LCD SW2700PT 27\"" W/IPS LED/2560x1440/5ms/DVI-DL/HDMI/2xUSB3.0/Flicker-free/VESA 9H.LDKLB.QBE'. Entity 2: 'APC Replacement Battery Cartridge #133 (APCRBC133)'.",No,32701286#28129178_original
Do the two product descriptions refer to the same real-world product? Entity 1: 'SANDISK EXTREME PRO SDXC 256GB 170MB/S C10 U3'. Entity 2: 'Ubiquiti UniFi AP AC Mesh PRO 802.11ac Dual Radio Indoor/Outdoor access point - 1750Mbps 5 pack no PoE'.,No,92318972#86924416_original
Do the two product descriptions refer to the same real-world product? Entity 1: 'DDR3 8GB PC1600 CL9 Kingston Hypk'. Entity 2: 'Sony SEL20F18G.SYX - Sony E-Mount FE 20mm F1.8 G'.,No,64323838#3170005_original
"Do the two product descriptions refer to the same real-world product? Entity 1: 'Cloud Core Router CCR1036-12G-4S-EM'. Entity 2: 'MikroTi kCloud Core Rout er 1 036 - 12G - 4S with Tilera Tile - Gx 36 CPU (36 - cores, 1. 2Ghz per core ), 16GB RAM, 4xSFP c age, 12xGbit LAN, RouterOS L6, 1U rackmount case, PSU, LCD panel'.",Yes,88031640#6256141_left_original_right_augmented
Do the two product descriptions refer to the same real-world product? Entity 1: '128GB transcend Internal SSD 2. 5 ″ SATA3'. Entity 2: 'SSD TRANSCEND SSD230S 128Gb 3D NAND SATA 3 Aluminium (TS128GSSD230S)'.,Yes,25870078#84514463_left_augmented_right_original
"Do the two product descriptions refer to the same real-world product? Entity 1: 'Seagate IronWolf Pro ST8000NE001 - Hard drive - 8 TB - internal - 3.5\"" - SATA 6Gb/s - 7200 rpm - buffer_ 256 MB - with 2 years Rescue Data Recovery Service Plan'. Entity 2: '8TB - Enterprise Seagate Ironwolf Pro SATA - ST8000NE001'.",Yes,84438504#83418921_left_original_right_augmented
"Do the two product descriptions refer to the same real-world product? Entity 1: 'Carto de memria micro SD Kingston 32Gb classe 10 Canvas Select'. Entity 2: 'ShimanoSm-Sh10 Spd-Sl Cleats, Fixed'.",No,70986060#70495926_original
"Do the two product descriptions refer to the same real-world product? Entity 1: 'Ubiquiti UniFi AP, AC, In Wall, 5-Pack'. Entity 2: 'Ubiquiti Unifi AC In - Wall AP _ Access _ 5 Pack UAP - AC - IW - _ (No PoE Injector )'.",Yes,34532774#65827191_left_original_right_augmented
Do the two product descriptions refer to the same real-world product? Entity 1: 'Original Epson T1571 Photo Black Ink Cartridge'. Entity 2: 'Epson Ink Cartridge - Matte Black 700ml'.,No,55645397#415992_original
Do the two product descriptions refer to the same real-world product? Entity 1: 'Hikvision Wall _ _ AVPIR3 and 23x5G1 - I range of Cameras'. Entity 2: 'DS-1273ZJ-140 Outdoor Indoor Wall Mount Bracket for Hikvision Dome Camera'.,Yes,1821257#33622216_left_augmented_right_original
"Do the two product descriptions refer to the same real-world product? Entity 1: '3'. Entity 2: 'Cart For 3 - Burner Grill, Cart Only'.",Yes,40521037#96037332_both_augmented
"Do the two product descriptions refer to the same real-world product? Entity 1: 'BROTHER HL-L6200DW WIRELESSMONO LASER PRINTER WITH2-Sided PRINTING(46 PPM, 520 Sheets Paper...'. Entity 2: 'Brother HL-L5200DW Laser Printer'.",No,62578226#53641305_original
"Do the two product descriptions refer to the same real-world product? Entity 1: 'Samsung 860 PRO 2.5\"" 1000 GB Serial ATA III 3D MLC'. Entity 2: 'Samsung 860 PRO 1TB SSD 2-bit MLC V-NAND SATA III 6Gb/s 2.5 Internal Solid State Drive'.",Yes,29714425#1367517_original
"Do the two product descriptions refer to the same real-world product? Entity 1: 'Omega Seamaster Planet Ocean 600m Co-Axial Master Chronometer GMT 45.5mm (215.92.46.22.01.004) ETNZ Deep Black'. Entity 2: 'High Roller II Bike Tire: 29 x 2.50\"", Folding, 120tpi, 3C MaxxTerra, Double Down, Tubeless Ready, Wide Trail'.",No,57083116#56064924_original
Do the two product descriptions refer to the same real-world product? Entity 1: 'Zebra 800015-301 (Eltron) Black (K) Resin Ribbon - 1500 Prints'. Entity 2: 'Brother Monochrome Compact Laser All-in-One Printer with Duplex Printing and Wireless Networking'.,No,55031719#54829738_original
Do the two product descriptions refer to the same real-world product? Entity 1: 'BenQ SW271 Pro 27in IPS LCD Monitor 4K UHD'. Entity 2: '128GB Pendrive SanDisk Extreme PRO SSD USB 3.1 420MB/s'.,No,64016107#93168786_original
"Do the two product descriptions refer to the same real-world product? Entity 1: 'Corsair DDR4 Vengeance LPX 16GB/2133(2*8GB) CL13-15-15-28 1,20V XMP2.0'. Entity 2: 'Intel Core i7 9700F 9th Gen Desktop Processor/CPU Retail - No iGPU'.",No,78223883#27468857_original
"Do the two product descriptions refer to the same real-world product? Entity 1: 'RAM Motorcycle Fork Stem Base w 1\"" Ball (RAM-B-342U)'. Entity 2: 'Omega Seamaster Planet Ocean Automatic Chronograph Stainless Steel Watch 232.30.46.51.01.002'.",No,20152457#45633828_original
"Do the two product descriptions refer to the same real-world product? Entity 1: 'Corsair ML140 Pro 14cm PWM RGB Case Fan, Magnetic Levitation Bearing'. Entity 2: 'MONITOR SAMSUNG C27F390 27\"" 1920x1080 4MS USB HDMI CURVO NEGRO'.",No,15774916#22770211_original
Do the two product descriptions refer to the same real-world product? Entity 1: 'D'Addario EJ16 Phosphor Bronze Light Acoustic Guitar Strings'. Entity 2: 'D'addario XTAPB1356XT Acoustic strings set Phosphor Bronze Medium 13-56'.,No,97547150#31149803_original
Do the two product descriptions refer to the same real-world product? Entity 1: 'Kingston Canvas Select (32GB) MicroSD Card Class 10 UHS-1 U1 with Adaptor'. Entity 2: 'Kingston Canvas Select Plus 128GB microSD - With Adaptor'.,No,37065951#54214061_original
"Do the two product descriptions refer to the same real-world product? Entity 1: 'Western Digital WD My Passport Portable HDD 4TB Black'. Entity 2: 'Western Digital My PassPort, 4TB, BLACK3 Years - WDBYFT0040BBK-WESN'.",Yes,68891313#11564664_original
Do the two product descriptions refer to the same real-world product? Entity 1: 'FUJIFILM Aspherical Super EBC XF 80mm f/2.8 R LM OIS WR Macro Lens'. Entity 2: 'XF 80mm f2. 8 R LM WR Macro Lens'.,Yes,21075521#11676180_left_original_right_augmented
Do the two product descriptions refer to the same real-world product? Entity 1: 'Orologio Garmin Fenix 6 010-02157-11 Fēnix 6X Sapphire'. Entity 2: 'Garmin fenix 6X Sapphire Black Silicone Strap Smart Watch'.,Yes,36027066#61296263_original
Do the two product descriptions refer to the same real-world product? Entity 1: 'Gigabyte GeForce NVIDIA GTX 1650 4GB D6 OC Turing Card Graphics'. Entity 2: 'Kar%a VGA Gigabyte GeForce GTX 16Y0 OC 4GB GDDR6 128bit DVI + HDMI + DP PCIe3. 0'.,Yes,48293393#12853731_both_augmented
Do the two product descriptions refer to the same real-world product? Entity 1: 'TISSOT T1204071105100 Seastar Powermatic 80'. Entity 2: 'Tissot T-Sport Seastar 1000 Powermatic 80 Watch T1204071704100'.,No,9748896#70880620_original
"Do the two product descriptions refer to the same real-world product? Entity 1: 'Hard disk server HP Hot-Plug SC Enterprise SAS 6G 900GB 10000 RPM 2.5""'. Entity 2: 'SRAM AM BRAKE PAD GUIDE/TRL STLSIN 1 SET'.",No,50007186#96989593_original
"Do the two product descriptions refer to the same real-world product? Entity 1: 'Corsair Crystal Series 570X RGB ATX Mid-Tower Case Tempered Glass Black'. Entity 2: 'CORSAIR Crystal Series 570X RGB Tempered Glass,Premium ATX Mid-Tower Case, WHITE'.",No,74461011#52425202_original
Do the two product descriptions refer to the same real-world product? Entity 1: 'Logitech H570e Monaural Headset USB'. Entity 2: 'LOGITECH UC _ Stereo USB _ H570e (Leatherette Pad) - Business EMEA'.,Yes,12615558#78504449_both_augmented
Do the two product descriptions refer to the same real-world product? Entity 1: 'Shimano BR-M9000 J04C Metal Finned Disc Pad'. Entity 2: 'Shimano Metal Disk Fren Balatası Ice-Tech J04C'.,Yes,11542304#39085812_original
Do the two product descriptions refer to the same real-world product? Entity 1: 'TP - LINK EAP110 A ccess point - Wit'. Entity 2: 'TP-Link EAP110 Auranet Access Point 300Mps'.,Yes,85333987#75297744_left_augmented_right_original
"Do the two product descriptions refer to the same real-world product? Entity 1: 'Seagate IronWolf 6TB _, 5 ' ' 256MB ST6000VN0033'. Entity 2: 'Seagate IronWolf 6TB NAS Internal Hard Drive (3.5"")'.",Yes,59536106#12761549_left_augmented_right_original
Do the two product descriptions refer to the same real-world product? Entity 1: 'FUJIFILM XF 8 - 16mm f / _. 8 R LM _ Lens'. Entity 2: 'Fujifilm _ 8 - 16mm F2. 8 R LM WR _'.,Yes,21963707#1046934_both_augmented
Do the two product descriptions refer to the same real-world product? Entity 1: '256GB kingston 100 DataTraveler G3 (USB 3. 0 )'. Entity 2: 'Kingston Pendrive DataTraveler _ G3 256GB USB 3. 0'.,Yes,8565641#66053411_both_augmented
"Do the two product descriptions refer to the same real-world product? Entity 1: 'CORSAIG CRYSTAL 570X RGB Mid - Tower Case, 3 RGB Fans, Tempered GPass - White | CC - 90q1110 - WW'. Entity 2: 'CORSAIR Crystal Series RGB 570X Tempered Glass, Premium Mid ATX - Tower Case, WHITE'.",Yes,93978472#52425202_both_augmented
Do the two product descriptions refer to the same real-world product? Entity 1: '3M - DESKTOP LCD LW FRAMED FILTER'. Entity 2: 'Sigma 35mm f/1.4 DG HSM Art'.,No,1286250#38447746_original
"Do the two product descriptions refer to the same real-world product? Entity 1: 'Cisco Catalyst 2960-X | WS-C2960X-24TD-L Catalyst 2960X 24 port 10/100/1000, 2 x 10G SFP+, LAN Base'. Entity 2: 'Catalyst 2960-X 24 GigE PoE 370W, 2 x 10G SFP+, LAN Base'.",No,12032039#45014189_original
Do the two product descriptions refer to the same real-world product? Entity 1: 'G'. Entity 2: 'Gigabyte Radeon RX 5500 XT OC 4GB GDD R6'.,Yes,60397145#6721540_both_augmented
"Do the two product descriptions refer to the same real-world product? Entity 1: 'RAM Long Length Double Socket Arm for 1.5\"" Balls'. Entity 2: 'RAM - 201U - D RAM - Size Double - Socket Long Arm with 1. - Inch Sockets'.",Yes,39417365#72558082_left_original_right_augmented
Do the two product descriptions refer to the same real-world product? Entity 1: 'Pokemon Pokemon: Darkness Ablaze Bstr'. Entity 2: 'POKÉMON TCG Sword and Shield- Darkness Ablaze Trainer Box'.,No,57791020#9923090_original
Do the two product descriptions refer to the same real-world product? Entity 1: 'Garmin fenix 5s Sapphire Black'. Entity 2: 'Fenix 5X Plus GPS Black Smartwatch'.,No,96636315#18346724_original
Do the two product descriptions refer to the same real-world product? Entity 1: 'Carto de memria micro SD Kingston 64Gb XC1 classe 10 Canvas Select'. Entity 2: '64GB SanDisk Extreme micro SD XC Memory Card V-Class 30 U3 4K Video A1 100MB/s'.,No,50903406#26502310_original
Do the two product descriptions refer to the same real-world product? Entity 1: 'Corsair Crystal Series 570X RGB CC-9011098-WW Steel / Tempered Glass ATX Mid Tower Case'. Entity 2: 'Garmin Fenix 5X Plus Sapphire Black Rubber Strap 010-01989-01'.,No,18666720#52404977_original
Do the two product descriptions refer to the same real-world product? Entity 1: 'Dron DJI Mavic 2 Pro'. Entity 2: 'DJI Mavic 2 Pro Drone Quadcopter with Hasselblad Camera HDR Video UAV Adjustable Aperture 20MP 1'.,Yes,83992680#30012034_original
"Do the two product descriptions refer to the same real-world product? Entity 1: 'Razer DeathAdder V2 Ergonomic Wired Gaming Mouse (RZ01-03210100-R3M1) (Warranty 2years with Ban Leong)'. Entity 2: 'EPSON S042091 premium glossy photo paper 255g/m², A2/25vel'.",No,5964390#51946981_original
"Do the two product descriptions refer to the same real-world product? Entity 1: 'SHIMANO PD-R7000, 105, SPD-SL PEDAL.'. Entity 2: 'Shimano 105 RD-R7000 GS Rear Derailleur'.",No,70331081#97940008_original
"Do the two product descriptions refer to the same real-world product? Entity 1: 'Corsair Carbide 175R RGB Black Mid Tower ATX Case, Tempered Glass Side Window, No _, _ USB _. 0, HD Audio, 1x 120mm Fan _'. Entity 2: 'C'.",Yes,41485546#2952392_both_augmented
Do the two product descriptions refer to the same real-world product? Entity 1: 'FUJIFILM Super EBC XF 23mm f / 2 R - Black'. Entity 2: 'Fujifilm Fujinon XF 27mm f/2.8 black | 2 Years Warranty'.,Yes,3348619#50156673_left_augmented_right_original
"Do the two product descriptions refer to the same real-world product? Entity 1: 'SanDisk 480GB SSD Plus int 2.5\"" SATA3 SSD (SDSSDA-480G-G26) (Local Warranty with 3years with Local Distributor)'. Entity 2: 'SanDisk PLUS SSD Hard Drive 2.5´´ internal, 480 GB, SATA, Black'.",Yes,49067884#62318417_original
Do the two product descriptions refer to the same real-world product? Entity 1: 'Western Digital Western Digital 2TB Blue'. Entity 2: 'Western digital wd blue - hdd - 2 tb - interno - 3.5 - sata 6Gb/s - 5400 rpm - buffer: 64 mb'.,Yes,66768594#27923177_original
Do the two product descriptions refer to the same real-world product? Entity 1: '32 Oz Wide Mouth With Flex Cap W32BTS001'. Entity 2: 'Epson Seahorse Multipack 6-kleur T0487'.,No,58893463#41456801_original
"Do the two product descriptions refer to the same real-world product? Entity 1: 'Kingston Technology A400 2.5 \""240 GB Serial ATA III TLC'. Entity 2: 'KingEton Technology SA400S37 / 240G A400 SSD Solid Stafe Drive 2. 5 Inch SATA - 3 - 240GB'.",Yes,55136447#81424577_left_original_right_augmented
Do the two product descriptions refer to the same real-world product? Entity 1: 'Daniel Wellington - Classic Sheffield Silver - 40mm'. Entity 2: 'Samsung Portable SSD T5 - 2TB'.,No,52851091#6480791_original
Do the two product descriptions refer to the same real-world product? Entity 1: 'Sigma 35mm f/1.4 DG HSM Art'. Entity 2: 'Sigma Sigma 35mm F1.4 ART DG HSM - Nikon AF mount'.,No,38447746#31585097_original
"Do the two product descriptions refer to the same real-world product? Entity 1: 'Evans 14 \ TT14EC2S Clear Drum Head'. Entity 2: 'Evans EC2 Clear _ Head, 14 Inch'.",Yes,5519409#1136383_both_augmented
Do the two product descriptions refer to the same real-world product? Entity 1: 'S RAM SRAM NX Ea gle PG - 1230 12 - Speed Cassette'. Entity 2: 'SRAM NX Eagle PG-1230 Cassetta Pignoni 11-50T 12v 2019'.,Yes,56831449#36040842_left_augmented_right_original
"Do the two product descriptions refer to the same real-world product? Entity 1: 'CLARKS Sram, PG-730, 7sp cassette, 12-32T'. Entity 2: 'Sram PG 1130 11sp cassette 11-36T'.",No,55037683#97112728_original
Do the two product descriptions refer to the same real-world product? Entity 1: 'AMD Ryzen 5 3400G Desktop Processor 4 Cores up to 4.2GHz 6MB Cache AM4 Socket (YD3400C5FHBOX)'. Entity 2: 'AMD Ryzen 5 2600X - 4.25 GHz - 6-core - 12 threads - 19 MB cache - Socket AM4 - Box'.,No,29685693#25725051_original
Do the two product descriptions refer to the same real-world product? Entity 1: 'DVR Hikvision TurboHD 4 canale DS-7204HQHI-K1'. Entity 2: 'DS-7216HQHI-K1 Hikvision 16 cs. TurboHD DVR'.,No,10999896#3762458_original
Do the two product descriptions refer to the same real-world product? Entity 1: 'Samsung T7 Blue 2TB Portable SSD USB / A Gen2'. Entity 2: 'Samsung T7 Portable SSD [2TB] (Indigo Blue)'.,Yes,98124674#18327954_left_augmented_right_original
"Do the two product descriptions refer to the same real-world product? Entity 1: 'Intel Core i3-7100 Dual-Core 3.9GHz LGA1151 (BX80677I37100)'. Entity 2: 'Processore Cpu INTEL Core i3-7100 1151 3,9GHz 3MB Cache Kaby Lake'.",Yes,56383083#54798530_original
Do the two product descriptions refer to the same real-world product? Entity 1: 'Corsair ML140 140mm PWM Premium Magnetic Levitation - Pack'. Entity 2: 'Corsair ML140 Magnetic Levitation 140mm Case Fan - Twin Pack'.,Yes,33078108#36295476_left_augmented_right_original
Do the two product descriptions refer to the same real-world product? Entity 1: 'APC Smart-UPS SRT 6000VA RM 230V'. Entity 2: 'APC - Schneider SMART-UPS 1000VA LCD 230V'.,No,1017836#77969198_original
"Do the two product descriptions refer to the same real-world product? Entity 1: 'LaCie Mobile Drive 2,5"" 5 TB Moon Silver USB 3.1 Gen 2'. Entity 2: 'LaCie 4TB USB Type-C Mobile Drive (Moon Silver)'.",No,5312650#38339458_original
Do the two product descriptions refer to the same real-world product? Entity 1: 'Sony FE 70-200mm f/4 OSS Lens'. Entity 2: 'Sony SEL24240 FE 24-240mm f/3.5-6.3 OSS Zoom Lens for Mirrorless Cameras'.,No,36499924#18865753_original
"Do the two product descriptions refer to the same real-world product? Entity 1: '3M - Sekretessfilter 27\"" Widescreen 16:9'. Entity 2: 'Zebra ZXP Series 1Black Monochrome Ribbon K - 1000 Prints 800011-101'.",No,16785446#92894304_original
Do the two product descriptions refer to the same real-world product? Entity 1: 'Tissot T-Sport Seastar 1000 Chronograph Watch T1204171105100'. Entity 2: 'TISSOT T1204071105100 Seastar Powermatic 80'.,No,48521210#9748896_original
Do the two product descriptions refer to the same real-world product? Entity 1: 'RAM Motorcycle Brake/Clutch Reservoir & Handlebar Ball Base / B Size / RAM-B-309-7U'. Entity 2: 'Seagate Ironwolf Pro 6TB (ST6000NE000)'.,No,89814977#9513553_original
Do the two product descriptions refer to the same real-world product? Entity 1: 'Asus ROG STRIX Z390-I Gaming (ROG STRIX Z390-I GAMING)'. Entity 2: 'ASUS Scheda Madre ROG STRIX Z390-I GAMING Intel Z390'.,Yes,34689442#7931274_original
"Do the two product descriptions refer to the same real-world product? Entity 1: 'Placa video Gigabyte Radeon RX 5500 XT OC 8GB GDDR6, 128-bit'. Entity 2: 'Maxxis Maxxis High Roller II Tire: 27.5 x 2.50\"", Folding, 60tpi, 3C MaxxTerra, EXO, Tubeless Ready, Wide Trail, Black'.",No,14576497#45946412_original
Do the two product descriptions refer to the same real-world product? Entity 1: 'Sigma 50mm F1.4 Art DG HSM Nikon Mount Lens'. Entity 2: 'Dura-Ace 9100 11-Speed Cassette 11-25T'.,No,26736430#18567164_original
Do the two product descriptions refer to the same real-world product? Entity 1: 'AF-S FX 24-85MM F3.5-4.5G ED VR'. Entity 2: 'TISSOT HERITAGE VISODATE QUARTZ T118.410.11.057.00 (T118.410.11.057.00)'.,No,61306190#56904801_original
"Do the two product descriptions refer to the same real-world product? Entity 1: 'Corsair ML140 PRO LED Rød, 140mm Vifte'. Entity 2: 'Corsair ML1 40 Pro LED, Red, 140mm P remium Magnetic Levitation Fan'.",Yes,74659398#29553137_left_original_right_augmented
Do the two product descriptions refer to the same real-world product? Entity 1: 'Epson - Premium Semi-Gloss Photo Paper - A4 - 20 Fogli - C13S041332'. Entity 2: 'Epson A4 Premium Glossy Photo Paper'.,No,27043300#91929224_original
Do the two product descriptions refer to the same real-world product? Entity 1: 'APPLE - Airpods With Charging Case'. Entity 2: 'APPLE - AIRPODS WITH WIRELESS CHARGING CASE IN'.,No,16529934#55393360_original
Do the two product descriptions refer to the same real-world product? Entity 1: 'HyperX 16GB (1x16GB) 3200MHz CL16 Fur&'. Entity 2: 'Kingston HyperX Fury DDR4 3200MHz CL16 Ram'.,Yes,52993309#46987758_both_augmented
Do the two product descriptions refer to the same real-world product? Entity 1: 'DJI Mavic Air Car C harger'. Entity 2: 'DJI Drone Accessory CP.PT.00000120.01 Mavic Air Part 4 Car Charger Retail'.,Yes,62242636#95052001_left_augmented_right_original
Do the two product descriptions refer to the same real-world product? Entity 1: 'ASUS GeForce GTX 1660 SUPER DUAL EVO OC'. Entity 2: 'Asus GTX1660S 6GB Dual EVO'.,Yes,42779659#87317188_original
Do the two product descriptions refer to the same real-world product? Entity 1: 'Intel Core i3-7100 Dual-Core 3.9GHz LGA1151 (BX80677I37100)'. Entity 2: 'Intel Core i7-8700K Coffee Lake 6-Core 3.7 GHz (4.7 GHz Turbo) LGA 1151 (300 Series) 95W BX80684I78700K Desktop Processor Intel UHD Graphics 630'.,No,56383083#95781094_original
Do the two product descriptions refer to the same real-world product? Entity 1: 'TAG HEUER MONACO AUTOMATIC CHRONOGR APH'. Entity 2: 'Buy Quality Replica _ Heuer Monaco Steve McQueen Chronograph _ CAW211P. FC6356'.,Yes,43742368#70174967_both_augmented
Do the two product descriptions refer to the same real-world product? Entity 1: 'Daniel Wellington Horloge Classic Sheffield Rose DW001000E6'. Entity 2: 'Daniel Wellington Unisex Classic Sheffield 36mm Rose Gold Black DW00100036'.,Yes,26786850#35410623_left_augmented_right_original
Do the two product descriptions refer to the same real-world product? Entity 1: 'Logitech HD Pro Webcam C920 - webkamera'. Entity 2: 'Fujifilm Instax Square Film 20 Pack'.,No,25980770#34388814_original
"Do the two product descriptions refer to the same real-world product? Entity 1: 'Corsair Chassis, Carbide Series SPEC-OMEGA'. Entity 2: 'Traveler's Company 002. GRID REFILL MIDORI TRAVELER'S NOTEBOOK'.",No,70100785#29929454_original
"Do the two product descriptions refer to the same real-world product? Entity 1: 'Maxxis Maxxis High Roller II Tire: 27.5 x 2.50\"", Folding, 60tpi, 3C MaxxTerra, EXO, Tubeless Ready, Wide Trail, Black'. Entity 2: 'High Roller II Bike Tire: 29 x 2.50\"", Folding, 120tpi, 3C MaxxTerra, Double Down, Tubeless Ready, Wide Trail'.",No,45946412#56064924_original
"Do the two product descriptions refer to the same real-world product? Entity 1: 'C'. Entity 2: 'Chassis corsair, Carbide Series SPEC - OMEGA'.",Yes,97168711#70100785_both_augmented
Do the two product descriptions refer to the same real-world product? Entity 1: '0000006490| Canon EF-S 18-135mm f3.5-5.6 IS NANO USM Lens'. Entity 2: 'Canon EF - S 135 / 3. 5 - 5. 6 IS USM'.,Yes,49678723#43932865_left_original_right_augmented
Do the two product descriptions refer to the same real-world product? Entity 1: 'Buy Quality Replica Omega Seamaster Planet Ocean 600M Steel Chronometer Chronograph Watch 215.30.46.51.01.001'. Entity 2: '215.30.46.51.01.001 Omega Seamaster Planet Ocean Chronograph 45.5mm'.,Yes,31531912#30102415_original
Do the two product descriptions refer to the same real-world product? Entity 1: 'Carbide Series 275R Tempered Glass Mid-Tower Gaming CaseWhite'. Entity 2: 'Carbide 175R RGB Windowed Mid-Tower Case Tempered Glass'.,No,29204789#2952392_original
Do the two product descriptions refer to the same real-world product? Entity 1: 'Ubiquiti UniFi AP AC Pro Indoor / Outdoor Access Point 5 Pack'. Entity 2: 'TP-Link EAP225 Outdoor Access Point'.,No,38546562#42516046_original
Do the two product descriptions refer to the same real-world product? Entity 1: 'YD150XBBAEBOX AMD Ryzen 5 1500X Quad Core 3.50GHz 16MB L3 Cache Socket AM4 Processor. New Retail Factory Sealed With Full Manufacturer Warranty.'. Entity 2: 'ASUS Dual GeForce GTX 1660 6GB OC Edition EVO 192Bit GDDR5'.,No,64351459#48791418_original
"Do the two product descriptions refer to the same real-world product? Entity 1: 'HD 3,5 4TB 7200RPM IRONWOLF PRO 128 MB SATA3 SEAGATE'. Entity 2: 'Kingston Technology Canvas Select memory card 128 GB MicroSDXC Class 10 UHS-I'.",No,36425270#70702847_original
Do the two product descriptions refer to the same real-world product? Entity 1: 'AF-S FX 24-85MM F3.5-4.5G ED VR'. Entity 2: 'Nikon AF-S NIKKOR 24-85mm f/3.5-4.5 G ED VR Lens'.,Yes,61306190#619357_original
Do the two product descriptions refer to the same real-world product? Entity 1: 'Tag Heuer Carrera Quartz Chronograph Stainless Steel Watch CBG2A1Z.BA0658'. Entity 2: 'TAG Heuer Carrera Automatic Blue Dial Men's CBK2112.BA0715'.,No,42181153#11406200_original
"Do the two product descriptions refer to the same real-world product? Entity 1: 'DDR4 Vengeance LPX 16GB/3200(2*8GB) CL16-18-18-36 BLACK 1,35VXMP 2.0'. Entity 2: 'Corsair Vengeance LPX 16GB(2x8GB)'.",Yes,76657775#88945662_original
Do the two product descriptions refer to the same real-world product? Entity 1: 'HPE 300GB 6G SAS 10K rpm SFF (2.5-inch) SC Enterprise 3yr Warranty HDD'. Entity 2: 'HP 300GB 6G SAS 10K rpm SFF (2.5-inch) SC Enterprise'.,Yes,87572356#79788718_original
"Do the two product descriptions refer to the same real-world product? Entity 1: 'Kingston Technology A400 2.5 \""240 GB Serial ATA III TLC'. Entity 2: 'RAM Mounts short arm for 1\"" ball'.",No,55136447#94106554_original
Do the two product descriptions refer to the same real-world product? Entity 1: 'Toner Original Oki Ciano (44844507)'. Entity 2: 'TAG Heuer Automatic Chronograph Watch CBG2A1Z.BA0658'.,No,57812056#18137846_original
Do the two product descriptions refer to the same real-world product? Entity 1: 'Cisco Catalyst WS-C2960X-24PD-L 24 Ports ManagedRack Mountable Switch'. Entity 2: 'Sony E-Mount FE 20mm f/1.8 Ultra Wide Angle G Lens'.,No,23351642#62089162_original
Do the two product descriptions refer to the same real-world product? Entity 1: 'Dron DJI Mavic 2 Pro'. Entity 2: 'Šilterica New Era Clean Trucker Chicago Bulls Cap'.,No,83992680#69406607_original
Do the two product descriptions refer to the same real-world product? Entity 1: 'TP-Link Omada AC1200 Wireless Dual Band Gigabit Outdoor Access Point'. Entity 2: 'WD 1TB My Passport Portable Storage USB 3.2 Gen 1 - Black - WDBYVG0010BBK-WESN'.,No,45880639#84821763_original
"Do the two product descriptions refer to the same real-world product? Entity 1: 'APC - USV APC SMT1000RMI2UCSMARTUPS 1000VA 2U 230V SmartC'. Entity 2: 'APC Smart-UPS SMT1000RMI2UC Noodstroomvoeding - 4x C13, USB, Rack Mountable, SmartConnect, 1000VA'.",Yes,10937592#15267149_left_augmented_right_original
"Do the two product descriptions refer to the same real-world product? Entity 1: 'DVR 8 canale, Tur bo HD, 6MP, PoC, Hikvis ion DS - 7208HQHI - K2 - P'. Entity 2: 'HK DVR TURBiHD 8ch DS - 7208HQnI - K2 / P'.",Yes,64536135#24052138_both_augmented
"Do the two product descriptions refer to the same real-world product? Entity 1: 'CORSAIR - Crystal 680X RGB White High Airflow, Tempered Glass'. Entity 2: 'Ubiquiti UniFi AP, AC, In Wall, 5-Pack'.",No,11149251#34532774_original
"Do the two product descriptions refer to the same real-world product? Entity 1: 'Pokémon TCG: Sword & Shield-Rebel Clash 3 Booster Packs, Coin & Rayquaza Promo Card'. Entity 2: 'PKM - Pokémon - Sword & Shield - Rebel Clash Booster'.",No,79334302#4486003_original
Do the two product descriptions refer to the same real-world product? Entity 1: 'Logitech H650e USB PC Headset'. Entity 2: 'Ubiquiti UniFi Video Camera G4 Pro (UVC-G4-PRO)'.,No,43189520#21670568_original
"Do the two product descriptions refer to the same real-world product? Entity 1: 'Crucial MX500 2TB 3D NAND SATA 2.5 Inch Internal SSD'. Entity 2: 'Crucial 2TB MX500 2.5"" 7mm SATA 6Gb/s SSD'.",Yes,52356483#91126559_original
"Do the two product descriptions refer to the same real-world product? Entity 1: 'Cartus toner Epson Discproducer PP-100AP, magenta'. Entity 2: 'EPSON Magenta ink cartridge Discproducer'.",Yes,30500904#96384448_original
Do the two product descriptions refer to the same real-world product? Entity 1: 'Sony SEL 30mm 3.5 Makro E-Mount'. Entity 2: 'ADAPTADOR INALAMBRICO TP-LINK/USB 2.0/N300/QSS/TL-WN821N'.,No,62945209#60088869_original
"Do the two product descriptions refer to the same real-world product? Entity 1: '_ AGGRESSOR 29X2. 3 EXO / TR'. Entity 2: 'Maxxis Maxxis Aggressor Tire - 29 x 2.3, Folding, Tubeless, Black, Dual, EXO'.",Yes,14639066#35599020_left_augmented_right_original
Do the two product descriptions refer to the same real-world product? Entity 1: 'SHIMANO RS500 SPD-SL road pedals'. Entity 2: 'WD 1TB My Passport Portable Hard Drive'.,No,68770838#43411151_original
Do the two product descriptions refer to the same real-world product? Entity 1: 'BenQ SW2 71 Pro 27in IPS LCD Monitor 4K UHD'. Entity 2: 'Monitor 27 S W271 LED 5ms / QHD / IPS / HD MI / DP / USB'.,Yes,64016107#22000442_both_augmented
"Do the two product descriptions refer to the same real-world product? Entity 1: 'Epson Seahorse Multipack 6-kleur T0487'. Entity 2: 'Epson T0487 Multipack (Black, Cyan, Magenta, _, Light Cyan, Light _ )'.",Yes,41456801#79707438_left_original_right_augmented
"Do the two product descriptions refer to the same real-world product? Entity 1: 'D1-TAPE 24MM X 7M BLACK ON WHITE IN'. Entity 2: 'Maxxis High Roller II 650b 27.5\"" Dual Compound EXO Folding Tubeless Ready Mountain Bike Tyre'.",No,12772810#70403624_original
Do the two product descriptions refer to the same real-world product? Entity 1: 'Crucial Crucial Memory 4GB DDR3L 1600 1.35V SODIMM Retail CT51264BF160BJ'. Entity 2: 'Kingston ValueRAM 4GB No Heatsink (1 x 4GB) DDR4 2400MHz SODIMM System Memory'.,No,36868284#7488025_original
Do the two product descriptions refer to the same real-world product? Entity 1: '8CH HIKVISION 4MP DVR HDMI TURBO 1080P DS-7208HQHI-K1'. Entity 2: 'Original Epson T1571 Photo Black Ink Cartridge'.,No,18331466#55645397_original
Do the two product descriptions refer to the same real-world product? Entity 1: 'Kingston HyperX Predator 32 GB - PC4-24000 - DIMM'. Entity 2: 'HyperX Predator 16GB - PC4-26600 - DIMM'.,No,66129710#87322400_original
Do the two product descriptions refer to the same real-world product? Entity 1: 'Canon EF-M 18-150mm f/3.5-6.3 IS STM (Black)'. Entity 2: 'Xerox Phaser 6000/6010 Black Toner'.,No,40876435#18835729_original
Do the two product descriptions refer to the same real-world product? Entity 1: 'Swiss Military Hanowa FLAGSHIP 06-5161.2.04.003 Herrenuhr'. Entity 2: 'Swiss Military Hanowa Flagship 06-5161.2.04.003'.,Yes,64511013#71716796_original
"Do the two product descriptions refer to the same real-world product? Entity 1: 'Maxxis Maxxis Aggressor Tire - 29 x 2.3, Folding, Tubeless, Black, Dual, EXO'. Entity 2: '32 Oz Wide Mouth With Flex Cap W32BTS001'.",No,35599020#58893463_original
Do the two product descriptions refer to the same real-world product? Entity 1: 'D'addario XTAPB1356XT Acoustic strings set Phosphor Bronze Medium 13-56'. Entity 2: 'D ' Ad dario XT Acoustic Phos phor Bronze Medium Guitar Strings 13 - 56'.,Yes,31149803#52948864_left_original_right_augmented
"Do the two product descriptions refer to the same real-world product? Entity 1: 'SanDisk PLUS SSD Hard Drive 2.5´´ internal, 480 GB, SATA, Black'. Entity 2: 'Zebra 800015-301 (Eltron) Black (K) Resin Ribbon - 1500 Prints'.",No,62318417#55031719_original
Do the two product descriptions refer to the same real-world product? Entity 1: 'Garmin Fenix 5S Plus GPS Watch Silver with Black Band'. Entity 2: 'C'.,Yes,7871753#65028129_left_original_right_augmented
Do the two product descriptions refer to the same real-world product? Entity 1: 'HPE 300GB 6G SAS 10K rpm SFF (2.5-inch) SC Enterprise 3yr Warranty HDD'. Entity 2: 'TP-Link T1700G-28TQ JetStream 24-Port Gigabit Stackable Smart Switch with 4 10GE SFP+ Slots'.,No,87572356#58763783_original
Do the two product descriptions refer to the same real-world product? Entity 1: 'Elixir 12-String Light 80/20 Bronze Nanoweb Acoustic'. Entity 2: 'SRAM PG-1170 11-Speed Cassette (11-25T)'.,No,830512#9767156_original
"Do the two product descriptions refer to the same real-world product? Entity 1: 'SanDisk 480GB SSD Plus int 2.5\"" SATA3 SSD (SDSSDA-480G-G26) (Local Warranty with 3years with Local Distributor)'. Entity 2: 'SanDisk SSD Plus 120GB 240GB 530MB/s 480GB 1TB 535MB/sSolid State Drive (120GB)'.",No,49067884#60638240_original
Do the two product descriptions refer to the same real-world product? Entity 1: 'RAM Dual Suction Cup Base'. Entity 2: 'HP 900GB 6G SAS 10K 900 SAS 16 MB Cache 2.5-Inch Internal Bare or OEM Drives 619291-B21'.,No,26009855#66047716_original
Do the two product descriptions refer to the same real-world product? Entity 1: 'Orologio Garmin Fenix 6 010 - 02157 - _ Fēnix 6X _'. Entity 2: 'Garmin fenix 6X _ Black Silicone Strap Smart Watch'.,Yes,36027066#61296263_both_augmented
Do the two product descriptions refer to the same real-world product? Entity 1: 'Xerox Phaser 7760 Yellow Toner 106R01162'. Entity 2: 'Obiectiv foto CANON EF-S 10-18mm f/4.5-5.6 IS STM'.,No,61066243#14345451_original
Do the two product descriptions refer to the same real-world product? Entity 1: 'TISSOT SEASTAR 1000 CHRONOGRAPH T120.417.17.041.00 (T120.417.17.041.00)'. Entity 2: 'Tissot Seastar 1000 Men's Black Rubber Strap Watch'.,Yes,3495669#81870804_original
Do the two product descriptions refer to the same real-world product? Entity 1: 'D1 - TAPE 24MM X _ BLACK ON WHITE IN'. Entity 2: 'Dymo 53713 Black On White - 24mm'.,Yes,12772810#89243104_left_augmented_right_original
"Do the two product descriptions refer to the same real-world product? Entity 1: 'Logitech H151 Wired Headset, Stereo Headphones with Rotating Noise-Cancelling Microphone, 3.5 mm Audio Jack'. Entity 2: 'ASUS Prime X570-P ATX Motherboard - Socket AM4 - AMD X570 - USB 3.2 Gen 3'.",No,75799899#49058519_original
Do the two product descriptions refer to the same real-world product? Entity 1: 'Hhdro Flask 32 oz Wide Mouth Vlex Cap Bottle in Sunflower'. Entity 2: 'Sunflower 32oz. Wide Mouth Water Bottle'.,Yes,11665937#46741147_left_augmented_right_original
Do the two product descriptions refer to the same real-world product? Entity 1: 'WEBCAM LOGITECH C270 HD 720P'. Entity 2: 'LOGITECH - HD WEBCAM C310 - USB - EMEAIN'.,No,80963811#65372331_original
"Do the two product descriptions refer to the same real-world product? Entity 1: 'Blaze 40 - Inch 5 - Burner LTE Built - In Liquid Propane Grill Gas With Rear Burner Infrared Grill & Lights'. Entity 2: 'Blaze 40\"" Stainless Steel 5 Burner LTE Built-In Gas Grill w/ Rear Burner BLZ-5LTE2'.",Yes,87046884#92704095_left_augmented_right_original
Do the two product descriptions refer to the same real-world product? Entity 1: 'Ernie Ball Hybrid Slinky 9-46'. Entity 2: '2222 HYBRID 9 / 46 Ernie Ball'.,Yes,57255527#2392632_left_original_right_augmented
Do the two product descriptions refer to the same real-world product? Entity 1: 'Epson Premium Glossy Photo Paper 13x18cm'. Entity 2: 'Park Tool PH-1.2 P-Handle Hex Wrench Set - Tool Set'.,No,71230660#12750791_original
Do the two product descriptions refer to the same real-world product? Entity 1: 'SanDisk Extreme Pro SD Card 32GB 300MB/s UHS-II'. Entity 2: 'SanDisk 32GB Extreme Pro SDSDXPK-032G-GN4IN SDHC Memory Card C10'.,Yes,3420227#60624891_original
"Do the two product descriptions refer to the same real-world product? Entity 1: 'RAM Long Length Double Socket Arm for 1.5\"" Balls'. Entity 2: 'Jabra EVOLVE 65 UC Mono Bluetooth Headset'.",No,39417365#4284864_original
Do the two product descriptions refer to the same real-world product? Entity 1: 'Midori ' s Notebook - 012 Sketch Paper Notebook'. Entity 2: 'Traveler's Notebook Refill - Sketch Paper'.,Yes,25945492#10557104_left_augmented_right_original
Do the two product descriptions refer to the same real-world product? Entity 1: 'Manfrotto MVH500AH Lightweight Video Head with Flat Base'. Entity 2: 'MVH500AH FLUID VIDEO HEAD W/FLAT BASE'.,Yes,64607522#91625850_original
Do the two product descriptions refer to the same real-world product? Entity 1: 'D-Link Switch 24 Puertos- Red'. Entity 2: 'Park Tool PH-1.2 P-Handle Hex Wrench Set - Tool Set'.,No,51810284#12750791_original
Do the two product descriptions refer to the same real-world product? Entity 1: 'TRAVELERS REFILL KRAFT PAPER NOTEBOOK 14365006-014'. Entity 2: '014 Traveler's Notebook Regular- Refill - Kraft Paper Notebook'.,Yes,56619455#61787029_original
Do the two product descriptions refer to the same real-world product? Entity 1: 'Maxxis High Roller II MaxxTerra Tire (WT) (3C/EXO/TR) (27.5 x 2.40) (Folding)'. Entity 2: 'Cheap Replica Audemars Piguet Royal Oak Offshore Chronograph Watch 26470ST.OO.A099CR.01'.,No,41191422#30674519_original
Do the two product descriptions refer to the same real-world product? Entity 1: 'WEBCAM LOGITECH C270 HD 720P'. Entity 2: 'Canon EF-S 55-250 f4-5.6 IS STM'.,No,80963811#3807651_original
Do the two product descriptions refer to the same real-world product? Entity 1: 'Processador Amd Am4 Ryzen R5-2400g 3.9ghz 6mb'. Entity 2: 'UNPKG RAM DBL SOCKET ARM B BALL C LENGTH'.,No,77356650#61791022_original
"Do the two product descriptions refer to the same real-world product? Entity 1: 'YD260XBCAFBOX - AMD AM4 Ryzen 5 2600X, 6x 3.60GHz, boxed'. Entity 2: 'CRUCIAL - DDR3 8GB 1600Hz CL11 Unbuffered CT102472BD160B'.",No,83152267#36133874_original
Do the two product descriptions refer to the same real-world product? Entity 1: 'Cooler Master MasterCase H500 Mid Tower PC Case'. Entity 2: 'OBUDOWA COOLER MASTER MASTERCASE H500M MIDI TOWER Z OKNEM BEZ PSU WENTYLATOR LED ARGB'.,No,76569969#81628037_original
Do the two product descriptions refer to the same real-world product? Entity 1: 'Mavic 2 Part11 Car Charger'. Entity 2: 'WS-C2960-24TT-L Cisco Catalyst WS-C2960-24TT-L Switch'.,No,15306268#6930754_original
Do the two product descriptions refer to the same real-world product? Entity 1: 'Kingston 4GB DDR3 1600MHz HyperX Fury Black Series'. Entity 2: 'APC UPS 1KVA Tower UPS SMT1000I'.,No,8315719#89102922_original
Do the two product descriptions refer to the same real-world product? Entity 1: 'Jabra BIZ 2400 Mark II - 3-in-1 Mono Headset'. Entity 2: 'Jabra BIZ 2400 II 3-in-1 Mono IP Headset top only'.,No,81069691#43780660_original
Do the two product descriptions refer to the same real-world product? Entity 1: 'Western Western Digital Digital 2TB Blue'. Entity 2: '_ digital wd blue - hdd - 2 tb - interno - 3. 5 - _ 6Gb / s - 5400 rpm - buffer: _ mb'.,Yes,66768594#27923177_both_augmented
Do the two product descriptions refer to the same real-world product? Entity 1: 'Brother HL-L8360CDW Colour Wireless Laser Printer'. Entity 2: 'Epson T7891 Black Cart - Compatible'.,No,81351830#75384375_original
Do the two product descriptions refer to the same real-world product? Entity 1: 'Cooler Master Hyper H411R CPU Cooler RR-H411-20PW-R1 | PCByte'. Entity 2: 'Disco SSD Crucial BX500 120GB 3D TLC SATA III'.,No,90916504#71555853_original
"Do the two product descriptions refer to the same real-world product? Entity 1: 'ASUS AMD ATX ROG _ B550 F Gaming Motherboard AM4 Dual DDR4, HDMI, _ M. 2'. Entity 2: 'ASUS Scheda Madre ROG STRIX B550 - GAMING F'.",Yes,77926243#2208630_both_augmented
Do the two product descriptions refer to the same real-world product? Entity 1: 'Samsung 1TB SSD 970 EVO NVMe M.2'. Entity 2: 'Miška Razer Viper Ultimate Wireless'.,No,7437957#37387828_original
Do the two product descriptions refer to the same real-world product? Entity 1: '_ TUF _ TUF 3 - RX5700XT - O8G - GAMING Radeon RX 5700 XT 8 GB GDDR6'. Entity 2: 'ASUS Radeon RX 5700 XT TUF OC 8GB GDDR6'.,Yes,67318157#29064292_left_augmented_right_original
Do the two product descriptions refer to the same real-world product? Entity 1: 'HyperX FURY - DDR3 - 8 GB: 2 x 4 GB - DIMM 240-pin - unbuffered'. Entity 2: 'EPSON Magenta ink cartridge Discproducer'.,No,68731207#96384448_original
Do the two product descriptions refer to the same real-world product? Entity 1: 'SanDisk SD Extreme V30 - I C10 - 128GB'. Entity 2: 'SANDISK EXTREME SDAC 128GB 150MB / S C10 U3'.,Yes,24802094#83274921_both_augmented
"Do the two product descriptions refer to the same real-world product? Entity 1: 'Corsair ML140 PRO RGB LED 140MM PWM Premium Magnetic Levitation Fan - Single Pack'. Entity 2: 'Corsair ML140 Pro 14cm PWM RGB Case Fan, Magnetic Levitation Bearing'.",Yes,97634734#15774916_original
Do the two product descriptions refer to the same real-world product? Entity 1: 'Epson Premium Glossy Photo Paper 13x18cm'. Entity 2: 'EPSON Premium Glossy Photo Paper A4/30ks'.,No,71230660#12051271_original
"Do the two product descriptions refer to the same real-world product? Entity 1: 'EPSON Premium Glossy Photo Paper A4/30ks'. Entity 2: 'Garmin fenix5 Gray Optic, Black band'.",No,12051271#53521572_original
Do the two product descriptions refer to the same real-world product? Entity 1: 'Gigabyte GeForce GTX 1650 Super OC'. Entity 2: 'Omega Seamaster Planet Ocean Automatic Chronograph Two-Tone Rubber Watch 215.32.46.51.01.001'.,No,60571140#84528711_original
Do the two product descriptions refer to the same real-world product? Entity 1: 'Shimano M05 Disc Brake Pads (Deore) (Resin)'. Entity 2: 'Genuine Epson C13T616400 Yellow Ink Cartridge (T6164YOEM)'.,No,4484537#75157949_original
"Do the two product descriptions refer to the same real-world product? Entity 1: 'RAZER MAMBA ELITE ERGONOMIC WIRED GAMING MOUSE'. Entity 2: 'Mouse Gaming RAZER Mamba Elite, 16000 dpi, negru'.",Yes,83362334#1283491_original
"Do the two product descriptions refer to the same real-world product? Entity 1: 'RAM Mount Double Socket Clamp Arm - SHORT - for 1.5\"" C Size Balls'. Entity 2: 'RAM® 3\"" Double Ball Arm for 1.5\"" Ball'.",Yes,77338417#61794834_original
Do the two product descriptions refer to the same real-world product? Entity 1: 'Xerox Phaser / 6010 Black Toner'. Entity 2: 'Xerox Toner 106R01634 black 6000 2000str.'.,Yes,18835729#56884127_both_augmented
"Do the two product descriptions refer to the same real-world product? Entity 1: 'Evans 14\"" TT14EC2S Clear Drum Head'. Entity 2: 'APC APCRBC117 Replacement Battery Cartridge #117'.",No,5519409#62368315_original
Do the two product descriptions refer to the same real-world product? Entity 1: 'WD My Passport - 1 TB'. Entity 2: 'SANDISK FLASH CRUZER GLIDE 64GB'.,No,13238453#47389275_original
Do the two product descriptions refer to the same real-world product? Entity 1: 'SANDISK EXTREME PRO SDXC 256GB V30 UHS-I U3 - SDSDXXY-256G-GN4IN'. Entity 2: 'EXTREME PRO SDXC 256GB 170MB / S C10 U3'.,Yes,20900807#92318972_left_original_right_augmented
"Do the two product descriptions refer to the same real-world product? Entity 1: 'Pokemon TCG:Sword and Shield Rebel Clash Three Booster Blister- Dural'. Entity 2: 'TCG pokémon: Sword & Shield - Clash Rebel 3 Booster Packs, Coin & Rayquaza Promo Card'.",Yes,17465629#79334302_left_original_right_augmented
Do the two product descriptions refer to the same real-world product? Entity 1: 'C'. Entity 2: 'CANON EF 100mm/2.8L macro IS USME67'.,Yes,7274546#88027729_left_augmented_right_original
"Do the two product descriptions refer to the same real-world product? Entity 1: 'RAM Torque 28mm - E8mm Handlebar & Raol Base 1. 5 \ "" Ball'. Entity 2: 'RAM Handlebar Rail Mount 1.125 - 1.5\"" C (RAM-408-112-15U)'.",Yes,53451198#63741667_left_augmented_right_original
Do the two product descriptions refer to the same real-world product? Entity 1: 'Memoire DDR3 Crucial 4GB DDR3 1600 MT/S (PC3-12800)'. Entity 2: 'Cooler Master MasterCase H500 Mid Tower PC Case'.,No,48138837#76569969_original
"Do the two product descriptions refer to the same real-world product? Entity 1: 'Catalyst 2960 - X 24 PoE GigE 370W, 2 10G x SFP +, LAN Base'. Entity 2: 'Cisco Catalyst WS - C2960X - 24PD - L 24 ManagedRack Switch'.",Yes,45014189#23351642_both_augmented
Do the two product descriptions refer to the same real-world product? Entity 1: 'Gigabyte GeForce NVIDIA GTX 1650 4GB D6 OC Turing Card Graphics'. Entity 2: 'Karta VGA Gigabyte GeForce GTX 1650 OC 4GB GDDR6 128bit DVI+HDMI+DP PCIe3.0'.,Yes,48293393#12853731_left_augmented_right_original
"Do the two product descriptions refer to the same real-world product? Entity 1: 'RAM® 3\"" Double Ball Arm for 1.5\"" Ball'. Entity 2: 'RAM® Composite Double Socket Arm'.",No,61794834#18456007_original
Do the two product descriptions refer to the same real-world product? Entity 1: 'SanDisk CFast 2. 0 64GB Card | Read 525 MB / s | Write 430MB / s | 4K Video'. Entity 2: 'Sandisk Extreme Pro 64GB VFast 2. 0'.,Yes,81920536#87998765_both_augmented
Do the two product descriptions refer to the same real-world product? Entity 1: 'Deore XT RD-M786-SGS - Shadow - rear derailleur'. Entity 2: 'Mens Daniel Wellington St Mawes 40mm Watch DW00100006'.,No,17172533#42604445_original
Do the two product descriptions refer to the same real-world product? Entity 1: 'Razer Viper Mini Ambidextrous Optical RGB Gaming Mouse'. Entity 2: 'Razer Viper Mini Ultra-Lightweight USB RGB Optical Gaming Mouse (RZ01-03250100-R3M1)'.,Yes,18147366#48102422_left_augmented_right_original
"Do the two product descriptions refer to the same real-world product? Entity 1: 'Placa video Gigabyte 5500 XT OC 8GB GDDR6, 128 - bit'. Entity 2: 'Gigabyte AMD Radeon RX 5500 XT OC 8GB HDDR6 RDNS PCIe 4. 0 Graphics Card'.",Yes,14576497#88855243_both_augmented
Do the two product descriptions refer to the same real-world product? Entity 1: 'Apple - AirPods with Wireless Charging Case (Latest Model) - White'. Entity 2: 'Apple AirPods with Charging Case (Latest Model) from Apple Computer'.,No,35759560#87281733_original
"Do the two product descriptions refer to the same real-world product? Entity 1: 'Cisco Catalyst 2960-X | WS-C2960X-24TD-L Catalyst 2960X 24 port 10/100/1000, 2 x 10G SFP+, LAN Base'. Entity 2: 'W'.",Yes,12032039#16421267_left_original_right_augmented
Do the two product descriptions refer to the same real-world product? Entity 1: 'Logitech BRIO 4K Ultra HD webcam'. Entity 2: 'Logitech BRIO 4K HD Ultra webcamweb camera'.,Yes,6978466#81524454_left_original_right_augmented
Do the two product descriptions refer to the same real-world product? Entity 1: 'Samsung Portable SSD T7 Touch 2TB - Zwart'. Entity 2: 'Samsung Portable SSD T7 Touch - Black - 2TB'.,Yes,23211539#30526558_original
Do the two product descriptions refer to the same real-world product? Entity 1: 'Epson Premium Glossy A3 20 sheets'. Entity 2: 'Audio Technica ATH-M40x Professional Monitor Audiophile Headphones'.,No,81349254#82830386_original
Do the two product descriptions refer to the same real-world product? Entity 1: 'TISSOT T091.420.46.051.01 T-TOUCH Expert Solar'. Entity 2: 'Tissot T-Touch Expert Solar Men's Watch - T0914204605101'.,Yes,7180445#57141050_original
Do the two product descriptions refer to the same real-world product? Entity 1: 'TAG Heuer Formula 1 43mm Mens Watch WAZ2011.BA0842'. Entity 2: 'Kingston 32GB DDR4 3000MHz Kit(2x16GB) HyperX Predator Intel XMP'.,No,49810009#54377216_original
Do the two product descriptions refer to the same real-world product? Entity 1: 'Cooler Master MasterCase H500 ARGB Mesh Mid Tower ATX C ase TG MCM - H500 - IG NN - S01 | PCByte'. Entity 2: 'Cooler Master MasterCase H500 Mid Tow$r PC Case'.,Yes,84249757#76569969_both_augmented
Do the two product descriptions refer to the same real-world product? Entity 1: 'Xerox Toner 106R01634 black Phaser 6000 2000str.'. Entity 2: 'Asus ROG Strix X570-F Gaming ATX - motherboard'.,No,56884127#31886989_original
Do the two product descriptions refer to the same real-world product? Entity 1: 'SANDISK EXTREME PRO SDXC 256GB V30 UHS-I U3 - SDSDXXY-256G-GN4IN'. Entity 2: 'SanDisk SD Extreme V30 U3 UHS-I C10 - 128GB'.,No,20900807#24802094_original
Do the two product descriptions refer to the same real-world product? Entity 1: 'Sunflower 32oz. Wide Mouth Water Bottle'. Entity 2: 'Ubiquiti UniFi AP AC Mesh PRO 802.11ac Dual Radio Indoor/Outdoor access point - 1750Mbps 5 pack no PoE'.,No,46741147#86924416_original
Do the two product descriptions refer to the same real-world product? Entity 1: 'Daniel Wellington Classic Sheffield Men 40mm Quartz Watch 020%DW'. Entity 2: '_ Wellington - Classic Sheffield Silver - 40mm'.,Yes,62422382#52851091_both_augmented
Do the two product descriptions refer to the same real-world product? Entity 1: 'Seagate Lacie 2TB 2.5 Rugged Portable Thunderbolt Type C'. Entity 2: 'LaCie - Lacie Rugged USB - C Hard Drives - 5TB'.,Yes,98793471#85887866_left_original_right_augmented
Do the two product descriptions refer to the same real-world product? Entity 1: 'Original Epson T1571 Photo Black Cartridge Ink'. Entity 2: 'Epson Tinte schwarz-photo f. R3000'.,Yes,55645397#10229909_left_augmented_right_original
Do the two product descriptions refer to the same real-world product? Entity 1: 'Garmin VENU Smartwatch Black 010-02173-12 Leather Strap'. Entity 2: 'Switch D-Link DGS-1210-24 20 p 10 / 100 / 1000 Mbps 4 x SFP'.,No,21469105#23055402_original
Do the two product descriptions refer to the same real-world product? Entity 1: 'Brother MFC-L2710DW - multifunction printer - B/W'. Entity 2: 'Brother Monochrome Compact Laser - All in - One with Printer Duplex Printing and Wireless Networking'.,Yes,67275979#54829738_left_original_right_augmented
Do the two product descriptions refer to the same real-world product? Entity 1: 'Swiss Military Hanowa Immersion 06-4226.30.003.03'. Entity 2: 'Swiss Military Hanowa Flagship 06-5161.2.04.003'.,No,58599683#71716796_original
Do the two product descriptions refer to the same real-world product? Entity 1: 'Daniel Wellington Classic Sheffield Men 40mm Quartz Watch 0206DW'. Entity 2: 'Daniel Wellington - Classic Sheffield Silver - 40mm'.,Yes,62422382#52851091_original
Do the two product descriptions refer to the same real-world product? Entity 1: 'Ext. HDD LaCie Mobile Drive 2TB USB-C'. Entity 2: 'Corsair Vengeance LPX 16GB DDR4 2400MHz(CMK16GX4M1A2400C14)'.,No,81439789#31803140_original
Do the two product descriptions refer to the same real-world product? Entity 1: '0000006490| Canon EF-S 18-135mm f3.5-5.6 IS NANO USM Lens'. Entity 2: 'Crucial Crucial Memory 4GB DDR3L 1600 1.35V SODIMM Retail CT51264BF160BJ'.,No,49678723#36868284_original
Do the two product descriptions refer to the same real-world product? Entity 1: 'Seastar 1000 Powermatic 80 - T120.407.11.051.00'. Entity 2: 'TISSOT T1204071105100 Seastar Powermatic 80'.,Yes,81356812#9748896_original
Do the two product descriptions refer to the same real-world product? Entity 1: 'TP-Link EAP110 Auranet Access Point 300Mps'. Entity 2: 'Epson - Ink Cartridge Black 10K'.,No,75297744#29914496_original
Do the two product descriptions refer to the same real-world product? Entity 1: 'TP-Link EAP110 Auranet Access Point 300Mps'. Entity 2: 'Cooler Master MasterBox Lite 5 Mid Tower Case'.,No,75297744#23276195_original
Do the two product descriptions refer to the same real-world product? Entity 1: 'Audio Technica Headphones Air Dynamic Series ATH-AD500X'. Entity 2: 'Headset Audio-Technica ATH-M50X'.,No,56574761#3764542_original
Do the two product descriptions refer to the same real-world product? Entity 1: 'APC Smart-UPS SRT 3000VA RM 230V SRT3000RMXLI'. Entity 2: 'APC Smart-UPS SRT 6000VA RM 230V'.,No,61195551#1017836_original
Do the two product descriptions refer to the same real-world product? Entity 1: 'LOGITECH - HD WEBCAM C310 - USB - EMEAIN'. Entity 2: 'Logitech C920 USB HD Pro Webcam with Auto-Focus and Microphone'.,No,65372331#74722865_original
Do the two product descriptions refer to the same real-world product? Entity 1: 'Cartucho ti nta negro l epson t7031 - 24ml - big ben - para wp - 4595 dnf / d twf / 4535dwf / 4525dnf / 45 15dn / 4095dn / 4025dw /'. Entity 2: 'Epson Blekk Svart T7031 L - WP4000/4500'.,Yes,18289538#62242632_left_augmented_right_original
"Do the two product descriptions refer to the same real-world product? Entity 1: 'Apple 10. 5 - incJ iPad Air Wi ‑ Fi W56GB - Silver - MUUR2FD / A'. Entity 2: '_ iPad Air Wi - Fi 256 GB Silver - _. 5 \ "" _ - A12 26. 67cm - Display'.",Yes,30419251#30143469_both_augmented
Do the two product descriptions refer to the same real-world product? Entity 1: 'TISSOT T091.420.46.051.01 T-TOUCH Expert Solar'. Entity 2: 'HyperX Predator 16GB - PC4-26600 - DIMM'.,No,7180445#87322400_original
Do the two product descriptions refer to the same real-world product? Entity 1: 'M'. Entity 2: 'MVH500AH FLUID VIDEO HEAD W / FLAT BA SE'.,Yes,64607522#91625850_both_augmented
Do the two product descriptions refer to the same real-world product? Entity 1: 'Sigma 105mm F1.4 Art DG HSM EOS Mount Lens'. Entity 2: 'Sigma 35mm F1.4 DG Art HSM EOS Mount Lens'.,No,97657130#26301462_original
"Do the two product descriptions refer to the same real-world product? Entity 1: 'RAM Mounts short arm for 1\"" ball'. Entity 2: 'Jabra EVOLVE 65 UC Mono Bluetooth Headset'.",No,94106554#4284864_original
Do the two product descriptions refer to the same real-world product? Entity 1: 'TURBO HD DVRDS-7216HQHI-K1 1080P'. Entity 2: 'DS-7204HQHI-K1 Turbo HD DVR'.,No,79475473#69996428_original
Do the two product descriptions refer to the same real-world product? Entity 1: 'Kingston HyperX Fury 4GB DDR3 1600MHz CL10 Ram'. Entity 2: 'Daniel Wellington Classic Sheffield Rose 40mm -rannekello DW00100007'.,No,21463573#77020269_original
"Do the two product descriptions refer to the same real-world product? Entity 1: 'Samsung UH46F5 46\"" LED Full HD Nero display professionale'. Entity 2: 'Samsung LH46UHFCLBB - 116,8 cm (46\"") - LED - 1920 x 1080 Pixel - 700 cd/m² - Full HD - 8 ms'.",Yes,35424032#11708101_original
"Do the two product descriptions refer to the same real-world product? Entity 1: 'Western Digital Blue PC SSD 2.5\"" 7mm 250GB'. Entity 2: 'Western Digital (WDC) 250GB 2.5\"" SATA SSD Blue 7mm Cased'.",Yes,34301207#62287971_original
Do the two product descriptions refer to the same real-world product? Entity 1: 'EF canon - S 55 - 250 f4 - 5. IS 6 STM'. Entity 2: 'Canon EF-S 55-250mm f/4-5.6 IS STM'.,Yes,3807651#61201533_left_augmented_right_original
"Do the two product descriptions refer to the same real-world product? Entity 1: 'Jabra BIZ 2400 - Mic. 82 NC, Wideband'. Entity 2: 'BIZ 2400 II Duo IP Flex'.",Yes,7383990#78989521_left_augmented_right_original
Do the two product descriptions refer to the same real-world product? Entity 1: 'Asus TUF X470-Plus Gaming Socket AM4 ATX AMD'. Entity 2: 'ASUS TUF X470 Plus Gaming with Aura Sync RGB LED lighting AM4 DDR4 HDMI DVI M.2 ATX Motherboard'.,Yes,36532408#38818158_original
Do the two product descriptions refer to the same real-world product? Entity 1: 'Brother HL-L8360CDW Colour Wireless Laser Printer'. Entity 2: 'HL brother - L8360CDW Laser Printer'.,Yes,81351830#5137860_left_original_right_augmented
Do the two product descriptions refer to the same real-world product? Entity 1: 'DJI Drone Accessory CP.PT.00000120.01 Mavic Air Part 4 Car Charger Retail'. Entity 2: 'APPLE - AIRPODS WITH CHARGING CASEIN'.,No,95052001#97396039_original
Do the two product descriptions refer to the same real-world product? Entity 1: 'WD 1TB My Passport Portable Storage USB 3.2 Gen 1 - Black - WDBYVG0010BBK-WESN'. Entity 2: 'Western Digital WD My Passport Portable HDD 4TB Black'.,No,84821763#68891313_original
Do the two product descriptions refer to the same real-world product? Entity 1: '_ Instax Mini Rainbow (10 sheets) Film'. Entity 2: 'Fujifilm Instax mini Rainbow film 10 pack'.,Yes,67556867#46246978_left_augmented_right_original
Do the two product descriptions refer to the same real-world product? Entity 1: 'CanoG 24 - 70mm f / 2. 8L II USM EF kens'. Entity 2: 'AF - S NIKKOR FX 50mm F1. 8G Lens'.,Yes,12432797#32885383_both_augmented
Do the two product descriptions refer to the same real-world product? Entity 1: 'Daniel Wellington Mens Classic Sheffield 40mm Rose Gold DW00100007'. Entity 2: 'Daniel Wellington Classic Sheffield Rose 40mm -rannekello DW00100007'.,Yes,41987114#77020269_left_augmented_right_original
Do the two product descriptions refer to the same real-world product? Entity 1: 'Brother HL-L5200DW Laser Printer'. Entity 2: 'Brother HL-L6200DW Business Laser Printer'.,No,53641305#90603941_original
Do the two product descriptions refer to the same real-world product? Entity 1: 'LOGITECH Logitech USB Headset H390'. Entity 2: 'LOGITECH Corded USB Headset H540 - USB - EMEA'.,No,57337098#78504458_original
"Do the two product descriptions refer to the same real-world product? Entity 1: '2 RAM. \ 25 "" Ball with 2 U - Bolts (RAM - D - 235U )'. Entity 2: 'RAM Double U - Bolt Base with D Size 2. _ \ "" Ball for Rails _ 0. 75 \ "" to 1. _ \ "" in Diameter - RAM - D - _'.",Yes,51919374#75462645_both_augmented
Do the two product descriptions refer to the same real-world product? Entity 1: 'A'. Entity 2: 'TP-Link 300Mbps Wireless N Ceiling Mount Access Point with Passive PoE (EAP115)'.,Yes,32328366#32658304_left_augmented_right_original
Do the two product descriptions refer to the same real-world product? Entity 1: 'Garmin Fenix 5X Plus Sapphire Black Rubber Strap 010-01989-01'. Entity 2: '8CH HIKVISION 4MP DVR HDMI TURBO 1080P DS-7208HQHI-K1'.,No,52404977#18331466_original
Do the two product descriptions refer to the same real-world product? Entity 1: 'New York Yankees New Era Navy League 9FORTY Adjustable Hat - Men - Navy Blue'. Entity 2: 'Czapka New Era 39THIRTY New York Yankees - 10298279'.,No,95671075#81603750_original
"Do the two product descriptions refer to the same real-world product? Entity 1: 'Samsung 860 PRO 2.5\"" 1000 GB Serial ATA III 3D MLC'. Entity 2: 'RAM-B-149ZU - RAM Handlebar Rail Mount with Zinc Coated U-Bolt Base for Rails from 0.5\"" to 1.25\"" in Diameter'.",No,29714425#53660770_original
Do the two product descriptions refer to the same real-world product? Entity 1: 'LOGITECH AURICULARES H650E STEREO USB'. Entity 2: 'Western Digital My Book Micro-USB B 3.0 (3.1 Gen 1) 3000GB N'.,No,82676601#47251006_original
"Do the two product descriptions refer to the same real-world product? Entity 1: 'Asus MBTUF B450M-Plus Gaming / AM4 / B450 / m.2 / mATX'. Entity 2: 'Motherboard Asus TUF B450M-PLUS GAMING, AM4, USB 3.1, SATA 6GB/S'.",Yes,73315956#73180792_original
"Do the two product descriptions refer to the same real-world product? Entity 1: 'RAM Motorcycle frake / Clutch Reservlir & Handlebar Ball Base / B SiAe / RAM - B - 309 - 7U'. Entity 2: 'RAM Motorcycle Combination Base for Handlebar or Brake/Clutch Reservoir with 1\"" ...'.",Yes,89814977#54550733_left_augmented_right_original
Do the two product descriptions refer to the same real-world product? Entity 1: 'Buy Quality Replica Tag Heuer Monaco Steve McQueen Chronograph Watch CAW211P.FC6356'. Entity 2: 'Samsung 970 EVO Plus 250GB SSD'.,No,70174967#9016004_original
Do the two product descriptions refer to the same real-world product? Entity 1: 'Pokemon TCG: Sword & Shield Boosters'. Entity 2: 'Daniel Wellington - Classic St Mawes Rose Gold - 40mm'.,No,21044132#33365078_original
"Do the two product descriptions refer to the same real-world product? Entity 1: 'Ubiquiti Networks UVC-G3-LED security camera accessory'. Entity 2: 'UBIQUITI - UVC G3 Bullet Camera, 3-pack'.",No,34583798#84429009_original
Do the two product descriptions refer to the same real-world product? Entity 1: 'WS-C2960X-24TD-L Cisco Catalyst 2960X Network Switch (New)'. Entity 2: 'Cisco Catalyst WS-C2960X-24PD-L 24 Ports ManagedRack Mountable Switch'.,No,16421267#23351642_original
Do the two product descriptions refer to the same real-world product? Entity 1: 'Logitech G G402 Hyperion Fury Oyuncu Mouse 910-004068'. Entity 2: 'LOGITECH | G402 Fury Hyperion FPS Gaming Mouse | 910 004068 -'.,Yes,50160182#23828624_left_original_right_augmented
"Do the two product descriptions refer to the same real-world product? Entity 1: 'Western Digital 2.5\"" Red 1To SATA 6'. Entity 2: 'W'.",Yes,8281130#47814705_left_original_right_augmented
Do the two product descriptions refer to the same real-world product? Entity 1: '21 oz Standard Mouth With Standard S21SX306'. Entity 2: 'SSD TRANSCEND SSD230S 128Gb 3D NAND SATA 3 Aluminium (TS128GSSD230S)'.,No,9069903#84514463_original
Do the two product descriptions refer to the same real-world product? Entity 1: 'Epson A3 Premium Glossy Photo Paper 255gsm (Pack of 20) C13S041315'. Entity 2: 'Ubiquiti Networks UVC-G3-LED security camera accessory'.,No,71490927#34583798_original
Do the two product descriptions refer to the same real-world product? Entity 1: 'DJI Accessory CP.PT.000562 Mavic Part 6 Car Charger Retail'. Entity 2: 'DJI Pro automobilinis įkroviklis / Car Charger'.,Yes,58902636#18922461_left_original_right_augmented
Do the two product descriptions refer to the same real-world product? Entity 1: 'AMD Ryzen 5 2600X - 4.25 GHz - 6-core - 12 threads - 19 MB cache - Socket AM4 - Box'. Entity 2: 'Corsair ML140 140mm PWM Premium Magnetic Levitation Fan - Twin Pack'.,No,25725051#33078108_original
Do the two product descriptions refer to the same real-world product? Entity 1: 'HyperX _ - DDR3 - 8 GB: 2 x 4 _ - DIMM 240 - pin - unbuffered'. Entity 2: 'DDR3 8GB PC1600 CL9 Kingston Hypk'.,Yes,68731207#64323838_left_augmented_right_original
"Do the two product descriptions refer to the same real-world product? Entity 1: 'Ubiquiti UniFi _ Camera G3 1080P 802. _ IP UVC - _ - BULLET - 3 3 Pack (No PoE Injectors )'. Entity 2: 'UBIQUITI - UVC G3 Bullet Camera, 3-pack'.",Yes,58970863#84429009_left_augmented_right_original
Do the two product descriptions refer to the same real-world product? Entity 1: 'APC Smart-UPS SRT 10000VA SRT10KXLI'. Entity 2: 'APC Smart-UPS SRT 6000VA RM 230V'.,No,87076936#1017836_original
"Do the two product descriptions refer to the same real-world product? Entity 1: 'Sram Force22 PG-1170, 11sp cassette'. Entity 2: 'SRAM - PG 1170 11 - Speed Cassette (11 25T - )'.",Yes,7883208#9767156_left_original_right_augmented
Do the two product descriptions refer to the same real-world product? Entity 1: '2012 S RAM Red XG - 1 090 10 - Speed X - Dome 11 - 23 Cassette'. Entity 2: 'SRAM XG - PowerDome - X 10sp Cassette'.,Yes,1781011#6403220_both_augmented
Do the two product descriptions refer to the same real-world product? Entity 1: '- APPLE Apple AirPods 2 Wireless with Charging Case MRXJ2ZM / A - White'. Entity 2: 'APPLE - AIRPODS WITH WIRELESS CHARGING CASE IN'.,Yes,11022309#55393360_left_augmented_right_original
Do the two product descriptions refer to the same real-world product? Entity 1: 'KINGSTON 8GB 1600MHz DDR3 CL10 DIMM (Kit of 2) HyperX Fury Series'. Entity 2: 'DDR3 8GB PC1600 CL9 Kingston Hypk'.,No,78196838#64323838_original
"Do the two product descriptions refer to the same real-world product? Entity 1: 'D-Link DGS-1210-28P 24-port 1Gb Smart Switch, 4x SFP, PoE'. Entity 2: 'Switch D-Link - Web smart - switch - 24 porte - gestito dgs-1210-24'.",No,53464814#34259452_original
Do the two product descriptions refer to the same real-world product? Entity 1: 'Tissot Seastar 1000 Powermatic 80 Silicium'. Entity 2: 'Tissot Seastar 1000 Powermatic 80 T120.407.11.041.01'.,Yes,17007886#1647419_original
Do the two product descriptions refer to the same real-world product? Entity 1: 'Šilterica New Era Clean Trucker _ Bulls Cap'. Entity 2: 'Cappello New Era Clean Trucker Chicago Cap'.,Yes,69406607#49092761_both_augmented
Do the two product descriptions refer to the same real-world product? Entity 1: '8GB Corsair ValueSelect DDR4 2133 DIMM CL15 Single'. Entity 2: 'Corsair Value Select 8GB PC4 - 1 7000 - 8 GB - 1 x 8 GB - D DR4 - 21 33 MHz - 288 - pin DIMM'.,Yes,84875057#48430039_both_augmented
Do the two product descriptions refer to the same real-world product? Entity 1: 'TRAVELER ' S Notebook Blue / / _'. Entity 2: 'Traveler ' s Starter Kit (Size) - Blue'.,Yes,43453350#47431263_both_augmented
Do the two product descriptions refer to the same real-world product? Entity 1: 'Jabra EVOLVE 80 MS Stereo (7899-823-109)'. Entity 2: 'JABRA EVOLVE 20 UC Stereo'.,No,13142970#63984980_original
Do the two product descriptions refer to the same real-world product? Entity 1: 'Tissot Seastar 1000 Powermatic 80 T120.407.11.041.01'. Entity 2: 'Epson C13T603100 T6031 Black Ink 220ml'.,No,1647419#20060104_original
Do the two product descriptions refer to the same real-world product? Entity 1: 'Manfrotto MVK500AM Fluid Video System'. Entity 2: 'Manfrotto MVH502AH Fluid Video Head with MT055XPRO3 Tripod'.,No,79558814#48435137_original
Do the two product descriptions refer to the same real-world product? Entity 1: 'Epson WP4000/4500 Inkjet Cartridge High Yield Magenta. (Eiffel Tower) OEM: C13T70234010 EP48715'. Entity 2: 'Epson C13T70234010 Muste Punainen'.,Yes,17128193#46950967_left_original_right_augmented
Do the two product descriptions refer to the same real-world product? Entity 1: 'Dymo 40913 Black On White - 9mm'. Entity 2: 'Dymo 12mm Black On Red D1 Tape (45017)'.,No,46010816#87459276_original
Do the two product descriptions refer to the same real-world product? Entity 1: 'U'. Entity 2: 'Ubiquiti UniFi Protect G4-PRO Camera'.,Yes,21670568#79415655_left_augmented_right_original
Do the two product descriptions refer to the same real-world product? Entity 1: 'ASUS GeForce RTX 2080 SUPER 8GB DUAL OC EVO'. Entity 2: 'TAG Heuer Carrera Automatic Blue Dial Men's CBK2112.BA0715'.,No,29339493#11406200_original
"Do the two product descriptions refer to the same real-world product? Entity 1: 'Western Digital Blue PC SSD 2.5\"" 7mm 250GB'. Entity 2: 'Western Digital Western Digital 2TB Blue'.",No,34301207#66768594_original
"Do the two product descriptions refer to the same real-world product? Entity 1: 'Tag Heuer Carrera Quartz Chronograph Stainless Steel Watch CBK2112.BA0715'. Entity 2: 'Elixir Phosphor Bronze Acoustic Guitar Strings with NANOWEB Coating, Extra Light (.010-.047)'.",No,12991173#7413764_original
"Do the two product descriptions refer to the same real-world product? Entity 1: 'SAMSUNG 970 EVO PLUS M.2 2280 500GB PCIe Gen 3.0 x4, NVMe 1.3 V-NAND 3-bit MLC Internal Solid State Drive (SSD) MZ-V7S500B/AM'. Entity 2: 'Samsung 970 EVO 500GB - NVMe PCIe M.2 2280 SSD | MZ-V7E500BW'.",No,3223487#57298257_original
Do the two product descriptions refer to the same real-world product? Entity 1: 'Jabra EVOLVE 65 UC Mono Bluetoogh Headset'. Entity 2: 'Jabra EVOLVE 65 UC Mono (6593-829-409)'.,Yes,4284864#48580118_left_augmented_right_original
Do the two product descriptions refer to the same real-world product? Entity 1: 'SanDisk SDHC Ultra UHS-I 256GB Class 10 90MB/S'. Entity 2: 'ASUS PRIME X570-PRO (AM4) (D) (90MB11B0-M0EAY0)'.,No,24224044#77308213_original
Do the two product descriptions refer to the same real-world product? Entity 1: 'Brother _ - L6300DW Business Laser Printer for Mid - _ Workgroups - HL - L6300DW'. Entity 2: 'Impresora laser monocromo hl - l6300dw a4'.,Yes,49605449#3598671_both_augmented
Do the two product descriptions refer to the same real-world product? Entity 1: 'Corsair 32GB DDR4 Vengeance LPX 2666MHz Kit Black'. Entity 2: 'Corsair _ LPX 32GB (2x16GB) DDR4 _ (CMK32GX4M2A2666C16 )'.,Yes,25135333#38344216_both_augmented
Do the two product descriptions refer to the same real-world product? Entity 1: 'EPSON Ink bar WF - 8xxx Series Ink Cartridge XL Yel low - 4000s tr. (39 ml )'. Entity 2: 'Epson C13T755440 T7554 Yellow Ink 39ml'.,Yes,47388064#97502452_left_augmented_right_original
"Do the two product descriptions refer to the same real-world product? Entity 1: 'Epson atrament SPro 7880/9880/7800/9800 light black 220ml C13T603700'. Entity 2: 'Epson Tinte T6037 Light Black, 220 ml'.",Yes,19042808#12650660_original
Do the two product descriptions refer to the same real-world product? Entity 1: 'Ubiquiti IR LED Range Extender'. Entity 2: 'Ubiquiti Networks UVC G3 - LED security camera accessory'.,Yes,12164188#34583798_left_original_right_augmented
Do the two product descriptions refer to the same real-world product? Entity 1: 'C'. Entity 2: 'Cooler MasterLiquid Master ML120R ARGB AIO Cooler'.,Yes,47818268#98600039_both_augmented
Do the two product descriptions refer to the same real-world product? Entity 1: 'Kingst on StorageDataTraveler SEG G2 64GB USB 3. 0 Metal'. Entity 2: 'K'.,Yes,69167600#3024917_both_augmented
Do the two product descriptions refer to the same real-world product? Entity 1: 'Samsung MLT-D103L must toonerikassett'. Entity 2: 'LaZer ToneE Cartridge compatible with Samsung MLT - D103L / ELS High Capacity'.,Yes,61868905#26491787_left_original_right_augmented
"Do the two product descriptions refer to the same real-world product? Entity 1: 'SEIKO Prospex Automatic Men's 45mm Diver Watch - SPB103J1 – Green Dial'. Entity 2: 'APC Smart-UPS SMT1000RMI2UC Noodstroomvoeding - 4x C13, USB, Rack Mountable, SmartConnect, 1000VA'.",No,59141538#15267149_original
Do the two product descriptions refer to the same real-world product? Entity 1: 'Cisco Catalyst WS-C2960X-24PD-L 24 Ports ManagedRack Mountable Switch'. Entity 2: 'Gigabyte GeForce RTX 2060 SUPER 8GB Aorus'.,No,23351642#8882504_original
Do the two product descriptions refer to the same real-world product? Entity 1: 'Blaze 4 Burner LTE Grill Built-In Natural Gas Grill with Lights'. Entity 2: 'Blaze 32 Inch 4-Burner LTE Gas Grill With Rear Burner and Built-in Lighting System - BLZ-4LTE2-NG/LP'.,Yes,43409810#49066670_original
"Do the two product descriptions refer to the same real-world product? Entity 1: 'Western Digital (WDC) 250GB 2.5\"" SATA SSD Blue 7mm Cased'. Entity 2: 'Western Digital 2.5\"" Red 1To SATA 6'.",No,62287971#8281130_original
Do the two product descriptions refer to the same real-world product? Entity 1: 'Gorra New Era NFL New Orleans Saints 9Fi fty Cap'. Entity 2: 'Kappe New Era NFL New Orleans 9Fifty Cap'.,Yes,416796#56475885_both_augmented
Do the two product descriptions refer to the same real-world product? Entity 1: 'Daniel Wellington Classic Black Cornwall'. Entity 2: 'Daniel Wellington DW00100150 Classic Cornwall Rose 36mm'.,Yes,24561369#32867763_left_original_right_augmented
Do the two product descriptions refer to the same real-world product? Entity 1: 'Evolis RCT023NAA Black Monochrome Ribbon'. Entity 2: 'EVOLIS RCT023NAA BLACK MONOCHROME RIBBON 2000 PRINTS )'.,Yes,70269940#6612505_left_original_right_augmented
Do the two product descriptions refer to the same real-world product? Entity 1: 'Dymo 12mm Black On Red D1 Tape (45017)'. Entity 2: 'DYMO 4500 TAPE BLACK/RED 45017'.,Yes,87459276#80725760_original
Do the two product descriptions refer to the same real-world product? Entity 1: 'Hydro Flask 32 oz Wide Mouth Flex Cap Hibiscus'. Entity 2: '_ Flask 32 oz. Wide Mouth 2. 0 _ Cap Hibiscus'.,Yes,35809370#50789754_both_augmented
Do the two product descriptions refer to the same real-world product? Entity 1: 'Tissot Seastar 1000 Powermatic 80 T120.407.11.041.01'. Entity 2: 'Canon EF-S 55-250mm f/4-5.6 IS STM'.,No,1647419#61201533_original
Do the two product descriptions refer to the same real-world product? Entity 1: 'Apple - AirPods wJth Wireless Charging Case (Latest Model) - WhiRe'. Entity 2: 'Apple AirPods with Wireless Charging Case (2nd Generation) - White'.,Yes,35759560#40845396_left_augmented_right_original
Do the two product descriptions refer to the same real-world product? Entity 1: 'Garmin fenix 5s Sapphire Black'. Entity 2: 'Garmin Fenix 5S Plus GPS Watch Silver with Black Band'.,No,96636315#7871753_original
Do the two product descriptions refer to the same real-world product? Entity 1: 'Corsair 8GB (1x8GB) 3000MHz CL16 Vengeance LPX Black'. Entity 2: 'CORSAIR 8Gbx1 DDR4 3000Mhz Ram CMK8GX4M1D3000C16 VENGEANCE LPX Gaming RAM'.,Yes,47751906#50005399_original
"Do the two product descriptions refer to the same real-world product? Entity 1: 'Samsung CLT-K406S Black Original Standard Yield Toner Cartridge'. Entity 2: 'Evans EC2 Clear Drum Head, 14 Inch'.",No,55157414#1136383_original
Do the two product descriptions refer to the same real-world product? Entity 1: 'Sony E-Mount FE 20mm f/1.8 Ultra Wide Angle G Lens'. Entity 2: 'Sony Alpha SEL50F18F FE 50mm f/1.8'.,No,62089162#15880732_original
"Do the two product descriptions refer to the same real-world product? Entity 1: 'rDR4 Vengeanc4 LPX 16GB / 3200 (2 * 8GB) CL16 - 18 - 18 - 36 BLASK 1, 35VXMP 2. 0'. Entity 2: 'Corsair Vengeance LPX 16FB (2x8GB )'.",Yes,76657775#88945662_both_augmented
Do the two product descriptions refer to the same real-world product? Entity 1: 'Canon EF-S 18-200mm f/3.5-5.6 IS'. Entity 2: 'Canon EF-S 18-135/3.5-5.6 IS USM'.,No,28465006#43932865_original
Do the two product descriptions refer to the same real-world product? Entity 1: 'Asus GTX 1660 6GB OC Edition GDDR5 EVO Graphics Card | 90YV0D11 - M0NA00'. Entity 2: 'ASUS Dual GeForce GTX 1660 6GB OC Edition EVO 192Bit GDDR5'.,Yes,712313#48791418_left_augmented_right_original
Do the two product descriptions refer to the same real-world product? Entity 1: 'Mavic Mini Drone by DJI - Fly More Combo'. Entity 2: 'DJI DJI | Mavic Mini Drone Fly More Combo'.,Yes,41530379#7736538_original
"Do the two product descriptions refer to the same real-world product? Entity 1: 'EPSON (T1285) Multipack róka T1281 (, T1282, T1283, T1284 C13T12854010 )'. Entity 2: 'E'.",Yes,28282387#18309559_both_augmented
"Do the two product descriptions refer to the same real-world product? Entity 1: 'Maxxis High Roller II _ - 27. 5 _ 2. 4, Tubeless, Folding, Black, 3C Maxx _, EXO'. Entity 2: 'Maxxis High Roller II Tire MaxxTerra (WT) (3C EXO / / TR) (27. 5 x 2 40.) (Folding )'.",Yes,25593960#41191422_both_augmented
"Do the two product descriptions refer to the same real-world product? Entity 1: 'Maxxis Maxxis Minion DHR II Tire: 29 x 2.40"", Folding, 60tpi, 3C MaxxGrip 2- Ply, Tubeless Ready, Wide Trail, Black'. Entity 2: 'Maxxis Maxxis High Roller II Tire: 27.5 x 2.50\"", Folding, 60tpi, 3C MaxxTerra, EXO, Tubeless Ready, Wide Trail, Black'.",No,22007806#45946412_original
Do the two product descriptions refer to the same real-world product? Entity 1: 'Caixa Cooler_Master Caixa para PC NSE-300-KKN1'. Entity 2: 'Cooler Master N300 Mesh ATX Case Black NSE-300-KKN1 | PCByte'.,Yes,32763428#95251916_original
Do the two product descriptions refer to the same real-world product? Entity 1: 'Tissot T-Sport Seastar 1000 Chronograph Watch T1204171105100'. Entity 2: 'Tissot T-Sport Seastar 1000 Powermatic 80 Watch T1204071704100'.,No,48521210#70880620_original
Do the two product descriptions refer to the same real-world product? Entity 1: 'WS-C2960-24TT-LCatalyst 2960 24 10/100 + 2 1000BT LAN Base Image'. Entity 2: 'Evans EMAD2 Clear Bass Batter'.,No,7979158#63899324_original
"Do the two product descriptions refer to the same real-world product? Entity 1: 'Western Digital My PassPort, 4TB, BLACK3 Years - WDBYFT0040BBK-WESN'. Entity 2: 'Shimano Shimano Cn-Hg901 11-Spd Chain Xtr / Dura Ace W/ Quick Link'.",No,11564664#54685720_original
Do the two product descriptions refer to the same real-world product? Entity 1: 'Ubiquiti U niFi Dual - Band WiFi PoE Acc ess Point UAP - AC - HD - 5 Pack'. Entity 2: 'UniFi AP ac HD ROW 5Pk'.,Yes,18960736#24268406_left_augmented_right_original
Do the two product descriptions refer to the same real-world product? Entity 1: 'TAG Heuer Formula 1 43mm Mens Watch WAZ2011.BA0842'. Entity 2: 'TAG Heuer Automatic Chronograph Watch CBG2A1Z.BA0658'.,No,49810009#18137846_original
Do the two product descriptions refer to the same real-world product? Entity 1: 'W'. Entity 2: 'WD 1TB My Passport Portable Storage USB 3.2 Gen 1 - Black - WDBYVG0010BBK-WESN'.,Yes,82090972#84821763_left_augmented_right_original
Do the two product descriptions refer to the same real-world product? Entity 1: 'Samsung 970 Evo 500GB NVME M. 2 High Speed Solic Dtate Drive with V - Nand'. Entity 2: 'Samsung 970 EVO 500GB - NVMe PCIe M. 2 2280 MZ SSD | - V7E500BW'.,Yes,42341716#57298257_both_augmented
Do the two product descriptions refer to the same real-world product? Entity 1: 'FUJIFILM XF23/1.4 XF 23mm f/1.4 R'. Entity 2: 'Fujifilm XF 56mm f/1.2 R'.,No,54992750#81954319_original
"Do the two product descriptions refer to the same real-world product? Entity 1: 'Kingston 16GB DataTraveler microDuo USB 3.0 OTG Flash Drive'. Entity 2: 'Sandisk Ixpand 64GB USB3.0 Flash Drive for Iphone, Ipad'.",No,38117313#38693547_original
Do the two product descriptions refer to the same real-world product? Entity 1: 'Logitech 3.5 mm Analog Stereo Headset H151 with Boom Microphone - Black'. Entity 2: 'Logitech H151 Single Pin Stereo Headset - Black'.,Yes,46809516#67028945_original
"Do the two product descriptions refer to the same real-world product? Entity 1: '120GB Crucial BX500 3D NAND 2.5\"" SATA SSD'. Entity 2: 'New Era 39THIRTY MLB New York Yankees Fullcap - 10298279'.",No,69918467#12291734_original
Do the two product descriptions refer to the same real-world product? Entity 1: 'Swiss Military Hanowa FLAGSHIP 06-5161.2.04.007 Herrenuhr'. Entity 2: 'Swiss Military Hanowa Flagship 06-5161.2.04.007'.,Yes,27442156#10214898_original
Do the two product descriptions refer to the same real-world product? Entity 1: 'JABRA EVOLVE 20 UC Stereo'. Entity 2: 'JABRA Evolve 20 UC USB - Mono'.,No,63984980#38552937_original
"Do the two product descriptions refer to the same real-world product? Entity 1: 'Asus MBTUF B450M - P lus Gam ing / AM4 / B450 / m. 2 / mATX'. Entity 2: 'Motherboard Asus TUF B450M - PLUS _, _, USB 3. 1, SATA 6GB / S'.",Yes,73315956#73180792_both_augmented
Do the two product descriptions refer to the same real-world product? Entity 1: 'TP Link AC1350 Wireless Dual Band Cable Router - White | ARCHER C60'. Entity 2: 'YD150XBBAEBOX AMD Ryzen 5 1500X Quad Core 3.50GHz 16MB L3 Cache Socket AM4 Processor. New Retail Factory Sealed With Full Manufacturer Warranty.'.,No,7737233#64351459_original
"Do the two product descriptions refer to the same real-world product? Entity 1: '_ 860 PRO 2. 5 \ "" 1000 GB Serial ATA _ 3D MLC'. Entity 2: 'S amsung 860 PRO 1TB SSD 2 - bit MLC V - N AND S ATA III 6Gb / s 2. 5 Internal Solid State Drive'.",Yes,29714425#1367517_both_augmented
Do the two product descriptions refer to the same real-world product? Entity 1: 'TP-LINK EAP110 Access point - Wit'. Entity 2: 'TP-Link EAP110 Auranet Access Point 300Mps'.,Yes,85333987#75297744_original
Do the two product descriptions refer to the same real-world product? Entity 1: 'Corsair Vengeance LPX 32GB (2x16GB) DDR4 2666MHz(CMK32GX4M2A2666C16)'. Entity 2: 'Corsair Vengeance LPX CMK8GX4M1A2666C16 8GB (1x8GB) 2666Mhz DDR4'.,No,38344216#50944416_original
"Do the two product descriptions refer to the same real-world product? Entity 1: 'GARMIN FENIX 5 GRAY BLACK 010-01688-00'. Entity 2: 'Garmin fenix5 Gray Optic, Black band'.",Yes,13174650#53521572_original
Do the two product descriptions refer to the same real-world product? Entity 1: 'Epson Ink Cartridge - Matte Blzck 700ml'. Entity 2: 'Epson Ti nte matte schwarz 700ml f. 7900 / 9900'.,Yes,415992#23007161_both_augmented
Do the two product descriptions refer to the same real-world product? Entity 1: 'Logitech H540 USB Headset With High-Definition sound and on-ear controls - Black | 981-000480'. Entity 2: 'LOGITECH Corded USB Headset H540 - USB - EMEA'.,Yes,12890760#78504458_original
Do the two product descriptions refer to the same real-world product? Entity 1: 'Evans EC2S 13 ' ' Clear Batter - _'. Entity 2: 'Evans EC2 SST _ Batter Drumhead 13 in.'.,Yes,74972794#41520329_both_augmented
Do the two product descriptions refer to the same real-world product? Entity 1: 'EPSON Magenta ink cartridge Discproducer'. Entity 2: 'Epson WF4630/5110/5690 Magenta INK 17ML EP53600'.,No,96384448#10385523_original
Do the two product descriptions refer to the same real-world product? Entity 1: 'Jabra BIZ2300 2399-823-109 DUO USB Headset MS'. Entity 2: 'Jabra BIZ 2300 USB MS Duo'.,Yes,5717009#13502365_original
Do the two product descriptions refer to the same real-world product? Entity 1: 'TRAVELER'S Notebook Blue // Passport'. Entity 2: 'Traveler ' s Starter Kit (Size) - Blue'.,Yes,43453350#47431263_left_original_right_augmented
"Do the two product descriptions refer to the same real-world product? Entity 1: 'Evans EMAD2 Clear Bass Drum Head, 22 Inch'. Entity 2: 'RAM Mount Base UBolt Mount - Requires RAM Cradle [RAM-B-149ZU]'.",No,9232364#38785326_original
Do the two product descriptions refer to the same real-world product? Entity 1: 'Memoire DDR4 G.Skill Trident Z F4-3600C16D-16GTZNC'. Entity 2: 'Kingston Technology ValueRAM 4GB DDR3-1600 4GB DDR3 1600MHz memoria'.,No,96889697#40208952_original
Do the two product descriptions refer to the same real-world product? Entity 1: 'APC Smart UPS RM 3000VA'. Entity 2: 'APC Smart-UPS SRT 6000VA RM 230V'.,No,18693009#1017836_original
Do the two product descriptions refer to the same real-world product? Entity 1: 'EPSON cartridge T7891 black (WorkForce5)'. Entity 2: 'Epson T7891 Black Cart - CoKpatible'.,Yes,40116448#75384375_left_original_right_augmented
Do the two product descriptions refer to the same real-world product? Entity 1: 'Pokemon Pokemon: Darkness Ablaze Bstr'. Entity 2: 'Pokemon TCG: Sword & Shield Boosters'.,No,57791020#21044132_original
"Do the two product descriptions refer to the same real-world product? Entity 1: 'ADATA SX8200 Pro 256GB M.2 NVMe SSD ultra-fast PCIe Gen3x4 interface ,sustained peak read/write speeds of 3500/1200MB per second'. Entity 2: 'XPG SX8200 Pro M. 2 GB PCI 3. 0 3D TLC NVMe'.",Yes,32979461#1237125_left_original_right_augmented
Do the two product descriptions refer to the same real-world product? Entity 1: 'Xerox 106R01162 OEM Toner Cartridge For Phaser 7760 Yellow - 25K'. Entity 2: 'Pokemon Pokemon: Darkness Ablaze Bstr'.,No,7574514#57791020_original
Do the two product descriptions refer to the same real-world product? Entity 1: 'Carbide Series 275R Tempered Glass Mid-Tower Gaming CaseWhite'. Entity 2: 'Dymo Label Casette D1 (19mm x 7m - Black On White)'.,No,29204789#35191236_original
Do the two product descriptions refer to the same real-world product? Entity 1: 'LOGITECH Logitech USB Headset H390'. Entity 2: 'EPSON Ink bar WF-8xxx Series Ink Cartridge XL Yellow - 4000str. (39 ml)'.,No,57337098#47388064_original
"Do the two product descriptions refer to the same real-world product? Entity 1: 'Maxxis Maxxis, High Roller II, Tire, 29''x2.30, Folding, Tubeless Ready, Dual, EXO, 60TPI, Black'. Entity 2: 'LOGITECH - HD WEBCAM C310 - USB - EMEAIN'.",No,3447561#65372331_original
Do the two product descriptions refer to the same real-world product? Entity 1: 'Tissot Mens T-Sport Seastar 1000 Chronograph Black Dial Stainless Steel Bracelet Watch T120.417.11.051.00'. Entity 2: 'Seagate LaCie 4TB 2.5' USB 3 to USB-C Diamond Cut External HDD. STHG4000400. 2 Years Warranty'.,No,17282907#40764402_original
"Do the two product descriptions refer to the same real-world product? Entity 1: 'Corsair 110R Tempered Glass Black ATX Case, Tempered Glass Side Window, No PSU, 2x USB 3.1, HD Audio, 120mm Fan pre-installed'. Entity 2: 'Blaze 2 Burner Professional Built-In Propane Gas Outdoor Grill, BLZ-2PRO-LP'.",No,37955791#24360041_original
Do the two product descriptions refer to the same real-world product? Entity 1: 'Toner Brother - Nero - ricarica toner tn200'. Entity 2: 'Toner Brother original amarillo TN135Y'.,No,6020197#61964427_original
Do the two product descriptions refer to the same real-world product? Entity 1: 'Jabra BIZ 2300 USB UC Duo'. Entity 2: 'J'.,Yes,89323553#24284489_left_original_right_augmented
Do the two product descriptions refer to the same real-world product? Entity 1: 'ASkS Dual GeForce RTX w060 6G OC EVO Edition 192Bit GDDR6'. Entity 2: 'A'.,Yes,7020103#28224541_both_augmented
"Do the two product descriptions refer to the same real-world product? Entity 1: 'Epson Tinte T6935 M att Black UltraChrome, 350 ml'. Entity 2: '('.",Yes,81408609#62891962_both_augmented
Do the two product descriptions refer to the same real-world product? Entity 1: 'TAG Heuer Monaco Men's Blue Leather Strap Watch'. Entity 2: 'TAG Heuer Formula 1 Calibre 5 Men's Watch'.,No,70665219#9242778_original
"Do the two product descriptions refer to the same real-world product? Entity 1: 'Memoria USB Kingston Technology - Color blanco, 16 GB, USB 3.0'. Entity 2: 'Kingston DataTraveler microDuo 128GB USB 3.0'.",No,28824028#21755591_original
Do the two product descriptions refer to the same real-world product? Entity 1: 'Sony SEL-70200G FE 70-200 mm F4 Lens'. Entity 2: 'Sony FE 24mm F1.4 GM Lens + Bonus'.,No,28284405#11625823_original
Do the two product descriptions refer to the same real-world product? Entity 1: 'Shimano - CLEATS SH-10 FIXED RED'. Entity 2: 'Seiko Mens Presage Automatic Blue Date Dial Stainless Steel Bracelet Watch SRPD41J1'.,No,9862290#12110339_original
Do the two product descriptions refer to the same real-world product? Entity 1: 'AMD RYZEN 5 240 0G Quad - C ore 3. 6 GHz (3. 9 GHz Max Boost) Socket AM4 65W YD2400C5FBBOX Deskt op Processor'. Entity 2: 'Processador Amd Am4 Ryzen R5-2400g 3.9ghz 6mb'.,Yes,73591660#77356650_left_augmented_right_original
Do the two product descriptions refer to the same real-world product? Entity 1: 'Brother HL-L6300DW Business Laser Printer for Mid-Size Workgroups -HL-L6300DW'. Entity 2: 'D-LINK DGS-1210-24P 24-port Gig PoE Switch 4x Combo'.,No,49605449#15041298_original
Do the two product descriptions refer to the same real-world product? Entity 1: 'HYDRO FLASK HYDRO FLASK 21OZ STANDARD MOUTH BOTTLE-OLIVE'. Entity 2: 'MEMORIA DDR3 KINGSTON HYPERX FURY BLUE 4GB 1600MHZ'.,No,9951028#45145764_original
"Do the two product descriptions refer to the same real-world product? Entity 1: 'Crucial BX500 2.5\"" 480 GB Serial ATA III'. Entity 2: 'Carbide Series 275R Tempered Glass Mid-Tower Gaming CaseWhite'.",No,23491163#29204789_original
Do the two product descriptions refer to the same real-world product? Entity 1: 'Samsung 970 Evo 500GB NVME M.2 High Speed Solid State Drive with V-Nand'. Entity 2: 'D'Addario EJ16 Phosphor Bronze Light Acoustic Guitar Strings'.,No,42341716#97547150_original
"Do the two product descriptions refer to the same real-world product? Entity 1: 'D - Li nk DGS - 1210 - 28P'. Entity 2: 'D-Link DGS-1210-28P 24-port 1Gb Smart Switch, 4x SFP, PoE'.",Yes,37254069#53464814_left_augmented_right_original
Do the two product descriptions refer to the same real-world product? Entity 1: 'Dymo 53718 Black On Yellow - 24mm'. Entity 2: 'GENUINE Dymo 24mm x 7m Black on Yellow Label Tape Roll SD53718'.,Yes,9746845#72314218_original
Do the two product descriptions refer to the same real-world product? Entity 1: 'TP-Link TL-WN725N 150MbpsWireless USB NANO adapter'. Entity 2: 'Asus ROG Strix X570-F Gaming ATX - motherboard'.,No,70558780#31886989_original
Do the two product descriptions refer to the same real-world product? Entity 1: '502HD PRO VIDEO HEAD WITH GLAT BASE'. Entity 2: 'Manfrotto MVH502AH Fluid Head Video with MT055XPRO3 Tripod'.,Yes,22563019#48435137_both_augmented
Do the two product descriptions refer to the same real-world product? Entity 1: 'Jabra BIZ 2300 USB MS Duo'. Entity 2: 'KINGSTON 8GB 1600MHz DDR3 CL10 DIMM (Kit of 2) HyperX Fury Series'.,No,13502365#78196838_original
Do the two product descriptions refer to the same real-world product? Entity 1: 'Samsung CLT-K406S Black Original Standard Yield Toner Cartridge'. Entity 2: 'Cartus _ Samsung CLT - K406S'.,Yes,55157414#35100344_left_original_right_augmented
Do the two product descriptions refer to the same real-world product? Entity 1: 'Kingston 32GB DDR4 3000MHz Kit(2x16GB) HyperX Predator Intel XMP'. Entity 2: 'Kingston HyperX Predator 32 GB - PC4-24000 - DIMM'.,Yes,54377216#66129710_original
Do the two product descriptions refer to the same real-world product? Entity 1: 'Corsair ML140 140mm PWM Premium Magnetic Levitation - Pack'. Entity 2: 'Corsair ML140 Magnetic Levitation 140mm Fan Case - Twin Pack'.,Yes,33078108#36295476_both_augmented
Do the two product descriptions refer to the same real-world product? Entity 1: 'Intel Core i3 8300 Quad Core 3.7GHz Processor'. Entity 2: 'Zebra Black Monochrome Ribbon 800033-801 - 1000 Prints'.,No,75749012#77094922_original
"Do the two product descriptions refer to the same real-world product? Entity 1: 'CorsaiG ML140 Pro LED Blue 140mm Magnetic L2vitation Fan | Discount Computer Needs'. Entity 2: 'Corsair ML140 Pro LED, Blue, 140mm Premium Magnetic _ _ Fan CO - 9050048 - WW'.",Yes,46441935#80103776_both_augmented
"Do the two product descriptions refer to the same real-world product? Entity 1: 'Ubiquiti UniFi CloudKey Gen2 Plus'. Entity 2: 'UCK-G2-PlusUbiquiti Unifi Cloud Key, G2, with HDD'.",Yes,14628836#15168588_original
"Do the two product descriptions refer to the same real-world product? Entity 1: 'BenQ GW2480 23.8"" Full HD IPS Monitor'. Entity 2: 'Crucial 500GB MX500 M.2 2880 SATA 6Gb/s SSD'.",No,83555610#1741624_original
"Do the two product descriptions refer to the same real-world product? Entity 1: '34\"" Blaze 3 Pro Cart'. Entity 2: 'Blaze Grill Cart for 40\"" Gas Grill'.",No,40521037#42210935_original
Do the two product descriptions refer to the same real-world product? Entity 1: 'APC Replacement Battery Cartridge #124'. Entity 2: 'APC By Schneider Electric APC Replacement Battery Cartridge'.,Yes,12524915#61786686_original
"Do the two product descriptions refer to the same real-world product? Entity 1: 'Intel Core i7-8700K Coffee Lake 6-Core 3.7 GHz (4.7 GHz Turbo) LGA 1151 (300 Series) 95W BX80684I78700K Desktop Processor Intel UHD Graphics 630'. Entity 2: 'Intel Core i3-8300 (Coffee Lake) 3.7 GHz, LGA1151, Intel UHD 630, 8MB, 14nm, 62W, Box'.",No,95781094#98554509_original
Do the two product descriptions refer to the same real-world product? Entity 1: 'Gigabyte GeForce GTX 1650 Super OC'. Entity 2: 'Gigabyte NVIDIA GeForce GTX 1650 4GB D6 OC Turing Graphics Card'.,No,60571140#48293393_original
Do the two product descriptions refer to the same real-world product? Entity 1: 'OMEGA Seamaster Planet Ocean Chronograph Steel'. Entity 2: 'Omega Seamaster Planet Ocean Automatic Chronograph Stainless Steel Watch 232.30.46.51.01.002'.,Yes,47200708#45633828_original
Do the two product descriptions refer to the same real-world product? Entity 1: 'Epson T7551 XL Black High Yield Ink Cartridge C13T755140 / T7551 EP53959'. Entity 2: 'Epson WP4000/4500 Inkjet Cartridge High Yield Magenta. (Eiffel Tower) OEM: C13T70234010 EP48715'.,No,2046148#17128193_original
Do the two product descriptions refer to the same real-world product? Entity 1: 'Zebra TrueColours ix Series Monochrome - 1 - black - print ribbon'. Entity 2: 'Zebra 800015-101 Black Monochrome Ribbon - 1000 Prints'.,No,10496#30102088_original
Do the two product descriptions refer to the same real-world product? Entity 1: 'W'. Entity 2: 'Wd flue 3D Nand 250Gb Pc Ssd - Sata Iii 6Gb / S M. 2 2280 Solid State D%ive'.,Yes,22109936#87824933_both_augmented
Do the two product descriptions refer to the same real-world product? Entity 1: 'BR - M9000 J04C Metal Finned Disc Pad'. Entity 2: 'Shimano Metal Disk Fren Balatası - Tech J04C'.,Yes,11542304#39085812_both_augmented
Do the two product descriptions refer to the same real-world product? Entity 1: 'USB STICK SANDISK CRUZER GLIDE 32GB'. Entity 2: 'Sandisk USB Flash 32GB Cruzer Glide 2. 3. 0'.,Yes,79625472#516433_left_original_right_augmented
"Do the two product descriptions refer to the same real-world product? Entity 1: 'Blaze 40 - Inch Cart 5 For - Burner, Grill Cart Only'. Entity 2: 'Blaze Grill Cart for 40\"" Gas Grill'.",Yes,50775039#42210935_left_augmented_right_original
Do the two product descriptions refer to the same real-world product? Entity 1: 'Ubiquiti UniFi Protect G4-PRO Camera'. Entity 2: 'Logitech® HD Webcam C310 - USB'.,No,79415655#80753512_original
Do the two product descriptions refer to the same real-world product? Entity 1: 'SHIMANO XT CN-HG95 HG-X chain'. Entity 2: 'Shimano CN-HG95 116 links chain'.,Yes,63479109#79851703_original
Do the two product descriptions refer to the same real-world product? Entity 1: 'Seagate Ironwolf Pro 6TB (ST6000NE000)'. Entity 2: 'Seagate 7200rpm SATA - 600 256MB NAS HDD ST6000NE000'.,Yes,9513553#18480165_left_original_right_augmented
Do the two product descriptions refer to the same real-world product? Entity 1: 'JABRA EVOLVE 20 UC Mono'. Entity 2: 'JABRA Evolve 20 UC USB - Mono'.,Yes,53905543#38552937_original
Do the two product descriptions refer to the same real-world product? Entity 1: 'A'. Entity 2: 'AS US Scheda Madre ROG STRIX Z390 - I GAMING I ntel Z390'.,Yes,34689442#7931274_both_augmented
"Do the two product descriptions refer to the same real-world product? Entity 1: 'RAM® 3\"" Double Ball Arm for 1.5\"" Ball'. Entity 2: 'Omega Seamaster Planet Ocean 600m Co-Axial Master Ceramic 215.92.46.22.01.004 Black Dial Replica'.",No,61794834#1515409_original
Do the two product descriptions refer to the same real-world product? Entity 1: 'SRAM AM BRAKE PAD GUIDE/TRL STLSIN 1 SET'. Entity 2: 'SRAM Guide TrWil Brake Pad'.,Yes,96989593#16958158_left_original_right_augmented
Do the two product descriptions refer to the same real-world product? Entity 1: '2012 S RAM Red XG - 1 090 10 - Speed X - Dome 11 - 23 Cassette'. Entity 2: 'SRAM XG-1090 PowerDome-X 10sp Cassette'.,Yes,1781011#6403220_left_augmented_right_original
Do the two product descriptions refer to the same real-world product? Entity 1: 'Lexmark - Toner cartridge -black - 3500 pages - LRPE260A11E'. Entity 2: 'Lexma rk Toner Sort 3. 5k - E3 60 / E460 Return'.,Yes,75840459#69866884_left_original_right_augmented
Do the two product descriptions refer to the same real-world product? Entity 1: 'Swiss Milutary Hanowa FLAGSHIP 06 - 5w61. 2. 04. 007 Herrenuhr'. Entity 2: 'Military Hanowa Flagship - 5161. 2. 04. 007'.,Yes,27442156#10214898_both_augmented
"Do the two product descriptions refer to the same real-world product? Entity 1: 'Maxxis High Roller II 29er Dual Compound Folding Tubeless Ready Mountain Bike'. Entity 2: 'Maxxis Maxxis, High Roller II, Tire, 27.5''x2.30, Folding, Tubeless Ready, Dual, EXO, 60TPI, Black'.",No,93725418#79821099_original
Do the two product descriptions refer to the same real-world product? Entity 1: 'Elixir E16052 Nanoweb Phosphor Acoustic Guitar Strings Gauge 12 - 53'. Entity 2: 'Elixir Guitar Strings Phosphor Bronze Nanoweb Light 12 - 53'.,Yes,62145678#91137581_left_augmented_right_original
Do the two product descriptions refer to the same real-world product? Entity 1: 'Jabra EVOLVE 65 UC Mono Bluetooth Headset'. Entity 2: 'JABRA EVOLVE 20 UC Mono'.,No,4284864#53905543_original
Do the two product descriptions refer to the same real-world product? Entity 1: 'Crucial 4GB DDR3L 1600 1. 35V SODIMM Retail CT51264BF160BJ'. Entity 2: 'Memoire DDR3 So Dimm Crucial 4GB 1600 DDR3 MT / (S PC3 - 12800 )'.,Yes,36868284#62293619_both_augmented
"Do the two product descriptions refer to the same real-world product? Entity 1: 'Epson T6923 Ultrachrome XD rautt Ink 110ml'. Entity 2: 'Epson Tinte T6935 Matt Black UltraChrome, 350 ml'.",No,36985401#81408609_original
"Do the two product descriptions refer to the same real-world product? Entity 1: 'D-Link DGS-1210-28P'. Entity 2: 'D-Link DGS-1210-28P 24-port 1Gb Smart Switch, 4x SFP, PoE'.",Yes,37254069#53464814_original
Do the two product descriptions refer to the same real-world product? Entity 1: 'T'. Entity 2: 'Gigabyte AORUS GeForce RTX ™ 2 080 Ti XTREME 11G'.,Yes,46578488#44884689_both_augmented
Do the two product descriptions refer to the same real-world product? Entity 1: 'OMEGA SEAMASTER DIVER 300 210.20.42.20.03.002'. Entity 2: 'Memoire DDR4 G.Skill Trident Z F4-3600C16D-16GTZNC'.,No,77492364#96889697_original
Do the two product descriptions refer to the same real-world product? Entity 1: 'ASUS Scheda Madre TUF GAMING X570-PLUS AMD'. Entity 2: 'TP-Link AC1200 Wireless MU-MIMO Gigabit Indoor/Outdoor Access Point (EAP225-Outdoor) AC1200 Outdoor'.,No,98857946#74927976_original
Do the two product descriptions refer to the same real-world product? Entity 1: 'TP-Link AC600 T2U Wireless USB Nano Adapter'. Entity 2: 'TP-Link TL-WN725N Nano Wireless USB Adapter'.,No,56034511#22685310_original
Do the two product descriptions refer to the same real-world product? Entity 1: 'Brother HL-L5200DW Laser Printer'. Entity 2: 'Western Digital Blue SSD 250GB SATA M.2 2280 WDS250G2B0B'.,No,53641305#22109936_original
Do the two product descriptions refer to the same real-world product? Entity 1: 'SRAM Disc Brake Pad Set Organic Compound'. Entity 2: 'EPSON Premium Glossy Photo Paper A4/30ks'.,No,18915981#12051271_original
"Do the two product descriptions refer to the same real-world product? Entity 1: 'Cloud Core CCR1036 - 12G - 4S - EM'. Entity 2: 'MikroTi kCloud Core Rout er 1 036 - 12G - 4S with Tilera Tile - Gx 36 CPU (36 - cores, 1. 2Ghz per core ), 16GB RAM, 4xSFP c age, 12xGbit LAN, RouterOS L6, 1U rackmount case, PSU, LCD panel'.",Yes,88031640#6256141_both_augmented
Do the two product descriptions refer to the same real-world product? Entity 1: 'APC Replacement Battery Cartridge #124'. Entity 2: 'APC RBC140 Replacement Battery Cartridge'.,No,12524915#54536046_original
Do the two product descriptions refer to the same real-world product? Entity 1: 'Toner Brother - Nero - ricarica to ner tn200'. Entity 2: 'Toner kompatibel zu Brother TN-200 Black'.,Yes,6020197#68874465_left_augmented_right_original
Do the two product descriptions refer to the same real-world product? Entity 1: 'SH8MANO XT CN - HG95 HG - X chain'. Entity 2: 'Shimano CN - HG95 links chain'.,Yes,63479109#79851703_both_augmented
Do the two product descriptions refer to the same real-world product? Entity 1: 'Epson S050189 toner ciano ACULA.C1100 4k'. Entity 2: 'Toner Original Oki Ciano (44844507)'.,No,63513295#57812056_original
Do the two product descriptions refer to the same real-world product? Entity 1: 'Router wifi archer c60 ac1350 dual'. Entity 2: 'TP Link AC1350 Wireless Dual Band Cable Router - White | ARCHER C60'.,Yes,33671496#7737233_original
Do the two product descriptions refer to the same real-world product? Entity 1: 'Reifen Maxxis 29x2.30 Minion DHR II DoubleDown'. Entity 2: 'instax square film 10pk black'.,No,21658813#17813216_original
Do the two product descriptions refer to the same real-world product? Entity 1: 'SanDisk Extreme PRO SD UHS - II / Writer'. Entity 2: 'SanDisk Extreme PRO SD - II 3. 0'.,Yes,26237955#27700752_both_augmented
"Do the two product descriptions refer to the same real-world product? Entity 1: 'Western Digital My PassPort, 4TB, BLACK3 Years - WDBYFT0040BBK-WESN'. Entity 2: 'Western Digital My Passport 1TB 2,5"" USB 3.0'.",No,11564664#82090972_original
Do the two product descriptions refer to the same real-world product? Entity 1: 'Audio Technica Headphones Air Dynamic Series ATH-AD500X'. Entity 2: 'BenQ SW271 Pro 27in IPS LCD Monitor 4K UHD'.,No,56574761#64016107_original
"Do the two product descriptions refer to the same real-world product? Entity 1: 'P'. Entity 2: 'PHILIPS MONITOR LED IPS 24\"" (23.8) 16:9 FULLHD VGA DVI HDMI 243V7QDSB'.",Yes,74490598#96098511_left_augmented_right_original
Do the two product descriptions refer to the same real-world product? Entity 1: 'Ubiquiti UniFi G3 Bullet Video Camera'. Entity 2: 'Ubiquiti UniFi CloudKey Gen2 Plus'.,No,80529811#14628836_original
"Do the two product descriptions refer to the same real-world product? Entity 1: 'RAM Double Socket Arm MC201C LONG'. Entity 2: 'Canon PG-545 Black Original Ink Cartridge, E Zezë'.",No,87259085#7383991_original
Do the two product descriptions refer to the same real-world product? Entity 1: 'Cooler Master MasterBox TD500 ARGB Mesh ATX Case Black TG MCB-D500D-KGNN-S01 | PCByte'. Entity 2: 'Cooler Master MasterBox TD500 Mesh Triple ARGB Full Tower Gaming Cabinet with Dual 360mm Radiator Support and Crystalline Tempered Glass'.,Yes,68689972#93548558_original
"Do the two product descriptions refer to the same real-world product? Entity 1: 'ASUS Radeon RX 5500 XT DUAL EVO 8GB'. Entity 2: 'Apple iPad Air Wi-Fi 256 GB Silver - 10.5\"" Tablet - A12 26.67cm-Display'.",No,83724071#30143469_original
"Do the two product descriptions refer to the same real-world product? Entity 1: 'DDR4 Vengeance LPX 16GB/3200(2*8GB) CL16-18-18-36 BLACK 1,35VXMP 2.0'. Entity 2: 'Corsair Vengeance LPX 16FB (2x8GB )'.",Yes,76657775#88945662_left_original_right_augmented
Do the two product descriptions refer to the same real-world product? Entity 1: 'TP-Link TL-WN725N 150MbpsWireless USB NANO adapter'. Entity 2: 'TP - Link _ - WN725N Nano Wireless USB Adapter'.,Yes,70558780#22685310_left_original_right_augmented
Do the two product descriptions refer to the same real-world product? Entity 1: 'WD 1TB My Passport Portable Hard Drive'. Entity 2: 'WD My Passport - 1 TB'.,Yes,43411151#13238453_original
Do the two product descriptions refer to the same real-world product? Entity 1: 'Fujifilm XF 56mm f/1.2 R'. Entity 2: 'Fujifilm FUJINON XF-56mm f1.2'.,Yes,81954319#88398980_original
Do the two product descriptions refer to the same real-world product? Entity 1: 'Canon EF-S 18-135/3.5-5.6 IS USM'. Entity 2: 'Tissot Seastar 1000 Powermatic 80 Silicium'.,No,43932865#17007886_original
Do the two product descriptions refer to the same real-world product? Entity 1: 'SanDisk SDHC Ultra I 256GB Class 10 90MB / S'. Entity 2: 'Ultra SDXC Memory Card 100MBs Class 10 UHS - I 256GB'.,Yes,24224044#47282882_both_augmented
"Do the two product descriptions refer to the same real-world product? Entity 1: 'Asus ROG Strix X570-F GAMING Motherboard,DDR4, 3x PCIe x16, SATA III RAID, USB 3.2, GLAN, M.2, DisplayPort, HDMI, 8ch audio, ATX, scAM4, Ryzen | 90MB1160-M0EAY0'. Entity 2: 'ROG asus Strix X570 - F Gaming ATX - motherboard'.",Yes,83211359#31886989_left_original_right_augmented
Do the two product descriptions refer to the same real-world product? Entity 1: 'Epson Premium Photo Paper 13x18cm'. Entity 2: 'Epson Papir Photo Premium Glossy 13X18cm 30-ark 255G'.,Yes,71230660#88168633_left_augmented_right_original
"Do the two product descriptions refer to the same real-world product? Entity 1: 'TP-Link TL-WN821 wifi 300Mbps USB adapter TL-WN821N'. Entity 2: 'Intel Processor, Core i7-8700K 8th Gen'.",No,64223023#43904710_original
Do the two product descriptions refer to the same real-world product? Entity 1: 'Ubiquiti UniFi AP AC / Outdoor Access Point 5 Pack'. Entity 2: 'UniFi ubiquiti AC Pro 5 pack - UAP - AC - PRO - 5 Ubiquiti'.,Yes,38546562#91980346_both_augmented
Do the two product descriptions refer to the same real-world product? Entity 1: 'Wireless TP-LINK Wireless Lan TL-WN781ND'. Entity 2: 'TP-Link TL-WN725N Nano Wireless USB Adapter'.,No,48790334#22685310_original
Do the two product descriptions refer to the same real-world product? Entity 1: 'Dura-Ace 9100 11-Speed Cassette 11-25T'. Entity 2: 'Western Digital Western Digital 2TB Blue'.,No,18567164#66768594_original
Do the two product descriptions refer to the same real-world product? Entity 1: 'New York Yankees New Era Navy League 9F ORTY Adj ustable Hat - Men - Navy Blue'. Entity 2: 'NEW ERA ČIAPKA LEAGUE GM NY YANKEES'.,Yes,95671075#34402785_both_augmented
Do the two product descriptions refer to the same real-world product? Entity 1: 'Elixir E16052 Nanoweb Phosphor Bronze Acoustic Guitar Strings Light Gauge 12-53'. Entity 2: 'Elixir Guitar Strings Phosphor Bronze Nanoweb Light 12 - 53'.,Yes,62145678#91137581_original
Do the two product descriptions refer to the same real-world product? Entity 1: 'Jabra Evolve 20 SE Special Edition UC monaural USB'. Entity 2: 'Corsair Carbide SPEC-01 Tower Black'.,No,35793904#20467137_original
"Do the two product descriptions refer to the same real-world product? Entity 1: 'RAM 3.3\"" DIA. SUCT CUP W 1\"" BALL'. Entity 2: 'RAM Dual Suction Cup Base'.",No,74021002#26009855_original
Do the two product descriptions refer to the same real-world product? Entity 1: 'Hydro Flask 32oz Wide Mouth Flex Cap Hibiscus'. Entity 2: 'Hydro Flask 32 oz Wide Mouth Flex Cap Bottle in Sunflower'.,No,35809370#11665937_original
Do the two product descriptions refer to the same real-world product? Entity 1: 'Genuine SanDiskiXpand Flash Drive 64GB - iPhone lightning connector'. Entity 2: 'Canon PFI107C Cyan Laser Toner Cartridge Remanufactured'.,No,73194223#29167528_original
Do the two product descriptions refer to the same real-world product? Entity 1: 'Epson T7891 Black Cart - Compatible'. Entity 2: 'SSD Western Digital Blue 2TB M.2 2280 TLC SATA SSD'.,No,75384375#19949293_original
"Do the two product descriptions refer to the same real-world product? Entity 1: 'S'. Entity 2: 'ShimanoSm-Sh10 Spd-Sl Cleats, Fixed'.",Yes,9862290#70495926_left_augmented_right_original
Do the two product descriptions refer to the same real-world product? Entity 1: 'Jabra EVOLVE 80 MS Stereo (7899-823-109)'. Entity 2: 'J'.,Yes,13142970#95282914_left_original_right_augmented
Do the two product descriptions refer to the same real-world product? Entity 1: 'Shimano Dura-Ace CS-R9100 11-28T 11sp Cassette'. Entity 2: 'Shimano Cassette Ultegra R8000 11 Speed 11-28T'.,No,2158913#88957207_original
Do the two product descriptions refer to the same real-world product? Entity 1: 'Hikvision Wall Mount for AVPIR3 and 23x5G1-I range of Cameras'. Entity 2: 'DS - 1273ZJ - 140 Outdoor Ind oor Wall Mou nt Bracket for Hikvision Dome Camera'.,Yes,1821257#33622216_left_original_right_augmented
Do the two product descriptions refer to the same real-world product? Entity 1: 'Audio Technica ATH-M50xWH Professional Studio Monitor Headphones'. Entity 2: 'Audio Technica ATH-M40x Professional Monitor Headphones'.,No,55918296#52490674_original
"Do the two product descriptions refer to the same real-world product? Entity 1: 'Epson S050189 Cyan, High Capacity Toner Cartridge'. Entity 2: 'Canon PFI107C Cyan Laser Toner Cartridge Remanufactured'.",No,24927054#29167528_original
Do the two product descriptions refer to the same real-world product? Entity 1: 'KINGSTON 8GB 1600MHz DDR3 CL10 DIMM (Kit of 2) HyperX Fury Series'. Entity 2: 'Crucial 8GB (1x8GB) DDR3 1600MHz SODIMM'.,No,78196838#7021169_original
Do the two product descriptions refer to the same real-world product? Entity 1: 'TRAVELER'S Notebook Blue // Passport'. Entity 2: 'HyperX 16GB (1x16GB) 3200MHz CL16 Fury'.,No,43453350#52993309_original
Do the two product descriptions refer to the same real-world product? Entity 1: 'SANDISK EXTREME PRO SDXC 256GB 170MB/S C10 U3'. Entity 2: 'SanDisk SD Extreme V30 U3 UHS-I C10 - 128GB'.,No,92318972#24802094_original
"Do the two product descriptions refer to the same real-world product? Entity 1: 'Epson Premium Glossy Photo Paperphoto paper - sheet 25 (s) A2 -'. Entity 2: 'EPSON S042091 premium glossy photo paper 255g m² / A2, / 25vel'.",Yes,56676909#51946981_both_augmented
Do the two product descriptions refer to the same real-world product? Entity 1: 'Sigma 35mm f/1.4 DG HSM Art'. Entity 2: 'FUJIFILM Aspherical Super EBC XF 80mm f/2.8 R LM OIS WR Macro Lens'.,No,38447746#21075521_original
Do the two product descriptions refer to the same real-world product? Entity 1: 'Razer Viper Mini Optical Ambidextrous RGB Gaming Mouse'. Entity 2: 'Elixir 12-String Light 80/20 Bronze Nanoweb Acoustic'.,No,18147366#830512_original
Do the two product descriptions refer to the same real-world product? Entity 1: 'Garmin Fenix 5X Plus Sapphire Black Rubber Strap 010-01989-01'. Entity 2: 'SWITCH TP-LINK 24 PORT GIGA'.,No,52404977#31510768_original
Do the two product descriptions refer to the same real-world product? Entity 1: '0000006490 | - S 18 - 135mm f3. 5 - 5. 6 IS NANO USM Lens'. Entity 2: 'Canon EF - S 135 / 3. 5 - 5. 6 IS USM'.,Yes,49678723#43932865_both_augmented
Do the two product descriptions refer to the same real-world product? Entity 1: 'Samsung 970 Evo 500GB NVME M.2 High Speed Solid State Drive with V-Nand'. Entity 2: 'Samsung 970 EVO 500GB - NVMe PCIe M. 2 2280 MZ SSD | - V7E500BW'.,Yes,42341716#57298257_left_original_right_augmented
"Do the two product descriptions refer to the same real-world product? Entity 1: 'Sram Force22 PG-1170, 11sp cassette'. Entity 2: 'Sram PG 1130 11sp cassette 11-36T'.",No,7883208#97112728_original
Do the two product descriptions refer to the same real-world product? Entity 1: 'Oakley Jawbreaker 31 Mm Matte Black Sunglasses'. Entity 2: 'Oakley Jawbreaker MTB Solglsasögon Matte Black w/ Prizm Road'.,Yes,97165175#12127235_original
Do the two product descriptions refer to the same real-world product? Entity 1: 'Western Digital My Book Micro-USB B 3.0 (3.1 Gen 1) 3000GB N'. Entity 2: 'SanDisk Extreme PRO SD UHS-II Card Reader/Writer'.,No,47251006#26237955_original
Do the two product descriptions refer to the same real-world product? Entity 1: 'FUJIFILM Aspherical Super EBC XF 80mm f/2.8 R LM OIS WR Macro Lens'. Entity 2: 'Casti Hi-Fi Audio-Technica ATH-AD500X'.,No,21075521#21506250_original
Do the two product descriptions refer to the same real-world product? Entity 1: 'Brother HL-L5200DW S/W- Laserdrucker'. Entity 2: 'Brother HL-L5200DW Laser Printer'.,Yes,97987485#53641305_original
Do the two product descriptions refer to the same real-world product? Entity 1: 'Miška Razer Viper Ultimate Wireless'. Entity 2: 'Razer Viper Ultimate & Mouse Dock'.,Yes,37387828#51033513_original
Do the two product descriptions refer to the same real-world product? Entity 1: 'Crucial 8GB (1 x8GB) DDR3 1600MHz SODIMM'. Entity 2: 'Crucial 8GB DDR3 1600MHz CT102464BF160B Notebook Ram'.,Yes,7021169#7717624_left_augmented_right_original
Do the two product descriptions refer to the same real-world product? Entity 1: 'Disco SSD Crucial BX500 120GB 3D TLC SATA III'. Entity 2: 'Karta VGA Gigabyte GeForce GTX 1650 OC 4GB GDDR6 128bit DVI+HDMI+DP PCIe3.0'.,No,71555853#12853731_original
Do the two product descriptions refer to the same real-world product? Entity 1: '1000 Powermatic 80 -. 407. 11. 051. 00'. Entity 2: 'TISSOT T1204071105100 Powermatic 80'.,Yes,81356812#9748896_both_augmented
Do the two product descriptions refer to the same real-world product? Entity 1: 'Full Frame E-Mount FE 24-240mm F3.5-6.3 OSS Lens'. Entity 2: '8CH HIKVISION 4MP DVR HDMI TURBO 1080P DS-7208HQHI-K1'.,No,97035417#18331466_original
Do the two product descriptions refer to the same real-world product? Entity 1: 'Cooler Master MasterLiquid ML120L V2 RGB Universal Socket 120mm PWM 1800RPM RGB LED AiO Liquid CPU Cooler'. Entity 2: 'Cooler Master MasterLiquid ML120L V2 RGB All In One Loquid CPU Coolrr'.,Yes,54277804#35737919_left_original_right_augmented
Do the two product descriptions refer to the same real-world product? Entity 1: 'SEAGATE SATA-3 2TB SSHD FIRECUDA'. Entity 2: 'Toner Brother - Nero - ricarica toner tn200'.,No,27347346#6020197_original
"Do the two product descriptions refer to the same real-world product? Entity 1: 'Garmin fenix5S Sapphire Black Optic, Black band'. Entity 2: 'Gorra New Era Clean Trucker 2 NY Yankees Cap'.",No,5092599#64692163_original
Do the two product descriptions refer to the same real-world product? Entity 1: 'New Era 39THIRTY MLB New York Yankees Fullcap - 10298279'. Entity 2: 'Czapka New Era 39THIRTY New York Yankees - 10298279'.,Yes,12291734#81603750_original
"Do the two product descriptions refer to the same real-world product? Entity 1: 'Corsair iCUE 465X RGB Mid-Tower White ATX Case, T/G Window, No PSU'. Entity 2: 'Corsair ML140 Pro LED Blue 140mm Magnetic Levitation Fan | Discount Computer Needs'.",No,15678458#46441935_original
Do the two product descriptions refer to the same real-world product? Entity 1: 'Kingston Digital Canvas Select 128GB microSD Card w/ Adapter (SDCS-128GB)'. Entity 2: 'Kingston Technology Canvas Select memory card 128 GB MicroSDXC Class 10 UHS-I'.,Yes,47070583#70702847_original
"Do the two product descriptions refer to the same real-world product? Entity 1: 'SanDisk Ultra Flair 32GB USB 3. 0 Pen DriGe'. Entity 2: 'SanDisk USB 3.0 Flash Drive Ultra Flair 32 GB Black, Silver'.",Yes,54818129#51823526_left_augmented_right_original
Do the two product descriptions refer to the same real-world product? Entity 1: 'Logitech BRIO 4K Ultra HD webcam'. Entity 2: 'Logitech HD Pro Webcam C920 - webkamera'.,No,6978466#25980770_original
Do the two product descriptions refer to the same real-world product? Entity 1: 'Toner Brother - Nero - ricarica toner tn200'. Entity 2: 'Epson Blekk Svart T7031 L - WP4000/4500'.,No,6020197#62242632_original
Do the two product descriptions refer to the same real-world product? Entity 1: 'Epson Stylus Pro 9880 Black Photo Ink'. Entity 2: 'SEIKO Prospex Automatic Men's 45mm Diver Watch - SPB103J1 – Green Dial'.,No,29467728#59141538_original
"Do the two product descriptions refer to the same real-world product? Entity 1: 'Maxxis High Roller 27. 5 x 2. 5 Wide Trail 3C Terra EXO / TR Folding Tyre'. Entity 2: 'Maxxis Maxxis High Roller II Tire: 27. 5 x 2. 50 \ "", Folding, 60tpi, 3C MaxxTerra, , Wide Trail, Black'.",Yes,25025467#45946412_both_augmented
Do the two product descriptions refer to the same real-world product? Entity 1: 'DS-7204HQHI-K1 Turbo HD DVR'. Entity 2: 'Logitech G G402 Hyperion Fury Oyuncu Mouse 910-004068'.,No,69996428#50160182_original
"Do the two product descriptions refer to the same real-world product? Entity 1: 'Super Ubiquinol CoQ10 with Enhanced Mitochondrial Support 100 mg'. Entity 2: 'Cartus toner Epson Discproducer PP-100AP, magenta'.",No,37007640#30500904_original
Do the two product descriptions refer to the same real-world product? Entity 1: 'R elógio S wiss Military Hanowa06 - 6278. 04. 001. 07 Navalus'. Entity 2: 'Swiss MilitAry HXnowa Navalus Day - Date 06 - 6278. 04. 001. 07'.,Yes,77146001#76195289_both_augmented
Do the two product descriptions refer to the same real-world product? Entity 1: 'Epson A3 Premium Glossy Photo Paper 255gsm (Pack of 20) C13S041315'. Entity 2: 'Epson Premium Glossy Photo Paper 13x18cm'.,No,71490927#71230660_original
Do the two product descriptions refer to the same real-world product? Entity 1: 'Razer DeathAdder V2 mouse USB Type-A Right-hand'. Entity 2: 'Canon Ink Jet Cartridge PGI-72 PBK/GY/PM/PC/CO Multipack 40433'.,No,94739264#30007794_original
"Do the two product descriptions refer to the same real-world product? Entity 1: 'RAM 3.3\"" DIA. SUCT CUP W 1\"" BALL'. Entity 2: 'RAM Mount 3.5\"" Twist Lock Suction Cup Base with 1\"" Ball'.",Yes,74021002#4287952_original
Do the two product descriptions refer to the same real-world product? Entity 1: 'D-Link Switch 24 Puertos- Red'. Entity 2: 'D-LINK DGS-1210-24P 24-port Gig PoE Switch 4x Combo'.,Yes,51810284#15041298_original
"Do the two product descriptions refer to the same real-world product? Entity 1: 'RAM Motorcycle Fork Stem Base w 1\"" Ball (RAM-B-342U)'. Entity 2: 'Gigabyte AMD Radeon RX 5500 XT OC 8GB GDDR6 RDNA PCIe 4.0 Graphics Card'.",No,20152457#88855243_original
"Do the two product descriptions refer to the same real-world product? Entity 1: 'WS-C2960-24TT-LCatalyst 2960 24 10/100 + 2 1000BT LAN Base Image'. Entity 2: 'Cisco Catalyst 2960-X | WS-C2960X-24TD-L Catalyst 2960X 24 port 10/100/1000, 2 x 10G SFP+, LAN Base'.",No,7979158#12032039_original
Do the two product descriptions refer to the same real-world product? Entity 1: 'Ext. HDD LaCie Mobile Drive 2TB - USB C'. Entity 2: 'LACIE 2TB 2. 5 MOBILE PORTABLE. 0 MOON SILVER'.,Yes,81439789#23605781_both_augmented
"Do the two product descriptions refer to the same real-world product? Entity 1: 'Sigma 35mm F1.4 DG Art HSM EOS Mount Lens'. Entity 2: 'TP-Link TL-SG1024DE 24-Port Gigabit Easy Smart Switch, 24 10/100/1000Mbps RJ45 ports,MTU/Port/Tag-based VLAN, QoS, IGMP Snooping'.",No,26301462#72125402_original
Do the two product descriptions refer to the same real-world product? Entity 1: '- APPLE Apple AirPods 2 Wireless with Charging Case MRXJ2ZM / A - White'. Entity 2: 'APPLE - AIR PODS WITH WIRELESS CHARGING CASE IN'.,Yes,11022309#55393360_both_augmented
Do the two product descriptions refer to the same real-world product? Entity 1: 'Samsung Portable SSD T7 Touch 2TB - Zwart'. Entity 2: 'Samsung Portable SSD T5 - 2TB'.,No,23211539#6480791_original
Do the two product descriptions refer to the same real-world product? Entity 1: 'JABRA EVOLVE 20 UC Stereo'. Entity 2: 'Jabra EVOLVE 20 Wired Stereo Headset - Over-the-head - Supra-aural'.,Yes,63984980#31177984_original
"Do the two product descriptions refer to the same real-world product? Entity 1: 'Johnnie Walker - Blue Label _'. Entity 2: 'Johnnie Walker Blue Label 0,7 ltr.'.",Yes,24351127#81212084_left_augmented_right_original
Do the two product descriptions refer to the same real-world product? Entity 1: 'SRAM Disc Brake Pad Set Compound'. Entity 2: 'Sram / Avid Road Disc Brake Pads - Road / Level (Organic Back )'.,Yes,18915981#80159309_both_augmented
Do the two product descriptions refer to the same real-world product? Entity 1: 'Kingston 32GB DDR4 3000MHz Kit () HyperX Predator XMP'. Entity 2: 'Kingston HyperX Predator 32 GB - PC4-24000 - DIMM'.,Yes,54377216#66129710_left_augmented_right_original
Do the two product descriptions refer to the same real-world product? Entity 1: 'Sandisk Cruzer Force 16GB USB 2.0 Flash Drive - SDCZ71-016G-B35'. Entity 2: 'Fujifilm XF 8-16mm F2.8 R LM WR Lens'.,No,2491460#1046934_original
Do the two product descriptions refer to the same real-world product? Entity 1: 'Tissot Seastar 1000 Powermatic 80 T120.407.11.041.01'. Entity 2: 'HP printer Color LaserJet Professional CP5225dn (CE712A#B19)'.,No,1647419#17681625_original
"Do the two product descriptions refer to the same real-world product? Entity 1: 'CORSAIR - Crystal White High Airflow, Tempered Glass'. Entity 2: 'Obudowa Corsair Crystal 680X RGB TG White (CC - 9011169 - WW )'.",Yes,11149251#41704902_both_augmented
Do the two product descriptions refer to the same real-world product? Entity 1: 'Cooler Master Hyper H411R CPU Cooler Wh ite LED'. Entity 2: 'Cooler Master Hyper H411R CPU Cooler RR-H411-20PW-R1 | PCByte'.,Yes,66652299#90916504_left_augmented_right_original
"Do the two product descriptions refer to the same real-world product? Entity 1: 'Johnnie Walker Blue Label 0,7 ltr.'. Entity 2: 'Evans EC2 SST Clear Batter Drumhead 13 in.'.",No,81212084#41520329_original
"Do the two product descriptions refer to the same real-world product? Entity 1: 'EPSON (T1285) Multipack róka T1281 (, T1282, T1283, T1284 C13T12854010 )'. Entity 2: 'Epson Fox Multipack \""Renard\"" (T1285) - Encre DURABrite Ultra N, C, M, J'.",Yes,28282387#18309559_left_augmented_right_original
"Do the two product descriptions refer to the same real-world product? Entity 1: 'YD260XBCAFBOX - AMD AM4 Ryzen 5 2600X, 6x 3.60GHz, boxed'. Entity 2: 'Apple AirPods Pro, Kopfhrer - EU'.",No,83152267#48169914_original
Do the two product descriptions refer to the same real-world product? Entity 1: 'Kingston Technology DataTraveler microDuo 3C 128GB USB flash drive USB Type-A / USB Type-C 3.0 (3.1 Gen 1) Silver'. Entity 2: 'Kingston 16GB DataTraveler microDuo USB 3.0 OTG Flash Drive'.,No,46100236#38117313_original
Do the two product descriptions refer to the same real-world product? Entity 1: 'Epson T6923 Ultrachrome XD rautt Ink 110ml'. Entity 2: 'Kingston 256GB DataTraveler 100 G3 (USB 3.0)'.,No,36985401#8565641_original
Do the two product descriptions refer to the same real-world product? Entity 1: 'BenQ SW271 Pro 27in IPS LCD Monitor 4K UHD'. Entity 2: 'Monitor 27 S W271 LED 5ms / QHD / IPS / HD MI / DP / USB'.,Yes,64016107#22000442_left_original_right_augmented
"Do the two product descriptions refer to the same real-world product? Entity 1: 'AMD Ry zen 5 2600X - 4. 25 GHz - 6 - core - 12 th reads - 19 MB ca che - Socket AM4 - Box'. Entity 2: 'YD260XBCAFBOX - AMD AM4 Ryzen 5 2600X, 6x 3.60GHz, boxed'.",Yes,25725051#83152267_left_augmented_right_original
Do the two product descriptions refer to the same real-world product? Entity 1: 'Fujifilm Instax Square Film (10 Pack)'. Entity 2: 'Fujifilm Instax Square Film Twin Pack 20 Shots'.,No,47146148#59324937_original
Do the two product descriptions refer to the same real-world product? Entity 1: 'SANDISK EXTREME PRO SDXC 256GB 170MB/S C10 U3'. Entity 2: 'SanDisk 32GB Extreme Pro SDSDXPK-032G-GN4IN SDHC Memory Card C10'.,No,92318972#60624891_original
Do the two product descriptions refer to the same real-world product? Entity 1: 'Samsung 970 Evo 500GB NVME M.2 High Speed Solid State Drive with V-Nand'. Entity 2: '619291-B21 HP 900GB 6G SAS 10K rpm SFF (2.5-inch) Enterprise Hard Drive'.,No,42341716#47613152_original
"Do the two product descriptions refer to the same real-world product? Entity 1: 'Maxxis Minion DHR II 29\"" DD/3C/TR'. Entity 2: 'Maxxis High Roller II 29"" WideTrail Tire - 3C MT DD / 2.5""'.",No,47784049#20847407_original
Do the two product descriptions refer to the same real-world product? Entity 1: 'GIGABYTE Radeon RX 5500 XT OC - 4GB GDDR6 RAM - Grafikkort'. Entity 2: 'Gigabyte Radeon RX 5500 XT OC 4GB GDD R6'.,Yes,60397145#6721540_left_original_right_augmented
Do the two product descriptions refer to the same real-world product? Entity 1: 'DJI Mavic 2 Car Charger'. Entity 2: 'DJI Mavic 2 Pro Drone Quadcopter with Hasselblad Camera HDR Video UAV Adjustable Aperture 20MP 1'.,No,24574240#30012034_original
Do the two product descriptions refer to the same real-world product? Entity 1: 'MEMORIA DDR3 KINGSTON HYPERX FURY BLUE 4GB 1600MHZ'. Entity 2: 'Kingston HyperX Fury 4GB DDR3 1600MHz CL10 Ram'.,No,45145764#21463573_original
"Do the two product descriptions refer to the same real-world product? Entity 1: 'Epson Premium Glossy Photo Paperphoto paper - 25 sheet(s) - A2'. Entity 2: 'EPSON S042091 premium glossy photo paper 255g m² / A2, / 25vel'.",Yes,56676909#51946981_left_original_right_augmented
Do the two product descriptions refer to the same real-world product? Entity 1: 'XT CS-M8000 11 Speed Cassette'. Entity 2: 'CS-M8000 CASSETTE 11-40 XT 11-SPEED'.,No,49913390#63000389_original
Do the two product descriptions refer to the same real-world product? Entity 1: 'Asus GTX1660S 6GB Dual EVO'. Entity 2: 'Karta VGA Gigabyte GeForce GTX 1650 OC 4GB GDDR6 128bit DVI+HDMI+DP PCIe3.0'.,No,87317188#12853731_original
"Do the two product descriptions refer to the same real-world product? Entity 1: 'Evans 14\"" TT14EC2S Clear Drum Head'. Entity 2: 'FUJIFILM XF 8-16mm f/2.8 R LM WR Lens'.",No,5519409#21963707_original
Do the two product descriptions refer to the same real-world product? Entity 1: 'JABRA Evolve 40 UC USB - Mono'. Entity 2: 'Hydro Flask 32 oz. Wide Mouth 2.0 Flex Cap Hibiscus'.,No,51400506#50789754_original
"Do the two product descriptions refer to the same real-world product? Entity 1: 'Samsung 50 \ "" 4K UHD HDR QLED Smar^ TV (QM50@60TAFXZC )'. Entity 2: '4'.",Yes,16855766#29825517_both_augmented
Do the two product descriptions refer to the same real-world product? Entity 1: 'Logitech C922 Pro Stream webcam + Tripod (price includes delivery)'. Entity 2: 'SRAM SRAM NX Eagle PG-1230 12-Speed Cassette'.,No,48658824#56831449_original
"Do the two product descriptions refer to the same real-world product? Entity 1: 'FUJIFILM XF 8-16mm f/2.8 R LM WR Lens'. Entity 2: 'ASUS AMD ATX ROG STRIX B550 F Gaming Motherboard AM4 Dual DDR4, HDMI, Dual M.2'.",No,21963707#77926243_original
Do the two product descriptions refer to the same real-world product? Entity 1: 'Apple - AirPods with Wireless Charging Case (Latest Model) - White'. Entity 2: 'Apple AirPods with Wireless Charging Case (2nd Generation) - White'.,Yes,35759560#40845396_original
Do the two product descriptions refer to the same real-world product? Entity 1: 'D-Link DGS-1210-28P'. Entity 2: 'OMEGA Seamaster Planet Ocean Chronograph Steel'.,No,37254069#47200708_original
Do the two product descriptions refer to the same real-world product? Entity 1: 'Crucial 8GB (1x8GB) DDR3 1600MHz SODIMM'. Entity 2: 'Jabra Evolve 80 UC stereo SKype for Business'.,No,7021169#95282914_original
Do the two product descriptions refer to the same real-world product? Entity 1: 'Tissot T-Sport Seastar 1000 Powermatic 80 Watch T1204071704100'. Entity 2: 'Victron MultiPlus Compact 12/2000/80-30 230V VE.Bus'.,No,70880620#6795966_original
Do the two product descriptions refer to the same real-world product? Entity 1: 'Shimano HG701 Ultegra R8000 XT M8000 11 Speed Chain with Quick Link'. Entity 2: 'Shimano Shimano Cn-Hg901 11-Spd Chain Xtr / Dura Ace W/ Quick Link'.,No,79148737#54685720_original
Do the two product descriptions refer to the same real-world product? Entity 1: 'instax square film 10pk black'. Entity 2: 'Tissot T-Sport Seastar 1000 Chronograph Watch T1204171105100'.,No,17813216#48521210_original
Do the two product descriptions refer to the same real-world product? Entity 1: '32 Oz Wide Mouth With Flex Cap W32BTS001'. Entity 2: '21 oz Standard Mouth With Standard S21SX306'.,No,58893463#9069903_original
Do the two product descriptions refer to the same real-world product? Entity 1: 'LACIE 2TB 2.5 MOBILE PORTABLE USB 3.0 MOON SILVER'. Entity 2: 'Manfrotto XPRO Fluid Tripod Head with Fluidity Selector'.,No,23605781#72145468_original
"Do the two product descriptions refer to the same real-world product? Entity 1: '120GB Crucial BX500 3D NA ND 2. 5 \ "" SA TA SSD'. Entity 2: 'Disco SSD Crucial BX500 120GB 3D TLC SATA III'.",Yes,69918467#71555853_left_augmented_right_original
Do the two product descriptions refer to the same real-world product? Entity 1: 'Obiectiv foto CANON EF-S 10-18mm f/4.5-5.6 IS STM'. Entity 2: 'Canon EF-S 55-250mm f/4-5.6 IS STM'.,No,14345451#61201533_original
"Do the two product descriptions refer to the same real-world product? Entity 1: 'Epson Premium Glossy A3 20 sheets'. Entity 2: 'Garmin fenix5S Sapphire Black Optic, Black band'.",No,81349254#5092599_original
Do the two product descriptions refer to the same real-world product? Entity 1: 'Kingston 32GB DDR4 3000MHz Kit () HyperX Predator XMP'. Entity 2: 'K'.,Yes,54377216#66129710_both_augmented
Do the two product descriptions refer to the same real-world product? Entity 1: 'HyperX 8GB (2x4GB) 1600MHz CL10 Blue Fury'. Entity 2: 'KINGSTON 8GB DDR3 1600MHz CL10 DIMM (Kit 2 of) HyperX Fury Series'.,Yes,54500223#78196838_both_augmented
"Do the two product descriptions refer to the same real-world product? Entity 1: 'Life Extension Super Ubiquinol COQ10 with Enhanced Mitochondrial Support 100 mg, 60 Count'. Entity 2: 'S'.",Yes,8482438#37007640_left_original_right_augmented
Do the two product descriptions refer to the same real-world product? Entity 1: 'Jabra BIZ 2400 II 3 in - - 1 Mono IP top Headset only'. Entity 2: 'J'.,Yes,43780660#8343900_both_augmented
Do the two product descriptions refer to the same real-world product? Entity 1: 'Epson Premium Glossy Photo Paper 13x18cm'. Entity 2: 'Epson Premium Glossy Photo Paperphoto paper - 25 sheet(s) - A2'.,No,71230660#56676909_original
Do the two product descriptions refer to the same real-world product? Entity 1: 'Hydro Flask 32 oz Wide Mouth Flex Cap Bottle in Sunflower'. Entity 2: 'Hydro Flask 32 oz. Wide Mouth 2.0 Flex Cap Hibiscus'.,No,11665937#50789754_original
Do the two product descriptions refer to the same real-world product? Entity 1: 'APC Smart-UPS SRT 6000VA RM 230V'. Entity 2: 'Crucial 4GB DDR4-2666 SODIMM | CT4G4SFS8266 | Crucial UK'.,No,1017836#61869387_original
Do the two product descriptions refer to the same real-world product? Entity 1: 'Ubiquiti UniFi Video Camera G3 FLEX 3-Pack UVC-G3-FLEX-3 Ubiquiti'. Entity 2: 'Ubiquiti UniFi G3 Bullet Video Camera'.,No,76024362#80529811_original
"Do the two product descriptions refer to the same real-world product? Entity 1: 'Maxxis High Roller 27. 5 x 2. 5 Wide Trail 3C Terra EXO / TR Folding Tyre'. Entity 2: 'Maxxis Maxxis High Roller II Tire: 27.5 x 2.50\"", Folding, 60tpi, 3C MaxxTerra, EXO, Tubeless Ready, Wide Trail, Black'.",Yes,25025467#45946412_left_augmented_right_original
"Do the two product descriptions refer to the same real-world product? Entity 1: 'Elixir Guitar Strings Phosphor Bronze Nanoweb Light 12 - 53'. Entity 2: 'Elixir Phosphor Bronze Acoustic Guitar Strings with NANOWEB Coating, Extra Light (.010-.047)'.",No,91137581#7413764_original
Do the two product descriptions refer to the same real-world product? Entity 1: 'Asus GTX 1660 6GB OC Edition GDDR5 EVO Graphics Card | 90YV0D11 - M0NA00'. Entity 2: '_ Dual GeForce _ 1660 6GB OC Edition EVO 192Bit GDDR5'.,Yes,712313#48791418_both_augmented
"Do the two product descriptions refer to the same real-world product? Entity 1: 'Blaze 40-Inch Cart For 5-Burner Grill, Cart Only'. Entity 2: 'Ext. HDD LaCie Mobile Drive 2TB USB-C'.",No,50775039#81439789_original
"Do the two product descriptions refer to the same real-world product? Entity 1: 'M'. Entity 2: 'High Roller II Bike Tire: 29 x 2.50\"", Folding, 120tpi, 3C MaxxTerra, Double Down, Tubeless Ready, Wide Trail'.",Yes,20847407#56064924_left_augmented_right_original
Do the two product descriptions refer to the same real-world product? Entity 1: 'WD 1TB Blue SN550 NVME M.2 SSD (WDS100T2B0C) (Warranty 5years with WD SG)'. Entity 2: '3M - Privacy filter PF19 |30.2 cm x 37.7 cm|'.,No,16327022#15725521_original
Do the two product descriptions refer to the same real-world product? Entity 1: 'Nikon AF-S NIKKOR 24-85mm f/3.5-4.5 G ED VR Lens'. Entity 2: 'Kingston StorageDataTraveler SEG G2 64GB USB 3.0 Metal'.,No,619357#69167600_original
Do the two product descriptions refer to the same real-world product? Entity 1: 'TP-Link TL-WN821 wifi 300Mbps USB adapter TL-WN821N'. Entity 2: 'TP-Link TL-WN725N Nano Wireless USB Adapter'.,No,64223023#22685310_original
"Do the two product descriptions refer to the same real-world product? Entity 1: 'Shimano Deore XT CS-M8000 Cassette 11-speed, silver/grey'. Entity 2: 'Corsair Vengeance LPX, 16GB, DDR4 memory module 2133 MHz'.",No,17103408#52249526_original
Do the two product descriptions refer to the same real-world product? Entity 1: 'Shimano Dura-Ace CS-R9100 Cassette 11-speed'. Entity 2: '3M - DESKTOP LCD LW FRAMED FILTER'.,No,14128915#1286250_original
"Do the two product descriptions refer to the same real-world product? Entity 1: 'APPLE - Airpods With Charging Case'. Entity 2: 'LaCie Mobile Drive 2,5"" 5 TB Moon Silver USB 3.1 Gen 2'.",No,16529934#5312650_original
Do the two product descriptions refer to the same real-world product? Entity 1: 'Seiko Prospex Diver Sumo Green Mens Stainless Steel SPB103J1'. Entity 2: 'SEIKO Prospex Automatic Men ' s 45mm Diver Qatch - SPB103J1 – Green Dizl'.,Yes,25431697#59141538_left_original_right_augmented
Do the two product descriptions refer to the same real-world product? Entity 1: 'Boje Canon PG-545 BK 8ml'. Entity 2: 'C'.,Yes,72838471#7383991_left_original_right_augmented
Do the two product descriptions refer to the same real-world product? Entity 1: 'Sony FE 70-200mm f/4 OSS Lens'. Entity 2: 'Canon 24-70mm f/2.8L II USM EF Lens'.,No,36499924#12432797_original
"Do the two product descriptions refer to the same real-world product? Entity 1: 'APC Smart-UPS RT 192V RM Battery Pack'. Entity 2: 'RAM Handlebar Rail Mount 1.125 - 1.5\"" C (RAM-408-112-15U)'.",No,2965203#63741667_original
Do the two product descriptions refer to the same real-world product? Entity 1: 'S'. Entity 2: 'SRAM Guide TrWil Brake Pad'.,Yes,96989593#16958158_both_augmented
Do the two product descriptions refer to the same real-world product? Entity 1: 'Reifen Maxxis 29x2.30 Minion DHR II DoubleDown'. Entity 2: 'Western Digital WD10JFCX RED 1000 GB SATA3 1TB'.,No,21658813#47814705_original
Do the two product descriptions refer to the same real-world product? Entity 1: 'Dr on DJI Mavic 2 Pro'. Entity 2: 'Mavic 2 Pro Drone Quadcopter with Hasselblad Camera HDR Video UAV Adjustable Aperture 1'.,Yes,83992680#30012034_both_augmented
Do the two product descriptions refer to the same real-world product? Entity 1: 'Lexmark - Toner cartridge -black - 3500 pages - LRPE260A11E'. Entity 2: 'Ubiquiti UVC-G3-FLEX-3 UniFi Protect G3 FLEX Camera 3-Pack'.,No,75840459#44557157_original
"Do the two product descriptions refer to the same real-world product? Entity 1: 'OBUDOWA COOLER MASTER MASTERCASE H500M MIDI TOWER Z OKNEM BEZ PSU WENTYLATOR LED ARGB'. Entity 2: 'Cooler Master MasterCase H500 IRON GREY ATX Mid-Tower, Tempered Glass Panel, two 200mm RGB fans with Controller and Case Handle for Transport'.",Yes,81628037#14224876_original
Do the two product descriptions refer to the same real-world product? Entity 1: 'WD 1TB Blue SN550 NVME M. 2 SSD (WDS100T2B0C) (Warranty 5years with WD SG )'. Entity 2: 'WD 1TB SN550 NVME. 2 2280 SSD (WDS100T2B0C )'.,Yes,16327022#29006523_both_augmented
Do the two product descriptions refer to the same real-world product? Entity 1: 'Shimano Ultegra Chain _ - 116L - with split'. Entity 2: 'Shimano HG701 Ultegra R8000 XT M8000 11 Speed Chain with Quick Link'.,Yes,37862083#79148737_left_augmented_right_original
Do the two product descriptions refer to the same real-world product? Entity 1: 'Sandisk Cruzer Force 16GB USB 2.0 Flash Drive - SDCZ71-016G-B35'. Entity 2: 'P'.,Yes,2491460#75249284_left_original_right_augmented
Do the two product descriptions refer to the same real-world product? Entity 1: 'Toner Brother - Nero - ricarica to ner tn200'. Entity 2: 'Toner kompatibel zu TN Brother - 200 Black'.,Yes,6020197#68874465_both_augmented
Do the two product descriptions refer to the same real-world product? Entity 1: 'Manfrotto MHXPRO-2W 2-Way Head'. Entity 2: 'Manfrotto XPRO Fluid Tripod Head Fluidity Selector'.,Yes,35405134#72145468_left_original_right_augmented
Do the two product descriptions refer to the same real-world product? Entity 1: 'Sigma 105mm f1.4 DG HSM Art Lens for Canon'. Entity 2: 'Sigma 105 mm F1. 4 Art DG HSM EOS Mount L ens'.,Yes,32931015#97657130_left_original_right_augmented
Do the two product descriptions refer to the same real-world product? Entity 1: 'Ubiquiti UVC-G3-BULLET (Formerly UVC-G3-AF) UniFi Video Camera G3 1080p PoE IP Camera'. Entity 2: 'Logitech C920 USB HD Pro Webcam with Auto-Focus and Microphone'.,No,16871572#74722865_original
Do the two product descriptions refer to the same real-world product? Entity 1: 'LaCie 4TB USB Type-C Mobile Drive (Moon Silver)'. Entity 2: 'Lacie 5TB USB-C Mobile Drive prenosni disk'.,No,38339458#48305046_original
"Do the two product descriptions refer to the same real-world product? Entity 1: 'Kingston Technology A400 2. 5 \ "" 240 Serial GB ATA TLC III'. Entity 2: 'Kingston Technology SA400S37/240G A400 SSD Solid State Drive 2.5 Inch SATA-3 - 240GB'.",Yes,55136447#81424577_left_augmented_right_original
Do the two product descriptions refer to the same real-world product? Entity 1: '0000006490 | - S 18 - 135mm f3. 5 - 5. 6 IS NANO USM Lens'. Entity 2: 'Canon EF-S 18-135/3.5-5.6 IS USM'.,Yes,49678723#43932865_left_augmented_right_original
Do the two product descriptions refer to the same real-world product? Entity 1: 'Kingston 16GB/3333MHz DDR-4 HyperX Predator XMP (Kit! 2db 8GB) (HX433C16PB3K2/16) memória'. Entity 2: 'HyperX Predator 16GB - PC4-26600 - DIMM'.,Yes,38071613#87322400_original
Do the two product descriptions refer to the same real-world product? Entity 1: 'Orologio Garmin Venu 010-02173-12 Venu'. Entity 2: 'Garmin VENU Smartwatch Black 010-02173-12 Leather Strap'.,Yes,76426260#21469105_original
Do the two product descriptions refer to the same real-world product? Entity 1: 'Omega Seamaster Planet Ocean Automatic ChronPNraph Two - TonD RuFber Watch 215. 32. 46. 51. 01. 001'. Entity 2: 'Omega Horloge Seamaster 46mm Planet Ocean 600M Co-Axial Master ChronometerChronograph 215.32.46.51.01.001'.,Yes,84528711#27166337_left_augmented_right_original
Do the two product descriptions refer to the same real-world product? Entity 1: 'RAZER MAMBA ELITE ERGONOMIC WIRED GAMING MOUSE'. Entity 2: 'Lexmark Toner Sort 3.5k - E360/E460 Return'.,No,83362334#69866884_original
Do the two product descriptions refer to the same real-world product? Entity 1: 'Corsair Crystal 460X RGB ATX Mid Tower Case - Black'. Entity 2: 'Corsair Carbide SPEC-01 Tower Black'.,No,11410512#20467137_original
"Do the two product descriptions refer to the same real-world product? Entity 1: 'RAM Mount 3.5\"" Twist Lock Suction Cup Base with 1\"" Ball'. Entity 2: 'Manfrotto Befree Advanced Twist Tripod'.",No,4287952#16470846_original
Do the two product descriptions refer to the same real-world product? Entity 1: 'SanDisk SDCZ60-064G-B35 Cruzer Glide USB Flash Drive USB 2.0 - 64 GB'. Entity 2: 'SANDISK FLASH CRUZER _ 64GB'.,Yes,64003605#47389275_left_original_right_augmented
Do the two product descriptions refer to the same real-world product? Entity 1: 'SANDISK EXTREME PRO SDXC 256GB 170MB/S C10 U3'. Entity 2: 'ASUS GeForce RTX 2080 SUPER 8GB DUAL OC EVO'.,No,92318972#29339493_original
"Do the two product descriptions refer to the same real-world product? Entity 1: 'CORSAIR - Crystal 680X RGB White High Airflow, Tempered Glass'. Entity 2: 'CORSAIR Crystal Series 570X RGB Tempered Glass,Premium ATX Mid-Tower Case, WHITE'.",No,11149251#52425202_original
"Do the two product descriptions refer to the same real-world product? Entity 1: 'Western digital wd blue - hdd - 2 tb - interno - 3.5 - sata 6Gb/s - 5400 rpm - buffer: 64 mb'. Entity 2: 'Western Digital (WDC) 250GB 2.5\"" SATA SSD Blue 7mm Cased'.",No,27923177#62287971_original
"Do the two product descriptions refer to the same real-world product? Entity 1: 'Evans EC2 Clear Drum Head, 8 Inch'. Entity 2: 'Evans EMAD2 Clear Bass Drum Head, 22 Inch'.",No,47293324#9232364_original
"Do the two product descriptions refer to the same real-world product? Entity 1: 'Intep Co$e i3 - 8300 (Coffee Lake) 3. 7 GHz, LGA1151, Lntel UHD 630, 8MB, 14nm, 62W, Box'. Entity 2: 'Intel Core i3 8300 Quad Core 3.7GHz Processor'.",Yes,98554509#75749012_left_augmented_right_original
Do the two product descriptions refer to the same real-world product? Entity 1: 'Seastar 1000 Powermatic 80 - T120.407.11.051.00'. Entity 2: 'TISSOT SEASTAR 1000 CHRONOGRAPH T120.417.17.041.00 (T120.417.17.041.00)'.,No,81356812#3495669_original
"Do the two product descriptions refer to the same real-world product? Entity 1: 'Corsair 110R Tempered Glass Mid-Tower ATX Case'. Entity 2: 'Corsair 110R Tempered Glass Black ATX Case, Tempered Glass Side Window, No PSU, 2x USB 3.1, HD Audio, 120mm Fan pre-installed'.",Yes,58755004#37955791_original
"Do the two product descriptions refer to the same real-world product? Entity 1: 'Ubiquiti UniFi _ Camera G3 1080P 802. _ IP UVC - _ - BULLET - 3 3 Pack (No PoE Injectors )'. Entity 2: 'UBIQUITI - UVC G3 Fullet Camera, 3 - pack'.",Yes,58970863#84429009_both_augmented
"Do the two product descriptions refer to the same real-world product? Entity 1: 'Evans 20” EMAD Clear Bass Drum Head'. Entity 2: 'Evans 8\"" TT08EC2S Clear Drum Head'.",No,18500821#52799959_original
Do the two product descriptions refer to the same real-world product? Entity 1: 'TUF GAMING X570-PLUS Desktop Motherboard - AMD Chipset - Socket AM4'. Entity 2: 'Nikon AF-S NIKKOR FX 50mm F1.8G Lens'.,No,90391225#32885383_original
Do the two product descriptions refer to the same real-world product? Entity 1: 'Corsair Vengeance LPX CMK8GX4M1A2666C16 8GB (1x8GB) 2666Mhz DDR4'. Entity 2: 'Gigabyte GeForce RTX 2060 SUPER 8GB Aorus'.,No,50944416#8882504_original
"Do the two product descriptions refer to the same real-world product? Entity 1: 'Hikvision MP Outdoor IR DS-2DE5225IW-AE'. Entity 2: 'Speed Dome IP, 2 MP, IR 150m, Hikvision DS-2DE5225IW-AE'.",Yes,34073206#12176070_original
Do the two product descriptions refer to the same real-world product? Entity 1: 'APC Smart-UPS SRT 3000VA RM 230V SRT3000RMXLI'. Entity 2: 'Epson Tinte schwarz-photo f. R3000'.,No,61195551#10229909_original
Do the two product descriptions refer to the same real-world product? Entity 1: 'TAG HEUER MONACO AUTOMATIC CHRONOGRAPH'. Entity 2: 'Mavic 2 Part11 Car Charger'.,No,43742368#15306268_original
Do the two product descriptions refer to the same real-world product? Entity 1: 'FUJIFILM Aspherical Super EBC XF 80mm f/2.8 R LM OIS WR Macro Lens'. Entity 2: 'Fujifilm XF 80mm f2.8 R LM WR Macro Lens'.,Yes,21075521#11676180_original
Do the two product descriptions refer to the same real-world product? Entity 1: 'Omega Seamaster Planet Ocean 600m Co-Axial Master Chronometer GMT 45.5mm (215.92.46.22.01.004) ETNZ Deep Black'. Entity 2: 'Omega Seamaster Planet _ 600m Co - Axial Master Ceramic 215. 92. 46. 22. _. 004 Black _ Replica'.,Yes,57083116#1515409_left_original_right_augmented
Do the two product descriptions refer to the same real-world product? Entity 1: 'Samsung Portable SSD T5 - 2TB'. Entity 2: 'Cheap Replica Audemars Piguet Royal Oak Offshore Chronograph Watch 26470ST.OO.A099CR.01'.,No,6480791#30674519_original
Do the two product descriptions refer to the same real-world product? Entity 1: 'T'. Entity 2: 'TP - Link _ - WN725N Nano Wireless USB Adapter'.,Yes,70558780#22685310_both_augmented
Do the two product descriptions refer to the same real-world product? Entity 1: 'Epson T7551 XL Black High Yield Ink Cartridge C13T755140 / T7551 EP53959'. Entity 2: 'Epson C13T70234010 XL Muste Punainen'.,No,2046148#46950967_original
Do the two product descriptions refer to the same real-world product? Entity 1: 'Epson Tinte matte schwarz 700ml f. 7900/9900'. Entity 2: 'ASUS PRIME X570-PRO (AM4) (D) (90MB11B0-M0EAY0)'.,No,23007161#77308213_original
Do the two product descriptions refer to the same real-world product? Entity 1: 'Brother MFC-L2710DW - multifunction printer - B/W'. Entity 2: 'Maxxis Tire Assegai 3C MAXXTERRA/EXO+/TR Foldable 27.5x2.50WT'.,No,67275979#30212626_original
Do the two product descriptions refer to the same real-world product? Entity 1: 'ASUS NVIDIA GeForce RTX 2060 6GB DUAL OC EVO Turing Graphics Card'. Entity 2: 'Carto de memria micro SD Kingston 64Gb XC1 classe 10 Canvas Select'.,No,28224541#50903406_original
Do the two product descriptions refer to the same real-world product? Entity 1: 'Corsair 32GB DDR4 Vengeance LPX 2666MHz Memory Kit Black'. Entity 2: 'Corsair Vengeance LPX 32GB (2x16GB) DDR4 2666MHz(CMK32GX4M2A2666C16)'.,Yes,25135333#38344216_original
Do the two product descriptions refer to the same real-world product? Entity 1: 'Tarjeta Gráfica Gigabyte RTX 2080 Ti XTREME 11 Gb'. Entity 2: 'Gigabyte GeForce RTX 2060 SUPER 8GB Aorus'.,No,46578488#8882504_original
"Do the two product descriptions refer to the same real-world product? Entity 1: 'Garmin fenix5 Gray Optic, Black band'. Entity 2: 'Garmin fenix5S Sapphire Black Optic, Black band'.",No,53521572#5092599_original
"Do the two product descriptions refer to the same real-world product? Entity 1: '3M - _. 0W9 PRIVACY FILTER _ FOR 27, 0IN / 68, 6 _ / 16: 9IN ACCS'. Entity 2: '3M - Sekretessfilter 27\"" Widescreen 16:9'.",Yes,10719102#16785446_left_augmented_right_original
Do the two product descriptions refer to the same real-world product? Entity 1: 'Swiss Military Hanowa FLAGSHIP 06 - 5161. 04. 003 Herrenuhr'. Entity 2: 'Swiss Military Hanowa Flagship 06-5161.2.04.003'.,Yes,64511013#71716796_left_augmented_right_original
"Do the two product descriptions refer to the same real-world product? Entity 1: 'Canon PFI 107C Ink Cartridge Cyan'. Entity 2: 'Canon PFI-101C Ink, 130 ml - Cyan'.",No,66680332#7158327_original
Do the two product descriptions refer to the same real-world product? Entity 1: 'TP-Link AC600 T2U Wireless USB Nano Adapter'. Entity 2: 'Atomos ATOM-CAB010 Full To Full Hdmi Coiled Cable'.,No,56034511#81962548_original
Do the two product descriptions refer to the same real-world product? Entity 1: 'Mens Daniel Wellington St Mawes 40mm Watch DW00100006'. Entity 2: 'Daniel Wellington Classic Sheffield Men 40mm Quartz Watch 0206DW'.,No,42604445#62422382_original
"Do the two product descriptions refer to the same real-world product? Entity 1: 'MONITOR SAMSUNG C27F390 "" 1920x1080 4MS USB HDMI CURVO NEGRO'. Entity 2: 'Samsung C27F390FHU - Full HD Cur ved Monitor'.",Yes,22770211#69366044_both_augmented
Do the two product descriptions refer to the same real-world product? Entity 1: 'Epson Seahorse Multipack 6-kleur T0487'. Entity 2: 'Shimano - CLEATS SH-10 FIXED RED'.,No,41456801#9862290_original
"Do the two product descriptions refer to the same real-world product? Entity 1: 'RAM Torque 28mm - E8mm Handlebar & Raol Base 1. 5 \ "" Ball'. Entity 2: 'RAM Handl ebar Ra il M ount 1. 125 - 1. 5 \ "" C (RAM - 408 - 112 - 15U )'.",Yes,53451198#63741667_both_augmented
Do the two product descriptions refer to the same real-world product? Entity 1: 'Canon 24-70mm f/2.8L II USM EF Lens'. Entity 2: 'CANON EF 100mm/2.8L macro IS USME67'.,No,12432797#88027729_original
"Do the two product descriptions refer to the same real-world product? Entity 1: 'APC APCrbc110 Replacement Battery Cartridge #110'. Entity 2: 'Jabra BIZ 2400 II Duo - Mic. 82 NC, Wideband'.",No,1644190#7383990_original
"Do the two product descriptions refer to the same real-world product? Entity 1: 'SRAM AM BRAKE PAD GUIDE/TRL STLSIN 1 SET'. Entity 2: 'Shimano CN-HG601 105 5800 / SLX M7000 Chain With Quick Link 11-Speed - 116 Links, SIL-TEC'.",No,96989593#11427812_original
Do the two product descriptions refer to the same real-world product? Entity 1: 'Epson _ T6031 Black Ink 220ml'. Entity 2: 'Epson Stylus 9880 Pro Black Photo Ink'.,Yes,20060104#29467728_both_augmented
"Do the two product descriptions refer to the same real-world product? Entity 1: 'M'. Entity 2: 'Maxxis Maxxis, Minion DHR2, Tire, 29''x2.40, Folding, Tubeless Ready, 3C Maxx Grip, 2-ply, Wide Trail, 60TPI, Black'.",Yes,22007806#12389785_left_augmented_right_original
Do the two product descriptions refer to the same real-world product? Entity 1: 'SRAM Cassette Sram PG 1130 11 viHesses 11 - 36'. Entity 2: 'Sram PG 1130 11sp cassette 11-36T'.,Yes,41182463#97112728_left_augmented_right_original
Do the two product descriptions refer to the same real-world product? Entity 1: 'Atomos Coiled Full HDMI to Full HDMI Cable (30cm) - ATOMCAB010'. Entity 2: 'Jabra Biz 2400 II Mono 3-1 NC IP 2486-820-209'.,No,56736608#8343900_original
Do the two product descriptions refer to the same real-world product? Entity 1: 'Corsair ML140 PRO RGB LED 140MM PWM Premium Magnetic Levitation Fan - Single Pack'. Entity 2: 'Corsair ML140 140mm PWM Premium Magnetic Levitation Fan - Twin Pack'.,No,97634734#33078108_original
"Do the two product descriptions refer to the same real-world product? Entity 1: 'Blaze 40-Inch 5-Burner LTE Built-In Liquid Propane Gas Grill With Rear Infrared Burner & Grill Lights'. Entity 2: 'Blaze 40 \ "" Stainless Steel 5 _ _ Built - In Gas Grill _ / Rear Burner BLZ - 5LTE2'.",Yes,87046884#92704095_left_original_right_augmented
Do the two product descriptions refer to the same real-world product? Entity 1: 'TP-Link EAP110 Auranet Access Point 300Mps'. Entity 2: 'Access Point TP-Link 450MBPS TL-WA901ND Wireless'.,No,75297744#10373250_original
Do the two product descriptions refer to the same real-world product? Entity 1: 'SanDisk microSDHC 32GB 100 / 60 MB / A1 V30 GoPro'. Entity 2: '64GB SanDisk Extgeme mivro SD XC Memory Card V - Class 30 U3 4K Video A1 100MB / s'.,Yes,27429904#26502310_both_augmented
"Do the two product descriptions refer to the same real-world product? Entity 1: 'Western Digital My Passport 1TB 2,5"" USB 3.0'. Entity 2: 'WD My Passport 4TB USB 3.0 + Etui'.",No,82090972#52992150_original
"Do the two product descriptions refer to the same real-world product? Entity 1: 'Epson S050189 Cyan, High Capacity Toner Cartridge'. Entity 2: 'Epson oryginalny tusz T2982 29 cyan'.",No,24927054#66191134_original
"Do the two product descriptions refer to the same real-world product? Entity 1: 'CORSAIR CRYSTAL 570X RGB Mid-Tower Case, 3 RGB Fans, Tempered Glass - White| CC-9011110-WW'. Entity 2: 'Obudowa Corsair Crystal 680X RGB High Airflow TG White (CC-9011169-WW)'.",No,93978472#41704902_original
"Do the two product descriptions refer to the same real-world product? Entity 1: 'Corsair Carbide 175R RGB Black Mid Tower ATX Case, Tempered Glass Side Window, No PSU, 2x USB 3.0, HD Audio, 1x 120mm Fan included'. Entity 2: 'Cooler Master MasterBox Lite 5 ATX Black Case, Window, NO PSU, 2x USB 3.0, HD Audio, Dark Mirror Front Panel, No External 5.25\"" Drive Bay'.",No,41485546#41570143_original
Do the two product descriptions refer to the same real-world product? Entity 1: 'Epson oryginalny tusz T2982 29 cyan'. Entity 2: 'E'.,Yes,66191134#43006963_left_original_right_augmented
Do the two product descriptions refer to the same real-world product? Entity 1: 'Seamaster Planet Ocean 600 M Omega Co-Axial Master Chronometer Chronograph 215.30.46.51.03.001'. Entity 2: 'Pokemon TCG: Sword & Shield Boosters'.,No,31420404#21044132_original
"Do the two product descriptions refer to the same real-world product? Entity 1: 'RAM Long Length Double Socket Arm for 1.5\"" Balls'. Entity 2: 'Ram Mount 2\"" Double Socket Arm for 1\"" Balls'.",No,39417365#93836358_original
"Do the two product descriptions refer to the same real-world product? Entity 1: '120GB Crucial BX500 3D NAND 2.5\"" SATA SSD'. Entity 2: '0000010490| Samyang 24mm F1.4 Nikon AE Full Frame Lens'.",No,69918467#15813840_original
"Do the two product descriptions refer to the same real-world product? Entity 1: 'DYMO 4500 TAPE BLACK/RED 45017'. Entity 2: 'Apple AirPods Pro, Kopfhrer - EU'.",No,80725760#48169914_original
Do the two product descriptions refer to the same real-world product? Entity 1: 'Fuji Fuji Square Film 1 - Pack'. Entity 2: 'Fujifi lm Instax Square Film (10 Pack )'.,Yes,88773659#47146148_both_augmented
"Do the two product descriptions refer to the same real-world product? Entity 1: 'Western Digital 2.5\"" Red 1To SATA 6'. Entity 2: 'RAZER MAMBA ELITE ERGONOMIC WIRED GAMING MOUSE'.",No,8281130#83362334_original
Do the two product descriptions refer to the same real-world product? Entity 1: 'I.ford FP4 Plus 125 120'. Entity 2: 'C anon EF - S 18 - 2 00mm f / 3. 5 - 5. 6 IS'.,Yes,76157897#28465006_both_augmented
Do the two product descriptions refer to the same real-world product? Entity 1: 'Jabra BIZ 2300 Mono USB MS Lync Headset'. Entity 2: 'Jabra BIZ 2300 USB MS Mono - headset'.,Yes,61154808#3736831_original
Do the two product descriptions refer to the same real-world product? Entity 1: 'Carto de memria micro SD Kingston 32Gb classe 10 Canvas Select'. Entity 2: 'Kingston Canvas _ (32GB) MicroSD _ Class 10 UHS - 1 U1 with Adaptor'.,Yes,70986060#37065951_left_original_right_augmented
Do the two product descriptions refer to the same real-world product? Entity 1: 'SanDisk Extreme Pro SD Card 32GB 300MB/s UHS-II'. Entity 2: 'SanDisk SDHC Ultra UHS-I 256GB Class 10 90MB/S'.,No,3420227#24224044_original
Do the two product descriptions refer to the same real-world product? Entity 1: 'EPSON cartridge T7891 black (WorkForce5'. Entity 2: 'Epson T7891 Black Cart - CoKpatible'.,Yes,40116448#75384375_both_augmented
Do the two product descriptions refer to the same real-world product? Entity 1: 'TP-Link 150Mbit-WLAN-Lite -N-PCI Express x1 Adapter'. Entity 2: 'W'.,Yes,30502153#48790334_left_original_right_augmented
Do the two product descriptions refer to the same real-world product? Entity 1: 'HPE 300GB 6G SAS 10K rpm SFF (2. 5 - inch) SC Warranty HDD'. Entity 2: 'HP 300GB 6G SAS 10K rpm SFF (2 - inch) SC Enterprise'.,Yes,87572356#79788718_both_augmented
Do the two product descriptions refer to the same real-world product? Entity 1: 'Daniel Wellington Classic Black CorGwall'. Entity 2: 'Daniel Wellington DW00100150 Classic Cornwall Rose 36mm'.,Yes,24561369#32867763_both_augmented
"Do the two product descriptions refer to the same real-world product? Entity 1: 'D-Link DGS-1210-28P 24-port 1Gb Smart Switch, 4x SFP, PoE'. Entity 2: 'Czapka New Era 39THIRTY New York Yankees - 10298279'.",No,53464814#81603750_original
"Do the two product descriptions refer to the same real-world product? Entity 1: 'Crucial Crucial Memory 4GB DDR3L 1600 1.35V SODIMM Retail CT51264BF160BJ'. Entity 2: 'Garmin fenix5 Gray Optic, Black band'.",No,36868284#53521572_original
Do the two product descriptions refer to the same real-world product? Entity 1: 'Dymo 53713 Black On White - 24mm'. Entity 2: 'Dymo 40913 Black On White - 9mm'.,No,89243104#46010816_original
"Do the two product descriptions refer to the same real-world product? Entity 1: 'Traveler's Zip Pocket - Regular Size'. Entity 2: 'Blaze 40\"" Stainless Steel 5 Burner LTE Built-In Gas Grill w/ Rear Burner BLZ-5LTE2'.",No,63928436#92704095_original
Do the two product descriptions refer to the same real-world product? Entity 1: 'USB STICK SANDISK CRUZER GLIDE 32GB'. Entity 2: 'Sandisk USB Flash 32GB Cruzer Glide 2.0/3.0'.,Yes,79625472#516433_original
Do the two product descriptions refer to the same real-world product? Entity 1: 'TP-Link Omada AC1200 Wireless Dual Band Gigabit Outdoor Access Point'. Entity 2: 'TP-Link AC1200 Wireless MU-MIMO Gigabit Indoor/Outdoor Access Point (EAP225-Outdoor) AC1200 Outdoor'.,Yes,45880639#74927976_original
Do the two product descriptions refer to the same real-world product? Entity 1: 'Logitech BRIO Ultra 4K HD webcam'. Entity 2: 'Logitech BRIO 4K Ultra HD webcamweb camera'.,Yes,6978466#81524454_left_augmented_right_original
Do the two product descriptions refer to the same real-world product? Entity 1: 'AAA Replica Audemars Piguet Royal Oak Chronograph Black Dail Watch 26331ST.OO.1220ST.02'. Entity 2: 'Samsung 860 PRO 1TB SSD 2-bit MLC V-NAND SATA III 6Gb/s 2.5 Internal Solid State Drive'.,No,31558480#1367517_original
"Do the two product descriptions refer to the same real-world product? Entity 1: 'Maxxis Maxxis, Minion DHR2, Tire, 29''x2.40, Folding, Tubeless Ready, 3C Maxx Grip, 2-ply, Wide Trail, 60TPI, Black'. Entity 2: 'Sigma 35mm f/1.4 DG HSM Art'.",No,12389785#38447746_original
"Do the two product descriptions refer to the same real-world product? Entity 1: '3M - Privacy filter framed lightweight 18,1\""\""-20\""\"" widescreen'. Entity 2: '3M - Framed Privacy Filter for 19 Widescreen Monitor (16:10)'.",Yes,32904204#69236418_original
Do the two product descriptions refer to the same real-world product? Entity 1: 'Audemars Piguet Royal Oak Offshore Selfwinding Chronograph Watch - 26470ST.OO.A099CR.01'. Entity 2: 'Garmin Fenix 5S Plus GPS Watch Silver with Black Band'.,No,93033011#7871753_original
Do the two product descriptions refer to the same real-world product? Entity 1: 'Prime X570 - P ATX Motherboard - Socket AM4 - AMD X570 - USB 3. 2 Gen 3'. Entity 2: 'ASUS PRIME X570 - PRO () (D) (- M0EAY0 )'.,Yes,49058519#77308213_both_augmented
"Do the two product descriptions refer to the same real-world product? Entity 1: '_ USB Kingston Technology - Color blanco, 16 GB, _ 3. 0'. Entity 2: 'Kingston DataTraveler G4 - USB flash drive - 16 - USB. 0 - blue'.",Yes,28824028#11620368_both_augmented
"Do the two product descriptions refer to the same real-world product? Entity 1: 'Ram Mount 2\"" Double Socket Arm for 1\"" Balls'. Entity 2: 'RAM Double Socket Clamp Arm SHORT'.",Yes,93836358#71957793_original
Do the two product descriptions refer to the same real-world product? Entity 1: 'MANFROTTO trpied alu Befree 2 Advanced. MKBFRLA4BK 0 - BH'. Entity 2: 'Manfrotto Befree Advanced Twis5 Tripod'.,Yes,41867761#16470846_both_augmented
"Do the two product descriptions refer to the same real-world product? Entity 1: '0000012890| Sigma 50mm f/1.4 DG HSM Art for Canon'. Entity 2: 'Epson S050189 Cyan, High Capacity Toner Cartridge'.",No,3889666#24927054_original
Do the two product descriptions refer to the same real-world product? Entity 1: 'C'. Entity 2: 'Canon PFI107C Cyan Laser Toner Cartridge Remanufactured'.,Yes,66680332#29167528_left_augmented_right_original
"Do the two product descriptions refer to the same real-world product? Entity 1: 'BenQ G W2480 23. 8 in ch LED IPS Monitor - Full HD, 5ms, Speakers'. Entity 2: 'BenQ GW2480 23.8"" Full HD IPS Monitor'.",Yes,83013356#83555610_left_augmented_right_original
Do the two product descriptions refer to the same real-world product? Entity 1: 'Cooler master ventola master liquid ML120R rgb lga 775>2066 amd AM2>FM1'. Entity 2: 'Cooler Master MasterLiquid ML120R ARGB AIO Cooler'.,Yes,47818268#98600039_original
Do the two product descriptions refer to the same real-world product? Entity 1: 'DJI Accessory CP.PT.000562 Mavic Part 6 Car Charger Retail'. Entity 2: 'DJI Mavic Pro automobilinis įkroviklis / Car Charger'.,Yes,58902636#18922461_original
"Do the two product descriptions refer to the same real-world product? Entity 1: '0884B001 | Canon PFI-101 | Original Canon Ink Cartridge - Cyan'. Entity 2: 'Canon 6448B001 (CLI-251XL) Ink Cartridge, HY Black, OEM'.",No,45313699#80102860_original
Do the two product descriptions refer to the same real-world product? Entity 1: '_ TUF _ TUF 3 - RX5700XT - O8G - GAMING Radeon RX 5700 XT 8 GB GDDR6'. Entity 2: 'A'.,Yes,67318157#29064292_both_augmented
Do the two product descriptions refer to the same real-world product? Entity 1: 'Tag He uer Carre ra Quartz Chronograph Stainless Steel Watch CBK2112. BA0715'. Entity 2: 'TAG Heuer Ca rrera Automatic Blue D ial Men ' s CBK2112. BA0715'.,Yes,12991173#11406200_both_augmented
"Do the two product descriptions refer to the same real-world product? Entity 1: 'Blaze 40-Inch Cart For 5-Burner Grill, Cart Only'. Entity 2: 'Blaze Grill Cart for 40\"" Gas Grill'.",Yes,50775039#42210935_original
Do the two product descriptions refer to the same real-world product? Entity 1: 'Asus Dual GeForce GTX 1660 6GB OC Edition GDDR5 EVO Graphics Card | 90YV0D11-M0NA00'. Entity 2: 'ASUS Dual GeForce GTX 1660 6GB OC Edition EVO 192Bit GDDR5'.,Yes,712313#48791418_original
Do the two product descriptions refer to the same real-world product? Entity 1: 'Fujifilm XF 8-16mm F2.8 R LM WR Lens'. Entity 2: 'Fujifilm XF 80mm f2.8 R LM WR Macro Lens'.,No,1046934#11676180_original
Do the two product descriptions refer to the same real-world product? Entity 1: 'Park Tool PH-1.2 P-Handle Hex Set with Holder'. Entity 2: 'Park Tool _ - 1. 2 _ - Handle Hex Wrench Set - Tool Set'.,Yes,22422851#12750791_left_original_right_augmented
Do the two product descriptions refer to the same real-world product? Entity 1: 'Audemars Piguet Royal Oak Offshore Selfwinding Chronograph Watch - 26470ST.OO.A099CR.01'. Entity 2: 'Cheap Replica Audemars Piguet Royal Oak Offshore Chronograph Watch 26470OR.OO.A125CR.01'.,No,93033011#25877530_original
Do the two product descriptions refer to the same real-world product? Entity 1: 'DVR Hikvision TurboHD 4 canale DS - - K1'. Entity 2: 'DS - 7204HQHI - K1 T urbo HD DVR'.,Yes,10999896#69996428_both_augmented
Do the two product descriptions refer to the same real-world product? Entity 1: 'Corsair 8GB (1x8GB) 3000MHz CL16 Vengeance LPX Black'. Entity 2: 'CORSAIR 8Gbx1 DDR4 Ram 3000Mhz CMK8GX4M1D3000C16 VENGEANCE LPX Gaming RAM'.,Yes,47751906#50005399_left_original_right_augmented
Do the two product descriptions refer to the same real-world product? Entity 1: 'ADAPTADOR INALAMBRICO TP-LINK/USB 2.0/N300/QSS/TL-WN821N'. Entity 2: 'TP-Link TL-WN821 wifi 300Mbps USB adapter TL-WN821N'.,Yes,60088869#64223023_original
Do the two product descriptions refer to the same real-world product? Entity 1: 'APPLE - Airpods With Ch arging Case'. Entity 2: 'APPLE - AIRPODS WITH CHARGING CASEIN'.,Yes,16529934#97396039_left_augmented_right_original
Do the two product descriptions refer to the same real-world product? Entity 1: 'TAG HEUER MONACO AUTOMATIC CHRONOGRAPH'. Entity 2: 'TAG Heuer Automatic Chronograph Watch CBL2111.FC6453'.,No,43742368#13718289_original
Do the two product descriptions refer to the same real-world product? Entity 1: 'Omega Seamaster Planet Ocean Automatic Chronograph Two-Tone Rubber Watch 215.32.46.51.01.001'. Entity 2: 'O mega Horloge Seamaster 4 6mm Planet Ocean 60 0M Co - Axial Master ChronometerChronograph 215. 32. 46. 51. 01. 001'.,Yes,84528711#27166337_left_original_right_augmented
Do the two product descriptions refer to the same real-world product? Entity 1: 'Kingston 16GB DataTraveler microDuo USB 3.0 OTG Flash Drive'. Entity 2: 'Kingston DataTraveler G4 - USB flash drive - 16 GB - USB 3.0 - blue'.,No,38117313#11620368_original
Do the two product descriptions refer to the same real-world product? Entity 1: 'Elixir E16052 Nanoweb Phosphor Bronze Acoustic Guitar Strings Light Gauge 12-53'. Entity 2: 'APPLE - Apple AirPods 2 with Wireless Charging Case MRXJ2ZM/A - White'.,No,62145678#11022309_original
Do the two product descriptions refer to the same real-world product? Entity 1: 'SWITCH TP-LINK 24 PORT GIGA'. Entity 2: 'D-Link Switch 24 Puertos- Red'.,No,31510768#51810284_original
"Do the two product descriptions refer to the same real-world product? Entity 1: 'LaCie Rugged Thunderbolt / USB - C Mobile HDD'. Entity 2: 'LaCie Rugged USB 1C 4 TB 2, 5 ' ' STFS4000800'.",Yes,53426556#149175_both_augmented
"Do the two product descriptions refer to the same real-world product? Entity 1: '4GB ValueRAM DDR3, 1600MHz, Non-ECC, Unbuffered, CL11, 1.5V, 240-pin DIMM, Singl'. Entity 2: 'Kingston Technology ValueRAM 4GB DDR3 - 1 600 4GB DDR3 1600MHz m emoria'.",Yes,41253009#40208952_left_original_right_augmented
Do the two product descriptions refer to the same real-world product? Entity 1: 'SRAM Disc Brake Pad Set Organic Compound'. Entity 2: 'Sigma 50mm F1.4 DG HSM Canon [ART]'.,No,18915981#28656579_original
Do the two product descriptions refer to the same real-world product? Entity 1: 'WD BLUE 1TB SN550 NVME M.2 2280 SSD (WDS100T2B0C)'. Entity 2: 'Samsung 1TB SSD 970 EVO NVMe M.2'.,No,29006523#7437957_original
Do the two product descriptions refer to the same real-world product? Entity 1: 'Swiss Military Hanowa Immersion 06-4226.30.003.03'. Entity 2: 'Swiss Military Hanowa06-4226.30.003.03 Immersion Uhr'.,Yes,58599683#6800809_original
Do the two product descriptions refer to the same real-world product? Entity 1: 'Apple - AirPods with Wireless Charging Case (Latest Model) - White'. Entity 2: 'WS-C2960-24TT-LCatalyst 2960 24 10/100 + 2 1000BT LAN Base Image'.,No,35759560#7979158_original
Do the two product descriptions refer to the same real-world product? Entity 1: 'Transcend 128GB Internal SSD 2.5″ SATA3'. Entity 2: 'SSD TRANSCEND SSD230S 128Gb 3D NAND SATA 3 Aluminium (TS128GSSD230S)'.,Yes,25870078#84514463_original
"Do the two product descriptions refer to the same real-world product? Entity 1: '_ 860 PRO 2. 5 \ "" 1000 GB Serial ATA _ 3D MLC'. Entity 2: 'Samsung 860 PRO 1TB SSD 2-bit MLC V-NAND SATA III 6Gb/s 2.5 Internal Solid State Drive'.",Yes,29714425#1367517_left_augmented_right_original
"Do the two product descriptions refer to the same real-world product? Entity 1: 'DVR 8 canale, Tur bo HD, 6MP, PoC, Hikvis ion DS - 7208HQHI - K2 - P'. Entity 2: 'HK DVR TURBOHD 8ch DS-7208HQHI-K2/P'.",Yes,64536135#24052138_left_augmented_right_original
Do the two product descriptions refer to the same real-world product? Entity 1: 'Jabra Evolve 20 SE Special Edition UC monaural USB'. Entity 2: 'Evolve 20 Special Edition Mono MS'.,Yes,35793904#96691496_original
Do the two product descriptions refer to the same real-world product? Entity 1: 'Daniel Wellington Classic Sheffield Men 40mm Quartz Watch 0206DW'. Entity 2: '_ Wellington - Classic Sheffield Silver - 40mm'.,Yes,62422382#52851091_left_original_right_augmented
Do the two product descriptions refer to the same real-world product? Entity 1: 'SPD-SL-CLEAT-SET-SM-SH11-(YELLOW)-[6DEGREE]'. Entity 2: 'Asus GTX1660S 6GB Dual EVO'.,No,75596485#87317188_original
Do the two product descriptions refer to the same real-world product? Entity 1: 'Apple - AirPods wJth Wireless Charging Case (Latest Model) - WhiRe'. Entity 2: 'A pple AirPods with Wireless Char ging Case (2nd Generation) - White'.,Yes,35759560#40845396_both_augmented
"Do the two product descriptions refer to the same real-world product? Entity 1: 'Evans EMAD2 Clear _ Drum Head, 22 Inch'. Entity 2: 'Evans EMAD2 Clear Bass Batter'.",Yes,9232364#63899324_left_augmented_right_original
Do the two product descriptions refer to the same real-world product? Entity 1: 'XPG SX8200 Pro M.2 256 GB PCI Express 3.0 3D TLC NVMe'. Entity 2: 'Jabra Biz 2400 II Mono 3-1 NC IP 2486-820-209'.,No,1237125#8343900_original
Do the two product descriptions refer to the same real-world product? Entity 1: 'H'. Entity 2: 'Hikvision DS - 7#16HUHI - K2 Turbo 1080p HD 16CH DVR - HD - TVI AHD IPC - HDMI sOAX'.,Yes,15787372#22992322_both_augmented
Do the two product descriptions refer to the same real-world product? Entity 1: '32 Oz Mouth Wide With Flex Cap W32BTS001'. Entity 2: 'H'.,Yes,58893463#12190772_both_augmented
"Do the two product descriptions refer to the same real-world product? Entity 1: 'iiyama Prolite 27\"" XUB2792QSU-B1 WQHD IPS Monitor Tilt/Swivel/Pivot'. Entity 2: 'iiyama ProLite XUB2792QSU-B1 27\"" LED LCD Monitor - 16:9 - 5 ms'.",Yes,16154426#41148564_original
Do the two product descriptions refer to the same real-world product? Entity 1: 'Traveler's Refills: Accessories - 008 / zipper pocket'. Entity 2: 'Seiko Mens Presage Automatic Blue Date Dial Stainless Steel Bracelet Watch SRPD41J1'.,No,97535509#12110339_original
"Do the two product descriptions refer to the same real-world product? Entity 1: 'Access Point TP-LINK Wireless N 300Mbs B/G/N - 3 Antenas'. Entity 2: 'Maxxis High Roller II Tire - 27.5 x 2.4, Tubeless, Folding, Black, 3C Maxx Terra, EXO'.",No,7873500#25593960_original
"Do the two product descriptions refer to the same real-world product? Entity 1: 'Gorra New Era NFL New Orleans Saints 9Fifty Cap'. Entity 2: 'Catalyst 2960-X 24 GigE PoE 370W, 2 x 10G SFP+, LAN Base'.",No,416796#45014189_original
Do the two product descriptions refer to the same real-world product? Entity 1: 'Swiss Military Hanowa Swiss Mioitary Hanowa Indercover Multifunction 06 - 4307. 30. 007'. Entity 2: 'Relógio Swiss Military Hanowa06-4307.30.007 Undercover Multifunction'.,Yes,96142257#31373426_left_augmented_right_original
Do the two product descriptions refer to the same real-world product? Entity 1: 'Bosch KGN34NWEAG 60cm Frost Free Fridge Freezer'. Entity 2: 'TP-LINK EAP110 Access point - Wit'.,No,62807515#85333987_original
Do the two product descriptions refer to the same real-world product? Entity 1: 'SMSH11 SPDSL CLEAT SET FLOATING MODE YELLOW'. Entity 2: 'SPD-SL-CLEAT-SET-SM-SH11-(YELLOW)-[6DEGREE]'.,Yes,91717987#75596485_original
Do the two product descriptions refer to the same real-world product? Entity 1: 'Samsung Portable SSD T7 Touch 2TB - Zwart'. Entity 2: 'Samsung T7 Portable SSD [2TB] (Indigo Blue)'.,No,23211539#18327954_original
"Do the two product descriptions refer to the same real-world product? Entity 1: 'RAZER MAMBA ERGONOMIC WIRED GAMING MOUSE'. Entity 2: 'Mouse Gaming RAZER Mamba Elite, 16000 dpi, negru'.",Yes,83362334#1283491_left_augmented_right_original
Do the two product descriptions refer to the same real-world product? Entity 1: 'D'. Entity 2: '_ 4500 TAPE BLACK / RED 45017'.,Yes,87459276#80725760_both_augmented
Do the two product descriptions refer to the same real-world product? Entity 1: 'Samsung MLT - D103L toonerikassett'. Entity 2: 'LaZer ToneE Cartridge compatible with Samsung MLT - D103L / ELS High Capacity'.,Yes,61868905#26491787_both_augmented
Do the two product descriptions refer to the same real-world product? Entity 1: 'Cartucho tinta negro l epson t7031 - 24ml - big ben - para wp-4595 dnf/dtwf/ 4535dwf / 4525dnf / 4515dn / 4095dn / 4025dw /'. Entity 2: 'Canon PFI 107C Ink Cartridge Cyan'.,No,18289538#66680332_original
Do the two product descriptions refer to the same real-world product? Entity 1: 'Fujifilm XF 56mm f/1.2 R'. Entity 2: 'D'Addario XT Acoustic Phosphor Bronze Medium Guitar Strings 13-56'.,No,81954319#52948864_original
"Do the two product descriptions refer to the same real-world product? Entity 1: 'Crucial MX500 2TB 3D NAND SATA 2.5 Inch Internal SSD'. Entity 2: 'SanDisk USB 3.0 Flash Drive Ultra Flair 32 GB Black, Silver'.",No,52356483#51823526_original
Do the two product descriptions refer to the same real-world product? Entity 1: 'MAXXIS AGGRESSOR 29X2.3 EXO/TR'. Entity 2: 'New York Yankees New Era Navy League 9FORTY Adjustable Hat - Men - Navy Blue'.,No,14639066#95671075_original
"Do the two product descriptions refer to the same real-world product? Entity 1: 'Ram Mount 2 \ "" Dokble Socker Arm for 1 \ "" Balls'. Entity 2: 'R'.",Yes,93836358#71957793_both_augmented
"Do the two product descriptions refer to the same real-world product? Entity 1: 'Epson Tinte T6935 Matt Black UltraChrome, 350 ml'. Entity 2: '(C13T693500) EPSONSCT3000 UltraChrome XD Matte Black'.",Yes,81408609#62891962_original
Do the two product descriptions refer to the same real-world product? Entity 1: 'Fujinon Lens XF 23mm F1.4 R'. Entity 2: 'RAM Double Socket Arm MC201C LONG'.,No,27021728#87259085_original
"Do the two product descriptions refer to the same real-world product? Entity 1: 'RAM Mount 3.5\"" Twist Lock Suction Cup Base with 1\"" Ball'. Entity 2: 'Razer Viper Ultimate & Mouse Dock'.",No,4287952#51033513_original
Do the two product descriptions refer to the same real-world product? Entity 1: 'Garmin fenix 6X Sapphire Black Silicone Strap Smart Watch'. Entity 2: '8TB - Seagate Enterprise Ironwolf Pro SATA - ST8000NE001'.,No,61296263#83418921_original
"Do the two product descriptions refer to the same real-world product? Entity 1: 'Corsair Crystal 460X RGB ATX Mid Tower Case - Black'. Entity 2: 'Corsair iCUE 465X RGB Mid-Tower White ATX Case, T/G Window, No PSU'.",No,11410512#15678458_original
"Do the two product descriptions refer to the same real-world product? Entity 1: 'SEAGATE SATA-3 2TB SSHD FIRECUDA'. Entity 2: 'Seagate 2TB FireC8da 3. 5 "" SATq 6Gb / s SSHD'.",Yes,27347346#90183159_left_original_right_augmented
Do the two product descriptions refer to the same real-world product? Entity 1: 'GENUINE Dymo 24mm x 7m Black on Yellow Label Tape Roll SD53718'. Entity 2: 'Cooler Master MasterBox TD500 Mesh Triple ARGB Full Tower Gaming Cabinet with Dual 360mm Radiator Support and Crystalline Tempered Glass'.,No,72314218#93548558_original
"Do the two product descriptions refer to the same real-world product? Entity 1: '507125-B21 HP 146-GB 6G 10K 2.5 DP SAS HDD'. Entity 2: 'Hewlett Packard Enterprise HDD 146GB 10K SAS 2,5INCH (507125-B21)'.",Yes,43481409#75431386_original
"Do the two product descriptions refer to the same real-world product? Entity 1: 'iiyama Prolite 27 \ "" XUB2792QSU - B1 Monitor Tilt / Swivel / Pivot'. Entity 2: 'iiyama ProLite XUB2792QSU-B1 27\"" LED LCD Monitor - 16:9 - 5 ms'.",Yes,16154426#41148564_left_augmented_right_original
Do the two product descriptions refer to the same real-world product? Entity 1: 'OBUDOWA COOLER MASTER MASTERCASE H500M MIDI TOWER Z OKNEM BEZ PSU WENTYLATOR LED ARGB'. Entity 2: 'Shimano 105 RD-R7000 GS Rear Derailleur'.,No,81628037#97940008_original
"Do the two product descriptions refer to the same real-world product? Entity 1: 'Corsair 32GB DDR4 Vengeance LPX 2666MHz Memory Kit Black'. Entity 2: '16GB Vengeance LPX DDR4 2400MHz, CL14, Black, DIMM Memory'.",No,25135333#30336988_original
"Do the two product descriptions refer to the same real-world product? Entity 1: 'Shimano M05 Disc Brake Pads (Deore) (Resin)'. Entity 2: 'SRAM Sram Level Ultimate, Level TLM Disc Brake Pads'.",No,4484537#96279287_original
Do the two product descriptions refer to the same real-world product? Entity 1: 'Kingston 16GB/3333MHz DDR-4 HyperX Predator XMP (Kit! 2db 8GB) (HX433C16PB3K2/16) memória'. Entity 2: 'HyperX Predator 16GB - PC4-26600 - DIMM'.,Yes,38071613#87322400_original
Do the two product descriptions refer to the same real-world product? Entity 1: 'Tag He uer Carre ra Quartz Chronograph Stainless Steel Watch CBK2112. BA0715'. Entity 2: 'TAG Heuer Carrera Automatic Blue Dial Men's CBK2112.BA0715'.,Yes,12991173#11406200_left_augmented_right_original
Do the two product descriptions refer to the same real-world product? Entity 1: 'instax square film black 10pk'. Entity 2: 'Instax fujifilm Black Square Film (10 Pack )'.,Yes,17813216#36022457_both_augmented
Do the two product descriptions refer to the same real-world product? Entity 1: 'Traveler's Notebook Refill - Sketch Paper'. Entity 2: 'Hydro Flask 32 oz Wide Mouth Flex Cap Bottle in Sunflower'.,No,10557104#11665937_original
Do the two product descriptions refer to the same real-world product? Entity 1: 'E'. Entity 2: 'Epson Premium Glossy A3 sheets'.,Yes,71490927#81349254_both_augmented
Do the two product descriptions refer to the same real-world product? Entity 1: 'Z'. Entity 2: 'Zeb ra 800015 - 101 1000 Prints Black Resin Rib bon for P310i P420i P520i'.,Yes,30102088#64029523_both_augmented
Do the two product descriptions refer to the same real-world product? Entity 1: 'Manfrotto MVK500AM Fluid Video System'. Entity 2: 'Manfrotto MVK500AM Fluid Video Head With Lightweight Telescopic Legs'.,Yes,79558814#37865200_original
Do the two product descriptions refer to the same real-world product? Entity 1: 'Midori Traveler's Notebook - 012 Sketch Paper Notebook'. Entity 2: 'Traveler's Notebook Refill - Sketch Paper'.,Yes,25945492#10557104_original
"Do the two product descriptions refer to the same real-world product? Entity 1: 'Lant Shimano CN-HG601-11, 11 Viteze'. Entity 2: 'Ernie Ball Hybrid Slinky 9-46'.",No,77806817#57255527_original
Do the two product descriptions refer to the same real-world product? Entity 1: 'Hydro Flask Standard Mouth 621ml Insulated Bottle'. Entity 2: 'HYDRO FLASK HYDRO FLASK 21OZ STANDARD MOUTH BOTTLE-OLIVE'.,No,2687477#9951028_original
Do the two product descriptions refer to the same real-world product? Entity 1: 'Headset Audio - ATH Technica - M50X'. Entity 2: 'Audio Technica ATH-M50x Professional Monitor Audiophile Headphones - Black'.,Yes,3764542#74908666_left_augmented_right_original
Do the two product descriptions refer to the same real-world product? Entity 1: 'Bosch KGN34NWEAG Free-standing fridge-freezer'. Entity 2: 'Ram Mount Motorcycle Fork Stem Mount with 1 Ball'.,No,65479901#3957020_original
Do the two product descriptions refer to the same real-world product? Entity 1: 'EF canon - S 55 - 250 f4 - 5. IS 6 STM'. Entity 2: 'Canon EF - S 55 - 250mm 4 - 5. 6 IS STM'.,Yes,3807651#61201533_both_augmented
"Do the two product descriptions refer to the same real-world product? Entity 1: 'CS-M8000 CASSETTE 11-40 XT 11-SPEED'. Entity 2: 'Shimano Deore XT M8000 Cassette 11 - speed, silver / grey'.",Yes,63000389#17103408_left_original_right_augmented
Do the two product descriptions refer to the same real-world product? Entity 1: 'Intel C ore i7 9700F 9th Gen Desk top Processor / CPU Retail - No iGPU'. Entity 2: 'Intel - Core i7-9700F 9th Generation 8-core - 8-Threads 3.0 GHz (4.7 GHz Turbo) Socket LGA 2066 Locked Desktop Processor'.,Yes,27468857#28603694_left_augmented_right_original
"Do the two product descriptions refer to the same real-world product? Entity 1: 'CORSAIG CRYSTAL 570X RGB Mid - Tower Case, 3 RGB Fans, Tempered GPass - White | CC - 90q1110 - WW'. Entity 2: 'CORSAIR Crystal Series 570X RGB Tempered Glass,Premium ATX Mid-Tower Case, WHITE'.",Yes,93978472#52425202_left_augmented_right_original
Do the two product descriptions refer to the same real-world product? Entity 1: 'Switch D-Link - Web smart - switch - 24 porte - gestito dgs-1210-24'. Entity 2: 'D-Link DGS-1210-28P'.,No,34259452#37254069_original
Do the two product descriptions refer to the same real-world product? Entity 1: 'Tag Heuer Carrera Quartz Chronograph Stainless Steel Watch CBG2A1Z.BA0658'. Entity 2: 'Tag Heuer Carrera Quartz Chronograph Stainless Steel Watch CBK2112.BA0715'.,No,42181153#12991173_original
Do the two product descriptions refer to the same real-world product? Entity 1: 'Elixir E16052 Nanoweb Phosphor Acoustic Guitar Strings Gauge 12 - 53'. Entity 2: 'E'.,Yes,62145678#91137581_both_augmented
Do the two product descriptions refer to the same real-world product? Entity 1: 'Epson - Ink Cartridge Black 10K'. Entity 2: 'EPSON cartridge T7891 black (WorkForce5)'.,No,29914496#40116448_original
Do the two product descriptions refer to the same real-world product? Entity 1: 'Samsung MLT-D103L must toonerikassett'. Entity 2: 'Omega Seamaster Planet Ocean Automatic Chronograph Two-Tone Rubber Watch 215.32.46.51.01.001'.,No,61868905#84528711_original
"Do the two product descriptions refer to the same real-world product? Entity 1: 'Maxxis High Roller II Tire - 27.5 x 2.4, Tubeless, Folding, Black, 3C Maxx Terra, EXO'. Entity 2: 'Maxxis High Roller II Tire MaxxTerra (WT) (3C EXO / / TR) (27. 5 x 2 40.) (Folding )'.",Yes,25593960#41191422_left_original_right_augmented
Do the two product descriptions refer to the same real-world product? Entity 1: 'Ubiquiti UniFi Video Camera G3 MICRO'. Entity 2: 'Ubiquiti UniFi G3 Bullet Video Camera'.,No,44763957#80529811_original
Do the two product descriptions refer to the same real-world product? Entity 1: 'AAA Replica Audemars Piguet Royal Chronograph Watch 26470OR. OO. 1000OR. 02'. Entity 2: 'Buy Quality Replica Audemars Piguet Royal Oak Offshore Chronograph Watch 26470OR.OO.1000OR.02'.,Yes,36803847#48484532_left_augmented_right_original
Do the two product descriptions refer to the same real-world product? Entity 1: 'Ubiquiti UniFi Video Camera G4 Pro (UVC-G4-PRO)'. Entity 2: 'Ubiquiti UniFi Video Camera G3 FLEX 3-Pack UVC-G3-FLEX-3 Ubiquiti'.,No,21670568#76024362_original
"Do the two product descriptions refer to the same real-world product? Entity 1: 'HDD 35 4TB Seag ate IronWolf Pro NAS ST4000NE001'. Entity 2: 'HD 3,5 4TB 7200RPM IRONWOLF PRO 128 MB SATA3 SEAGATE'.",Yes,14654897#36425270_left_augmented_right_original
Do the two product descriptions refer to the same real-world product? Entity 1: 'Ryze Tech Tello Battery Charging Hub'. Entity 2: 'Ryze Tello Battery Charging Charger Hub (Part 9)'.,Yes,60392051#68142605_original
"Do the two product descriptions refer to the same real-world product? Entity 1: '4GB ValueRAM _, 1600MHz, Non - _, _, CL11, 1. 5V, 240 - pin DIMM, Singl'. Entity 2: 'Kingston Technology ValueRAM 4GB DDR3-1600 4GB DDR3 1600MHz memoria'.",Yes,41253009#40208952_left_augmented_right_original
"Do the two product descriptions refer to the same real-world product? Entity 1: 'Corsair ML140 PRO LED Rød, 140mm Vifte'. Entity 2: 'Corsair ML140 Pro LED Blue 140mm Magnetic Levitation Fan | Discount Computer Needs'.",No,74659398#46441935_original
Do the two product descriptions refer to the same real-world product? Entity 1: 'Kingston SDCS Canvas Select Class10 microSD Memory Card - 64GB With Adapter'. Entity 2: 'Carto de memria micro SD Kingston 32Gb classe 10 Canvas Select'.,No,13253151#70986060_original
"Do the two product descriptions refer to the same real-world product? Entity 1: 'RAM Triple 1\"" Ball Adapter - RAM-B-289U'. Entity 2: 'ASUS Radeon RX 5500 XT DUAL EVO 8GB'.",No,30675144#83724071_original
"Do the two product descriptions refer to the same real-world product? Entity 1: 'RAP-B-224-1U RAM Mounts 3.3\"" Diameter Suction Cup Base with 1\"" Composite Ball'. Entity 2: 'RAM Mount 3.5\"" Twist Lock Suction Cup Base with 1\"" Ball'.",No,81948691#4287952_original
Do the two product descriptions refer to the same real-world product? Entity 1: 'Crucial 4GB (1x4GB) 2666MHz DDR4 Memory'. Entity 2: 'Corsair Crystal Series 570X RGB CC-9011098-WW Steel / Tempered Glass ATX Mid Tower Case'.,No,8939620#18666720_original
Do the two product descriptions refer to the same real-world product? Entity 1: 'TP-Link TL-WN725N 150MbpsWireless USB NANO adapter'. Entity 2: 'SANDISK EXTREME SDXC 128GB 150MB/S C10 U3'.,No,70558780#83274921_original
Do the two product descriptions refer to the same real-world product? Entity 1: 'Kingston HyperX Fury 4GB DDR3 1600MHz CL10 Ram'. Entity 2: 'Midori Traveler's Notebook - 012 Sketch Paper Notebook'.,No,21463573#25945492_original
Do the two product descriptions refer to the same real-world product? Entity 1: 'Tissot T-Sport Seastar 1000 Powermatic 80 Watch T1204071704100'. Entity 2: 'TISSOT SEASTAR 1000 POWERMATIC 80'.,Yes,70880620#962259_original
"Do the two product descriptions refer to the same real-world product? Entity 1: 'Epson Tinte T6935 Matt Black UltraChrome, 350 ml'. Entity 2: 'Epson Tinte T6037 Light Black, 220 ml'.",No,81408609#12650660_original
Do the two product descriptions refer to the same real-world product? Entity 1: '_ Instax Mini Rainbow (10 sheets) Film'. Entity 2: 'Fujifilm Instax mini Rainbow fi lm 10 pack'.,Yes,67556867#46246978_both_augmented
Do the two product descriptions refer to the same real-world product? Entity 1: '- DS 7208HUHI - - k2 P 8 Channel DVR Turbo 4. 0 PoC 5MP'. Entity 2: 'DS-7208HUHI-K2-P Hikvision 8 Channel 5MP / 1080P HD-TVI Hybrid DVR with Power over Coax (PoC / Turbo4.0)'.,Yes,90921158#13887167_left_augmented_right_original
Do the two product descriptions refer to the same real-world product? Entity 1: 'Fujifilm XF 56mm F/1.2 R APD Lens'. Entity 2: 'Fujifilm XF 56mm f/1.2 R'.,No,89961053#81954319_original
Do the two product descriptions refer to the same real-world product? Entity 1: 'Kingston HyperX Fury 4GB DDR3 1600MHz CL10 Ram'. Entity 2: 'Kingston HyperX Fury 16GB DDR4 3200MHz CL16 Ram'.,No,21463573#46987758_original
Do the two product descriptions refer to the same real-world product? Entity 1: 'Carto de memria micro SD Kingston 64Gb XC1 classe 10 Canvas Select'. Entity 2: 'Carto de memria micro SD Kingston 32Gb classe 10 Canvas Select'.,No,50903406#70986060_original
Do the two product descriptions refer to the same real-world product? Entity 1: 'DYMO D1 Labelling Tape 45803 Black on White 19 mm x 7 m'. Entity 2: 'D1-TAPE 24MM X 7M BLACK ON WHITE IN'.,No,88730603#12772810_original
Do the two product descriptions refer to the same real-world product? Entity 1: 'Manfrotto MVK500AM Fluid Video System'. Entity 2: 'SanDisk CFast 2.0 64GB Extreme Pro Memory Card | Read 525 MB/s | Write 430MB/s | 4K Video'.,No,79558814#81920536_original
Do the two product descriptions refer to the same real-world product? Entity 1: 'HP printer Color LaserJet Professional CP5225dn (CE712A#B19)'. Entity 2: 'APC Smart-UPS RT 192V RM Battery Pack'.,No,17681625#2965203_original
Do the two product descriptions refer to the same real-world product? Entity 1: 'Daniel Wellington Classic Sheffield Men 40mm Quartz Watch 0206DW'. Entity 2: 'UniFi AP ac HD ROW 5Pk'.,No,62422382#24268406_original
Do the two product descriptions refer to the same real-world product? Entity 1: 'Samsung MLT - D103L toonerikassett'. Entity 2: 'Laser Toner Cartridge compatible with Samsung MLT-D103L/ELS High Capacity'.,Yes,61868905#26491787_left_augmented_right_original
"Do the two product descriptions refer to the same real-world product? Entity 1: 'DYMO 4500 TAPE BLACK/RED 45017'. Entity 2: 'SDS2/32GB, 32GB SDHC Canvas Select Plus 100R C10 UHS-I U1 V10'.",No,80725760#55718937_original
Do the two product descriptions refer to the same real-world product? Entity 1: 'TP-Link 150Mbit-WLAN-Lite -N-PCI Express x1 Adapter'. Entity 2: 'Wireless TP-LINK Wireless Lan TL-WN781ND'.,Yes,30502153#48790334_original
"Do the two product descriptions refer to the same real-world product? Entity 1: 'APC - Schneider SMART-UPS 1000VA LCD 230V'. Entity 2: 'Nobreak APC Smart-UPS SURT 20kVA/16kW, 230V'.",No,77969198#19248199_original
Do the two product descriptions refer to the same real-world product? Entity 1: 'Dron DJI Mavic 2 Pro'. Entity 2: 'Mavic 2 Pro Drone Quadcopter with Hasselblad Camera HDR Video UAV Adjustable Aperture 1'.,Yes,83992680#30012034_left_original_right_augmented
"Do the two product descriptions refer to the same real-world product? Entity 1: 'Seagate IronWolf Pro ST8000NE001 - Hard - drive 8 TB - internal 3 -. 5 \ "" - 6Gb SATA / s 7200 - rpm - buffer_ 256 MB - with 2 years Rescue Data Recovery Service Plan'. Entity 2: '8TB - Enterprise Seagate Ironwolf Pro SATA - ST8000NE001'.",Yes,84438504#83418921_both_augmented
Do the two product descriptions refer to the same real-world product? Entity 1: 'Shimano R550 SPD-SL Pedals - Black'. Entity 2: 'WS-C2960X-24TD-L Cisco Catalyst 2960X Network Switch (New)'.,No,26049981#16421267_original
Do the two product descriptions refer to the same real-world product? Entity 1: 'D - Link Switch 24 - Puertos Red'. Entity 2: 'D'.,Yes,51810284#15041298_both_augmented
Do the two product descriptions refer to the same real-world product? Entity 1: 'T'. Entity 2: 'TP-Link AC1200 Wireless MU-MIMO Gigabit Indoor/Outdoor Access Point (EAP225-Outdoor) AC1200 Outdoor'.,Yes,45880639#74927976_left_augmented_right_original
Do the two product descriptions refer to the same real-world product? Entity 1: 'LOGITECH Logitech USB _ H390'. Entity 2: 'Diadema Logitech H390 USB Computer ...'.,Yes,57337098#47948274_left_augmented_right_original
Do the two product descriptions refer to the same real-world product? Entity 1: 'Toner Brother original amarillo TN135Y'. Entity 2: 'TONERBROTHER ORIGINALE _ TN - 135Y'.,Yes,61964427#88286371_left_original_right_augmented
Do the two product descriptions refer to the same real-world product? Entity 1: 'Kingston Technology Canvas Select memory card 128 GB MicroSDXC Class 10 UHS-I'. Entity 2: 'Asus Dual GeForce GTX 1660 6GB OC Edition GDDR5 EVO Graphics Card | 90YV0D11-M0NA00'.,No,70702847#712313_original
Do the two product descriptions refer to the same real-world product? Entity 1: 'Ubiquiti UniFi G3 Bullet Video Camera'. Entity 2: 'Razer DeathAdder V2 Ergonomic Wired Gaming Mouse (RZ01-03210100-R3M1) (Warranty 2years with Ban Leong)'.,No,80529811#5964390_original
Do the two product descriptions refer to the same real-world product? Entity 1: 'Sony SEL 30mm 3.5 Makro E-Mount'. Entity 2: 'Sony E 30mm f/3.5 Macro Lens'.,Yes,62945209#15648_original
Do the two product descriptions refer to the same real-world product? Entity 1: '8CH HIKVISION 4MP DVR HDMI TURBO 1080P DS-7208HQHI-K1'. Entity 2: 'DS HIKVISION - 7208HQHI - K1 2 MEGAPIXEL HYBRID CHANNEL 8 (8CH) DVR'.,Yes,18331466#50920560_left_original_right_augmented
Do the two product descriptions refer to the same real-world product? Entity 1: 'HyperX 8GB (2x4GB) 1600MHz CL10 Fury Blue'. Entity 2: 'Crucial 4GB (1x4GB) 2666MHz DDR4 Memory'.,No,54500223#8939620_original
Do the two product descriptions refer to the same real-world product? Entity 1: 'TP-Link Omada AC1200 Wireless Dual Band Gigabit Outdoor Access Point'. Entity 2: '_ - _ AC1200 Wireless MU - MIMO Gigabit Indoor / Outdoor _ Point (EAP225 - Outdoor) AC1200 Outdoor'.,Yes,45880639#74927976_left_original_right_augmented
Do the two product descriptions refer to the same real-world product? Entity 1: 'Shimano 11 SPD Chain RD/MTB Sil-Tec With Quick Link'. Entity 2: 'Shimano Shimano Cn-Hg901 11-Spd Chain Xtr / Dura Ace W/ Quick Link'.,Yes,95222715#54685720_original
Do the two product descriptions refer to the same real-world product? Entity 1: 'AAA Replica Audemars Piguet Royal Oak Chronograph Black Dail Watch 26331ST.OO.1220ST.02'. Entity 2: 'HP printer Color LaserJet Professional CP5225dn (CE712A#B19)'.,No,31558480#17681625_original
Do the two product descriptions refer to the same real-world product? Entity 1: 'Kingston Technology Canvas Select memory card 128 GB MicroSDXC Class 10 UHS-I'. Entity 2: 'Corsair Vengeance LPX 16GB(2x8GB)'.,No,70702847#88945662_original
Do the two product descriptions refer to the same real-world product? Entity 1: 'PH-GTX1660S-O6G 6 GB Geforce GTX 1660 Super Overclocked Phoenix Fan Edition Hdmi DP Dvi Graphics Card'. Entity 2: 'Samsung 1TB SSD 970 EVO NVMe M.2'.,No,87637930#7437957_original
Do the two product descriptions refer to the same real-world product? Entity 1: 'TP - _ | AC1900 High Gain Dual Band Wifi Adapter | Wireless WiFi _ Adapter for PC (_ T9UH )'. Entity 2: 'TP-Link Archer T9UH Wireless AC1900 USB Adapter'.,Yes,98241359#80086981_left_augmented_right_original
Do the two product descriptions refer to the same real-world product? Entity 1: 'Epson Papir Photo Premium Glossy 13X18cm 30-ark 255G'. Entity 2: 'Epson oryginalny tusz T2982 29 cyan'.,No,88168633#66191134_original
Do the two product descriptions refer to the same real-world product? Entity 1: 'Hikvision Wall _ _ AVPIR3 and 23x5G1 - I range of Cameras'. Entity 2: 'DS - 1273ZJ - 140 Outdoor Ind oor Wall Mou nt Bracket for Hikvision Dome Camera'.,Yes,1821257#33622216_both_augmented
"Do the two product descriptions refer to the same real-world product? Entity 1: '3M - PF230W9F EYE PROTECTION FILTER DESKTOPS FRAME. 0 ACCS'. Entity 2: '3M - Privacy Filter 23.0\""\"" Framed'.",Yes,49127797#5938532_left_augmented_right_original
Do the two product descriptions refer to the same real-world product? Entity 1: 'DJI Mavic 2 Car Charger'. Entity 2: 'DJI Drone Accessory CP.PT.00000120.01 Mavic Air Part 4 Car Charger Retail'.,No,24574240#95052001_original
Do the two product descriptions refer to the same real-world product? Entity 1: 'Tissot - Sport Seastar 1000 Chronograph Watch T1204171105100'. Entity 2: 'Tissot Mens T-Sport Seastar 1000 Chronograph Black Dial Stainless Steel Bracelet Watch T120.417.11.051.00'.,Yes,48521210#17282907_left_augmented_right_original
Do the two product descriptions refer to the same real-world product? Entity 1: 'Sony FE 24mm f/1.4 GM'. Entity 2: 'Sony Alpha SEL50F18F FE 50mm f/1.8'.,No,87137236#15880732_original
"Do the two product descriptions refer to the same real-world product? Entity 1: 'RAM-B-149ZU - RAM Handlebar Rail Mount with Zinc Coated U-Bolt Base for Rails from 0.5\"" to 1.25\"" in Diameter'. Entity 2: 'Logitech HD Pro Webcam C920 - webkamera'.",No,53660770#25980770_original
"Do the two product descriptions refer to the same real-world product? Entity 1: 'aandisk Ixpand 64GB USB3. 0 Flash Drive for IphoMe, Ipad'. Entity 2: 'Genuine SanDiskiXpand Flash Drive 64GB - iPhone liNhtning connector'.",Yes,38693547#73194223_both_augmented
Do the two product descriptions refer to the same real-world product? Entity 1: 'Omega Seamaster DIVER 300MOMEGA CO-AXIAL MASTER CHRONOMETER 42 MM'. Entity 2: 'OMEGA SEAMASTER DIVER 300 210.20.42.20.03.002'.,Yes,27449862#77492364_original
"Do the two product descriptions refer to the same real-world product? Entity 1: 'Maxxis High Roller II 29er Dual Compound Folding Tubeless Ready Mountain Bike'. Entity 2: 'Epson S050189 Cyan, High Capacity Toner Cartridge'.",No,93725418#24927054_original
"Do the two product descriptions refer to the same real-world product? Entity 1: 'Apple AirPods Pro Bluetooth Earbuds w/ Wireless Charging Case, White (MWP22AM/A)'. Entity 2: 'Audemars Piguet-Audemars Piguet Royal Oak Chronograph 41mm Mens Watch-26331ST.OO.1220ST.02'.",No,88924072#30454890_original
Do the two product descriptions refer to the same real-world product? Entity 1: 'Tissot T-Sport Seastar 1000 Chronograph Watch T1204171105100'. Entity 2: 'T'.,Yes,48521210#17282907_left_original_right_augmented
Do the two product descriptions refer to the same real-world product? Entity 1: 'G.Skill Trident Z Neo DDR4 3600MHz 16GB (2X8) Desktop Memory for AMD X570 F4-3600C16D-16GTZNC | PCByte'. Entity 2: 'TAG Heuer Automatic Chronograph Watch CBG2A1Z.BA0658'.,No,66692743#18137846_original
Do the two product descriptions refer to the same real-world product? Entity 1: 'Jabra BIZ 2300 _ UC Duo'. Entity 2: 'Jabra Biz 2300 USB UC Duo Headset 2399-829-109'.,Yes,89323553#24284489_left_augmented_right_original
"Do the two product descriptions refer to the same real-world product? Entity 1: 'Maxxis Maxxis High Roller II Tire: 27.5 x 2.50\"", Folding, 60tpi, 3C MaxxTerra, EXO, Tubeless Ready, Wide Trail, Black'. Entity 2: 'Corsair Vengeance LPX 32GB (2x16GB) DDR4 2666MHz(CMK32GX4M2A2666C16)'.",No,45946412#38344216_original
Do the two product descriptions refer to the same real-world product? Entity 1: 'Fuji Fuji Instax Square Film 1-Pack'. Entity 2: 'Fujifilm Instax Square Film (10 Pack)'.,Yes,88773659#47146148_original
"Do the two product descriptions refer to the same real-world product? Entity 1: 'DVR HDTVI 32 canale Turbo HD Full HD Hikvision DS-7332HQHI-K4 HD-TVI / AHD / CVI + 8 canale IP de pana la 6MP, 4xSATA'. Entity 2: 'Western Digital WD10JFCX RED 1000 GB SATA3 1TB'.",No,90795718#47814705_original
"Do the two product descriptions refer to the same real-world product? Entity 1: 'WD Blue 1TB 2.5"" SATA Internal Solid State Drive SSD 550MB/s HDD | Discount Computer Needs'. Entity 2: 'WD Wds100t2b0a 1tb Blue 3d Nand SSD'.",Yes,27843837#86775292_original
Do the two product descriptions refer to the same real-world product? Entity 1: 'Samsung Portable SSD T7 Touch 2TB - Zwart'. Entity 2: 'Samsung T7 Blue 2TB Portable SSD USB-C/A Gen2'.,No,23211539#98124674_original
Do the two product descriptions refer to the same real-world product? Entity 1: 'Cheap Replica Audemars Piguet Royal Oak Chronograph White Dail Watch 26331ST.OO.1220ST.03'. Entity 2: 'Pre-Owned Audemars Piguet Royal Oak Chronograph 26331ST.OO.1220ST.03'.,Yes,2282686#45759535_original
Do the two product descriptions refer to the same real-world product? Entity 1: 'JABRA EVOLVE 20 UC _'. Entity 2: 'JABRA Evolve 20 UC USB - Mono'.,Yes,53905543#38552937_left_augmented_right_original
"Do the two product descriptions refer to the same real-world product? Entity 1: 'Cooler Master MasterBox TD500 Mesh Triple ARGB Full Tower Gaming Cabinet with Dual 360mm Radiator Support and Crystalline Tempered Glass'. Entity 2: 'Cooler Master MasterCase H500 IRON GREY ATX Mid-Tower, Tempered Glass Panel, two 200mm RGB fans with Controller and Case Handle for Transport'.",No,93548558#14224876_original
Do the two product descriptions refer to the same real-world product? Entity 1: 'U'. Entity 2: 'Sandisk USB Flash 32GB Cruzer Glide 2.0/3.0'.,Yes,79625472#516433_left_augmented_right_original
Do the two product descriptions refer to the same real-world product? Entity 1: 'Zebra TrueColours ix Series Monochrome - 1 - black - print ribbon'. Entity 2: 'Shimano Shimano Cs-R9100 Cassette 11-25 Dura-Ace 11-Speed'.,No,10496#31276154_original
Do the two product descriptions refer to the same real-world product? Entity 1: 'JABRA EVOLVE 20 UC Mono'. Entity 2: 'JAB RA Evolve 20 UC USB - Mono'.,Yes,53905543#38552937_left_original_right_augmented
Do the two product descriptions refer to the same real-world product? Entity 1: 'Crucial CT51264BD160BJ 4GB DDR3L-1600 UDIMM Memory Module'. Entity 2: 'Crucial 4GB (1x4GB) 2666MHz DDR4 Memory'.,No,81239989#8939620_original
Do the two product descriptions refer to the same real-world product? Entity 1: 'Shimano Cassette Ultegra R8000 11 S0eed 11 - 28T'. Entity 2: 'Shimano Shimano Cs-R8000 Cassette 11-28t Ultegra 11-Speed'.,Yes,88957207#51733905_left_augmented_right_original
Do the two product descriptions refer to the same real-world product? Entity 1: 'LOGITECH | G402 Hyperion Fury FPS Gaming Mouse | 910-004068'. Entity 2: 'Gigabyte GeForce GTX 1650 Super OC'.,No,23828624#60571140_original
"Do the two product descriptions refer to the same real-world product? Entity 1: 'JABRA EVOLVE 20 UC Mono'. Entity 2: 'SRAM Sram Level Ultimate, Level TLM Disc Brake Pads'.",No,53905543#96279287_original
Do the two product descriptions refer to the same real-world product? Entity 1: 'New York Yankees New Era Navy League 9FORTY Adjustable Hat - Men - Navy Blue'. Entity 2: 'NEW ERA ČIAPKA THE LEAGUE GM NY YANKEES'.,Yes,95671075#34402785_original
"Do the two product descriptions refer to the same real-world product? Entity 1: 'Ubiquiti UniFi Video Camera G3 FLEX 3-Pack UVC-G3-FLEX-3 Ubiquiti'. Entity 2: 'Garmin fenix5 Gray Optic, Black band'.",No,76024362#53521572_original
Do the two product descriptions refer to the same real-world product? Entity 1: 'TISSOT SEASTAR 1000 POWERMATIC 80'. Entity 2: 'TISSOT T1204071105100 Seastar Powermatic 80'.,No,962259#9748896_original
"Do the two product descriptions refer to the same real-world product? Entity 1: 'Canon PFI-101C Ink, 130 ml - Cyan'. Entity 2: '0884B001 | Canon PFI-101 | Original Canon Ink Cartridge - Cyan'.",Yes,7158327#45313699_original
"Do the two product descriptions refer to the same real-world product? Entity 1: 'Kingston Technology DataTraveler microDuo 3C 128GB USB flash drive USB Type-A / USB Type-C 3.0 (3.1 Gen 1) Silver'. Entity 2: 'Maxxis High Roller II 29"" WideTrail Tire - 3C MT DD / 2.5""'.",No,46100236#20847407_original
"Do the two product descriptions refer to the same real-world product? Entity 1: 'WS-C2960L-16TS-LL: Cisco Catalyst WS-C2960L-16TS-LL'. Entity 2: 'WS - C2960L - 16TS - LLCatalyst 2960L 16 port 2 x 1G SFP, LAN Lite'.",Yes,61893255#6236857_left_original_right_augmented
Do the two product descriptions refer to the same real-world product? Entity 1: 'Cloud Core Router CCR1036-12G-4S-EM'. Entity 2: 'Cooler Master MasterBox TD500 Mesh Triple ARGB Full Tower Gaming Cabinet with Dual 360mm Radiator Support and Crystalline Tempered Glass'.,No,88031640#93548558_original
Do the two product descriptions refer to the same real-world product? Entity 1: 'Fenix 5X Plus GPS Black Smartwatch'. Entity 2: 'Audemars Piguet Royal Oak Offshore Selfwinding Chronograph Watch - 26470ST.OO.A099CR.01'.,No,18346724#93033011_original
"Do the two product descriptions refer to the same real-world product? Entity 1: 'Lant Shimano CN-HG601-11, 11 Viteze'. Entity 2: 'Shimano CN-HG601 105 5800 / SLX M7000 Chain With Quick Link 11-Speed - 116 Links, SIL-TEC'.",Yes,77806817#11427812_original
Do the two product descriptions refer to the same real-world product? Entity 1: 'Garmin VENU Smartwatch Black 010-02173-12 Leather Strap'. Entity 2: 'Garmin Fenix 5X Plus Sapphire Black Rubber Strap 010-01989-01'.,No,21469105#52404977_original
"Do the two product descriptions refer to the same real-world product? Entity 1: 'ZOTAC GeForce RTX 2060 SUPER AMP! 8GB 256Bit GDDR6'. Entity 2: 'ZOTAC Grafikkarte Gaming GeForce RTX 2060 SUPER AMP, 8 GB (ZT-T20610D-10P)'.",Yes,76497591#19462081_original
Do the two product descriptions refer to the same real-world product? Entity 1: 'LOGITECH UC Corded Stereo USB Headset H570e (Leatherette Pad) - Business EMEA'. Entity 2: 'LOGITECH Corded USB Headset H540 - USB - EMEA'.,No,78504449#78504458_original
Do the two product descriptions refer to the same real-world product? Entity 1: 'Omega Seamaster Planet Ocean 600m Co-Axial Master Ceramic 215.92.46.22.01.004 Black Dial Replica'. Entity 2: 'Shimano Ultegra Chain HG701 - 116L - with split'.,No,1515409#37862083_original
Do the two product descriptions refer to the same real-world product? Entity 1: 'SRAM Guide Trail Brake Pad'. Entity 2: 'SRAM Disc Brake Pad Organic Hrd'.,No,16958158#82531103_original
Do the two product descriptions refer to the same real-world product? Entity 1: 'RAM ® Double Socket Arm'. Entity 2: 'R'.,Yes,18456007#94106554_both_augmented
"Do the two product descriptions refer to the same real-world product? Entity 1: 'Corsair iCUE 465X RGB Mid-Tower White ATX Case, T/G Window, No PSU'. Entity 2: 'C'.",Yes,15678458#24927328_left_original_right_augmented
Do the two product descriptions refer to the same real-world product? Entity 1: 'AAA Replica Audemars Piguet Royal Oak Chronograph Black Dail Watch 26331ST.OO.1220ST.02'. Entity 2: 'Cheap Replica Audemars Piguet Royal Oak Chronograph White Dail Watch 26331ST.OO.1220ST.03'.,No,31558480#2282686_original
"Do the two product descriptions refer to the same real-world product? Entity 1: 'RAM Motorcycle Combination Base for Handlebar or Brake/Clutch Reservoir with 1\"" ...'. Entity 2: 'Ram Mount Motorcycle Fork Stem Mount with 1 Ball'.",No,54550733#3957020_original
"Do the two product descriptions refer to the same real-world product? Entity 1: 'Corsair ML140 PRO LED Rød, 140mm Vifte'. Entity 2: 'Cooler Master MasterCase H500 IRON GREY ATX Mid-Tower, Tempered Glass Panel, two 200mm RGB fans with Controller and Case Handle for Transport'.",No,74659398#14224876_original
"Do the two product descriptions refer to the same real-world product? Entity 1: 'Evans 8\"" TT08EC2S Clear Drum Head'. Entity 2: 'Evans EC2 _ Drum Head, 8 Inch'.",Yes,52799959#47293324_left_original_right_augmented
Do the two product descriptions refer to the same real-world product? Entity 1: 'MVH500AH FLUID VIDEO HEAD W/FLAT BASE'. Entity 2: 'HyperX 8GB (2x4GB) 1600MHz CL10 Fury Blue'.,No,91625850#54500223_original
Do the two product descriptions refer to the same real-world product? Entity 1: 'Epson C13T755440 T7554 Yellow Ink 39ml'. Entity 2: 'Epson WP4000/4500 Inkjet Cartridge High Yield Magenta. (Eiffel Tower) OEM: C13T70234010 EP48715'.,No,97502452#17128193_original
Do the two product descriptions refer to the same real-world product? Entity 1: 'Originln toner OKI 44992402 (ern)'. Entity 2: 'Ernie Ball Hybrid Slinky 9-46'.,No,54978736#57255527_original
"Do the two product descriptions refer to the same real-world product? Entity 1: 'HD 3,5 4TB 7200RPM IRONWOLF PRO 128 MB SATA3 SEAGATE'. Entity 2: 'Jabra BIZ 2300 USB MS Mono - headset'.",No,36425270#3736831_original
Do the two product descriptions refer to the same real-world product? Entity 1: 'HyperX FURY _ 4GB (1x4GB) 1600MHz DDR3 Memory'. Entity 2: 'M'.,Yes,74756753#45145764_both_augmented
Do the two product descriptions refer to the same real-world product? Entity 1: 'Elixir E16052 Nanoweb Phosphor Bronze Acoustic Guitar Strings Light Gauge 12-53'. Entity 2: 'E'.,Yes,62145678#91137581_left_original_right_augmented
"Do the two product descriptions refer to the same real-world product? Entity 1: 'HIKVISION DS-7208HQHI-K1 2 MEGAPIXEL HYBRID 8 CHANNEL (8CH) DVR'. Entity 2: 'LaCie Rugged USB 3.1C 4 TB 2,5'' STFS4000800'.",No,50920560#149175_original
Do the two product descriptions refer to the same real-world product? Entity 1: 'APC RBC140 Replacement Battery Cartridge'. Entity 2: 'APC (APCRBC110) REPLACEMENT BATTERY CATRIDGE #110'.,No,54536046#40357787_original
Do the two product descriptions refer to the same real-world product? Entity 1: 'Garmin Fenix 5S Plus GPS Watch Silver with Black Band'. Entity 2: 'Fenix 5X Plus GPS Black Smartwatch'.,No,7871753#18346724_original
Do the two product descriptions refer to the same real-world product? Entity 1: 'Intel Core i7-8700K Coffee Lake 6-Core 3.7 GHz (4.7 GHz Turbo) LGA 1151 (300 Series) 95W BX80684I78700K Desktop Processor Intel UHD Graphics 630'. Entity 2: 'Cooler Master MasterBox TD500 ARGB Mesh ATX Case Black TG MCB-D500D-KGNN-S01 | PCByte'.,No,95781094#68689972_original
"Do the two product descriptions refer to the same real-world product? Entity 1: 'Western Digital My Passport 1TB 2,5"" USB 3.0'. Entity 2: 'WD 1TB My Passport Portable Storage USB 3.2 Gen 1 - Black - WDBYVG0010BBK-WESN'.",Yes,82090972#84821763_original
"Do the two product descriptions refer to the same real-world product? Entity 1: 'Logitech H151 Stereo Headset On Ear Kabelgebunden'. Entity 2: 'LogiGech H151 Wired Headset, Stereo Headphones with Rotating Noise - Cancelling Microphonr, 3. 5 mm Audio Jack'.",Yes,50278024#75799899_left_original_right_augmented
Do the two product descriptions refer to the same real-world product? Entity 1: 'Seagate Lacie 2TB 2.5 Rugged Portable Thunderbolt Type C'. Entity 2: 'LACIE 2TB 2.5 MOBILE PORTABLE USB 3.0 MOON SILVER'.,No,98793471#23605781_original
"Do the two product descriptions refer to the same real-world product? Entity 1: '3M - PF19 PRIVACY FILTER BLACK FOR 19,0IN / 48,3 CM / 5:4IN ACCS'. Entity 2: '3M - Privacy filter PF19 |30.2 cm x 37.7 cm|'.",Yes,17629924#15725521_original
Do the two product descriptions refer to the same real-world product? Entity 1: 'Canon PGI-29 Ink Tank Grey 4871B001AA CO68194'. Entity 2: 'Canon - 29 Grey Ink Cartridge (PGI29GOEM )'.,Yes,77220996#96677424_left_original_right_augmented
Do the two product descriptions refer to the same real-world product? Entity 1: 'Shimano R550 SPD-SL Pedals - Black'. Entity 2: 'Shimano Pedal PD-RS500 SL Black'.,No,26049981#48734649_original
Do the two product descriptions refer to the same real-world product? Entity 1: 'SLgma 3^mm F1. 4 DG Art HSM EOS Mount Lens'. Entity 2: 'Sigma 35mm f/1.4 DG HSM Art'.,Yes,26301462#38447746_left_augmented_right_original
Do the two product descriptions refer to the same real-world product? Entity 1: 'WD Blue 3D - 2048 GB - M.2 - 560 MB/s - 6 Gbit/s WDS200T2B0B'. Entity 2: 'Evolve 20 Special Edition Mono MS'.,No,35469349#96691496_original
Do the two product descriptions refer to the same real-world product? Entity 1: 'WD Wds100t2b0a 1tb Blue 3d Nand SSD'. Entity 2: 'Kingston Pendrive DataTraveler 100 G3 256GB USB 3.0'.,No,86775292#66053411_original
Do the two product descriptions refer to the same real-world product? Entity 1: 'K'. Entity 2: 'KINGSTON MICRO SD CARD CANVAS SELECT PLUS 128GB 1 00MB / S LIMI TED LIFETIME'.,Yes,54214061#96712384_both_augmented
Do the two product descriptions refer to the same real-world product? Entity 1: 'Samsung 970 EVO Plus 2TB SSD'. Entity 2: 'Samsung SSD 970 EVO Plus NVMe M.2 PCIe 2TB'.,Yes,19411291#21668308_original
"Do the two product descriptions refer to the same real-world product? Entity 1: 'Apple AirPods Pro, Kopfhrer - _'. Entity 2: 'Apple AirPods Pro Earbuds w / Wireless Charging Case, White (/ A )'.",Yes,48169914#88924072_both_augmented
Do the two product descriptions refer to the same real-world product? Entity 1: 'Shimano 105 R7000 Rear Derailleur - 11 Speed'. Entity 2: 'Shimano 105 RD-R7000 GS Rear Derailleur'.,Yes,24791295#97940008_original
Do the two product descriptions refer to the same real-world product? Entity 1: 'Jabra Evolve 80 UC stereo SKype for Business'. Entity 2: 'JABRA EVOLVE 20 UC Stereo'.,No,95282914#63984980_original
"Do the two product descriptions refer to the same real-world product? Entity 1: 'LaCie Rugged USB 3.1C 4 TB 2,5'' STFS4000800'. Entity 2: 'Hikvision DS-7216HUHI-K2 Turbo 1080p HD 16CH DVR - HD-TVI AHD IPC - HDMI COAX'.",No,149175#22992322_original
Do the two product descriptions refer to the same real-world product? Entity 1: '8GB Corsair ValueSelect DDR4 2133 DIMM CL15 Single'. Entity 2: 'Corsair Value Select 8GB PC4-17000 - 8 GB - 1 x 8 GB - DDR4 - 2133 MHz - 288-pin DIMM'.,Yes,84875057#48430039_left_augmented_right_original
"Do the two product descriptions refer to the same real-world product? Entity 1: 'Blaze Grill Cart for 40\"" Gas Grill'. Entity 2: 'Reifen Maxxis 29x2.30 Minion DHR II DoubleDown'.",No,42210935#21658813_original
"Do the two product descriptions refer to the same real-world product? Entity 1: 'Maxxis Maxxis Aggressor Tire - 29 x 2.3, Folding, Tubeless, Black, Dual, EXO'. Entity 2: 'Maxxis Maxxis, High Roller II, Tire, 29''x2.30, Folding, Tubeless Ready, Dual, EXO, 60TPI, Black'.",No,35599020#3447561_original
"Do the two product descriptions refer to the same real-world product? Entity 1: 'Corsair Crystal Series 570X RGB CC-9011098-WW Steel / Tempered Glass ATX Mid Tower Case'. Entity 2: 'CORSAIR CRYSTAL 570X RGB Mid-Tower Case, 3 RGB Fans, Tempered Glass - White| CC-9011110-WW'.",No,18666720#93978472_original
"Do the two product descriptions refer to the same real-world product? Entity 1: 'Corsair ML120 LED, Red, 120mm Premium Magnetic Fan'. Entity 2: 'Corsair ML120 Pro LED 120mm Premium Mag - Lev'.",Yes,11409646#8298432_both_augmented
Do the two product descriptions refer to the same real-world product? Entity 1: 'Gorra New Era NFL New Orleans Saints 9Fifty Cap'. Entity 2: 'Kappe New Era NFL New Orleans Saints 9Fifty Cap'.,Yes,416796#56475885_original
"Do the two product descriptions refer to the same real-world product? Entity 1: 'EPSON S042091 premium glossy photo paper 255g/m², A2/25vel'. Entity 2: 'Epson - Ink Cartridge Black 10K'.",No,51946981#29914496_original
"Do the two product descriptions refer to the same real-world product? Entity 1: 'SanDisk SDHC Ultra UHS-I 256GB Class 10 90MB/S'. Entity 2: 'Corsair ML140 PRO LED Rød, 140mm Vifte'.",No,24224044#74659398_original
Do the two product descriptions refer to the same real-world product? Entity 1: 'OMEGA SEAMASTER DIVER 300 210.20.42.20.03.002'. Entity 2: 'OMEGA Seamaster Planet Ocean Chronograph Steel'.,No,77492364#47200708_original
Do the two product descriptions refer to the same real-world product? Entity 1: 'Kingston HyperX Fury 4GB DDR3 1600MHz CL10 Ram'. Entity 2: 'Kingston 4GB DDR3 1600MHz HyperX Fury Black Series'.,Yes,21463573#8315719_original
Do the two product descriptions refer to the same real-world product? Entity 1: 'WD Blue 3D - 2048 GB - M.2 - 560 MB/s - 6 Gbit/s WDS200T2B0B'. Entity 2: 'SSD Digital Western Blue 2TB M. 2 2280 TLC SSD SATA'.,Yes,35469349#19949293_left_original_right_augmented
"Do the two product descriptions refer to the same real-world product? Entity 1: '3M - Lightweight 300 Privacy Filter PF322WSkjermfilter mot innsyn, m/ramme 20\""-23\""W (30,7 x 48,5)'. Entity 2: 'Oakley Jawbreaker 31 Mm Matte Black Sunglasses'.",No,562267#97165175_original
Do the two product descriptions refer to the same real-world product? Entity 1: 'LOGITECH UC Corded Stereo USB Headset H570e (Leatherette Pad) - Business EMEA'. Entity 2: 'LOGITECH Logitech USB Headset H390'.,No,78504449#57337098_original
Do the two product descriptions refer to the same real-world product? Entity 1: 'Manfrotto MHXPRO-2W 2-Way Head'. Entity 2: 'Manfrotto XPRO Fluid Tripod Head with Fluidity Selector'.,Yes,35405134#72145468_original
Do the two product descriptions refer to the same real-world product? Entity 1: 'SANDISK FLASH CRUZER GLIDE 64GB'. Entity 2: 'Sandisk USB Flash 32GB Cruzer Glide 2.0/3.0'.,No,47389275#516433_original
"Do the two product descriptions refer to the same real-world product? Entity 1: 'RAM Mount Torque™ 3/4"" - 1"" Diameter Handlebar/Rail Base with 1"" Ball and X-Grip®'. Entity 2: '43\"" 2020 Q60T 4K Smart QLED TV'.",No,12109505#29825517_original
Do the two product descriptions refer to the same real-world product? Entity 1: 'HyperX 16GB (1x16GB) 3200MHz CL16 Fury'. Entity 2: 'HyperX FURY Blue 4GB (1x4GB) 1600MHz DDR3 Memory'.,No,52993309#74756753_original
"Do the two product descriptions refer to the same real-world product? Entity 1: 'Jabra BIZ 2400 II Duo - Mic. 82 NC, Wideband'. Entity 2: 'Kingston Canvas Select Plus 128GB microSD - With Adaptor'.",No,7383990#54214061_original
"Do the two product descriptions refer to the same real-world product? Entity 1: 'C orsair Vengeance LPX, 16GB, DDR4 memory module 2 133 MHz'. Entity 2: 'Corsair DDR4 Vengeance LPX 16TB / 2133 (2 * 8GB) SL13 - 15 - 15 - 28 1, 20V XMP!. 0'.",Yes,52249526#78223883_both_augmented
Do the two product descriptions refer to the same real-world product? Entity 1: 'Gigabyte Nvidia RTX 2060 SUPER Aorus OC 8Gb GDDR6'. Entity 2: 'Swiss Military Hanowa FLAGSHIP 06-5161.2.04.007 Herrenuhr'.,No,75255299#27442156_original
Do the two product descriptions refer to the same real-world product? Entity 1: 'Asus GTX1660S 6GB Dual EVO'. Entity 2: 'Gigabyte GeForce GTX 1650 Super OC'.,No,87317188#60571140_original
Do the two product descriptions refer to the same real-world product? Entity 1: 'Western Digital My Book 3 To - Noir'. Entity 2: 'Gigabyte Radeon RX 5500 XT OC 4GB GDDR6'.,No,12850168#6721540_original
"Do the two product descriptions refer to the same real-world product? Entity 1: 'RAM Mount 3.5\"" Twist Lock Suction Cup Base with 1\"" Ball'. Entity 2: 'Relógio Swiss Military Hanowa06-6278.04.001.07 Navalus'.",No,4287952#77146001_original
Do the two product descriptions refer to the same real-world product? Entity 1: 'TAG HEUER MONACO AUTOMATIC CHRONOGRAPH'. Entity 2: 'Buy Quality Replica _ Heuer Monaco Steve McQueen Chronograph _ CAW211P. FC6356'.,Yes,43742368#70174967_left_original_right_augmented
Do the two product descriptions refer to the same real-world product? Entity 1: 'MANFROTTO trpied alu Befree Advanced 2.0 MKBFRLA4BK-BH'. Entity 2: 'Kingston 256GB DataTraveler 100 G3 (USB 3.0)'.,No,41867761#8565641_original
Do the two product descriptions refer to the same real-world product? Entity 1: 'Buy Quality Replica Omega Seamaster Planet Ocean 600M Steel Chronometer Chronograph Watch 215.30.46.51.01.001'. Entity 2: 'GIGABYTE Radeon RX 5500 XT OC - 4GB GDDR6 RAM - Grafikkort'.,No,31531912#60397145_original
Do the two product descriptions refer to the same real-world product? Entity 1: 'Logitech C920 USB HD Pro Webcam with Auto - Focus and Microphone'. Entity 2: 'Logitech HD Pro Webcam C920 - webkamera'.,Yes,74722865#25980770_left_augmented_right_original
Do the two product descriptions refer to the same real-world product? Entity 1: 'APPLE - Airpods With Charging Case'. Entity 2: 'Apple AirPods with Wired Charging Case (2nd Generation)'.,No,16529934#44483408_original
"Do the two product descriptions refer to the same real-world product? Entity 1: 'Asus ROG Strix X570-F GAMING Motherboard,DDR4, 3x PCIe x16, SATA III RAID, USB 3.2, GLAN, M.2, DisplayPort, HDMI, 8ch audio, ATX, scAM4, Ryzen | 90MB1160-M0EAY0'. Entity 2: 'Asus ROG Strix X570-F Gaming ATX - motherboard'.",Yes,83211359#31886989_original
Do the two product descriptions refer to the same real-world product? Entity 1: 'APC Replacement Battery Cartridge #133 (APCRBC133)'. Entity 2: 'APC Replacement Battery Cartridge # 133UPS ba6tery - Lead Acid'.,Yes,28129178#9561888_left_original_right_augmented
Do the two product descriptions refer to the same real-world product? Entity 1: 'Full Frame E - Mount FE - 24 F3 240mm. 5 - 6. 3 OSS Lens'. Entity 2: 'Sony SEL24240 FE 24-240mm f/3.5-6.3 OSS Zoom Lens for Mirrorless Cameras'.,Yes,97035417#18865753_left_augmented_right_original
Do the two product descriptions refer to the same real-world product? Entity 1: 'Asus ROG STRIX B550-E GAMING AM4 ATX Motherboard'. Entity 2: 'Fujifilm FUJINON XF-56mm f1.2'.,No,56603137#88398980_original
"Do the two product descriptions refer to the same real-world product? Entity 1: 'CLARKS Sram, PG-730, 7sp cassette, 12-32T'. Entity 2: 'DYMO D1 Labelling Tape 45803 Black on White 19 mm x 7 m'.",No,55037683#88730603_original
Do the two product descriptions refer to the same real-world product? Entity 1: 'TAG Hejer Automatic Chronograph Watch CBL2111. FC6453'. Entity 2: 'TAG Heuer Monaco Men's Blue Leather Strap Watch'.,Yes,13718289#70665219_left_augmented_right_original
Do the two product descriptions refer to the same real-world product? Entity 1: 'DDR3 8GB PC1600 CL9 Kingston Hypk'. Entity 2: 'Logitech 3.5 mm Analog Stereo Headset H151 with Boom Microphone - Black'.,No,64323838#46809516_original
Do the two product descriptions refer to the same real-world product? Entity 1: 'TP-Link EAP225-Outdoor AC1200 Wireless MU-MIMO Gigabit Indoor/Outdoor Access Point'. Entity 2: 'TP-Link Omada AC1200 Wireless Dual Band Gigabit Outdoor Access Point'.,No,73248952#45880639_original
Do the two product descriptions refer to the same real-world product? Entity 1: 'TP-Link 150Mbit-WLAN-Lite -N-PCI Express x1 Adapter'. Entity 2: 'Asus GTX1660S 6GB Dual EVO'.,No,30502153#87317188_original
"Do the two product descriptions refer to the same real-world product? Entity 1: 'Corsair ML140 PRO LED Rød, 140mm V ifte'. Entity 2: 'Corsair ML1 40 Pro LED, Red, 140mm P remium Magnetic Levitation Fan'.",Yes,74659398#29553137_both_augmented
Do the two product descriptions refer to the same real-world product? Entity 1: 'Epson C13T70234010 XL Muste Punainen'. Entity 2: 'ASUS ROG STRIX B550-E GAMING Presa AM4 ATX AMD B550'.,No,46950967#5030809_original
Do the two product descriptions refer to the same real-world product? Entity 1: 'Crucial 500GB MX500 M.2 2880 SATA 6Gb/s SSD'. Entity 2: 'TP-Link EAP225-Outdoor AC1200 Wireless MU-MIMO Gigabit Indoor/Outdoor Access Point'.,No,1741624#73248952_original
Do the two product descriptions refer to the same real-world product? Entity 1: 'SanDisk Extreme microSDHC 32GB 100/60 MB/s A1 V30 GoPro'. Entity 2: '64GB SanDisk Extgeme mivro SD XC Memory Card V - Class 30 U3 4K Video A1 100MB / s'.,Yes,27429904#26502310_left_original_right_augmented
Do the two product descriptions refer to the same real-world product? Entity 1: 'Shimano R550 SPD-SL Pedals - Black'. Entity 2: 'Shimano PD R550 - SPD - SL Resin Pedal'.,Yes,26049981#79232921_left_original_right_augmented
Do the two product descriptions refer to the same real-world product? Entity 1: 'PH-GTX1660S-O6G 6 GB Geforce GTX 1660 Super Overclocked Phoenix Fan Edition Hdmi DP Dvi Graphics Card'. Entity 2: 'Ubiquiti UVC-G3-BULLET (Formerly UVC-G3-AF) UniFi Video Camera G3 1080p PoE IP Camera'.,No,87637930#16871572_original
Do the two product descriptions refer to the same real-world product? Entity 1: 'R yze Tech Tello Battery Charging Hub'. Entity 2: 'Ryze Tello Battery Charging Charger Hub (Part 9)'.,Yes,60392051#68142605_left_augmented_right_original
"Do the two product descriptions refer to the same real-world product? Entity 1: 'Placa video Gigabyte Radeon RX 5500 XT OC 8GB GDDR6, 128-bit'. Entity 2: 'Gigabyte AMD Radeon RX 5500 XT OC 8GB HDDR6 RDNS PCIe 4. 0 Graphics Card'.",Yes,14576497#88855243_left_original_right_augmented
Do the two product descriptions refer to the same real-world product? Entity 1: 'S'. Entity 2: 'Switch D-Link - Web smart - switch - 24 porte - gestito dgs-1210-24'.,Yes,23055402#34259452_left_augmented_right_original
"Do the two product descriptions refer to the same real-world product? Entity 1: 'RAM Mounts short arm for 1\"" ball'. Entity 2: 'Ram Mout Triple Ball Adapter'.",No,94106554#80876204_original
"Do the two product descriptions refer to the same real-world product? Entity 1: 'Maxxis Tire 3C MAXXTERRA / EXO + / TR Foldable. 5x2. 50WT'. Entity 2: 'Maxxis Assegai Tire - 27.5 x 2.5, Folding, Tubeless, Black, 3C Maxx Terra, EXO+, Wide Trail'.",Yes,30212626#30141859_left_augmented_right_original
Do the two product descriptions refer to the same real-world product? Entity 1: 'Ext. HDD LaCie Mobile Drive 2TB - USB C'. Entity 2: 'LACIE 2TB 2.5 MOBILE PORTABLE USB 3.0 MOON SILVER'.,Yes,81439789#23605781_left_augmented_right_original
Do the two product descriptions refer to the same real-world product? Entity 1: 'Mens Daniel Wellington St Nawes 40mm Watch DW00100006'. Entity 2: 'Daniel Wellington - Classic St Mawes Rose Gold - 40mm'.,Yes,42604445#33365078_left_augmented_right_original
"Do the two product descriptions refer to the same real-world product? Entity 1: 'SanDisk 480GB SSD Plus int _. 5 \ "" SATA3 SSD (SDSSDA - _ - G26) (Local _ with 3years with Local Distributor )'. Entity 2: 'SanDisk PLUS SSD Hard Drive 2.5´´ internal, 480 GB, SATA, Black'.",Yes,49067884#62318417_left_augmented_right_original
"Do the two product descriptions refer to the same real-world product? Entity 1: 'Corsair Vengeance LPX 16GB DDR4 2400MHz(CMK16GX4M1A2400C14)'. Entity 2: 'Corsair Vengeance LPX, 16GB, DDR4 memory module 2133 MHz'.",No,31803140#52249526_original
"Do the two product descriptions refer to the same real-world product? Entity 1: 'Maxxis High Roller II 29er Dual Compound Folding Tubeless Ready Mountain Bike'. Entity 2: 'Maxxis High Roller II 650b 27.5\"" Dual Compound EXO Folding Tubeless Ready Mountain Bike Tyre'.",No,93725418#70403624_original
Do the two product descriptions refer to the same real-world product? Entity 1: 'Epson T7891 Black Cart - Compatible'. Entity 2: 'Samsung Portable SSD T7 Touch 2TB - Zwart'.,No,75384375#23211539_original
Do the two product descriptions refer to the same real-world product? Entity 1: 'Impresora brother laser monocromo hl - l6300dw a4'. Entity 2: 'HIKVISION DS-7208HQHI-K1 2 MEGAPIXEL HYBRID 8 CHANNEL (8CH) DVR'.,No,3598671#50920560_original
Do the two product descriptions refer to the same real-world product? Entity 1: 'APC Smart UPS SRT 6000VA / 230V On Line / Web Card - SRT6KRMXLI'. Entity 2: 'Ilford FP4 Plus 125 120'.,No,84668470#76157897_original
Do the two product descriptions refer to the same real-world product? Entity 1: 'Hikvision DS-7216HUHI-K2 Turbo 1080p HD 16CH DVR - HD-TVI AHD IPC - HDMI COAX'. Entity 2: 'EPSON Ink bar WF-8xxx Series Ink Cartridge XL Yellow - 4000str. (39 ml)'.,No,22992322#47388064_original
"Do the two product descriptions refer to the same real-world product? Entity 1: 'Corsair Carbide 175R RGB Black Mid Tower ATX Case, Tempered Glass Side Window, No PSU, 2x USB 3.0, HD Audio, 1x 120mm Fan included'. Entity 2: 'Carbide 175R RGB Windowed Mid-Tower Case Tempered Glass'.",Yes,41485546#2952392_original
"Do the two product descriptions refer to the same real-world product? Entity 1: 'Sram Force22 PG-1170, 11sp cassette'. Entity 2: 'SRAM XG-1090 PowerDome-X 10sp Cassette'.",No,7883208#6403220_original
Do the two product descriptions refer to the same real-world product? Entity 1: 'Cooler master ventola master liquid ML120R rgb lga 775>2066 amd AM2>FM1'. Entity 2: 'Cooler MasterLiquid Master ML120R ARGB AIO Cooler'.,Yes,47818268#98600039_left_original_right_augmented
"Do the two product descriptions refer to the same real-world product? Entity 1: '3'. Entity 2: 'Blaze Cart For Professional 3-Burner Grill, Cart Only'.",Yes,40521037#96037332_left_augmented_right_original
Do the two product descriptions refer to the same real-world product? Entity 1: 'Zebra 800011-101 ZXP Series 1 Ribbon ZXP Series 1 Load-N-Go Black Monochrome Ribbon'. Entity 2: 'Zebra ZXP Series 1Black M onochrome Ribbon K - 1000 Prints 8000 11 - 101'.,Yes,41234714#92894304_left_original_right_augmented
Do the two product descriptions refer to the same real-world product? Entity 1: 'MultiPlus Inverter/Charger C 12/2000/80-30'. Entity 2: 'Victron MultiPlus Compact _ / 2000 / 80 - 30 _ VE. Bus'.,Yes,48734603#6795966_left_original_right_augmented
Do the two product descriptions refer to the same real-world product? Entity 1: 'Pokémon TCG Sword & Shield Darkness Ablaze'. Entity 2: 'Pokemon Pokemon: Darkness AblQze Bstr'.,Yes,38823136#57791020_left_original_right_augmented
Do the two product descriptions refer to the same real-world product? Entity 1: '2012 SRAM Red XG-1090 10-Speed X-Dome 11-23 Cassette'. Entity 2: 'SRAM XG-1090 PowerDome-X 10sp Cassette'.,Yes,1781011#6403220_original
Do the two product descriptions refer to the same real-world product? Entity 1: 'Fujifilm Instax Square Film Tw in Pack 20 Shots'. Entity 2: 'Fujifilm Instax Square Film 20 Pack'.,Yes,59324937#34388814_left_augmented_right_original
"Do the two product descriptions refer to the same real-world product? Entity 1: 'Mouse Gaming RAZER Mamba Elite, 16000 dpi, negru'. Entity 2: 'Razer Viper Mini Optical Ambidextrous RGB Gaming Mouse'.",No,1283491#18147366_original
"Do the two product descriptions refer to the same real-world product? Entity 1: 'Samsung 860 PRO 2.5\"" 1000 GB Serial ATA III 3D MLC'. Entity 2: 'Kingston Technology A400 2.5 \""240 GB Serial ATA III TLC'.",No,29714425#55136447_original
Do the two product descriptions refer to the same real-world product? Entity 1: 'HP 900GB 6G SAS 10K 900 SAS 16 MB Cache 2.5-Inch Internal Bare or OEM Drives 619291-B21'. Entity 2: 'Asus PRIME B450-PLUS(PRIME B450-PLUS)'.,No,66047716#40617635_original
Do the two product descriptions refer to the same real-world product? Entity 1: 'Toner Brother original amarillo TN135Y'. Entity 2: 'TONERBROTHER ORIGINALE GIALLO TN-135Y'.,Yes,61964427#88286371_original
Do the two product descriptions refer to the same real-world product? Entity 1: 'Tissot Heritage Visodate Analog Swiss Quartz Sapphire Crystal Men's Watch'. Entity 2: 'TISSOT HERITAGE VISODATE QUARTZ T118.410.11.057.00 (T118.410.11.057.00)'.,Yes,34746615#56904801_original
Do the two product descriptions refer to the same real-world product? Entity 1: 'Tissot - Sport Seastar 1000 Chronograph Watch T1204171105100'. Entity 2: 'T'.,Yes,48521210#17282907_both_augmented
Do the two product descriptions refer to the same real-world product? Entity 1: 'Evolis RCT023NAA Black Monochrome Ribbon'. Entity 2: 'Zebra 800011-101 ZXP Series 1 Ribbon ZXP Series 1 Load-N-Go Black Monochrome Ribbon'.,No,70269940#41234714_original
Do the two product descriptions refer to the same real-world product? Entity 1: 'W'. Entity 2: 'WD My Passport - 1 TB'.,Yes,43411151#13238453_left_augmented_right_original
Do the two product descriptions refer to the same real-world product? Entity 1: 'Canon EF-S 10-18/4.5-5.6 IS STM'. Entity 2: 'Canon EF-S 18-135/3.5-5.6 IS USM'.,No,27365404#43932865_original
Do the two product descriptions refer to the same real-world product? Entity 1: 'Logitech C920 USB HD Pro Webcam with Auto-Focus and Microphone'. Entity 2: 'Logitech HD Pro Webcam C920 - webkamera'.,Yes,74722865#25980770_original
"Do the two product descriptions refer to the same real-world product? Entity 1: '3M - PF230W9F EYE PROTECTION FILTER DESKTOPS FRAME STANDARD 23.0 ACCS'. Entity 2: '3M - Privacy Fil ter 23. 0 \ "" \ "" Fr amed'.",Yes,49127797#5938532_left_original_right_augmented
Do the two product descriptions refer to the same real-world product? Entity 1: 'Sigma 105mm f1.4 DG HSM Art Lens for Canon'. Entity 2: 'Sigma 50mm F1.4 DG HSM Canon [ART]'.,No,32931015#28656579_original
Do the two product descriptions refer to the same real-world product? Entity 1: 'Asus Radeon Dual Evo RX5500 XT 8gb Gddr6 Version OC'. Entity 2: 'ASUS Radeon RX 5500 XT DUAL EVO 8GB'.,Yes,51683015#83724071_original
Do the two product descriptions refer to the same real-world product? Entity 1: 'DJI Mavic Pro automobilinis įkroviklis / Car Charger'. Entity 2: 'Traveler's Notebook Starter Kit (Passport Size) - Blue'.,No,18922461#47431263_original
Do the two product descriptions refer to the same real-world product? Entity 1: 'Fujifilm Instax Square Film 20 Pack'. Entity 2: 'Fujifilm Instax Square Film (10 Pack)'.,No,34388814#47146148_original
Do the two product descriptions refer to the same real-world product? Entity 1: 'Epson oryginalny tusz T2 982 29 cyan'. Entity 2: 'Epson Strawberry 29 (Prentar 175 síður) Claria Home blekhylki (blátt)'.,Yes,66191134#43006963_left_augmented_right_original
Do the two product descriptions refer to the same real-world product? Entity 1: 'Brother _ - L6300DW Business Laser Printer for Mid - _ Workgroups - HL - L6300DW'. Entity 2: 'Impresora brother laser monocromo hl - l6300dw a4'.,Yes,49605449#3598671_left_augmented_right_original
Do the two product descriptions refer to the same real-world product? Entity 1: 'Corsair 8GB (1x8GB) 2666MHz CL16 Vengeance LPX Black'. Entity 2: 'Corsair 8GB (1x8GB) 3000MHz CL16 Vengeance LPX Black'.,No,82583255#47751906_original
"Do the two product descriptions refer to the same real-world product? Entity 1: 'Genuine Epson C13T616400 Yellow Cartridge (T6164YOEM )'. Entity 2: 'Epson Tinte T6164 Yellow, 53 ml'.",Yes,75157949#27195828_left_augmented_right_original
"Do the two product descriptions refer to the same real-world product? Entity 1: '3M - filter lightweight 18, 1 \ "" \ "" - 20 \ "" \ "" widescreen'. Entity 2: '3M - Framed Privacy Filter for 19 Widescreen Monitor (16:10)'.",Yes,32904204#69236418_left_augmented_right_original
"Do the two product descriptions refer to the same real-world product? Entity 1: 'Seagate NAS HDD IronWolf - 3.5\"" - 10000 GB - 7200 RPM ST10000VN0008'. Entity 2: 'Manfrotto MVH502AH Fluid Video Head with MT055XPRO3 Tripod'.",No,84977888#48435137_original
"Do the two product descriptions refer to the same real-world product? Entity 1: 'Placa video Gigabyte Radeon RX 5500 XT OC 8GB GDDR6, 128-bit'. Entity 2: 'Sony SEL20F18G.SYX - Sony E-Mount FE 20mm F1.8 G'.",No,14576497#3170005_original
"Do the two product descriptions refer to the same real-world product? Entity 1: 'SANDISK FLASH CRUZER GLIDE 64GB'. Entity 2: 'Sandisk Ixpand 64GB USB3.0 Flash Drive for Iphone, Ipad'.",No,47389275#38693547_original
Do the two product descriptions refer to the same real-world product? Entity 1: 'Epson Tinte schwarz-photo f. R3000'. Entity 2: 'Kingston SDCS Canvas Select Class10 microSD Memory Card - 64GB With Adapter'.,No,10229909#13253151_original
"Do the two product descriptions refer to the same real-world product? Entity 1: 'Maxxis Maxxis, High Roller II, Tire, 29 ' ' x2. 30, Ready, Dual, EXO, 60TPI, Black'. Entity 2: 'Maxxis High Roller II 29er Dual Compound Folding Tubeless Ready Mountain Bike'.",Yes,3447561#93725418_left_augmented_right_original
"Do the two product descriptions refer to the same real-world product? Entity 1: 'SanDisk Extreme PRO SD UHS-II USB 3.0'. Entity 2: 'SRAM Sram Level Ultimate, Level TLM Disc Brake Pads'.",No,27700752#96279287_original
Do the two product descriptions refer to the same real-world product? Entity 1: 'Cooler Master MasterBox TD500 ARGB Mesh ATX Case Black TG MCB-D500D-KGNN-S01 | PCByte'. Entity 2: 'C'.,Yes,68689972#93548558_left_original_right_augmented
Do the two product descriptions refer to the same real-world product? Entity 1: 'ASUS GeForce RTX 2080 SUPER 8GB DUAL OC EVO'. Entity 2: 'Asus Radeon Dual Evo RX5500 XT 8gb Gddr6 Version OC'.,No,29339493#51683015_original
Do the two product descriptions refer to the same real-world product? Entity 1: 'Asus Radeon ROG Strix RX5500 XT 8gb Gddr6 Version OC'. Entity 2: 'Super Ubiquinol CoQ10 with Enhanced Mitochondrial Support 100 mg'.,No,22211135#37007640_original
Do the two product descriptions refer to the same real-world product? Entity 1: 'KINGSTON ValueRAM RAM Module - 4 GB (1 x 4 GB) - DDR4 SDRAM'. Entity 2: '4GB DDR3-1866MHz Kingston HyperX Fury Black'.,No,85033463#66437726_original
Do the two product descriptions refer to the same real-world product? Entity 1: 'HIKVISION DS-7216HUHI-K2 (Turbo HD 4.0) 8MP/5MP/4MP'. Entity 2: 'Hikvision DS - 7#16HUHI - K2 Turbo 1080p HD 16CH DVR - HD - TVI AHD IPC - HDMI sOAX'.,Yes,15787372#22992322_left_original_right_augmented
Do the two product descriptions refer to the same real-world product? Entity 1: 'HyperX 8GB (2x4GB) 1600MHz CL10 Blue Fury'. Entity 2: 'KINGSTON 8GB 1600MHz DDR3 CL10 DIMM (Kit of 2) HyperX Fury Series'.,Yes,54500223#78196838_left_augmented_right_original
Do the two product descriptions refer to the same real-world product? Entity 1: 'Hydro Flask Standard Mouth 621ml Insulated Bottle'. Entity 2: 'Canon EF-M 18-150mm f/3.5-6.3 IS STM (Black)'.,No,2687477#40876435_original
"Do the two product descriptions refer to the same real-world product? Entity 1: 'Samsung T5 external SSD Black 2TB, USB -'. Entity 2: 'Samsung Portable SSD T5 - 2TB'.",Yes,90945536#6480791_left_augmented_right_original
"Do the two product descriptions refer to the same real-world product? Entity 1: 'Evolis RCT023NAA Black Monochrome Ribbon'. Entity 2: 'LaCie Mobile Drive 2,5"" 5 TB Moon Silver USB 3.1 Gen 2'.",No,70269940#5312650_original
Do the two product descriptions refer to the same real-world product? Entity 1: 'Crucial 8GB (1x8GB) DDR3 1600MHz SODIMM'. Entity 2: 'Crucial 4GB (1x4GB) 2666MHz DDR4 Memory'.,No,7021169#8939620_original
Do the two product descriptions refer to the same real-world product? Entity 1: 'Cheap Replica Audemars Piguet Ro yal Oak Chronograph White Dail Watch 2633 1ST. OO. 1220ST. 03'. Entity 2: 'Pre-Owned Audemars Piguet Royal Oak Chronograph 26331ST.OO.1220ST.03'.,Yes,2282686#45759535_left_augmented_right_original
"Do the two product descriptions refer to the same real-world product? Entity 1: 'APC Smart-UPS SRT 3000VA RM 230V SRT3000RMXLI'. Entity 2: 'APC Smart-UPS SMT1000RMI2UC Noodstroomvoeding - 4x C13, USB, Rack Mountable, SmartConnect, 1000VA'.",No,61195551#15267149_original
"Do the two product descriptions refer to the same real-world product? Entity 1: 'Samsung T7 Blue 2TB Portable SSD USB-C/A Gen2'. Entity 2: 'Samsung T5 external SSD Black 2TB, USB-C'.",No,98124674#90945536_original
Do the two product descriptions refer to the same real-world product? Entity 1: 'Samsung 1TB SSD 970 EVO NVMe M.2'. Entity 2: 'Adata XPG SX6000 Lite 1TB M.2 PCIe GEN3x4 SSD ASX6000LNP-1TT-C'.,No,7437957#65953977_original
Do the two product descriptions refer to the same real-world product? Entity 1: 'W'. Entity 2: 'W'.,Yes,82090972#84821763_both_augmented
Do the two product descriptions refer to the same real-world product? Entity 1: 'Samsung 970 EVO Plus 2TB SSD'. Entity 2: 'Samsung SSD 970 EVO Plus NVMe M.2 PCIe 2TB'.,Yes,19411291#21668308_original
"Do the two product descriptions refer to the same real-world product? Entity 1: 'Seagate IronWolf 6TB 3,5'' 256MB ST6000VN0033'. Entity 2: 'Seagate IronWplf 6TB NAS Unternal Hard Drive (3. 5 "" )'.",Yes,59536106#12761549_left_original_right_augmented
Do the two product descriptions refer to the same real-world product? Entity 1: 'Daniel Wellington Mens Classic Sheffield 40mm Rose Gold Black DW00100007'. Entity 2: 'Kingston 4GB DDR3 1600MHz HyperX Fury Black Series'.,No,41987114#8315719_original
Do the two product descriptions refer to the same real-world product? Entity 1: 'Buy Quality Re(lica Omega SeamasteE Planet Ocean 600M Steel Chronometer Chronograph WatcY 215. 30. 46. 51. 01. 001'. Entity 2: '215. 30. 46. 51. 01. 001 O<ega Seamaster Planet Ocean FhronLgraph 45. 5mm'.,Yes,31531912#30102415_both_augmented
"Do the two product descriptions refer to the same real-world product? Entity 1: 'TP-Link TL-SG1024DE 24-Port Gigabit Easy Smart Switch, 24 10/100/1000Mbps RJ45 ports,MTU/Port/Tag-based VLAN, QoS, IGMP Snooping'. Entity 2: 'SWITCH TP LINK - 24 PORT GIGA'.",Yes,72125402#31510768_left_original_right_augmented
"Do the two product descriptions refer to the same real-world product? Entity 1: 'Corsair iCUE 465X RGB Mid - To!er WhiRe ATX Case, T / G Window, No PSU'. Entity 2: 'C'.",Yes,15678458#24927328_both_augmented
"Do the two product descriptions refer to the same real-world product? Entity 1: 'Ubiquiti UniFi AP, AC, In Wall, 5-Pack'. Entity 2: 'TISSOT SEASTAR 1000 POWERMATIC 80'.",No,34532774#962259_original
Do the two product descriptions refer to the same real-world product? Entity 1: 'Epson C13T755440 T7554 Yellow Ink 39ml'. Entity 2: 'Samsung Portable SSD T5 - 2TB'.,No,97502452#6480791_original
"Do the two product descriptions refer to the same real-world product? Entity 1: 'CORSAIR - Crystal White High Airflow, Tempered Glass'. Entity 2: 'Obudowa Corsair Crystal 680X RGB High Airflow TG White (CC-9011169-WW)'.",Yes,11149251#41704902_left_augmented_right_original
Do the two product descriptions refer to the same real-world product? Entity 1: 'Epson WP4000 / 4500 Inkjet Cartridge Yield High Magenta. (Eiffel Tower) OEM: EP48715 C13T70234010'. Entity 2: 'Epson C13T70234010 XL Muste Punainen'.,Yes,17128193#46950967_left_augmented_right_original
"Do the two product descriptions refer to the same real-world product? Entity 1: '0884B001 | Canon PFI-101 | Original Canon Ink Cartridge - Cyan'. Entity 2: 'Pokémon TCG: Sword & Shield-Rebel Clash 3 Booster Packs, Coin & Rayquaza Promo Card'.",No,45313699#79334302_original
"Do the two product descriptions refer to the same real-world product? Entity 1: 'Lant Shimano CN-HG601-11, 11 Viteze'. Entity 2: 'Access Point|TP-LINK|300 Mbps|IEEE 802.3af|IEEE 802.11b|IEEE 802.11g|IEEE 802.11n|1xRJ45|Number of antennas 2|EAP115'.",No,77806817#32328366_original
Do the two product descriptions refer to the same real-world product? Entity 1: 'Ubiquiti U niFi Dual - Band WiFi PoE Acc ess Point UAP - AC - HD - 5 Pack'. Entity 2: 'UniFi AP _ HD ROW 5Pk'.,Yes,18960736#24268406_both_augmented
Do the two product descriptions refer to the same real-world product? Entity 1: 'Caixa Cooler_Master Caixa para PC - 300 - KKN1'. Entity 2: 'C'.,Yes,32763428#95251916_both_augmented
Do the two product descriptions refer to the same real-world product? Entity 1: '2012 SRAM Red XG-1090 10-Speed X-Dome 11-23 Cassette'. Entity 2: 'RAM Double Socket Arm MC201C LONG'.,No,1781011#87259085_original
"Do the two product descriptions refer to the same real-world product? Entity 1: 'Canon PFI - 101C Ink, 130 ml -'. Entity 2: '0884B001 | Canon PFI-101 | Original Canon Ink Cartridge - Cyan'.",Yes,7158327#45313699_left_augmented_right_original
Do the two product descriptions refer to the same real-world product? Entity 1: 'Gorra New Era NFL New Orleans Saints 9Fi fty Cap'. Entity 2: 'Kappe New Era NFL New Orleans Saints 9Fifty Cap'.,Yes,416796#56475885_left_augmented_right_original
Do the two product descriptions refer to the same real-world product? Entity 1: 'Impresora brother laser monocromo hl - l6300dw a4'. Entity 2: 'Brother HL-L8360CDW Laser Printer'.,No,3598671#5137860_original
Do the two product descriptions refer to the same real-world product? Entity 1: 'TONER CANON CL707C 2. 000 PAGINAS'. Entity 2: 'Originlny toner CANON CRG - C (Azrov )'.,Yes,47317909#98859135_both_augmented
Do the two product descriptions refer to the same real-world product? Entity 1: 'Manfrotto MVK500AM Fluid Video System'. Entity 2: 'MVH500AH FLUID VIDEO HEAD W/FLAT BASE'.,No,79558814#91625850_original
"Do the two product descriptions refer to the same real-world product? Entity 1: '120GB Crucial BX500 3D NA ND 2. 5 \ "" SA TA SSD'. Entity 2: 'Disco SSD Crucial BXy00 120GB 3D TLC SATA III'.",Yes,69918467#71555853_both_augmented
Do the two product descriptions refer to the same real-world product? Entity 1: 'Shimano BR-M9000 J04C Metal Finned Disc Pad'. Entity 2: 'Toner Brother original amarillo TN135Y'.,No,11542304#61964427_original
"Do the two product descriptions refer to the same real-world product? Entity 1: 'WS-C2960L-16TS-LLCatalyst 2960L 16 port GigE, 2 x 1G SFP, LAN Lite'. Entity 2: 'DJI Mavic Pro automobilinis įkroviklis / Car Charger'.",No,6236857#18922461_original
Do the two product descriptions refer to the same real-world product? Entity 1: '_ REFILL KRAFT PAPER NOTEBOOK 14365006 - 014'. Entity 2: '014 Traveler's Notebook Regular- Refill - Kraft Paper Notebook'.,Yes,56619455#61787029_left_augmented_right_original
Do the two product descriptions refer to the same real-world product? Entity 1: 'Omega Seamaster Planet Ocean Automatic Chronograph Two-Tone Rubber Watch 215.32.46.51.01.001'. Entity 2: 'Sigma 105mm F1.4 Art DG HSM EOS Mount Lens'.,No,84528711#97657130_original
Do the two product descriptions refer to the same real-world product? Entity 1: 'Shimano HG701 Ultegra R8000 XT M8000 11 Speed Chain with Quick Link'. Entity 2: 'Shimano Cassette Ultegra R8000 11 Speed 11-28T'.,No,79148737#88957207_original
Do the two product descriptions refer to the same real-world product? Entity 1: 'Daniel Wellington Classic Sheffield Men 40mm Quartz Watch 0206DW'. Entity 2: 'TAG Heuer Automatic Chronograph Watch CBL2111.FC6453'.,No,62422382#13718289_original
Do the two product descriptions refer to the same real-world product? Entity 1: 'MANFROTTO trpied alu Befree 2 Advanced. MKBFRLA4BK 0 - BH'. Entity 2: 'Manfrotto Befree Advanced Twist Tripod'.,Yes,41867761#16470846_left_augmented_right_original
Do the two product descriptions refer to the same real-world product? Entity 1: 'ASUS GeForce GTX 1660 SUPER DUAL EVO OC'. Entity 2: 'A'.,Yes,42779659#87317188_left_original_right_augmented
Do the two product descriptions refer to the same real-world product? Entity 1: 'Evans EC2S 13 ' ' Clear Batter - _'. Entity 2: 'Evans EC2 SST Clear Batter Drumhead 13 in.'.,Yes,74972794#41520329_left_augmented_right_original
"Do the two product descriptions refer to the same real-world product? Entity 1: 'Corsair 110R Tempered Glass Black ATX Case, Tempered Glass Side Window, No PSU, 2x USB 3.1, HD Audio, 120mm Fan pre-installed'. Entity 2: 'Corsair Carbide SPEC-OMEGA RGB Black ATX Cube Case, Tempered Glass Window, No PSU, 2x USB 3.0, HD Audio, 2x HD120 RGB Fan / Lighting Node PRO pre-installed'.",No,37955791#97168711_original
Do the two product descriptions refer to the same real-world product? Entity 1: 'SWITCH TP-LINK 24 PORT GIGA'. Entity 2: 'Kingston Pendrive DataTraveler 100 G3 256GB USB 3.0'.,No,31510768#66053411_original
Do the two product descriptions refer to the same real-world product? Entity 1: 'Seagate Lacie 2TB 2. 5 Rugg ed Portab le Thunderbolt Type C'. Entity 2: 'LaCie - Lacie Rugged USB - C Hard Drives - 5TB'.,Yes,98793471#85887866_both_augmented
Do the two product descriptions refer to the same real-world product? Entity 1: 'G'. Entity 2: 'Garmin fenix 5s Sapphire Black'.,Yes,5092599#96636315_left_augmented_right_original
Do the two product descriptions refer to the same real-world product? Entity 1: 'Pokémon TCG Sword & Shield Darkness Ablaze'. Entity 2: 'POKÉMON TCG Sword and Shield- Darkness Ablaze Trainer Box'.,No,38823136#9923090_original
Do the two product descriptions refer to the same real-world product? Entity 1: 'Corsair Crystal 460X RGB ATX Mid Tower Case - Black'. Entity 2: 'Corsair Crystal Series 570X RGB ATX Mid-Tower Case Tempered Glass Black'.,No,11410512#74461011_original
Do the two product descriptions refer to the same real-world product? Entity 1: 'Audio Technica ATH-M40x Professional Monitor Headphones'. Entity 2: 'Audio Technica ATH-M40x Professional Monitor Audiophile Headphones'.,Yes,52490674#82830386_original
Do the two product descriptions refer to the same real-world product? Entity 1: 'SRAM SRAM NX Eagle PG-1230 12-Speed Cassette'. Entity 2: 'SRAM NX Eagle PG-1230 Cassetta Pignoni 11-50T 12v 2019'.,Yes,56831449#36040842_original
"Do the two product descriptions refer to the same real-world product? Entity 1: 'Fujifilm Fujinon XF 27mm f/2.8 black | 2 Years Warranty'. Entity 2: 'Crucial 2TB MX500 2.5"" 7mm SATA 6Gb/s SSD'.",No,50156673#91126559_original
Do the two product descriptions refer to the same real-world product? Entity 1: 'TP-Link EAP225 Outdoor Access Point'. Entity 2: 'TP-Link AC1200 Wireless MU-MIMO Gigabit Indoor/Outdoor Access Point (EAP225-Outdoor) AC1200 Outdoor'.,No,42516046#74927976_original
Do the two product descriptions refer to the same real-world product? Entity 1: 'Sigma ART 50mm f/1.4 DG HSM Lens for Nikon'. Entity 2: 'Sigma 50mm F1.4 Art DG HSM Nikon Mount Lens'.,Yes,86176880#26736430_original
"Do the two product descriptions refer to the same real-world product? Entity 1: '34\"" Blaze 3 Pro Cart'. Entity 2: 'APC Smart-UPS RT 20kVA RM 230V - SURT20KRMXLI'.",No,40521037#70159856_original
Do the two product descriptions refer to the same real-world product? Entity 1: 'Daniel Wellington Horloge Classic Sheffield Rose DW00100036'. Entity 2: 'Daniel Wellington Classic Sheffield Rose 40mm -rannekello DW00100007'.,No,26786850#77020269_original
"Do the two product descriptions refer to the same real-world product? Entity 1: '3M - Privacy filter framed lightweight 18,1\""\""-20\""\"" widescreen'. Entity 2: '3M - Filter for 19 Widescreen Monitor (16: 10 )'.",Yes,32904204#69236418_left_original_right_augmented
Do the two product descriptions refer to the same real-world product? Entity 1: 'Samsung SSD 970 EVO Plus NVMe M.2 PCIe 2TB'. Entity 2: 'Buy Quality Replica Tag Heuer Monaco Steve McQueen Chronograph Watch CAW211P.FC6356'.,No,21668308#70174967_original
Do the two product descriptions refer to the same real-world product? Entity 1: 'Logitech H650e USB PC Headset'. Entity 2: 'LOGITECH AURICULARES H650E STEREO USB'.,Yes,43189520#82676601_original
"Do the two product descriptions refer to the same real-world product? Entity 1: 'Apple iPad Air Wi-Fi 256 GB Silver - 10.5\"" Tablet - A12 26.67cm-Display'. Entity 2: 'Obiectiv foto CANON EF-S 10-18mm f/4.5-5.6 IS STM'.",No,30143469#14345451_original
Do the two product descriptions refer to the same real-world product? Entity 1: 'Cooler Master Hyper H411R CPU Cooler White LED'. Entity 2: 'Swiss Military Hanowa06-4226.30.003.03 Immersion Uhr'.,No,66652299#6800809_original
Do the two product descriptions refer to the same real-world product? Entity 1: 'Cooler Master MasterLiquid ML120L V2 RGB All In One Liquid CPU Cooler'. Entity 2: 'Cooler Master MasterLiquid ML120R ARGB AIO Cooler'.,No,35737919#98600039_original
Do the two product descriptions refer to the same real-world product? Entity 1: 'Jabra EVOLVE 40 UC MONO USB Headset 6393-829-209'. Entity 2: 'LaCie - Lacie Rugged USB-C Hard Drives - 2TB & 5TB'.,No,56459937#85887866_original
Do the two product descriptions refer to the same real-world product? Entity 1: 'KINGSTON ValueRAM RAM Module - (1 x 4 GB) - DDR4 SDRAM'. Entity 2: 'Kingston ValueRAM 4GB No Heatsink (1 x 4GB 2400MHz) DDR4 SODIMM System Memory'.,Yes,85033463#7488025_both_augmented
Do the two product descriptions refer to the same real-world product? Entity 1: 'C'. Entity 2: 'Genuine Canon PGI-29 Grey Ink Cartridge (PGI29GOEM)'.,Yes,77220996#96677424_left_augmented_right_original
Do the two product descriptions refer to the same real-world product? Entity 1: 'RAZER MAMBA ELITE ERGONOMIC WIRED GAMING MOUSE'. Entity 2: 'Basilisk V2 Ergonomic Gaming Mouse'.,No,83362334#13024596_original
"Do the two product descriptions refer to the same real-world product? Entity 1: 'Audio Techn ica DJ kõrva klapid ATH - PRO7X On - ear, Must'. Entity 2: 'Audio Technica ATH-PRO7X DJ headphones'.",Yes,77117519#31247528_left_augmented_right_original
Do the two product descriptions refer to the same real-world product? Entity 1: 'Mavic Min7 Drone by DJI - Fly More Combo'. Entity 2: 'DJI DJI | Mav ic Mini Drone Fly More Combo'.,Yes,41530379#7736538_both_augmented
Do the two product descriptions refer to the same real-world product? Entity 1: 'Carto de memria micro SD Kingston 32Gb classe 10 Canvas Select'. Entity 2: 'Kingston Canvas Select (32GB) MicroSD Card Class 10 UHS-1 U1 with Adaptor'.,Yes,70986060#37065951_original
Do the two product descriptions refer to the same real-world product? Entity 1: 'Ilford FP4 Plus 125 120'. Entity 2: 'C anon EF - S 18 - 2 00mm f / 3. 5 - 5. 6 IS'.,Yes,76157897#28465006_left_original_right_augmented
Do the two product descriptions refer to the same real-world product? Entity 1: 'Sony - FE 50mm F1.8 Standard Lens (SEL50F18F)'. Entity 2: 'Sony SEL20F18G.SYX - Sony E-Mount FE 20mm F1.8 G'.,No,33206318#3170005_original
"Do the two product descriptions refer to the same real-world product? Entity 1: 'Jabra Biz 2400 II Mono 3-1, NC, 82 mic, QD'. Entity 2: 'Crucial BX500 480GB SSD Micron 3D NAND SATA III 6Gb/s 2.5 Internal Solid State Drive'.",No,96888760#93651578_original
Do the two product descriptions refer to the same real-world product? Entity 1: 'Kingston 4GB DDR3 1600MHz HyperX Fury Black Series'. Entity 2: 'Wireless TP-LINK Wireless Lan TL-WN781ND'.,No,8315719#48790334_original
Do the two product descriptions refer to the same real-world product? Entity 1: 'Canon EF-S 18-135/3.5-5.6 IS USM'. Entity 2: 'AAA Replica Audemars Piguet Royal Oak Offshore Chronograph Watch 26470OR.OO.1000OR.02'.,No,43932865#36803847_original
Do the two product descriptions refer to the same real-world product? Entity 1: 'Epson Ink Cartridge - Matte Black 700ml'. Entity 2: 'Epson Premium Glossy Photo Paper 13x18cm'.,No,415992#71230660_original
Do the two product descriptions refer to the same real-world product? Entity 1: 'Epson Singlepack UltraChrome XD MagentaT692300(110ml)'. Entity 2: 'Razer Viper Mini Optical Ambidextrous RGB Gaming Mouse'.,No,93770909#18147366_original
Do the two product descriptions refer to the same real-world product? Entity 1: 'Cooler Master MasterLiquid ML120L V2 RGB Universal Socket 120mm PWM 1800RPM RGB LED AiO Liquid CPU Cooler'. Entity 2: 'Cooler Master MasterLiquid ML120L V2 RGB All In One Liquid CPU Cooler'.,Yes,54277804#35737919_original
Do the two product descriptions refer to the same real-world product? Entity 1: 'SRAM Cassette Sram PG 1130 11 vitesses 11-36'. Entity 2: 'Sram PG 1130 11sp cassette 11-36T'.,Yes,41182463#97112728_original
"Do the two product descriptions refer to the same real-world product? Entity 1: 'Epson Tinte T6935 Matt Black UltraChrome, 350 ml'. Entity 2: '('.",Yes,81408609#62891962_left_original_right_augmented
Do the two product descriptions refer to the same real-world product? Entity 1: 'Cheap Replica Audemars Piguet Royal Oak Offshore Chronograph Watch 26470OR.OO.A125CR.01'. Entity 2: 'Audemars Piguet - Audema%s Piguet Royal Oak Offshore Chronograph 42mm Mens Watch - 26470OR. OO. Aq25CR. 01'.,Yes,25877530#30454889_left_original_right_augmented
"Do the two product descriptions refer to the same real-world product? Entity 1: 'Garmin fenix5S Sapphire Black Optic, Black band'. Entity 2: 'CORSAIR CRYSTAL 570X RGB Mid-Tower Case, 3 RGB Fans, Tempered Glass - White| CC-9011110-WW'.",No,5092599#93978472_original
Do the two product descriptions refer to the same real-world product? Entity 1: 'Samsung MLT-D103L must toonerikassett'. Entity 2: 'JABRA Evolve 40 UC USB - Mono'.,No,61868905#51400506_original
Do the two product descriptions refer to the same real-world product? Entity 1: 'Audio Technica Headphones Air D ynamic Series ATH - AD500X'. Entity 2: 'Casti Hi - Fi Audio - Tec hnica ATH - AD500X'.,Yes,56574761#21506250_both_augmented
Do the two product descriptions refer to the same real-world product? Entity 1: 'Tissot Seastar 1000 Powermatic 80 Silicium'. Entity 2: 'TISSOT SEASTAR 1000 POWERMATIC 80'.,No,17007886#962259_original
Do the two product descriptions refer to the same real-world product? Entity 1: 'Corsair Crystal Series 570X RGB ATX Mid-Tower Case Tempered Glass Black'. Entity 2: 'Corsair Crystal Series 570X CC - 9011098 - WW Steel / Tempered ATX Mid Tower Case'.,Yes,74461011#18666720_left_original_right_augmented
Do the two product descriptions refer to the same real-world product? Entity 1: 'Prime X570 - P ATX Motherboard - Socket AM4 - AMD X570 - USB 3. 2 Gen 3'. Entity 2: 'ASUS PRIME X570-PRO (AM4) (D) (90MB11B0-M0EAY0)'.,Yes,49058519#77308213_left_augmented_right_original
Do the two product descriptions refer to the same real-world product? Entity 1: 'JABRA EVOLVE 20 UC Stereo'. Entity 2: 'EVOLVE 20 Wired Stereo Headset - Over - the - head - Supra - aural'.,Yes,63984980#31177984_left_original_right_augmented
Do the two product descriptions refer to the same real-world product? Entity 1: 'Logitech C920 USB HD Pro Webcam with Auto-Focus and Microphone'. Entity 2: 'Logitech Pro HD Webcam C920 - webkamera'.,Yes,74722865#25980770_left_original_right_augmented
"Do the two product descriptions refer to the same real-world product? Entity 1: 'Samsung 860 PRO 2.5\"" 1000 GB Serial ATA III 3D MLC'. Entity 2: 'S amsung 860 PRO 1TB SSD 2 - bit MLC V - N AND S ATA III 6Gb / s 2. 5 Internal Solid State Drive'.",Yes,29714425#1367517_left_original_right_augmented
Do the two product descriptions refer to the same real-world product? Entity 1: 'SRAM Disc Brake Pad Organic Hrd'. Entity 2: 'Sram/Avid Road Disc Brake Pads - Road/Level (Organic/Steel Back)'.,No,82531103#80159309_original
Do the two product descriptions refer to the same real-world product? Entity 1: '002 Traveler's Notebook Regular- Refill - Grid Notebook'. Entity 2: 'Traveler's Company 002. GRID REFILL MIDORI TRAVELER'S NOTEBOOK'.,Yes,21924094#29929454_original
"Do the two product descriptions refer to the same real-world product? Entity 1: '- Clear EMAD Bass Batter, 20 \ ""'. Entity 2: 'Evans 20 ” EMAD Bass Clear Drum Head'.",Yes,62274139#18500821_both_augmented
"Do the two product descriptions refer to the same real-world product? Entity 1: '3M - PF19 PRIVACY FILTER BLSCK FOR 19, 0IN / 48, 3 CM / 5: 4IN ACDS'. Entity 2: '3M - Privacy filter PF19 |30.2 cm x 37.7 cm|'.",Yes,17629924#15725521_left_augmented_right_original
Do the two product descriptions refer to the same real-world product? Entity 1: 'Cooler Master N300 Mesh ATX Case Black NSE-300-KKN1 | PCByte'. Entity 2: 'Epson Ink Cartridge - Matte Black 700ml'.,No,95251916#415992_original
"Do the two product descriptions refer to the same real-world product? Entity 1: '3M - PF230W9F EYE PROTECTION FILTER DESKTOPS FRAME STANDARD 23.0 ACCS'. Entity 2: '3M - PF19 PRIVACY FILTER BLACK FOR 19,0IN / 48,3 CM / 5:4IN ACCS'.",No,49127797#17629924_original
Do the two product descriptions refer to the same real-world product? Entity 1: 'Asus ROG Strix X570-F Gaming ATX - motherboard'. Entity 2: 'Razer Viper Mini Ultra-Lightweight USB RGB Optical Gaming Mouse (RZ01-03250100-R3M1)'.,No,31886989#48102422_original
"Do the two product descriptions refer to the same real-world product? Entity 1: 'Apple AirPods Pro, Kopfhrer - EU'. Entity 2: 'Apple AirPods Pro Earbuds w / Wireless Charging Case, White (/ A )'.",Yes,48169914#88924072_left_original_right_augmented
"Do the two product descriptions refer to the same real-world product? Entity 1: 'Epson Tinte T6935 Matt Black UltraChrome, 350 ml'. Entity 2: 'Miška Razer Viper Ultimate Wireless'.",No,81408609#37387828_original
Do the two product descriptions refer to the same real-world product? Entity 1: 'G. Skill Trident Z Neo DDR4 3600MHz 16GB (2X8) Desk6op M@mory for AMD X570 F4 - 3Y00C16D - 16GTZNC | PCByte'. Entity 2: 'Memoire DDR3 G. Sk9ll Trident Z F4 - 3600C16D - 16GTZNC'.,Yes,66692743#96889697_both_augmented
Do the two product descriptions refer to the same real-world product? Entity 1: 'Seiko Prospex Diver Sumo Green Mens Steel SPB103J1'. Entity 2: 'SEIKO Prospex Automatic Men's 45mm Diver Watch - SPB103J1 – Green Dial'.,Yes,25431697#59141538_left_augmented_right_original
"Do the two product descriptions refer to the same real-world product? Entity 1: 'Sandisk Ixpand 64GB USB3.0 Flash Drive for Iphone, Ipad'. Entity 2: 'Genuine SanDiskiXpand Flash Drive 64GB - iPhone liNhtning connector'.",Yes,38693547#73194223_left_original_right_augmented
Do the two product descriptions refer to the same real-world product? Entity 1: 'Catalyst 2960 Plus 48 10/100 +'. Entity 2: 'SanDisk Extreme PRO SD UHS-II Card Reader/Writer'.,No,66810868#26237955_original
Do the two product descriptions refer to the same real-world product? Entity 1: 'JABRA Evolve 40 UC USB - Mono'. Entity 2: 'JABRA EVOLVE 20 UC Mono'.,No,51400506#53905543_original
Do the two product descriptions refer to the same real-world product? Entity 1: 'Kingston Canvas Select (32GB) MicroSD Card Class 10 UHS-1 U1 with Adaptor'. Entity 2: 'Canon EF-M 18-150mm f/3.5-6.3 IS STM Schwarz EU10'.,No,37065951#89258775_original
Do the two product descriptions refer to the same real-world product? Entity 1: 'W'. Entity 2: 'SSD Digital Western Blue 2TB M. 2 2280 TLC SSD SATA'.,Yes,35469349#19949293_both_augmented
Do the two product descriptions refer to the same real-world product? Entity 1: 'ASUS GeForce RTX 2080 SUPER 8GB DUAL OC EVO'. Entity 2: 'ASUS GeForce GTX 1660 SUPER DUAL EVO OC'.,No,29339493#42779659_original
Do the two product descriptions refer to the same real-world product? Entity 1: 'Seagate LaCie 4TB 2.5' USB 3 to USB-C Diamond Cut External HDD. STHG4000400. 2 Years Warranty'. Entity 2: 'LaCie 4TB Rugged Thunderbolt / USB-C Mobile HDD'.,No,40764402#53426556_original
"Do the two product descriptions refer to the same real-world product? Entity 1: 'SHIMANO PD-R7000, 105, SPD-SL PEDAL.'. Entity 2: 'Shimano PD - R7000 105 SPD - SL PEDAL / O REFLECTOR W / CLEAT'.",Yes,70331081#51909448_left_original_right_augmented
Do the two product descriptions refer to the same real-world product? Entity 1: 'Ram Mount Motorcycle Fork Stem Mount with 1 Ball'. Entity 2: 'Pokemon TCG: Sword & Shield Boosters'.,No,3957020#21044132_original
Do the two product descriptions refer to the same real-world product? Entity 1: 'Epson A3 Premium Glossy Photo Paper 255gsm (Pack of 20) C13S041315'. Entity 2: 'Epson Premium Glossy A3 sheets'.,Yes,71490927#81349254_left_original_right_augmented
Do the two product descriptions refer to the same real-world product? Entity 1: 'Elixir E16052 Nanoweb Phosphor Bronze Acoustic Guitar Strings Light Gauge 12-53'. Entity 2: 'maintenance kit EPSON Business Inkjet B300/310/B500DN/B510DN (´odpad. nadoba´)'.,No,62145678#93094504_original
Do the two product descriptions refer to the same real-world product? Entity 1: 'Samyang f1 24mm. ED 4 AS IF UMC Lens - Nikon Fit'. Entity 2: '0000010490| Samyang 24mm F1.4 Nikon AE Full Frame Lens'.,Yes,87410064#15813840_left_augmented_right_original
Do the two product descriptions refer to the same real-world product? Entity 1: 'Omega Seamaster DIVER 300MOMEGA CO-AXIAL MASTER CHRONOMETER 42 MM'. Entity 2: 'Evolve 20 Special Edition Mono MS'.,No,27449862#96691496_original
"Do the two product descriptions refer to the same real-world product? Entity 1: 'Genuine Epson C13T616400 Yellow Ink Cartridge (T6164YOEM)'. Entity 2: 'Evans EC2 Clear Drum Head, 14 Inch'.",No,75157949#1136383_original
"Do the two product descriptions refer to the same real-world product? Entity 1: 'Evans EMAD2 Clear Bass Drum Head, 22 Inch'. Entity 2: 'Evans 20” EMAD Clear Bass Drum Head'.",No,9232364#18500821_original
Do the two product descriptions refer to the same real-world product? Entity 1: 'ASkS Dual GeForce RTX w060 6G OC EVO Edition 192Bit GDDR6'. Entity 2: 'ASUS NVIDIA GeForce RTX 2060 6GB DUAL OC EVO Turing Graphics Card'.,Yes,7020103#28224541_left_augmented_right_original
"Do the two product descriptions refer to the same real-world product? Entity 1: 'Ubiquiti UniFi Full HD IRNV Indoor Micro Security Camera'. Entity 2: '3M - Privacy Filter 23.0\""\"" Framed'.",No,5708838#5938532_original
"Do the two product descriptions refer to the same real-world product? Entity 1: 'Seamaster Planet Ocean 600 M Omega Co-Axial Master Chronometer Chronograph 215.30.46.51.03.001'. Entity 2: '3M - Lightweight 300 Privacy Filter PF322WSkjermfilter mot innsyn, m/ramme 20\""-23\""W (30,7 x 48,5)'.",No,31420404#562267_original
Do the two product descriptions refer to the same real-world product? Entity 1: 'WD 1TB Blue SN550 NVME M.2 SSD (WDS100T2B0C) (Warranty 5years with WD SG)'. Entity 2: 'WD 1TB SN550 NVME. 2 2280 SSD (WDS100T2B0C )'.,Yes,16327022#29006523_left_original_right_augmented
"Do the two product descriptions refer to the same real-world product? Entity 1: 'Corsair DDR4 Vengeance LPX 16GB/2133(2*8GB) CL13-15-15-28 1,20V XMP2.0'. Entity 2: 'Wd Blue 3D Nand 250Gb Pc Ssd - Sata Iii 6Gb/S M.2 2280 Solid State Drive'.",No,78223883#87824933_original
Do the two product descriptions refer to the same real-world product? Entity 1: 'GARMIN FENIX 5 GRAY BLACK 010-01688-00'. Entity 2: 'Lacie 5TB USB-C Mobile Drive prenosni disk'.,No,13174650#48305046_original
"Do the two product descriptions refer to the same real-world product? Entity 1: 'RAM Long Length Double Socket Arm for 1.5\"" Balls'. Entity 2: 'UNPKG RAM DBL SOCKET ARM B BALL C LENGTH'.",No,39417365#61791022_original
Do the two product descriptions refer to the same real-world product? Entity 1: 'Canon EF-S 10-18/4.5-5.6 IS STM'. Entity 2: 'Canon EF-S 55-250 f4-5.6 IS STM'.,No,27365404#3807651_original
Do the two product descriptions refer to the same real-world product? Entity 1: 'SPD-SL-CLEAT-SET-SM-SH11-(YELLOW)-[6DEGREE]'. Entity 2: 'Apple AirPods with Wired Charging Case (2nd Generation)'.,No,75596485#44483408_original
Do the two product descriptions refer to the same real-world product? Entity 1: 'Gigabyte Radeon RX 5500 XT OC 4GB GDDR6'. Entity 2: 'SEAGATE SATA-3 2TB SSHD FIRECUDA'.,No,6721540#27347346_original
"Do the two product descriptions refer to the same real-world product? Entity 1: 'Cooler Master MasterBox Lite 5 ATX Black Case, Window, NO PSU, USB 3. 0, Audio, Dark Front Panel, External 5. 25 \ "" Drive Bay'. Entity 2: 'Cooler Master MasterBox Lite 5 Mid Tower Case'.",Yes,41570143#23276195_left_augmented_right_original
Do the two product descriptions refer to the same real-world product? Entity 1: 'Audio Technica ATH-M50x Professional Monitor Audiophile Headphones - Black'. Entity 2: 'SanDisk Extreme PRO SD UHS-II USB 3.0'.,No,74908666#27700752_original
"Do the two product descriptions refer to the same real-world product? Entity 1: 'CORSAIR CRYSTAL 570X RGB Mid-Tower Case, 3 RGB Fans, Tempered Glass - White| CC-9011110-WW'. Entity 2: 'Corsair Crystal Series 570X RGB ATX Mid-Tower Case Tempered Glass Black'.",No,93978472#74461011_original
"Do the two product descriptions refer to the same real-world product? Entity 1: 'Genuine Epson C13T616400 Yellow Ink Cartridge (T6164YOEM)'. Entity 2: 'Epson Tinte T6164 Yellow, 53 ml'.",Yes,75157949#27195828_original
"Do the two product descriptions refer to the same real-world product? Entity 1: 'CORSAIR - Crystal 680X RGB White High Airflow, Tempered Glass'. Entity 2: 'Corsair iCue 465X RGB White'.",No,11149251#24927328_original
Do the two product descriptions refer to the same real-world product? Entity 1: '_ Color LaserJet Professional CP5225dn'. Entity 2: 'HP printer Color LaserJet Professional CP5225dn (CE712A#B19)'.,Yes,17869090#17681625_left_augmented_right_original
"Do the two product descriptions refer to the same real-world product? Entity 1: 'Oakley Jawbreaker MTB Solglsasögon Matte Black w/ Prizm Road'. Entity 2: 'ZOTAC Grafikkarte Gaming GeForce RTX 2060 SUPER AMP, 8 GB (ZT-T20610D-10P)'.",No,12127235#19462081_original
"Do the two product descriptions refer to the same real-world product? Entity 1: 'EPSON S042091 premium glossy photo paper 255g/m², A2/25vel'. Entity 2: 'Intel Core i7-10700KF Prosessor'.",No,51946981#41902860_original
"Do the two product descriptions refer to the same real-world product? Entity 1: 'Asus MBTUF B450M-Plus Gaming / AM4 / B450 / m.2 / mATX'. Entity 2: 'Motherboard Asus TUF B450M - PLUS _, _, USB 3. 1, SATA 6GB / S'.",Yes,73315956#73180792_left_original_right_augmented
"Do the two product descriptions refer to the same real-world product? Entity 1: 'Nobreak APC Smart-UPS SURT 20kVA/16kW, 230V'. Entity 2: 'APC Smart - UPS RT 2 0kVA RM 230V - SURT20KRMXLI'.",Yes,19248199#70159856_left_original_right_augmented
Do the two product descriptions refer to the same real-world product? Entity 1: 'Memoire DDR3 Crucial 4GB DDR3 1600 MT/S (PC3-12800)'. Entity 2: 'Crucial CT51264BD160BJ 4GB DDR3L - 1600 JDIMM Memory Module'.,Yes,48138837#81239989_left_original_right_augmented
Do the two product descriptions refer to the same real-world product? Entity 1: 'Bosch KGN34NWEAG 60cm Frost Free Fridge Freezer'. Entity 2: 'Bosch KGN34NWEAG Free - standing fr idge - freezer'.,Yes,62807515#65479901_left_original_right_augmented
Do the two product descriptions refer to the same real-world product? Entity 1: 'Epson A3 Premium Glossy Photo Paper 255gsm (Pack of 20) C13S041315'. Entity 2: 'Epson Premium Glossy A3 20 sheets'.,Yes,71490927#81349254_original
"Do the two product descriptions refer to the same real-world product? Entity 1: 'Canon Multipack PGI-72multi1 (6403B007)'. Entity 2: 'CORSAIR CRYSTAL 570X RGB Mid-Tower Case, 3 RGB Fans, Tempered Glass - White| CC-9011110-WW'.",No,10737119#93978472_original
Do the two product descriptions refer to the same real-world product? Entity 1: 'Original Epson T1571 Photo Black Ink Cartridge'. Entity 2: 'Samsung CLT-K406S Black Original Standard Yield Toner Cartridge'.,No,55645397#55157414_original
"Do the two product descriptions refer to the same real-world product? Entity 1: 'PG-730 7-Speed Cassette'. Entity 2: 'CLARKS Sram, PG-730, 7sp cassette, 12-32T'.",Yes,1130275#55037683_original
"Do the two product descriptions refer to the same real-world product? Entity 1: 'Evans - Clear EMAD Bass Batter, 20\""'. Entity 2: 'Brother HL-L5200DW Laser Printer'.",No,62274139#53641305_original
"Do the two product descriptions refer to the same real-world product? Entity 1: 'CS - M8000 CASSETTE 11 - _ _ 11 - SPEED'. Entity 2: 'Shimano Deore XT M8000 Cassette 11 - speed, silver / grey'.",Yes,63000389#17103408_both_augmented
Do the two product descriptions refer to the same real-world product? Entity 1: 'Traveler's Company 001. LINED REFILL MIDORI TRAVELER'S NOTEBOOK'. Entity 2: 'Pokemon Sword & Shield Booster pack'.,No,59585994#12194096_original
"Do the two product descriptions refer to the same real-world product? Entity 1: 'Razer Basilisk V2 Wired Ergonomic Gaming Mouse, 11 Programmable Buttons | RZ01-03160100-R3M1'. Entity 2: 'Razer DeathAdder V2 Ergonomic Wired Gaming Mouse (RZ01-03210100-R3M1) (Warranty 2years with Ban Leong)'.",No,39130017#5964390_original
Do the two product descriptions refer to the same real-world product? Entity 1: 'SRAM Disc Brake Pad Set Organic Compound'. Entity 2: 'Sram/Avid Road Disc Brake Pads - Road/Level (Organic/Steel Back)'.,Yes,18915981#80159309_original
Do the two product descriptions refer to the same real-world product? Entity 1: 'MAXXIS AGGRESSOR 29X2.3 EXO/TR'. Entity 2: 'Kingston HyperX Predator 32 GB - PC4-24000 - DIMM'.,No,14639066#66129710_original
Do the two product descriptions refer to the same real-world product? Entity 1: 'Ubiquiti UVC-G3-FLEX-3 UniFi Protect G3 FLEX Camera 3-Pack'. Entity 2: 'AAA Replica Omega Seamaster Planet Ocean 600M Chronograph Stainless Steel Blue Watch 215.30.46.51.03.001'.,No,44557157#90806148_original
Do the two product descriptions refer to the same real-world product? Entity 1: 'Kingston Technology DataTraveler microDuo 3C 128GB USB flash drive USB Type-A / USB Type-C 3.0 (3.1 Gen 1) Silver'. Entity 2: 'Kingston DataTraveler microDuo 12 8GB USB 3. 0'.,Yes,46100236#21755591_left_original_right_augmented
Do the two product descriptions refer to the same real-world product? Entity 1: 'New York Yankees New Era Navy League 9F ORTY Adj ustable Hat - Men - Navy Blue'. Entity 2: 'NEW ERA ČIAPKA THE LEAGUE GM NY YANKEES'.,Yes,95671075#34402785_left_augmented_right_original
"Do the two product descriptions refer to the same real-world product? Entity 1: 'RAM Motorcycle Fork Stem Base w 1\"" Ball (RAM-B-342U)'. Entity 2: 'RAM Motorcycle Brake/Clutch Reservoir & Handlebar Ball Base / B Size / RAM-B-309-7U'.",No,20152457#89814977_original
Do the two product descriptions refer to the same real-world product? Entity 1: 'ASUS Turbo -RTX2060S-8G-EVO NVIDIA GeForce RTX 2060 SUPER 8 GB GDDR6'. Entity 2: 'ASUS NVIDIA GeForce RTX 2060 SUPER 8GB TURBO EVO Turing Graphics Card'.,Yes,2024149#24494324_original
Do the two product descriptions refer to the same real-world product? Entity 1: 'Swiss Military Hanowa Swiss Military Hanowa Undercover Multifunction 06-4307.30.007'. Entity 2: 'Relógio _ _ Hanowa06 - 4307. 30. 007 Undercover Multifunction'.,Yes,96142257#31373426_left_original_right_augmented
Do the two product descriptions refer to the same real-world product? Entity 1: 'Seagate LaCie 4TB 2.5' USB 3 to USB-C Diamond Cut External HDD. STHG4000400. 2 Years Warranty'. Entity 2: 'LaCie 4TB USB Type-C Mobile Drive (Moon Silver)'.,Yes,40764402#38339458_original
Do the two product descriptions refer to the same real-world product? Entity 1: 'Diadema Logitech H390 USB Computer ...'. Entity 2: 'Cisco Catalyst 2960-Plus 48TC-L - switch - 48 ports - managed - rack-mounta'.,No,47948274#84899710_original
Do the two product descriptions refer to the same real-world product? Entity 1: 'OMEGA Seamaster Planet Ocean Chronograph Steel'. Entity 2: 'AAA Replica Omega Seamaster Planet Ocean 600M Chronograph Stainless Steel Blue Watch 215.30.46.51.03.001'.,No,47200708#90806148_original
Do the two product descriptions refer to the same real-world product? Entity 1: 'TP-LINK EAP110 Access point - Wit'. Entity 2: 'TP-Link 300Mbps Wireless N Ceiling Mount Access Point with Passive PoE (EAP115)'.,No,85333987#32658304_original
Do the two product descriptions refer to the same real-world product? Entity 1: 'APC Smart-UPS SRT 3000VA RM 230V SRT3000RMXLI'. Entity 2: 'APC Smart-UPS RT 20kVA RM 230V - SURT20KRMXLI'.,No,61195551#70159856_original
Do the two product descriptions refer to the same real-world product? Entity 1: 'KINGSTON ValueRAM RAM Module - (1 x 4 GB) - DDR4 SDRAM'. Entity 2: 'Kingston ValueRAM 4GB No Heatsink (1 x 4GB) DDR4 2400MHz SODIMM System Memory'.,Yes,85033463#7488025_left_augmented_right_original
Do the two product descriptions refer to the same real-world product? Entity 1: 'ASUS Dual GeForce GTX 1660 6GB OC Edition EVO 192Bit GDDR5'. Entity 2: 'ASUS Dual GeForce RTX 2060 6G OC EVO Edition 192Bit GDDR6'.,No,48791418#7020103_original
"Do the two product descriptions refer to the same real-world product? Entity 1: 'Swiss Military Hanowa06-4226.30.003.03 Immersion Uhr'. Entity 2: 'Maxxis Minion DHR II 29\"" DD/3C/TR'.",No,6800809#47784049_original
Do the two product descriptions refer to the same real-world product? Entity 1: 'Sigma 35mm F1.4 DG Art HSM EOS Mount Lens'. Entity 2: 'Sigma 35mm f1.4 EX DG HSM A Nikon'.,No,26301462#14519075_original
"Do the two product descriptions refer to the same real-world product? Entity 1: 'LaCie M obile Drive 2, 5 "" 5 TB M oon Silver USB 3. 1 Gen 2'. Entity 2: 'Lacie 5TB USB-C Mobile Drive prenosni disk'.",Yes,5312650#48305046_left_augmented_right_original
Do the two product descriptions refer to the same real-world product? Entity 1: 'C'. Entity 2: 'Cooler Master MasterLiquid ML120R ARGB AIO Cooler'.,Yes,47818268#98600039_left_augmented_right_original
"Do the two product descriptions refer to the same real-world product? Entity 1: '- Clear EMAD Bass Batter, 20 \ ""'. Entity 2: 'Evans 20” EMAD Clear Bass Drum Head'.",Yes,62274139#18500821_left_augmented_right_original
Do the two product descriptions refer to the same real-world product? Entity 1: 'Kappe New Era NFL New Orleans Saints 9Fifty Cap'. Entity 2: 'Cooler Master MasterCase H500 Mid Tower PC Case'.,No,56475885#76569969_original
"Do the two product descriptions refer to the same real-world product? Entity 1: 'OBUDOWA COOLER H500M MIDI TOWER Z OKNEM BEZ PSU WENTYLATOR LED ARGB'. Entity 2: 'Cooler Master MasterCase H500 IRON GREY ATX Mid-Tower, Tempered Glass Panel, two 200mm RGB fans with Controller and Case Handle for Transport'.",Yes,81628037#14224876_left_augmented_right_original
Do the two product descriptions refer to the same real-world product? Entity 1: 'Toner kompatibel zu Brother TN-200 Black'. Entity 2: 'Pen Drive SanDisk 16GB Cruzer Force USB 2.0'.,No,68874465#75249284_original
Do the two product descriptions refer to the same real-world product? Entity 1: 'TP-Link | AC1900 High Gain Dual Band Wifi Adapter | Wireless WiFi Network Adapter for PC (Archer T9UH)'. Entity 2: 'TP - Link Archer T9UH W ireless AC1900 USB Adapter'.,Yes,98241359#80086981_left_original_right_augmented
"Do the two product descriptions refer to the same real-world product? Entity 1: 'P'. Entity 2: 'PHILIPS MpNITOR LED IPS 24 \ "" (23. 8) 16: 9 FULLHD VGA DVI HDMj 243V7QDSB'.",Yes,74490598#96098511_both_augmented
Do the two product descriptions refer to the same real-world product? Entity 1: 'AMD Ryzen 5 1500X Wraith Spire Cooler'. Entity 2: 'Gigabyte GeForce RTX 2060 SUPER 8GB Aorus'.,No,20737266#8882504_original
"Do the two product descriptions refer to the same real-world product? Entity 1: 'WD MY PASSPORT- 1TB RED WORLDWIDE'. Entity 2: 'Hard Disk Drive WD My Passport WDBYNN0010BRD, 1TB, USB 3.0, rosu'.",Yes,92858368#67614478_original
Do the two product descriptions refer to the same real-world product? Entity 1: 'OKI 44992402 Style Black Compatible Toner'. Entity 2: 'Originln toner OKI 44992402 (ern)'.,Yes,53081061#54978736_original
Do the two product descriptions refer to the same real-world product? Entity 1: 'BLAZE PROFESSIONAL 27-INCH 2 BURNER BUILT-IN GAS GRILL WITH REAR INFRARED BURNER'. Entity 2: 'Blaze 4 Burner LTE Grill Built-In Natural Gas Grill with Lights'.,No,11199708#43409810_original
"Do the two product descriptions refer to the same real-world product? Entity 1: '3M - Framed Privacy Filter for 19 Widescreen Monitor (16:10)'. Entity 2: '3M - Privacy Filter 23.0\""\"" Framed'.",No,69236418#5938532_original
"Do the two product descriptions refer to the same real-world product? Entity 1: 'Memoria USB Kingston Technology - Color blanco, 16 GB, USB 3.0'. Entity 2: 'Jabra BIZ 2300 Mono USB MS Lync Headset'.",No,28824028#61154808_original
Do the two product descriptions refer to the same real-world product? Entity 1: 'Crucial 500GB MX500 M.2 2880 SATA 6Gb/s SSD'. Entity 2: 'Crucial MX500 M. 2 2q80 500GB Internal SSD 560MB / s CT500Md500SSD$ | PCByte'.,Yes,1741624#18862066_left_original_right_augmented
Do the two product descriptions refer to the same real-world product? Entity 1: 'Corsair Crystal Series 570X RGB ATX Mid-Tower Case Tempered Glass Black'. Entity 2: 'Corsair Crystal Series 570X RGB CC-9011098-WW Steel / Tempered Glass ATX Mid Tower Case'.,Yes,74461011#18666720_original
"Do the two product descriptions refer to the same real-world product? Entity 1: 'Corsair ML140 Pro LED, Blue, 140mm Premium Magnetic Levitation Cooling Fan CO-9050048-WW'. Entity 2: '652589-B21 HP G8 G9 900-GB 6G 10K 2.5 SAS SC'.",No,80103776#33972604_original
Do the two product descriptions refer to the same real-world product? Entity 1: 'Western Digital Western Digital 2TB Blue'. Entity 2: 'Genuine Dymo D1 Standard Label Cassette Tape 9mm x 7m - Black on White'.,No,66768594#18874158_original
Do the two product descriptions refer to the same real-world product? Entity 1: 'L'. Entity 2: 'Logitech® HD Webcam C310 - USB'.,Yes,65372331#80753512_left_augmented_right_original
Do the two product descriptions refer to the same real-world product? Entity 1: 'Cooler Master Hyper H411R CPU Cooler Wh ite LED'. Entity 2: 'C'.,Yes,66652299#90916504_both_augmented
Do the two product descriptions refer to the same real-world product? Entity 1: 'Hikvision MP Outdoor IR DS-2DE5225IW-AE'. Entity 2: 'DS-1273ZJ-140 Outdoor Indoor Wall Mount Bracket for Hikvision Dome Camera'.,No,34073206#33622216_original
Do the two product descriptions refer to the same real-world product? Entity 1: 'Hikvision MP Outdoor IR _ - 2DE5225IW - AE'. Entity 2: 'S'.,Yes,34073206#12176070_both_augmented
"Do the two product descriptions refer to the same real-world product? Entity 1: 'D-Link DGS-1210-28P 24-port 1Gb Smart Switch, 4x SFP, PoE'. Entity 2: 'TP-Link T1700G-28TQ JetStream 24-Port Gigabit Stackable Smart Switch with 4 10GE SFP+ Slots'.",No,53464814#58763783_original
Do the two product descriptions refer to the same real-world product? Entity 1: 'WD Blue 3D - 2048 GB - M.2 - 560 MB/s - 6 Gbit/s WDS200T2B0B'. Entity 2: 'SSD Western Digital Blue 2TB M.2 2280 TLC SATA SSD'.,Yes,35469349#19949293_original
Do the two product descriptions refer to the same real-world product? Entity 1: 'Cappello New Era Clean Trucker 2 NY Yankees Cap'. Entity 2: 'Gorra New Era Clean Trucker 2 NY Yankees Cap'.,Yes,39833087#64692163_original
"Do the two product descriptions refer to the same real-world product? Entity 1: 'Samsung 50\"" 4K UHD HDR QLED Smart TV (QN50Q60TAFXZC)'. Entity 2: '43\"" 2020 Q60T 4K Smart QLED TV'.",Yes,16855766#29825517_original
Do the two product descriptions refer to the same real-world product? Entity 1: 'Shimano PD-R550 SPD-SL Resin Pedal'. Entity 2: 'LaCie 4TB Rugged Thunderbolt / USB-C Mobile HDD'.,No,79232921#53426556_original
"Do the two product descriptions refer to the same real-world product? Entity 1: 'Corsair ML140 Magnetic Levitation 140mm Case Fan - Twin Pack'. Entity 2: 'Corsair ML140 Pro 14cm PWM RGB Case Fan, Magnetic Levitation Bearing'.",No,36295476#15774916_original
Do the two product descriptions refer to the same real-world product? Entity 1: 'Corsair Carbide SPEC-01 Tower Black'. Entity 2: 'Traveler's Notebook Refill - Sketch Paper'.,No,20467137#10557104_original
Do the two product descriptions refer to the same real-world product? Entity 1: 'Epson Strawberry 29 (Prentar 175 síður) Claria Home blekhylki (blátt)'. Entity 2: 'ASUS Radeon RX 5500 XT ROG Strix OC 8GB -Demo'.,No,43006963#20145574_original
Do the two product descriptions refer to the same real-world product? Entity 1: 'Jabra EVOLVE 40 UC MONO USB Headset 6393-829-209'. Entity 2: 'JABRA Evolve 40 UC USB - Mono'.,Yes,56459937#51400506_original
Do the two product descriptions refer to the same real-world product? Entity 1: 'Hydro Flask 32 oz. Wide Mouth 2.0 Flex Cap Hibiscus'. Entity 2: 'Processador Amd Am4 Ryzen R5-2400g 3.9ghz 6mb'.,No,50789754#77356650_original
Do the two product descriptions refer to the same real-world product? Entity 1: 'Jabra EVOLVE 40 UC MONO USB Headset 6393-829-209'. Entity 2: 'JABRA Evolve 40 UC USB - _'.,Yes,56459937#51400506_left_original_right_augmented
"Do the two product descriptions refer to the same real-world product? Entity 1: 'LOGITECH AURICULARES H650E STEREO USB'. Entity 2: 'ADATA SX8200 Pro 256GB M.2 NVMe SSD ultra-fast PCIe Gen3x4 interface ,sustained peak read/write speeds of 3500/1200MB per second'.",No,82676601#32979461_original
"Do the two product descriptions refer to the same real-world product? Entity 1: 'Evans 14\"" TT14EC2S Clear Drum Head'. Entity 2: 'Evans EC2 Clear _ Head, 14 Inch'.",Yes,5519409#1136383_left_original_right_augmented
Do the two product descriptions refer to the same real-world product? Entity 1: 'Epson Papir Photo Premium Glossy 13X18cm 30-ark 255G'. Entity 2: 'G.Skill Trident Z Neo DDR4 3600MHz 16GB (2X8) Desktop Memory for AMD X570 F4-3600C16D-16GTZNC | PCByte'.,No,88168633#66692743_original
Do the two product descriptions refer to the same real-world product? Entity 1: 'APPLE - AIRPODS WITH CHARGING CASEIN'. Entity 2: 'Ryze Tech Tello Battery Charging Hub'.,No,97396039#60392051_original
Do the two product descriptions refer to the same real-world product? Entity 1: 'E'. Entity 2: 'EVOLIS RCT023NAA BLACK MONOCHROME RIBBON 2000 PRINTS )'.,Yes,70269940#6612505_both_augmented
"Do the two product descriptions refer to the same real-world product? Entity 1: 'TP-Link Archer T9UH Wireless AC1900 USB Adapter'. Entity 2: 'Intel Processor, Core i7-8700K 8th Gen'.",No,80086981#43904710_original
Do the two product descriptions refer to the same real-world product? Entity 1: 'Apple AirPods with Charging Case (Latest Model) from Apple Computer'. Entity 2: 'Apple AirPods with Wired Charging Case (2nd Generation)'.,Yes,87281733#44483408_original
Do the two product descriptions refer to the same real-world product? Entity 1: 'Daniel Wellington Unisex Classic Sheffield 36mm Rose Gold Black DW00100036'. Entity 2: 'LOGITECH Logitech USB Headset H390'.,No,35410623#57337098_original
Do the two product descriptions refer to the same real-world product? Entity 1: 'APC APCrbc110 Replacement Battery Cartridge #110'. Entity 2: 'APC (APCRBC110) REPLACEMENT BATTERY CATRIDGE #110'.,Yes,1644190#40357787_original
Do the two product descriptions refer to the same real-world product? Entity 1: 'K'. Entity 2: 'Cle Usb KINGSTON 16GB DT _ USB 3. 0 micro USB _'.,Yes,38117313#74525970_both_augmented
Do the two product descriptions refer to the same real-world product? Entity 1: 'Switch D-Link - Web smart - switch - 24 porte - gestito dgs-1210-24'. Entity 2: 'Epson Tinte matte schwarz 700ml f. 7900/9900'.,No,34259452#23007161_original
"Do the two product descriptions refer to the same real-world product? Entity 1: 'Sony FE 24mm f/1.4 GM'. Entity 2: 'SHIMANO PD-R7000, 105, SPD-SL PEDAL.'.",No,87137236#70331081_original
Do the two product descriptions refer to the same real-world product? Entity 1: 'Cheap Replica Audemars Piguet Royal Oak Offshore Chronograph Watch 26470OR.OO.A125CR.01'. Entity 2: 'TAG Heuer Monaco Men's Blue Leather Strap Watch'.,No,25877530#70665219_original
"Do the two product descriptions refer to the same real-world product? Entity 1: 'Corsair Vengeance LPX CMK8GX4M1A2666C16 8GB (1x8GB) 2666Mhz DDR4'. Entity 2: 'Corsair DDR4 Vengeance LPX 16GB/2133(2*8GB) CL13-15-15-28 1,20V XMP2.0'.",No,50944416#78223883_original
Do the two product descriptions refer to the same real-world product? Entity 1: 'Crucial 8GB (1x8GB) DDR3 1600MHz SODIMM'. Entity 2: 'CRUCIAL - DDR3 8GB 1600Hz CL11 Unbuffered CT102472BD160B'.,No,7021169#36133874_original
Do the two product descriptions refer to the same real-world product? Entity 1: 'Manfrotto MVH502AH Fluid Video Head with MT055XPRO3 Tripod'. Entity 2: 'Manfrotto MHXPRO-2W 2-Way Head'.,No,48435137#35405134_original
Do the two product descriptions refer to the same real-world product? Entity 1: 'Fujifilm Instax Mini Rainbow (10 sheets) Film'. Entity 2: 'Fujifilm Instax Mini Film (Monochrome 10's)'.,No,67556867#43876521_original
"Do the two product descriptions refer to the same real-world product? Entity 1: 'Brother Monochrome Compact Laser All-in-One Printer with Duplex Printing and Wireless Networking'. Entity 2: 'Seagate IronWolf Pro ST8000NE001 - Hard drive - 8 TB - internal - 3.5\"" - SATA 6Gb/s - 7200 rpm - buffer_ 256 MB - with 2 years Rescue Data Recovery Service Plan'.",No,54829738#84438504_original
Do the two product descriptions refer to the same real-world product? Entity 1: 'E'. Entity 2: 'Epson - Premium Semi-Gloss Photo Paper - A4 - 20 Fogli - C13S041332'.,Yes,33653915#27043300_left_augmented_right_original
Do the two product descriptions refer to the same real-world product? Entity 1: 'APC Smart-UPS RT192V RM Battery Pack 2 R'. Entity 2: 'APC Smart-UPS RT 192V RM Battery Pack'.,Yes,629096#2965203_original
Do the two product descriptions refer to the same real-world product? Entity 1: 'Asus PRIME B450-PLUS(PRIME B450-PLUS)'. Entity 2: 'DYMO 4500 TAPE BLACK/RED 45017'.,No,40617635#80725760_original
Do the two product descriptions refer to the same real-world product? Entity 1: 'Cisco Catalyst 2960-Plus 48TC-L - switch - 48 ports - managed - rack-mounta'. Entity 2: 'Ryze Tech Tello Battery Charging Hub'.,No,84899710#60392051_original
Do the two product descriptions refer to the same real-world product? Entity 1: 'Ernie Ball Hybrid clinky 9 - 46'. Entity 2: '2222 HYBRID SLINKY 9/46 Ernie Ball'.,Yes,57255527#2392632_left_augmented_right_original
"Do the two product descriptions refer to the same real-world product? Entity 1: 'Samsung 970 Evo 500GB NVME M.2 High Speed Solid State Drive with V-Nand'. Entity 2: 'SAMSUNG 970 EVO PLUS M.2 2280 500GB PCIe Gen 3.0 x4, NVMe 1.3 V-NAND 3-bit MLC Internal Solid State Drive (SSD) MZ-V7S500B/AM'.",No,42341716#3223487_original
Do the two product descriptions refer to the same real-world product? Entity 1: 'SanDisk Extreme microSDHC 32GB 100/60 MB/s A1 V30 GoPro'. Entity 2: 'Processador Amd Am4 Ryzen R5-2400g 3.9ghz 6mb'.,No,27429904#77356650_original
Do the two product descriptions refer to the same real-world product? Entity 1: 'APC Replacement Battery Cartridge #124'. Entity 2: 'A'.,Yes,12524915#61786686_left_original_right_augmented
"Do the two product descriptions refer to the same real-world product? Entity 1: 'Apple iPad Air Wi-Fi 256 GB Silver - 10.5\"" Tablet - A12 26.67cm-Display'. Entity 2: 'Sigma 35mm f1.4 EX DG HSM A Nikon'.",No,30143469#14519075_original
Do the two product descriptions refer to the same real-world product? Entity 1: 'Pokemon TCG Rebel Clash Booster Pack'. Entity 2: 'Pokemon TCG:Sword and Shield Rebel Clash Three Booster Blister- Dural'.,No,84465814#17465629_original
Do the two product descriptions refer to the same real-world product? Entity 1: 'Corsair Vengeance LPX 16GB(2x8GB)'. Entity 2: 'Corsair Vengeance LPX 16GB DDR4 2400MHz(CMK16GX4M1A2400C14)'.,No,88945662#31803140_original
Do the two product descriptions refer to the same real-world product? Entity 1: 'Shimano R550 SPD-SL Pedals - Black'. Entity 2: 'SHIMANO RS500 SPD-SL road pedals'.,No,26049981#68770838_original
"Do the two product descriptions refer to the same real-world product? Entity 1: 'Epson S050189 Cyan, High Capacity Toner Cartridge'. Entity 2: 'Epson S050189 toner ciano ACULA.C1100 4k'.",Yes,24927054#63513295_original
Do the two product descriptions refer to the same real-world product? Entity 1: 'Access Point|TP-LINK|300 Mbps|IEEE 802.3af|IEEE 802.11b|IEEE 802.11g|IEEE 802.11n|1xRJ45|Number of antennas 2|EAP115'. Entity 2: 'TP-Link 300Mbps Wireless N Ceiling Mount Access Point with Passive PoE (EAP115)'.,Yes,32328366#32658304_original
Do the two product descriptions refer to the same real-world product? Entity 1: 'Jabra BIZ 2300 USB MS Mono - headset'. Entity 2: 'Jabra BIZ 2300 USB MS Duo'.,No,3736831#13502365_original
"Do the two product descriptions refer to the same real-world product? Entity 1: 'Corsair ML140 PRO LED Rød, 140mm Vifte'. Entity 2: 'Corsair ML140 Pro LED, Red, 140mm Premium Magnetic Levitation Fan'.",Yes,74659398#29553137_original
Do the two product descriptions refer to the same real-world product? Entity 1: 'Brother HL-L8360CDW Laser Printer'. Entity 2: 'Canon PGI-29 Ink Tank Grey 4871B001AA CO68194'.,No,5137860#77220996_original
Do the two product descriptions refer to the same real-world product? Entity 1: 'ASUS Radeon _ 5500 XT ROG _ OC 8GB - Demo'. Entity 2: 'Asus Radeon ROG Strix RX5500 XT 8gb Gddr6 Version OC'.,Yes,20145574#22211135_left_augmented_right_original
Do the two product descriptions refer to the same real-world product? Entity 1: 'Cheap Replica Audemars Piguet Royal Oak Chronograph White Dail Watch 26331ST.OO.1220ST.03'. Entity 2: 'Pre - Owned Audemars Oak Chronograph 26331ST. OO. 1220ST. 03'.,Yes,2282686#45759535_left_original_right_augmented
Do the two product descriptions refer to the same real-world product? Entity 1: 'S'. Entity 2: 'SRAM Guide Trail Brake Pad'.,Yes,96989593#16958158_left_augmented_right_original
"Do the two product descriptions refer to the same real-world product? Entity 1: 'RAM Long Lenyth Double SocLet Arm for 1. 5 \ "" Balls'. Entity 2: 'RAM-201U-D RAM Mounts C-Size Double-Socket Long Arm with 1.5-Inch Sockets'.",Yes,39417365#72558082_left_augmented_right_original
Do the two product descriptions refer to the same real-world product? Entity 1: 'Epson T7551 (Prentar 5000 síður) XL svart blekhylki (100ml) fyrir WorkForce WF-8XXX prentara'. Entity 2: 'Epson Blekk Svart T7031 L - WP4000/4500'.,No,57534412#62242632_original
Do the two product descriptions refer to the same real-world product? Entity 1: 'ASUS GeForce RTX 2080 SUPER 8GB DUAL OC EVO'. Entity 2: 'ASUS NVIDIA GeForce RTX 2060 SUPER 8GB TURBO EVO Turing Graphics Card'.,No,29339493#24494324_original
Do the two product descriptions refer to the same real-world product? Entity 1: 'Canon EF-M 18-150mm f/3.5-6.3 IS STM (Black)'. Entity 2: 'Sigma 105mm f1.4 DG HSM Art Lens for Canon'.,No,40876435#32931015_original
Do the two product descriptions refer to the same real-world product? Entity 1: 'WS - C2960 - 24TT - L Cisco Catalyst WS - C@960 - 24GT - L Switch'. Entity 2: 'WS-C2960-24TT-LCatalyst 2960 24 10/100 + 2 1000BT LAN Base Image'.,Yes,6930754#7979158_left_augmented_right_original
"Do the two product descriptions refer to the same real-world product? Entity 1: 'Epson A4/Premium Semiglossy Photo, 20 sheets'. Entity 2: 'Epson Premium Glossy A3 20 sheets'.",No,33653915#81349254_original
Do the two product descriptions refer to the same real-world product? Entity 1: 'Epson WP4000/4500 Inkjet Cartridge High Yield Magenta. (Eiffel Tower) OEM: C13T70234010 EP48715'. Entity 2: 'Epson C13T70234010 XL Muste Punainen'.,Yes,17128193#46950967_original
Do the two product descriptions refer to the same real-world product? Entity 1: 'LACIE 2TB 2.5 MOBILE PORTABLE USB 3.0 MOON SILVER'. Entity 2: 'Seagate IronWolf PRO 16TB NAS Professional'.,No,23605781#1329026_original
Do the two product descriptions refer to the same real-world product? Entity 1: 'Swiss Military Hanowa FLAGSHIP 06 - 5161. 04. 003 Herrenuhr'. Entity 2: 'Swiss Military HanowZ Flahship 06 - 5161. 2. 04. 003'.,Yes,64511013#71716796_both_augmented
"Do the two product descriptions refer to the same real-world product? Entity 1: 'Switch D-Link DGS-1210-24 20 p 10 / 100 / 1000 Mbps 4 x SFP'. Entity 2: 'D-Link DGS-1210-28P 24-port 1Gb Smart Switch, 4x SFP, PoE'.",No,23055402#53464814_original
Do the two product descriptions refer to the same real-world product? Entity 1: 'Cartus compatibil Samsung CLT-K406S'. Entity 2: 'Maxxis Tire Assegai 3C MAXXTERRA/EXO+/TR Foldable 27.5x2.50WT'.,No,35100344#30212626_original
Do the two product descriptions refer to the same real-world product? Entity 1: 'Maintenance Unit Epson T6190 35000Pgs (C13T619000)'. Entity 2: 'maintenance kit EPSON Business Inkjet B300/310/B500DN/B510DN (´odpad. nadoba´)'.,Yes,33609155#93094504_original
"Do the two product descriptions refer to the same real-world product? Entity 1: 'CORSAIR CRYSTAL 570X RGB Mid-Tower Case, 3 RGB Fans, Tempered Glass - White| CC-9011110-WW'. Entity 2: 'CORSAIR Crystal Series 570X RGB Tempered Glass,Premium ATX Mid-Tower Case, WHITE'.",Yes,93978472#52425202_original
Do the two product descriptions refer to the same real-world product? Entity 1: '(C13T693500) EPSONSCT3000 UltraChrome XD Matte Black'. Entity 2: 'Epson Singlepack UltraChrome XD MagentaT692300(110ml)'.,No,62891962#93770909_original
Do the two product descriptions refer to the same real-world product? Entity 1: 'Ernie Ball Hybrid clinky 9 - 46'. Entity 2: '2222 HYBRID 9 / 46 Ernie Ball'.,Yes,57255527#2392632_both_augmented
Do the two product descriptions refer to the same real-world product? Entity 1: 'HI KVISION DS - 7208HUHI - K1 5 MEGAPIXEL (5MP) HYBRID 8 CH ANNEL DVR'. Entity 2: 'DVR 8 canale Hikvision TurboHD 5MP 4 canale alarma audio DS-7208HUHI-K1 H.265'.,Yes,3167871#69817830_left_augmented_right_original
Do the two product descriptions refer to the same real-world product? Entity 1: 'Samsung 970 EVO Plus 2TB SSD'. Entity 2: 'Samsung 1TB SSD 970 EVO NVMe M.2'.,No,19411291#7437957_original
Do the two product descriptions refer to the same real-world product? Entity 1: 'Canon PFI 107C Ink Cartridge Cyan'. Entity 2: 'Canon PGI-29 Ink Tank Grey 4871B001AA CO68194'.,No,66680332#77220996_original
Do the two product descriptions refer to the same real-world product? Entity 1: 'Canon PFI107C Cyan Laser Toner Cartridge Remanufactured'. Entity 2: 'Shimano Metal Disk Fren Balatası Ice-Tech J04C'.,No,29167528#39085812_original
Do the two product descriptions refer to the same real-world product? Entity 1: 'TP-Link TL-WN725N 150MbpsWireless USB NANO adapter'. Entity 2: 'TP-Link TL-WN725N Nano Wireless USB Adapter'.,Yes,70558780#22685310_original
"Do the two product descriptions refer to the same real-world product? Entity 1: 'Boje Canon PG-545 BK 8ml'. Entity 2: 'Ubiquiti UniFi AP, AC, In Wall, 5-Pack'.",No,72838471#34532774_original
Do the two product descriptions refer to the same real-world product? Entity 1: 'Lexmark - Toner cartridge -black - 3500 pages - LRPE260A11E'. Entity 2: 'Lexmark Toner Sort 3.5k - E360/E460 Return'.,Yes,75840459#69866884_original
Do the two product descriptions refer to the same real-world product? Entity 1: 'Hikvision Wall Mount for AVPIR3 and 23x5G1-I range of Cameras'. Entity 2: 'DS-1273ZJ-140 Outdoor Indoor Wall Mount Bracket for Hikvision Dome Camera'.,Yes,1821257#33622216_original
Do the two product descriptions refer to the same real-world product? Entity 1: 'N'. Entity 2: 'New Era 39THIRTY New York Yankees - 10298279'.,Yes,12291734#81603750_both_augmented
Do the two product descriptions refer to the same real-world product? Entity 1: 'SanDisk Extreme Pro SD Card 32GB 300MB/s UHS-II'. Entity 2: 'SanDisk Ultra SDXC Memory Card 100MBs Class 10 UHS-I 256GB'.,No,3420227#47282882_original
Do the two product descriptions refer to the same real-world product? Entity 1: 'Nobreak APC Smart - UPS SURT 20kVA / 16kW'. Entity 2: 'APC Smart-UPS RT 20kVA RM 230V - SURT20KRMXLI'.,Yes,19248199#70159856_left_augmented_right_original
Do the two product descriptions refer to the same real-world product? Entity 1: 'Philips Monitor LCD 243V7QDSB/00'. Entity 2: 'Evans 20” EMAD Clear Bass Drum Head'.,No,74490598#18500821_original
"Do the two product descriptions refer to the same real-world product? Entity 1: 'Blaze Cart For Professional 3-Burner Grill, Cart Only'. Entity 2: 'Blaze Grill Cart for 40\"" Gas Grill'.",No,96037332#42210935_original
"Do the two product descriptions refer to the same real-world product? Entity 1: 'Ubiquiti UniFi CloudKey Gen2 Plus'. Entity 2: 'UCK - G2 - PlhsJbiquiti Jnifi Cloud Key, G2, with HDD'.",Yes,14628836#15168588_left_original_right_augmented
"Do the two product descriptions refer to the same real-world product? Entity 1: '2 RAM. \ 25 "" Ball with 2 U - Bolts (RAM - D - 235U )'. Entity 2: 'RAM Double U-Bolt Base with D Size 2.25\"" Ball for Rails from 0.75\"" to 1.25\"" in Diameter - RAM-D-235U'.",Yes,51919374#75462645_left_augmented_right_original
Do the two product descriptions refer to the same real-world product? Entity 1: 'LOGITECH C270 3MP 1280 X 720PIXELS USB 2.0 BLACK WEBCAM'. Entity 2: 'WEBCAM LOGITECH C270 HD 720P'.,Yes,24557096#80963811_original
Do the two product descriptions refer to the same real-world product? Entity 1: 'Sony SEL20F18G.SYX - Sony E-Mount FE 20mm F1.8 G'. Entity 2: 'Sony E-Mount FE 20mm f/1.8 Ultra Wide Angle G Lens'.,Yes,3170005#62089162_original
Do the two product descriptions refer to the same real-world product? Entity 1: 'Oakley Jawbreaker 31 Mm Matte Black Sunglasses'. Entity 2: 'Oakley Jawbreaker MTB Solglsasögon Matte Black w/ Prizm Road'.,Yes,97165175#12127235_original
Do the two product descriptions refer to the same real-world product? Entity 1: 'Gorra New Era Clean Trucker 2 NY Yankees Cap'. Entity 2: 'Gorra New Era NFL New Orleans Saints 9Fifty Cap'.,No,64692163#416796_original
Do the two product descriptions refer to the same real-world product? Entity 1: 'Ubiquiti UniFi Video Camera G4 Pro (UVC-G4-PRO)'. Entity 2: 'Ubiquiti UniFi Protect G4 - Camera PRO'.,Yes,21670568#79415655_left_original_right_augmented
Do the two product descriptions refer to the same real-world product? Entity 1: 'Buy Quality Replica Omega Seamaster Planet Ocean 600M Steel Chronometer Chronograph Watch 215.30.46.51.01.001'. Entity 2: 'AAA Replica Omega Seamaster Planet Ocean 600M Chronograph Stainless Steel Blue Watch 215.30.46.51.03.001'.,No,31531912#90806148_original
Do the two product descriptions refer to the same real-world product? Entity 1: 'Samsung CLT - K406S Black Original Standard Toner Yield Cartridge'. Entity 2: 'Cartus compatibil Samsung CLT-K406S'.,Yes,55157414#35100344_left_augmented_right_original
Do the two product descriptions refer to the same real-world product? Entity 1: 'Crucial BX500 480GB SSD Micron 3D NAND SATA III 6Gb/s 2.5 Internal Solid State Drive'. Entity 2: 'HK DVR TURBOHD 8ch DS-7208HQHI-K2/P'.,No,93651578#24052138_original
"Do the two product descriptions refer to the same real-world product? Entity 1: 'Corsair Vengeance LPX, 16GB, DDR4 memory module 2133 MHz'. Entity 2: 'Corsair DDR4 Vengeance LPX 16GB/2133(2*8GB) CL13-15-15-28 1,20V XMP2.0'.",Yes,52249526#78223883_original
Do the two product descriptions refer to the same real-world product? Entity 1: 'Razer DeathAdder V2 Ergonomic Wired Gaming Mouse (RZ01-03210100-R3M1) (Warranty 2years with Ban Leong)'. Entity 2: 'RAZER MAMBA ELITE ERGONOMIC WIRED GAMING MOUSE'.,No,5964390#83362334_original
Do the two product descriptions refer to the same real-world product? Entity 1: 'BenQ SW2 71 Pro 27in IPS LCD Monitor 4K UHD'. Entity 2: 'Monitor 27 SW271 LED 5ms/QHD/IPS/HDMI/DP/USB'.,Yes,64016107#22000442_left_augmented_right_original
Do the two product descriptions refer to the same real-world product? Entity 1: 'Kingston Technology SA400S37/240G A400 SSD Solid State Drive 2.5 Inch SATA-3 - 240GB'. Entity 2: 'Samsung Portable SSD T7 Touch - Black - 2TB'.,No,81424577#30526558_original
Do the two product descriptions refer to the same real-world product? Entity 1: 'Originln toner OKI 44992402 (ern)'. Entity 2: 'OKI C831/841 Cyan Toner 10K'.,No,54978736#84745207_original
"Do the two product descriptions refer to the same real-world product? Entity 1: 'Intel Processor, Core i7-8700K 8th Gen'. Entity 2: 'Kingston 16GB/3333MHz DDR-4 HyperX Predator XMP (Kit! 2db 8GB) (HX433C16PB3K2/16) memória'.",No,43904710#38071613_original
Do the two product descriptions refer to the same real-world product? Entity 1: 'Brother HL - L8360CDW Colour Laser Printer'. Entity 2: 'Brother HL-L8360CDW Laser Printer'.,Yes,81351830#5137860_left_augmented_right_original
Do the two product descriptions refer to the same real-world product? Entity 1: 'Blaze 40-Inch 5-Burner LTE Built-In Liquid Propane Gas Grill With Rear Infrared Burner & Grill Lights'. Entity 2: 'Blaze 4 Burner LTE Grill Built-In Natural Gas Grill with Lights'.,No,87046884#43409810_original
"Do the two product descriptions refer to the same real-world product? Entity 1: 'Elixir 11152 Strings Acoustic 80 / 20 Bronze NANOWEB, Light'. Entity 2: 'Eli xir 12 - String Light 80 / 20 Bronze Nan oweb Acoustic'.",Yes,68527967#830512_both_augmented
"Do the two product descriptions refer to the same real-world product? Entity 1: 'Epson S050189 Cyan, High Capacity Toner Cartridge'. Entity 2: 'Epson S050189 toner ciano ACULA.C1100 4k'.",Yes,24927054#63513295_original
Do the two product descriptions refer to the same real-world product? Entity 1: 'Dymo 53718 Black On Yellow - 24mm'. Entity 2: 'GENUINE DJmo 24mm x 7m Black on Yellow Labe< Tape Roll SD53718'.,Yes,9746845#72314218_left_original_right_augmented
Do the two product descriptions refer to the same real-world product? Entity 1: 'RAM Double Socket Clamp Arm SHORT'. Entity 2: 'TP-LINK EAP110 Access point - Wit'.,No,71957793#85333987_original
Do the two product descriptions refer to the same real-world product? Entity 1: 'Western Digital Western Digital 2TB Blue'. Entity 2: '_ digital wd blue - hdd - 2 tb - interno - 3. 5 - _ 6Gb / s - 5400 rpm - buffer: _ mb'.,Yes,66768594#27923177_left_original_right_augmented
Do the two product descriptions refer to the same real-world product? Entity 1: 'Jabra BIZ 2300 USB UC Duo'. Entity 2: 'Jabra Biz 2300 USB UC Duo Headset 2399-829-109'.,Yes,89323553#24284489_original
"Do the two product descriptions refer to the same real-world product? Entity 1: 'R'. Entity 2: 'RAM-B-149ZU - RAM Handlebar Rail Mount with Zinc Coated U-Bolt Base for Rails from 0.5\"" to 1.25\"" in Diameter'.",Yes,38785326#53660770_left_augmented_right_original
Do the two product descriptions refer to the same real-world product? Entity 1: 'Samsung Portable SSD T7 Touch 1TB - Zilver'. Entity 2: 'Samsung T7 Touch Portable SSD Drive [1TB](Silver)'.,Yes,5603029#48035811_original
Do the two product descriptions refer to the same real-world product? Entity 1: 'Cisco Catalyst WS-C2960X-24PD-L 24 Ports ManagedRack Mountable Switch'. Entity 2: 'Cisco Catalyst 2960-Plus 48TC-L - switch - 48 ports - managed - rack-mounta'.,No,23351642#84899710_original
"Do the two product descriptions refer to the same real-world product? Entity 1: '5071 25 - B21 HP 146 - GB 6G 10K 2. 5 DP SAS HDD'. Entity 2: 'Hewlett Packard Enterprise HDD 146GB 10K SAS 2,5INCH (507125-B21)'.",Yes,43481409#75431386_left_augmented_right_original
Do the two product descriptions refer to the same real-world product? Entity 1: 'Shimano Pedal PD-RS500 SL Black'. Entity 2: 'Shimano PD-R550 SPD-SL Resin Pedal'.,No,48734649#79232921_original
Do the two product descriptions refer to the same real-world product? Entity 1: 'Logitech C922 Pro Stream webcam + Tripod (price includes delivery)'. Entity 2: 'LOGITECH C922 PRO STREAM FULL HD WEBCAM (960 - 0010)0) - WRHY 1YR W / BANLEONG'.,Yes,48658824#29716234_left_original_right_augmented
Do the two product descriptions refer to the same real-world product? Entity 1: 'EVOLVE 40 UC MONO USB Headset 6393 - - 209'. Entity 2: 'JABRA Evolve 40 UC USB - _'.,Yes,56459937#51400506_both_augmented
Do the two product descriptions refer to the same real-world product? Entity 1: 'Fujifilm XF - 56 mm f1. 2 APD'. Entity 2: 'Fujifilm XF 56mm F/1.2 R APD Lens'.,Yes,63386383#89961053_left_augmented_right_original
"Do the two product descriptions refer to the same real-world product? Entity 1: 'Basilisk V2 Ergonomic Gaming Mouse'. Entity 2: 'Razer _ _ Wired Ergonomic Gaming Mouse, 11 Programmable Buttons | RZ01 - 03160100 - R3M1'.",Yes,13024596#39130017_left_original_right_augmented
"Do the two product descriptions refer to the same real-world product? Entity 1: 'Cooler Master MasterBox Lite 5 ATX Black Case, Window, NO PSU, 2x USB 3.0, HD Audio, Dark Mirror Front Panel, No External 5.25\"" Drive Bay'. Entity 2: 'Cooler Master MasterBox Lite 5 _ Tower Case'.",Yes,41570143#23276195_left_original_right_augmented
"Do the two product descriptions refer to the same real-world product? Entity 1: 'WD Blue 1TB 2.5"" SATA Internal Solid State Drive SSD 550MB/s HDD | Discount Computer Needs'. Entity 2: 'WD Wds100t2b0a 1tb Blue 3d N and SSD'.",Yes,27843837#86775292_left_original_right_augmented
Do the two product descriptions refer to the same real-world product? Entity 1: 'DJI Mavic Air Car Charger'. Entity 2: 'DJI Drone Accesso ry CP. PT. 00000120. 01 Mavic Air Part 4 Car Charger Ret ail'.,Yes,62242636#95052001_left_original_right_augmented
Do the two product descriptions refer to the same real-world product? Entity 1: 'Seagate Pro 6TB (ST6000NE000 )'. Entity 2: 'Seagate 6TB 7200rpm SATA-600 256MB NAS HDD ST6000NE000'.,Yes,9513553#18480165_left_augmented_right_original
Do the two product descriptions refer to the same real-world product? Entity 1: 'Evolis RCT023NAA Black Monochrome Ribbon'. Entity 2: 'Zebra 800015-101 Black Monochrome Ribbon - 1000 Prints'.,No,70269940#30102088_original
"Do the two product descriptions refer to the same real-world product? Entity 1: 'ASUS GeFo rce RTX 2080 SUPER 8GB DUAL OC EVO'. Entity 2: 'ASUS GeForce® RTX 2080 SUPER™ Dual Evo OC 8GB (90YV0DJ0-M0NM00) (NVIDIA, Grafikkarte)'.",Yes,29339493#50769372_left_augmented_right_original
Do the two product descriptions refer to the same real-world product? Entity 1: 'CORSAIR 275R (ATX) MID TOWER CABINET - WITH TEMPERED GLASS SIDE PANEL (WHITE) CC-9011133-WW'. Entity 2: 'Corsair 110R Tempered Glass Mid-Tower ATX Case'.,No,65655694#58755004_original
Do the two product descriptions refer to the same real-world product? Entity 1: 'Daniel Wellington Mens Classic Sheffield 40mm Rose Gold Black DW00100007'. Entity 2: 'Daniel Wellington DW00100150 Classic Cornwall Rose 36mm Black'.,No,41987114#32867763_original
Do the two product descriptions refer to the same real-world product? Entity 1: 'Toner Brother - Nero - ricarica toner tn200'. Entity 2: 'Toner kompatibel zu TN Brother - 200 Black'.,Yes,6020197#68874465_left_original_right_augmented
Do the two product descriptions refer to the same real-world product? Entity 1: 'APC - Schneider SMART-UPS 1000VA LCD 230V'. Entity 2: 'APC - USV APC SMT1000RMI2UCSMARTUPS 1000VA LCD RM 2U 230V SmartC'.,No,77969198#10937592_original
Do the two product descriptions refer to the same real-world product? Entity 1: 'Samsung PORTABLE SSD T7 Touch 1TB Mobile External Solid State'. Entity 2: 'Samsung T7 Touch Black 1TB Portable SSD with Fingerprint ID'.,Yes,93674071#66625804_original
"Do the two product descriptions refer to the same real-world product? Entity 1: 'LaCie Mobile Drive 2,5"" 5 TB Moon Silver USB 3.1 Gen 2'. Entity 2: 'Lacie 5TB - USB C Mobile Drive prenosni disk'.",Yes,5312650#48305046_left_original_right_augmented
Do the two product descriptions refer to the same real-world product? Entity 1: 'C'. Entity 2: 'Corsair Vengeance RGB Pro DDR4 3000MHz 16GB (2x8) Desktop Memory White CMW16GX4M2C3000C15W | PCByte'.,Yes,27074490#23775322_left_augmented_right_original
Do the two product descriptions refer to the same real-world product? Entity 1: 'Canon EF-S 55-250 f4-5.6 IS STM'. Entity 2: 'Canon EF-S 55-250mm f/4-5.6 IS STM'.,Yes,3807651#61201533_original
Do the two product descriptions refer to the same real-world product? Entity 1: 'Logitech H570e Monaural Headset USB'. Entity 2: 'LOGITECH UC Corded Stereo USB Headset H570e (Leatherette Pad) - Business EMEA'.,Yes,12615558#78504449_left_augmented_right_original
Do the two product descriptions refer to the same real-world product? Entity 1: 'Carbide Series 275R Tempered Glass Mid-Tower Gaming CaseWhite'. Entity 2: 'CORSAIR 275R (ATX) MID TOWER CABINET - WITH TEMPERED GLASS SIDE PANEL (WHITE) CC-9011133-WW'.,Yes,29204789#65655694_original
"Do the two product descriptions refer to the same real-world product? Entity 1: '3M - PF230W9F EYE PROTECTION FILTER DESKTOPS FRAME. 0 ACCS'. Entity 2: '3M - Privacy Fil ter 23. 0 \ "" \ "" Fr amed'.",Yes,49127797#5938532_both_augmented
Do the two product descriptions refer to the same real-world product? Entity 1: 'Fujifilm Instax Mini Film (Monochrome 10's)'. Entity 2: 'Fujifilm INSTAX Mini Monochrome Instant Film (10 Exposures)'.,Yes,43876521#21122556_original
Do the two product descriptions refer to the same real-world product? Entity 1: '0000010490| Samyang 24mm F1.4 Nikon AE Full Frame Lens'. Entity 2: '0000006490| Canon EF-S 18-135mm f3.5-5.6 IS NANO USM Lens'.,No,15813840#49678723_original
Do the two product descriptions refer to the same real-world product? Entity 1: '3M - Privacy filter PF19 |30.2 cm x 37.7 cm|'. Entity 2: 'Hydro Flask 32oz Wide Mouth Flex Cap Hibiscus'.,No,15725521#35809370_original
Do the two product descriptions refer to the same real-world product? Entity 1: 'Asus TUF X470-Plus Gaming Socket AM4 ATX AMD'. Entity 2: 'ASUS TUF X470 Plus Gaming with Aura Sync RGB LED lighting AM4 DDR4 HDMI DVI M.2 ATX Motherboard'.,Yes,36532408#38818158_original
Do the two product descriptions refer to the same real-world product? Entity 1: 'TISSOT T091.420.46.051.01 T-TOUCH Expert Solar'. Entity 2: 'Canon EF-S 18-200mm f/3.5-5.6 IS'.,No,7180445#28465006_original
"Do the two product descriptions refer to the same real-world product? Entity 1: 'Maxxis Tire Assegai 3C MAXXTERRA/EXO+/TR Foldable 27.5x2.50WT'. Entity 2: 'Maxxis Assegai Tire - 27.5 x 2.5, Folding, Tubeless, Black, 3C Maxx Terra, EXO+, Wide Trail'.",Yes,30212626#30141859_original
Do the two product descriptions refer to the same real-world product? Entity 1: 'HyperX 8GB (2x4GB) 1600MHz CL10 Fury Blue'. Entity 2: 'KINGSTON 8GB DDR3 1600MHz CL10 DIMM (Kit 2 of) HyperX Fury Series'.,Yes,54500223#78196838_left_original_right_augmented
"Do the two product descriptions refer to the same real-world product? Entity 1: 'Cisco Catalyst 2960-X | WS-C2960X-24TD-L Catalyst 2960X 24 port 10/100/1000, 2 x 10G SFP+, LAN Base'. Entity 2: 'WS-C2960X-24TD-L Cisco Catalyst 2960X Network Switch (New)'.",Yes,12032039#16421267_original
Do the two product descriptions refer to the same real-world product? Entity 1: 'Memoire Crucial DDR3 4GB DDR3 1600 MT / S (PC3 12800 - )'. Entity 2: 'Crucial CT51264BD160BJ 4GB DDR3L-1600 UDIMM Memory Module'.,Yes,48138837#81239989_left_augmented_right_original
Do the two product descriptions refer to the same real-world product? Entity 1: 'Cooler Master MasterCase H500 ARGB Mesh Mid Tower ATX Case TG MCM-H500-IGNN-S01 | PCByte'. Entity 2: 'Adata XPG SX6000 Lite 1TB M.2 PCIe GEN3x4 SSD ASX6000LNP-1TT-C'.,No,84249757#65953977_original
"Do the two product descriptions refer to the same real-world product? Entity 1: 'SDS2 / 32 GB, 32GB S DHC Canvas Select Plus 100R C10 UHS - I U1 V10'. Entity 2: 'Kingston Canvas Select SDHC Plus Memory Card UHS - I 4K HD FULL 100MB / s - 32GB'.",Yes,55718937#70291557_both_augmented
Do the two product descriptions refer to the same real-world product? Entity 1: 'Blaze 32 Inch 4-Burner LTE Gas Grill With Rear Burner and Built-in Lighting System - BLZ-4LTE2-NG/LP'. Entity 2: 'Tissot T-Sport Seastar 1000 Powermatic 80 Watch T1204071704100'.,No,49066670#70880620_original
"Do the two product descriptions refer to the same real-world product? Entity 1: 'Johnnie Walker - Blue Label 70cl'. Entity 2: 'Johnnie Walker Blue Label 0,7 ltr.'.",Yes,24351127#81212084_original
"Do the two product descriptions refer to the same real-world product? Entity 1: 'Epson Seahorse Multipack 6 - T0487 kleur'. Entity 2: 'Epson T0487 Multipack (Black, Cyan, Magenta, Yellow, Light Cyan, Light Magenta)'.",Yes,41456801#79707438_left_augmented_right_original
Do the two product descriptions refer to the same real-world product? Entity 1: 'Omega Seamaster Planet Ocean 600m Co - Axial Master Chronometer GMT 45. 5mm 92. 46. 22. 01. 004) ETNZ Deep Black'. Entity 2: 'Omega Seamaster Planet _ 600m Co - Axial Master Ceramic 215. 92. 46. 22. _. 004 Black _ Replica'.,Yes,57083116#1515409_both_augmented
"Do the two product descriptions refer to the same real-world product? Entity 1: 'RAM Triple 1\"" Ball Adapter - RAM-B-289U'. Entity 2: 'Epson A4/Premium Semiglossy Photo, 20 sheets'.",No,30675144#33653915_original
"Do the two product descriptions refer to the same real-world product? Entity 1: 'Epson T0487 Multipack (Black, Cyan, Magenta, Yellow, Light Cyan, Light Magenta)'. Entity 2: 'Epson Tinte T6037 Light Black, 220 ml'.",No,79707438#12650660_original
"Do the two product descriptions refer to the same real-world product? Entity 1: 'CORSAIR Crystal Series 570X RGB Tempered Glass,Premium ATX Mid-Tower Case, WHITE'. Entity 2: 'RAP-B-224-1U RAM Mounts 3.3\"" Diameter Suction Cup Base with 1\"" Composite Ball'.",No,52425202#81948691_original
Do the two product descriptions refer to the same real-world product? Entity 1: '50mm sigma. F1 4 DG HSM Canon [ART ]'. Entity 2: '0000012890| Sigma 50mm f/1.4 DG HSM Art for Canon'.,Yes,28656579#3889666_left_augmented_right_original
Do the two product descriptions refer to the same real-world product? Entity 1: 'Seagate IronWolf PRO 16TB NAS Professional'. Entity 2: 'Seagate Ironwolf Pro 6TB (ST6000NE000)'.,No,1329026#9513553_original
Do the two product descriptions refer to the same real-world product? Entity 1: 'APC APCrbc110 Replacement Battery Cartridge #110'. Entity 2: 'APC (_) REPLACEMENT BATTERY CATRIDGE # 110'.,Yes,1644190#40357787_left_original_right_augmented
Do the two product descriptions refer to the same real-world product? Entity 1: 'HP 300GB 6G SAS 10K rpm SFF (2.5-inch) SC Enterprise'. Entity 2: '619291-B21 HP 900GB 6G SAS 10K rpm SFF (2.5-inch) Enterprise Hard Drive'.,No,79788718#47613152_original
Do the two product descriptions refer to the same real-world product? Entity 1: 'Corsair Carbide Spec-01 Red LED Mid-Tower Case'. Entity 2: 'Genuine SanDiskiXpand Flash Drive 64GB - iPhone lightning connector'.,No,88727182#73194223_original
"Do the two product descriptions refer to the same real-world product? Entity 1: 'Maxxis High Roller II Tire - 27.5 x 2.4, Tubeless, Folding, Black, 3C Maxx Terra, EXO'. Entity 2: 'Maxxis High Roller II MaxxTerra Tire (WT) (3C/EXO/TR) (27.5 x 2.40) (Folding)'.",Yes,25593960#41191422_original
"Do the two product descriptions refer to the same real-world product? Entity 1: 'ADATA SX8200 Pro 256GB M.2 NVMe SSD ultra-fast PCIe Gen3x4 interface ,sustained peak read/write speeds of 3500/1200MB per second'. Entity 2: 'XPG SX8200 Pro M.2 256 GB PCI Express 3.0 3D TLC NVMe'.",Yes,32979461#1237125_original
Do the two product descriptions refer to the same real-world product? Entity 1: 'Obiectiv foto CANON EF - S 10 - 18mm f / 4. - 5. IS STM'. Entity 2: 'Canon EF-S 10-18/4.5-5.6 IS STM'.,Yes,14345451#27365404_left_augmented_right_original
Do the two product descriptions refer to the same real-world product? Entity 1: 'Shimano BR-M9000 J04C Metal Finned Disc Pad'. Entity 2: 'Hikvision MP Outdoor IR DS-2DE5225IW-AE'.,No,11542304#34073206_original
Do the two product descriptions refer to the same real-world product? Entity 1: 'Razer Viper Mini Ultra-Lightweight USB RGB Optical Gaming Mouse (RZ01-03250100-R3M1)'. Entity 2: 'GARMIN FENIX 5 GRAY BLACK 010-01688-00'.,No,48102422#13174650_original
Do the two product descriptions refer to the same real-world product? Entity 1: 'Asus TUF X470-Plus Gaming Socket AM4 ATX AMD'. Entity 2: 'Cooler Master MasterLiquid ML120L V2 RGB All In One Liquid CPU Cooler'.,No,36532408#35737919_original
Do the two product descriptions refer to the same real-world product? Entity 1: 'MultiPlus Inverter/Charger C 12/2000/80-30'. Entity 2: '2222 HYBRID SLINKY 9/46 Ernie Ball'.,No,48734603#2392632_original
Do the two product descriptions refer to the same real-world product? Entity 1: 'SanDisk CFast 2.0 64GB Extreme Pro Memory Card | Read 525 MB/s | Write 430MB/s | 4K Video'. Entity 2: 'Sandisk Extreme Pro 64GB VFast 2. 0'.,Yes,81920536#87998765_left_original_right_augmented
"Do the two product descriptions refer to the same real-world product? Entity 1: 'OBUDOWA COOLER MASTER MASTERCASE H500M MIDI TOWER Z OKNEM BEZ PSU WENTYLATOR LED ARGB'. Entity 2: 'Cooler Master MasterCase H500 I RON GREY ATX Mid - Tower, Temper ed Glass Pa nel, two 200mm RGB fans with Controller and Case Handle for Transport'.",Yes,81628037#14224876_left_original_right_augmented
Do the two product descriptions refer to the same real-world product? Entity 1: '4GB DDD3 - 1866MHz Kingston HyperX Fury Black'. Entity 2: 'HyperX 4GB (1x4GB) 1866MHz CL10 Fury Black'.,Yes,66437726#36986473_left_augmented_right_original
Do the two product descriptions refer to the same real-world product? Entity 1: 'Traveler's Company 001. LINED REFILL MIDORI TRAVELER'S NOTEBOOK'. Entity 2: 'Super Ubiquinol CoQ10 with Enhanced Mitochondrial Support 100 mg'.,No,59585994#37007640_original
Do the two product descriptions refer to the same real-world product? Entity 1: 'Jabra Biz 2400 II Mono 3-1 NC IP 2486-820-209'. Entity 2: 'BIZ 2400 II Duo IP Flex'.,No,8343900#78989521_original
Do the two product descriptions refer to the same real-world product? Entity 1: '652589-B21 HP G8 G9 900-GB 6G 10K 2.5 SAS SC'. Entity 2: 'TISSOT SEASTAR 1000 CHRONOGRAPH T120.417.17.041.00 (T120.417.17.041.00)'.,No,33972604#3495669_original
"Do the two product descriptions refer to the same real-world product? Entity 1: 'APC - Replacement battery cartridge 140'. Entity 2: 'Placa video Gigabyte Radeon RX 5500 XT OC 8GB GDDR6, 128-bit'.",No,8994298#14576497_original
"Do the two product descriptions refer to the same real-world product? Entity 1: 'Shimano M05 Disc Brake Pads (Deore) (Resin)'. Entity 2: 'Shimano Shimano M05 Resin Disc Brake Pads and BR - M515, BR - M515LA and Nexave BR - C601 Calipers'.",Yes,4484537#25657556_left_original_right_augmented
Do the two product descriptions refer to the same real-world product? Entity 1: 'Shimano Dura-Ace CS-R9100 Cassette 11-speed'. Entity 2: 'Shimano Dura - Ace CS - R9100 28T 11sp Cassette'.,Yes,14128915#2158913_left_original_right_augmented
Do the two product descriptions refer to the same real-world product? Entity 1: 'Shimano Shimano Cs-R9100 Cassette 11-25 Dura-Ace 11-Speed'. Entity 2: 'Shimano Dura-Ace CS-R9100 11-28T 11sp Cassette'.,No,31276154#2158913_original
"Do the two product descriptions refer to the same real-world product? Entity 1: 'Western Digital Blue SSD 250GB SATA M.2 2280 WDS250G2B0B'. Entity 2: 'Samsung 50\"" 4K UHD HDR QLED Smart TV (QN50Q60TAFXZC)'.",No,22109936#16855766_original
Do the two product descriptions refer to the same real-world product? Entity 1: 'PKM - Pokémon - Sword & Shield - Rebel Clash Booster'. Entity 2: 'Mavic 2 Part11 Car Charger'.,No,4486003#15306268_original
Do the two product descriptions refer to the same real-world product? Entity 1: 'APC Smart UPS SRT 6000VA / 230V On Line / Web Card - SRT6KRMXLI'. Entity 2: 'APC SmWrt - UPS SRT 6000VA RM 230V'.,Yes,84668470#1017836_left_original_right_augmented
Do the two product descriptions refer to the same real-world product? Entity 1: 'W'. Entity 2: 'SSD Western Digital Blue 2TB M.2 2280 TLC SATA SSD'.,Yes,35469349#19949293_left_augmented_right_original
Do the two product descriptions refer to the same real-world product? Entity 1: 'AMD Ryzen 9 3900XT 12 - Core. 8 GHz Socket 105W 100 - 100000277WOF Desktop Processor'. Entity 2: 'AMD Ryzen 9 3900XT AM4 CPU'.,Yes,44141044#15448834_left_augmented_right_original
"Do the two product descriptions refer to the same real-world product? Entity 1: '4GB ValueRAM _, 1600MHz, Non - _, _, CL11, 1. 5V, 240 - pin DIMM, Singl'. Entity 2: 'Kingston Technology ValueRAM 4GB DDR3 - 1 600 4GB DDR3 1600MHz m emoria'.",Yes,41253009#40208952_both_augmented
Do the two product descriptions refer to the same real-world product? Entity 1: 'Hydro Flask 21 Oz- Black'. Entity 2: 'Canon CLI-251BK XL High-Capacity Black Ink Tank'.,No,75551932#12243414_original
Do the two product descriptions refer to the same real-world product? Entity 1: 'MultiPlus Inverter/Charger C 12/2000/80-30'. Entity 2: 'Ubiquiti UniFi Full HD IRNV Indoor Micro Security Camera'.,No,48734603#5708838_original
Do the two product descriptions refer to the same real-world product? Entity 1: 'Adata XPG SX6000 Lite 1TB M.2 PCIe GEN3x4 SSD ASX6000LNP-1TT-C'. Entity 2: 'XPG SX6000 Lite internal solid state drive 1000 GB PCI Express 3. 0 3D TLC NVMe SSD'.,Yes,65953977#16403660_left_original_right_augmented
Do the two product descriptions refer to the same real-world product? Entity 1: 'Samsung 970 EVO 500GB - NVMe PCIe M.2 2280 SSD | MZ-V7E500BW'. Entity 2: 'Originlny toner CANON CRG-707 C (Azrov)'.,No,57298257#98859135_original
Do the two product descriptions refer to the same real-world product? Entity 1: 'Gorra New Era NFL New Orleans Saints 9Fifty Cap'. Entity 2: 'Kappe New Era NFL New Orleans 9Fifty Cap'.,Yes,416796#56475885_left_original_right_augmented
Do the two product descriptions refer to the same real-world product? Entity 1: 'HYDRO FLASK HYDRO FLASK 21OZ STANDARD MOUTH BOTTLE-OLIVE'. Entity 2: '21 oz Standard Mouth With Standard S21SX306'.,Yes,9951028#9069903_original
"Do the two product descriptions refer to the same real-world product? Entity 1: 'Lexmark Toner Sort 3.5k - E360/E460 Return'. Entity 2: 'Sandisk Ixpand 64GB USB3.0 Flash Drive for Iphone, Ipad'.",No,69866884#38693547_original
Do the two product descriptions refer to the same real-world product? Entity 1: 'SanDisk SDHC Ultra UHS-I 256GB Class 10 90MB/S'. Entity 2: 'Ultra SDXC Memory Card 100MBs Class 10 UHS - I 256GB'.,Yes,24224044#47282882_left_original_right_augmented
Do the two product descriptions refer to the same real-world product? Entity 1: 'Western Digital Blue SSD 250GB SATA M.2 2280 WDS250G2B0B'. Entity 2: 'Wd Blue 3D Nand 250Gb Pc Ssd - Sata Iii 6Gb/S M.2 2280 Solid State Drive'.,Yes,22109936#87824933_original
"Do the two product descriptions refer to the same real-world product? Entity 1: 'Placa video Gigabyte 5500 XT OC 8GB GDDR6, 128 - bit'. Entity 2: 'Gigabyte AMD Radeon RX 5500 XT OC 8GB GDDR6 RDNA PCIe 4.0 Graphics Card'.",Yes,14576497#88855243_left_augmented_right_original
Do the two product descriptions refer to the same real-world product? Entity 1: 'BenQ SW2700PT 27in QHD Professional AdobeRGB Monitor'. Entity 2: 'Tissot Seastar 1000 Powermatic 80 Silicium'.,No,62842391#17007886_original
Do the two product descriptions refer to the same real-world product? Entity 1: 'D ymo 53718 Black On Yellow - 24mm'. Entity 2: 'GENUINE DJmo 24mm x 7m Black on Yellow Labe< Tape Roll SD53718'.,Yes,9746845#72314218_both_augmented
Do the two product descriptions refer to the same real-world product? Entity 1: 'Fujifilm Instax Mini Film (Monochrome 10's)'. Entity 2: 'Fujifilm Instax mini Rainbow film 10 pack'.,No,43876521#46246978_original
Do the two product descriptions refer to the same real-world product? Entity 1: 'SanDisk SDCZ60 - 064G - B35 Cruzer USB Flash Drive USB. 0 - 64 GB'. Entity 2: 'SANDISK FLASH CRUZER GLIDE 64GB'.,Yes,64003605#47389275_left_augmented_right_original
Do the two product descriptions refer to the same real-world product? Entity 1: 'Epson A4 Premium Glossy Photo Paper'. Entity 2: 'Epson Premium Glossy Photo Paper 13x18cm'.,No,91929224#71230660_original
"Do the two product descriptions refer to the same real-world product? Entity 1: 'BenQ GW2480 23.8"" Full HD IPS Monitor'. Entity 2: 'Jabra BIZ 2300 USB MS Duo'.",No,83555610#13502365_original
Do the two product descriptions refer to the same real-world product? Entity 1: 'Corsair ML140 140mm PWM Premium Magnetic Levitation Fan - Twin Pack'. Entity 2: 'Corsair ML140 Magnetic Levitation 140mm Case Fan - Twin Pack'.,Yes,33078108#36295476_original
Do the two product descriptions refer to the same real-world product? Entity 1: 'Sony SEL20F18G.SYX - Sony E-Mount FE 20mm F1.8 G'. Entity 2: 'Sony E - Mount FE 20mm f / 1. Wide Angle G Lens'.,Yes,3170005#62089162_left_original_right_augmented
Do the two product descriptions refer to the same real-world product? Entity 1: 'SANDISK EXTREME PRO SDXC _ V30 UHS - I U3 - SDSDXXY - _ - GN4IN'. Entity 2: 'SANDISK EXTREME PRO SDXC 256GB 170MB/S C10 U3'.,Yes,20900807#92318972_left_augmented_right_original
"Do the two product descriptions refer to the same real-world product? Entity 1: 'Samsung MZ-V7S500B/AM 970 EVO Plus M.2 Internal SSD, 500GB'. Entity 2: 'SAMSUNG 970 EVO PLUS M.2 2280 500GB PCIe Gen 3.0 x4, NVMe 1.3 V-NAND 3-bit MLC Internal Solid State Drive (SSD) MZ-V7S500B/AM'.",Yes,20456341#3223487_original
"Do the two product descriptions refer to the same real-world product? Entity 1: 'Evans 14\"" TT14EC2S Clear Drum Head'. Entity 2: 'Evans EC2 Clear Drum Head, 14 Inch'.",Yes,5519409#1136383_original
"Do the two product descriptions refer to the same real-world product? Entity 1: 'PG - 730 7 - Cassette'. Entity 2: 'C LARKS Sram, PG - 730, 7sp c assette, 12 - 32T'.",Yes,1130275#55037683_both_augmented
Do the two product descriptions refer to the same real-world product? Entity 1: 'Cooler Master MasterBox TD500 ARGB Mesh ATX Case Black TG MCB-D500D-KGNN-S01 | PCByte'. Entity 2: 'Epson Tinte schwarz-photo f. R3000'.,No,68689972#10229909_original
"Do the two product descriptions refer to the same real-world product? Entity 1: 'WD PASSPORT MY - 1TB RED WORLDWIDE'. Entity 2: 'Hard Disk Drive WD My Passport WDBYNN0010BRD, 1TB, USB 3.0, rosu'.",Yes,92858368#67614478_left_augmented_right_original
Do the two product descriptions refer to the same real-world product? Entity 1: '502HD PRO VIDEO HEAD WITH FLAT BASE'. Entity 2: 'Manfrotto MVH500AH Lightweight Video Head with Flat Base'.,No,22563019#64607522_original
Do the two product descriptions refer to the same real-world product? Entity 1: 'HPE 300GB 6G SAS 10K rpm SFF (2.5-inch) SC Enterprise 3yr Warranty HDD'. Entity 2: 'HPE 300GB SERVER SMART MEMORY 6G 15K SAS 2.5 652611-B21'.,No,87572356#71290070_original
"Do the two product descriptions refer to the same real-world product? Entity 1: 'Audio Techn ica DJ kõrva klapid ATH - PRO7X On - ear, Must'. Entity 2: 'Audio _ ATH - PRO7X DJ headphones'.",Yes,77117519#31247528_both_augmented
Do the two product descriptions refer to the same real-world product? Entity 1: 'AAA Replica Audemars Piguet Royal Oak Offshore Chronograph Watch 26470OR.OO.1000OR.02'. Entity 2: 'Buy Quality Replica Audemars Pigu et Royal Oak Offshore Chronog raph Watch 26470OR. OO. 1000OR. 02'.,Yes,36803847#48484532_left_original_right_augmented
Do the two product descriptions refer to the same real-world product? Entity 1: 'Headset Audio - ATH Technica - M50X'. Entity 2: 'A'.,Yes,3764542#74908666_both_augmented
"Do the two product descriptions refer to the same real-world product? Entity 1: 'Seagate IronWolf 6TB NAS Internal Hard Drive (3.5"")'. Entity 2: 'Gorra New Era NY Yankees MLB 9Fifty Cap'.",No,12761549#84459988_original
"Do the two product descriptions refer to the same real-world product? Entity 1: 'RAM Motorcycle Brake/Clutch Reservoir & Handlebar Ball Base / B Size / RAM-B-309-7U'. Entity 2: 'RAM Motorcycle Combination Base for Handlebar or Bra ke / Clutch Reservo ir with 1 \ "". ..'.",Yes,89814977#54550733_left_original_right_augmented
Do the two product descriptions refer to the same real-world product? Entity 1: 'Blaze 40-Inch 5-Burner LTE Built-In Liquid Propane Gas Grill With Rear Infrared Burner & Grill Lights'. Entity 2: 'Crucial MX500 2TB 3D NAND SATA 2.5 Inch Internal SSD'.,No,87046884#52356483_original
"Do the two product descriptions refer to the same real-world product? Entity 1: 'Ryze Tello Battery Charging Charger Hub (Part 9)'. Entity 2: 'Jabra Biz 2400 II Mono 3-1, NC, 82 mic, QD'.",No,68142605#96888760_original
"Do the two product descriptions refer to the same real-world product? Entity 1: 'BenQ SW2700PT 27in QHD Professional Monitor'. Entity 2: 'BenQ LCD SW2700PT 27\"" W/IPS LED/2560x1440/5ms/DVI-DL/HDMI/2xUSB3.0/Flicker-free/VESA 9H.LDKLB.QBE'.",Yes,62842391#32701286_left_augmented_right_original
Do the two product descriptions refer to the same real-world product? Entity 1: 'Audio Technica ATH-M50xWH Professional Studio Monitor Headphones'. Entity 2: 'Kingston Canvas Select Plus 128GB microSD - With Adaptor'.,No,55918296#54214061_original
"Do the two product descriptions refer to the same real-world product? Entity 1: 'D-Link DGS-1210-28P 24-port 1Gb Smart Switch, 4x SFP, PoE'. Entity 2: 'D-LINK DGS-1210-24P 24-port Gig PoE Switch 4x Combo'.",No,53464814#15041298_original
Do the two product descriptions refer to the same real-world product? Entity 1: 'TP-LINK EAP110 Access point - Wit'. Entity 2: 'TP-Link EAP225 Outdoor Access Point'.,No,85333987#42516046_original
Do the two product descriptions refer to the same real-world product? Entity 1: '2012 SRAM Red XG-1090 10-Speed X-Dome 11-23 Cassette'. Entity 2: 'SRAM XG - PowerDome - X 10sp Cassette'.,Yes,1781011#6403220_left_original_right_augmented
Do the two product descriptions refer to the same real-world product? Entity 1: 'Western Digital WD My Passport Portable HDD 4TB Black'. Entity 2: 'APC - Schneider SMART-UPS 1000VA LCD 230V'.,No,68891313#77969198_original
Do the two product descriptions refer to the same real-world product? Entity 1: 'Brother MFC-L2710DW - multifunction printer - B/W'. Entity 2: 'Brother Monochrome Compact Laser All-in-One Printer with Duplex Printing and Wireless Networking'.,Yes,67275979#54829738_original
Do the two product descriptions refer to the same real-world product? Entity 1: 'Tissot Seastar 1000 Powermatic _ Silicium'. Entity 2: 'Tissot Seastar 1000 Powermatic 80 T120.407.11.041.01'.,Yes,17007886#1647419_left_augmented_right_original
Do the two product descriptions refer to the same real-world product? Entity 1: 'Toner Brother original amarillo TN135Y'. Entity 2: 'Toner kompatibel zu Brother TN-200 Black'.,No,61964427#68874465_original
Do the two product descriptions refer to the same real-world product? Entity 1: 'AMD Ryzen 9 3900XT 12-Core 3.8 GHz Socket AM4 105W 100-100000277WOF Desktop Processor'. Entity 2: 'AMD Ryzen 9 3900XT AM4 CPU'.,Yes,44141044#15448834_original
"Do the two product descriptions refer to the same real-world product? Entity 1: 'Blaze Cart For Professional 3-Burner Grill, Cart Only'. Entity 2: 'LOGITECH UC Corded Stereo USB Headset H570e (Leatherette Pad) - Business EMEA'.",No,96037332#78504449_original
Do the two product descriptions refer to the same real-world product? Entity 1: 'Epson Premium Glossy Photo Paperphoto paper - 25 sheet(s) - A2'. Entity 2: 'Epson A4 Premium Glossy Photo Paper'.,No,56676909#91929224_original
"Do the two product descriptions refer to the same real-world product? Entity 1: 'Hard disk server HP Hot-Plug SC Enterprise SAS 6G 900GB 10000 RPM 2.5""'. Entity 2: 'HP 300GB 6G SAS 15K rpm SFF (2.5-inch) SC Enterprise'.",No,50007186#35583855_original
Do the two product descriptions refer to the same real-world product? Entity 1: 'Toner Original Oki Ciano (44844507)'. Entity 2: 'OKI C831/841 Cyan Toner 10K'.,Yes,57812056#84745207_original
"Do the two product descriptions refer to the same real-world product? Entity 1: 'Memoria USB Kingston Technology - Color blanco, 16 GB, USB 3.0'. Entity 2: 'Epson - Premium Semi-Gloss Photo Paper - A4 - 20 Fogli - C13S041332'.",No,28824028#27043300_original
Do the two product descriptions refer to the same real-world product? Entity 1: 'SHIMANO SPD - SL road pedals'. Entity 2: 'Shimano Pedal PD-RS500 SL Black'.,Yes,68770838#48734649_left_augmented_right_original
Do the two product descriptions refer to the same real-world product? Entity 1: 'AMD Ryzen 5 1500X Wraith Spire Cooler'. Entity 2: 'YD150XBBAEBOX AMD Ryzen 5 1500X Quad Core 3.50GHz 16MB L3 Cache Socket AM4 Processor. New Retail Factory Sealed With Full Manufacturer Warranty.'.,Yes,20737266#64351459_original
Do the two product descriptions refer to the same real-world product? Entity 1: 'Hikvision DS-7216HUHI-K2 Turbo 1080p HD 16CH DVR - HD-TVI AHD IPC - HDMI COAX'. Entity 2: 'Hikvision 32 Turbo HD/CVI / AHD / CVBS Ref: DS-7332HQHI-K4'.,No,22992322#71442235_original
Do the two product descriptions refer to the same real-world product? Entity 1: 'Epson Papir Photo Premium Glossy 13X18cm 30-ark 255G'. Entity 2: 'Park Tool PH-1.2 P-Handle Hex Wrench Set - Tool Set'.,No,88168633#12750791_original
Do the two product descriptions refer to the same real-world product? Entity 1: 'Shimano XT M786 Direct Mount Shadow Plus SGS Long-Cage Rear Derailleur 10 Speed'. Entity 2: 'Deore XT RD-M786-SGS - Shadow - rear derailleur'.,Yes,88865914#17172533_original
Do the two product descriptions refer to the same real-world product? Entity 1: 'Cisco Catalyst 2960-Plus 48TC-L - switch - 48 ports - managed - rack-mounta'. Entity 2: 'Catalyst 2960 Plus 48 10 / _ +'.,Yes,84899710#66810868_left_original_right_augmented
"Do the two product descriptions refer to the same real-world product? Entity 1: 'Corsair ML140 Pro LED Blue 140mm Magnetic Levitation Fan | Discount Computer Needs'. Entity 2: 'Corsair ML140 Pro LED, Blue, 140mm Premium Magnetic Levitation Cooling Fan CO-9050048-WW'.",Yes,46441935#80103776_original
Do the two product descriptions refer to the same real-world product? Entity 1: 'Wd Blue 3D Nand 250Gb Pc Ssd - Sata Iii 6Gb/S M.2 2280 Solid State Drive'. Entity 2: 'Crucial BX500 480GB SSD Micron 3D NAND SATA III 6Gb/s 2.5 Internal Solid State Drive'.,No,87824933#93651578_original
Do the two product descriptions refer to the same real-world product? Entity 1: 'Canon EF-S 55-250 f4-5.6 IS STM'. Entity 2: 'Canon EF - S 55 - 250mm 4 - 5. 6 IS STM'.,Yes,3807651#61201533_left_original_right_augmented
Do the two product descriptions refer to the same real-world product? Entity 1: 'Sony SEL24240 FE 24-240mm f/3.5-6.3 OSS Zoom Lens for Mirrorless Cameras'. Entity 2: 'Ubiquiti UniFi Full HD IRNV Indoor Micro Security Camera'.,No,18865753#5708838_original
Do the two product descriptions refer to the same real-world product? Entity 1: 'Toner Original Oki (44844507 )'. Entity 2: 'OKI C831/841 Cyan Toner 10K'.,Yes,57812056#84745207_left_augmented_right_original
"Do the two product descriptions refer to the same real-world product? Entity 1: 'Apple AirPods Pro, Kopfhrer - EU'. Entity 2: 'Mouse Gaming RAZER Mamba Elite, 16000 dpi, negru'.",No,48169914#1283491_original
Do the two product descriptions refer to the same real-world product? Entity 1: 'LaCie 4TB Rugged Thunderbolt / USB-C Mobile HDD'. Entity 2: 'Seagate Lacie 2TB 2.5 Rugged Portable Thunderbolt Type C'.,No,53426556#98793471_original
"Do the two product descriptions refer to the same real-world product? Entity 1: 'Ubiquiti UniFi AC Pro 5-pack UAP-AC-PRO-5 Ubiquiti'. Entity 2: 'UCK-G2-PlusUbiquiti Unifi Cloud Key, G2, with HDD'.",No,91980346#15168588_original
Do the two product descriptions refer to the same real-world product? Entity 1: 'Sony SEL 30mm 3. 5 Makro - Mount'. Entity 2: 'Sony E 30mm f/3.5 Macro Lens'.,Yes,62945209#15648_left_augmented_right_original
Do the two product descriptions refer to the same real-world product? Entity 1: 'Seagate Ironwolf Pro 6TB (ST6000NE000)'. Entity 2: 'Seagate 6TB 7200rpm SATA-600 256MB NAS HDD ST6000NE000'.,Yes,9513553#18480165_original
"Do the two product descriptions refer to the same real-world product? Entity 1: 'Shimano 11 SPD Chain RD/MTB Sil-Tec With Quick Link'. Entity 2: 'BenQ GW2480 23.8 inch LED IPS Monitor - Full HD, 5ms, Speakers'.",No,95222715#83013356_original
"Do the two product descriptions refer to the same real-world product? Entity 1: 'Reifen Maxxis 29x2.30 Minion DHR II DoubleDown'. Entity 2: 'Maxxis Maxxis Minion DHR II Tire: 29 x 2.40"", Folding, 60tpi, 3C MaxxGrip 2- Ply, Tubeless Ready, Wide Trail, Black'.",No,21658813#22007806_original
Do the two product descriptions refer to the same real-world product? Entity 1: 'EPSON Magenta ink cartridge Discproducer'. Entity 2: 'Epson - Ink Cartridge Black 10K'.,No,96384448#29914496_original
Do the two product descriptions refer to the same real-world product? Entity 1: '8GB Corsair ValueSelect DDR4-2133 DIMM CL15 Single'. Entity 2: 'Corsair Value Select 8GB PC4-17000 - 8 GB - 1 x 8 GB - DDR4 - 2133 MHz - 288-pin DIMM'.,Yes,84875057#48430039_original
Do the two product descriptions refer to the same real-world product? Entity 1: 'Orologio Garmin Venu 010 - - 12 Venu'. Entity 2: 'Garmin VENU Smartwatch Black 010 - 0@173 - 12 <eather Strap'.,Yes,76426260#21469105_both_augmented
Do the two product descriptions refer to the same real-world product? Entity 1: 'Logitech G G402 Hyperion Fury Mouse Oyuncu 910 - 004068'. Entity 2: 'LOGITECH | G402 Hyperion Fury FPS Gaming Mouse | 910-004068'.,Yes,50160182#23828624_left_augmented_right_original
Do the two product descriptions refer to the same real-world product? Entity 1: 'APC APCrbc110 Replacement Battery Cartridge #110'. Entity 2: 'APC Replacement Battery Cartridge #133 (APCRBC133)'.,No,1644190#28129178_original
"Do the two product descriptions refer to the same real-world product? Entity 1: '3M - Privacy filter framed lightweight 18,1\""\""-20\""\"" widescreen'. Entity 2: 'ASUS Radeon RX 5700 XT TUF OC 8GB GDDR6'.",No,32904204#29064292_original
Do the two product descriptions refer to the same real-world product? Entity 1: 'Tissot Heritage Visodate Analog Swiss Quartz Sapph ire Cry stal Men ' s Watch'. Entity 2: 'TISSOT HERITAGE VISODATE QUARTZ T118.410.11.057.00 (T118.410.11.057.00)'.,Yes,34746615#56904801_left_augmented_right_original
Do the two product descriptions refer to the same real-world product? Entity 1: 'RAM Twist-Lock Dual Suction Cup Base / RAM-B-189BU'. Entity 2: 'TONERBROTHER ORIGINALE GIALLO TN-135Y'.,No,31143310#88286371_original
Do the two product descriptions refer to the same real-world product? Entity 1: 'APC UPS 1KVA Tower UPS SMT1000I'. Entity 2: 'Samsung T7 Touch Portable SSD Drive [1TB](Silver)'.,No,89102922#48035811_original
Do the two product descriptions refer to the same real-world product? Entity 1: 'SANDISK EXTREME PRO SDXC 256GB V30 UHS-I U3 - SDSDXXY-256G-GN4IN'. Entity 2: 'SanDisk Ultra SDXC Memory Card 100MBs Class 10 UHS-I 256GB'.,No,20900807#47282882_original
Do the two product descriptions refer to the same real-world product? Entity 1: 'Intel Core i7-10700KF Prosessor'. Entity 2: 'Cloud Core Router CCR1036-12G-4S-EM'.,No,41902860#88031640_original
Do the two product descriptions refer to the same real-world product? Entity 1: 'Manfrotto MVH500AH Lightweight Video Head with Flat Base'. Entity 2: 'Epson Blekk Svart T7031 L - WP4000/4500'.,No,64607522#62242632_original
Do the two product descriptions refer to the same real-world product? Entity 1: 'B'. Entity 2: 'Blaze 32 Inch 4-Burner LTE Gas Grill With Rear Burner and Built-in Lighting System - BLZ-4LTE2-NG/LP'.,Yes,43409810#49066670_left_augmented_right_original
Do the two product descriptions refer to the same real-world product? Entity 1: 'AAA Replica Omega Seamaster Planet Ocean 600M Chronograph Stainless 215. 30. 46. 51. 03. 001'. Entity 2: 'Seamaster Planet Ocean 600 M Omega Co-Axial Master Chronometer Chronograph 215.30.46.51.03.001'.,Yes,90806148#31420404_left_augmented_right_original
Do the two product descriptions refer to the same real-world product? Entity 1: 'Logitech® HD Webcam C310 - USB'. Entity 2: 'Logitech C920 USB HD Pro Webcam with Auto-Focus and Microphone'.,No,80753512#74722865_original
"Do the two product descriptions refer to the same real-world product? Entity 1: 'UBIQUITI - UVC G3 Bullet Camera, 3-pack'. Entity 2: 'Ubiquiti UniFi G3 Bullet Video Camera'.",No,84429009#80529811_original
Do the two product descriptions refer to the same real-world product? Entity 1: 'DYMO 4500 TAPE BLACK/RED 45017'. Entity 2: 'HP 900GB 6G SAS 10K 900 SAS 16 MB Cache 2.5-Inch Internal Bare or OEM Drives 619291-B21'.,No,80725760#66047716_original
Do the two product descriptions refer to the same real-world product? Entity 1: 'Cappello New Era Clean Trucker Chicago Bulls Cap'. Entity 2: 'Cooler Master MasterCase H500 Mid Tower PC Case'.,No,49092761#76569969_original
"Do the two product descriptions refer to the same real-world product? Entity 1: 'Western Digital WD My Passport HDD 4TB Black'. Entity 2: 'WesteGn Digital My Passoort, 4TB, BLACK3 Years - WDBYFT0040BBK - WESN'.",Yes,68891313#11564664_both_augmented
Do the two product descriptions refer to the same real-world product? Entity 1: 'DYMO D1 Labelling Tape 45803 Black on White 19 mm x 7 m'. Entity 2: 'D ymo Label Casette D1 (1 9mm x 7m - Black On White )'.,Yes,88730603#35191236_left_original_right_augmented
Do the two product descriptions refer to the same real-world product? Entity 1: 'Cooler Master MasterBox TD500 Mesh Triple ARGB Full Tower Gaming Cabinet with Dual 360mm Radiator Support and Crystalline Tempered Glass'. Entity 2: 'SanDisk 32GB Extreme Pro SDSDXPK-032G-GN4IN SDHC Memory Card C10'.,No,93548558#60624891_original
Do the two product descriptions refer to the same real-world product? Entity 1: 'Shimano R5R0 SPD - SL Pedals - Black'. Entity 2: 'Shimano PD R550 - SPD - SL Resin Pedal'.,Yes,26049981#79232921_both_augmented
Do the two product descriptions refer to the same real-world product? Entity 1: 'Cooler Master MasterLiquid ML120L V2 RGB All In One Liquid CPU Cooler'. Entity 2: 'Logitech BRIO 4K Ultra HD webcam'.,No,35737919#6978466_original
"Do the two product descriptions refer to the same real-world product? Entity 1: 'BLAZE PROFESSIONAL 27-INCH 2 BURNER BUILT-IN GAS GRILL WITH REAR INFRARED BURNER'. Entity 2: 'Blaze 2 Burner Professl)nal Guilt - In Propane Gas Outdoor Grill, BLZ - 2PRO - LP'.",Yes,11199708#24360041_left_original_right_augmented
Do the two product descriptions refer to the same real-world product? Entity 1: 'Ubiquiti IR LED Range Extender'. Entity 2: 'Audio Technica ATH-PRO7X DJ headphones'.,No,12164188#31247528_original
Do the two product descriptions refer to the same real-world product? Entity 1: 'Logitech 3. mm Analog Stereo H151 with Boom Microphone - Black'. Entity 2: 'Logitech H151 Single Pin Stereo Headset - Black'.,Yes,46809516#67028945_left_augmented_right_original
"Do the two product descriptions refer to the same real-world product? Entity 1: 'Maxxis Maxxis High Roller II Tire: 27.5 x 2.50\"", Folding, 60tpi, 3C MaxxTerra, EXO, Tubeless Ready, Wide Trail, Black'. Entity 2: 'Maxxis Maxxis, Minion DHR2, Tire, 29''x2.40, Folding, Tubeless Ready, 3C Maxx Grip, 2-ply, Wide Trail, 60TPI, Black'.",No,45946412#12389785_original
Do the two product descriptions refer to the same real-world product? Entity 1: 'Epson T7551 XL Black High Yield Ink Cartridge C13T755140 / T7551 EP53959'. Entity 2: 'Epson T7551 (Prentar 5000 síður) XL svart blekhylki (100ml) fyrir WorkForce WF-8XXX prentara'.,Yes,2046148#57534412_original
Do the two product descriptions refer to the same real-world product? Entity 1: 'Kingston Canvas Select Plus 128GB microSD - With Adaptor'. Entity 2: 'KINGSTON MICRO SD CARD CANVAS SELECT PLUS 128GB 1 00MB / S LIMI TED LIFETIME'.,Yes,54214061#96712384_left_original_right_augmented
"Do the two product descriptions refer to the same real-world product? Entity 1: 'AMD Ryzen 5 3400G Desktop Processor 4 Cores up to 4.2GHz 6MB Cache AM4 Socket (YD3400C5FHBOX)'. Entity 2: 'Pokémon TCG: Sword & Shield-Rebel Clash 3 Booster Packs, Coin & Rayquaza Promo Card'.",No,29685693#79334302_original
Do the two product descriptions refer to the same real-world product? Entity 1: 'SANDISK EXTREME PRO SDXC 256GB V30 UHS-I U3 - SDSDXXY-256G-GN4IN'. Entity 2: 'Epson T6923 Ultrachrome XD rautt Ink 110ml'.,No,20900807#36985401_original
"Do the two product descriptions refer to the same real-world product? Entity 1: 'Ram Mount 2\"" Double Socket Arm for 1\"" Balls'. Entity 2: 'Crucial CT51264BD160BJ 4GB DDR3L-1600 UDIMM Memory Module'.",No,93836358#81239989_original
Do the two product descriptions refer to the same real-world product? Entity 1: 'U'. Entity 2: 'Ubiquiti Networks UVC G3 - LED security camera accessory'.,Yes,12164188#34583798_both_augmented
Do the two product descriptions refer to the same real-world product? Entity 1: 'CORSAIR 8Gbx1 DDR4 3000Mhz Ram CMK8GX4M1D3000C16 VENGEANCE LPX Gaming RAM'. Entity 2: 'ASUS Radeon RX 5700 XT TUF OC 8GB GDDR6'.,No,50005399#29064292_original
Do the two product descriptions refer to the same real-world product? Entity 1: 'Pokemon SWSH3: Darkness Ablaze Elite Trainer Box'. Entity 2: 'Pokemon Pokemon: Darkness Ablaze Bstr'.,No,63016126#57791020_original
Do the two product descriptions refer to the same real-world product? Entity 1: 'ASUS Dual GeForce RTX 2060 6G OC EVO Edition 192Bit GDDR6'. Entity 2: 'ASUS NVIDIA GeForce RTX 2060 6GB DUAL OC EVO Turing Graphics Card'.,Yes,7020103#28224541_original
Do the two product descriptions refer to the same real-world product? Entity 1: 'HyperX 16GB (1x16GB) 3200MHz CL16 Fur&'. Entity 2: 'Kingston HyperX Fury 16GB DDR4 3200MHz CL16 Ram'.,Yes,52993309#46987758_left_augmented_right_original
"Do the two product descriptions refer to the same real-world product? Entity 1: 'Speed Dome IP, 2 MP, IR 150m, Hikvision DS-2DE5225IW-AE'. Entity 2: 'HIKVISION DS-7208HQHI-K1 2 MEGAPIXEL HYBRID 8 CHANNEL (8CH) DVR'.",No,12176070#50920560_original
"Do the two product descriptions refer to the same real-world product? Entity 1: '32 DVR HDTVI canale Turbo Full HD HD Hikvision DS - 7332HQHI - K4 - HD TVI / AHD / CVI + 8 canale IP de pana la 6MP, 4xSATA'. Entity 2: 'Hikvision 32 Turbo HD/CVI / AHD / CVBS Ref: DS-7332HQHI-K4'.",Yes,90795718#71442235_left_augmented_right_original
Do the two product descriptions refer to the same real-world product? Entity 1: 'LOGITECH C270 3MP 1280 X 720PIXELS USB 2.0 BLACK WEBCAM'. Entity 2: 'Ubiquiti UniFi Dual-Band WiFi PoE Access Point UAP-AC-HD - 5 Pack'.,No,24557096#18960736_original
Do the two product descriptions refer to the same real-world product? Entity 1: 'TONER CANON CIAN CL707C 2.000 PAGINAS'. Entity 2: 'Canon PFI107C Cyan Laser Toner Cartridge Remanufactured'.,No,47317909#29167528_original
Do the two product descriptions refer to the same real-world product? Entity 1: 'DVR 8 canale Hikvision TurboHD 5MP 4 canale alarma audio DS-7208HUHI-K1 H.265'. Entity 2: 'DVR Hikvision TurboHD 4 canale DS-7204HQHI-K1'.,No,69817830#10999896_original
"Do the two product descriptions refer to the same real-world product? Entity 1: 'RAM 2.25\"" Ball with 2 U-Bolts (RAM-D-235U)'. Entity 2: 'RAM Double U - Bolt Base with D Size 2. _ \ "" Ball for Rails _ 0. 75 \ "" to 1. _ \ "" in Diameter - RAM - D - _'.",Yes,51919374#75462645_left_original_right_augmented
Do the two product descriptions refer to the same real-world product? Entity 1: 'AAA Replica Audemars Piguet Royal Oak Offshore Chronograph Watch 26470OR.OO.1000OR.02'. Entity 2: 'Basilisk V2 Ergonomic Gaming Mouse'.,No,36803847#13024596_original
Do the two product descriptions refer to the same real-world product? Entity 1: 'Daniel Wellington Classic Black Cornwall'. Entity 2: 'TRAVELER'S Notebook Blue // Passport'.,No,24561369#43453350_original
Do the two product descriptions refer to the same real-world product? Entity 1: 'Fuji Fuji Square Film 1 - Pack'. Entity 2: 'Fujifilm Instax Square Film (10 Pack)'.,Yes,88773659#47146148_left_augmented_right_original
Do the two product descriptions refer to the same real-world product? Entity 1: 'Elixir Phosphor Acoustic Strings - Extra Light'. Entity 2: 'HK DVR TURBOHD 8ch DS-7208HQHI-K2/P'.,No,32413380#24052138_original
Do the two product descriptions refer to the same real-world product? Entity 1: 'Omega Horloge Seamaster 46mm Planet Ocean 600M Co-Axial Master ChronometerChronograph 215.32.46.51.01.001'. Entity 2: 'Omega Seamaster Planet Ocean 600m Co-Axial Master Chronometer GMT 45.5mm (215.92.46.22.01.004) ETNZ Deep Black'.,No,27166337#57083116_original
Do the two product descriptions refer to the same real-world product? Entity 1: 'SANDISK EXTREME PRO SDXC 256GB 170MB/S C10 U3'. Entity 2: 'Kingston Canvas Select Plus SDHC Memory Card UHS-I 4K FULL HD 100MB/s - 32GB'.,No,92318972#70291557_original
Do the two product descriptions refer to the same real-world product? Entity 1: 'HIKVISION 8CH DVR 4MP HDMI TURBO 1080P DS - 7208HQHI - K1'. Entity 2: 'HIKVISION DS-7208HQHI-K1 2 MEGAPIXEL HYBRID 8 CHANNEL (8CH) DVR'.,Yes,18331466#50920560_left_augmented_right_original
Do the two product descriptions refer to the same real-world product? Entity 1: 'Samsung Portable SSD T5 - 2TB'. Entity 2: 'Epson T7551 XL Black High Yield Ink Cartridge C13T755140 / T7551 EP53959'.,No,6480791#2046148_original
Do the two product descriptions refer to the same real-world product? Entity 1: 'Swiss Military Hanowa Immersion 06-4226.30.003.03'. Entity 2: 'Swiws Military HSnowa06 - 4226. 30. 003. 03 Immersion Uhr'.,Yes,58599683#6800809_left_original_right_augmented
"Do the two product descriptions refer to the same real-world product? Entity 1: 'Evans EC2 Clear Drum Head, 8 Inch'. Entity 2: 'Evans EC2 Clear Drum Head, 14 Inch'.",No,47293324#1136383_original
Do the two product descriptions refer to the same real-world product? Entity 1: 'ASUS Turbo -RTX2060S-8G-EVO NVIDIA GeForce RTX 2060 SUPER 8 GB GDDR6'. Entity 2: 'No Break APC Smart-UPS 10Kva Mono230V - SRT10KXLI'.,No,2024149#14418390_original
"Do the two product descriptions refer to the same real-world product? Entity 1: 'Sandisk 128gb Extreme Pro USB 3.1 Solid State Flash Drive, 420MB/s'. Entity 2: '128GB SanDisk PRO SSD USB 3. 1 420MB / s'.",Yes,38383881#93168786_left_original_right_augmented
Do the two product descriptions refer to the same real-world product? Entity 1: 'Brother HL - L8360CDW Colour Laser Printer'. Entity 2: 'HL brother - L8360CDW Laser Printer'.,Yes,81351830#5137860_both_augmented
Do the two product descriptions refer to the same real-world product? Entity 1: 'Kingston 16GB DataTraveler microDuo USB 3.0 OTG Flash Drive'. Entity 2: 'Cle Usb KINGSTON 16GB DT _ USB 3. 0 micro USB _'.,Yes,38117313#74525970_left_original_right_augmented
"Do the two product descriptions refer to the same real-world product? Entity 1: 'Daniel Wellington Mens Classic Sheffield 40mm Rose Gold DW00100007'. Entity 2: 'Daniel Wellington Classic Sheffield Rose 40,m - rannekello DW00100007'.",Yes,41987114#77020269_both_augmented
Do the two product descriptions refer to the same real-world product? Entity 1: 'APPLE - AIRPODS WITH WIRELESS CHARGING CASE IN'. Entity 2: 'WS-C2960-24TT-L Cisco Catalyst WS-C2960-24TT-L Switch'.,No,55393360#6930754_original
"Do the two product descriptions refer to the same real-world product? Entity 1: 'Evans - Clear EMAD Bass Batter, 20\""'. Entity 2: 'Evans 20” EMAD Clear Bass Drum Head'.",Yes,62274139#18500821_original
Do the two product descriptions refer to the same real-world product? Entity 1: 'WD 1TB Blue SN550 NVME M.2 SSD (WDS100T2B0C) (Warranty 5years with WD SG)'. Entity 2: 'WD BLUE 1TB SN550 NVME M.2 2280 SSD (WDS100T2B0C)'.,Yes,16327022#29006523_original
"Do the two product descriptions refer to the same real-world product? Entity 1: '120GB Crucial BX500 3D NAND 2.5\"" SATA SSD'. Entity 2: 'Disco SSD Crucial BX500 120GB 3D TLC SATA III'.",Yes,69918467#71555853_original
Do the two product descriptions refer to the same real-world product? Entity 1: 'Corsair 110R Tempered Glass Mid-Tower ATX Case'. Entity 2: 'Shimano Dura-Ace CS-R9100 11-28T 11sp Cassette'.,No,58755004#2158913_original
Do the two product descriptions refer to the same real-world product? Entity 1: 'Apple 10.5-inch iPad Air Wi‑Fi 256GB - Silver - MUUR2FD/A'. Entity 2: 'Gigabyte AMD Radeon RX 5500 XT OC 8GB GDDR6 RDNA PCIe 4.0 Graphics Card'.,No,30419251#88855243_original
Do the two product descriptions refer to the same real-world product? Entity 1: 'Traveler ' s Zip Pocket - Regular Si ze'. Entity 2: 'Travelet ' s Refills: AccesWo$ies - 008 / zipper pocket'.,Yes,63928436#97535509_both_augmented
Do the two product descriptions refer to the same real-world product? Entity 1: 'KINGSTON ValueRAM RAM Module - 4 GB (1 x 4 GB) - DDR4 SDRAM'. Entity 2: 'Kingston ValueRAM 4GB No Heatsink (1 x 4GB 2400MHz) DDR4 SODIMM System Memory'.,Yes,85033463#7488025_left_original_right_augmented
Do the two product descriptions refer to the same real-world product? Entity 1: 'E'. Entity 2: 'EVOLIS RCT023NAA BLACK MONOCHROME RIBBON (2000 PRINTS)'.,Yes,70269940#6612505_left_augmented_right_original
Do the two product descriptions refer to the same real-world product? Entity 1: 'Intel Core i7-10700KF Prosessor'. Entity 2: 'INTEL CPU 10TH GEN COMET LAKE I7-10700KF 3.80GHZ LGA1200 16.00MB CACHE BOXED'.,Yes,41902860#19006949_original
Do the two product descriptions refer to the same real-world product? Entity 1: 'Epson oryginalny tusz T2 982 29 cyan'. Entity 2: 'E'.,Yes,66191134#43006963_both_augmented
Do the two product descriptions refer to the same real-world product? Entity 1: 'APC Replacement Battery Cartridge #124'. Entity 2: 'DYMO 4500 TAPE BLACK/RED 45017'.,No,12524915#80725760_original
Do the two product descriptions refer to the same real-world product? Entity 1: 'Omega Seamaster Planet Ocean Automatic ChronPNraph Two - TonD RuFber Watch 215. 32. 46. 51. 01. 001'. Entity 2: 'O mega Horloge Seamaster 4 6mm Planet Ocean 60 0M Co - Axial Master ChronometerChronograph 215. 32. 46. 51. 01. 001'.,Yes,84528711#27166337_both_augmented
Do the two product descriptions refer to the same real-world product? Entity 1: 'Samsung Portable SSD T7 Touch 1TB - Zilver'. Entity 2: 'Samsung T7 Touch Black 1TB Portable SSD with Fingerprint ID'.,No,5603029#66625804_original
Do the two product descriptions refer to the same real-world product? Entity 1: 'Canon Ink Jet _ PGI - 72 PBK / GY / PM / PC / _ Multipack 40433'. Entity 2: 'Canon Multipack PGI-72multi1 (6403B007)'.,Yes,30007794#10737119_left_augmented_right_original
Do the two product descriptions refer to the same real-world product? Entity 1: 'Epson Ink Cartridge - Matte Black 700ml'. Entity 2: 'Oakley Jawbreaker MTB Solglsasögon Matte Black w/ Prizm Road'.,No,415992#12127235_original
"Do the two product descriptions refer to the same real-world product? Entity 1: 'Logitech 3.5 mm Analog Stereo Headset H151 with Boom Microphone - Black'. Entity 2: 'Logitech H151 Wired Headset, Stereo Headphones with Rotating Noise-Cancelling Microphone, 3.5 mm Audio Jack'.",No,46809516#75799899_original
"Do the two product descriptions refer to the same real-world product? Entity 1: 'C orsair Vengeance LPX, 16GB, DDR4 memory module 2 133 MHz'. Entity 2: 'Corsair DDR4 Vengeance LPX 16GB/2133(2*8GB) CL13-15-15-28 1,20V XMP2.0'.",Yes,52249526#78223883_left_augmented_right_original
Do the two product descriptions refer to the same real-world product? Entity 1: 'Canon Ink Jet _ PGI - 72 PBK / GY / PM / PC / _ Multipack 40433'. Entity 2: 'C'.,Yes,30007794#10737119_both_augmented
Do the two product descriptions refer to the same real-world product? Entity 1: 'Z'. Entity 2: 'Zebra 800015-101 1000 Prints Black Resin Ribbon for P310i P420i P520i'.,Yes,30102088#64029523_left_augmented_right_original
"Do the two product descriptions refer to the same real-world product? Entity 1: 'SDS2/32GB, 32GB SDHC Canvas Select Plus 100R C10 UHS-I U1 V10'. Entity 2: 'Kingston Canvas Select (32GB) MicroSD Card Class 10 UHS-1 U1 with Adaptor'.",No,55718937#37065951_original
"Do the two product descriptions refer to the same real-world product? Entity 1: 'Crucial MX500 2TB 3D NAND SATA 2.5 Inch Internal SSD'. Entity 2: 'Crucial 2TB MX500 5 "" 7mm SATA 6Gb / s SSD'.",Yes,52356483#91126559_left_original_right_augmented
"Do the two product descriptions refer to the same real-world product? Entity 1: '16GB Vengeance LPX DDR4 2400MHz, CL14, Black, DIMM Memory'. Entity 2: 'Carto de memria micro SD Kingston 64Gb XC1 classe 10 Canvas Select'.",No,30336988#50903406_original
Do the two product descriptions refer to the same real-world product? Entity 1: 'Kingston StorageDataTraveler SEG G2 64GB USB 3.0 Metal'. Entity 2: 'K'.,Yes,69167600#3024917_left_original_right_augmented
Do the two product descriptions refer to the same real-world product? Entity 1: 'Switch D-Link - Web smart - switch - 24 porte - gestito dgs-1210-24'. Entity 2: 'OKI 44992402 Style Black Compatible Toner'.,No,34259452#53081061_original
"Do the two product descriptions refer to the same real-world product? Entity 1: 'Samsung LH46UHFCLBB - 116,8 cm (46\"") - LED - 1920 x 1080 Pixel - 700 cd/m² - Full HD - 8 ms'. Entity 2: 'Samsung C27F390FHU - Full HD Curved Monitor'.",No,11708101#69366044_original
Do the two product descriptions refer to the same real-world product? Entity 1: 'Omega Seamaster Planet Ocean Automatic Chronograph Two-Tone Rubber Watch 215.32.46.51.01.001'. Entity 2: '215.30.46.51.01.001 Omega Seamaster Planet Ocean Chronograph 45.5mm'.,No,84528711#30102415_original
Do the two product descriptions refer to the same real-world product? Entity 1: 'Maintenance Unit Epson T6190 35000Pgs (C13T619000)'. Entity 2: 'maintenance kit EPSON Business Inkj2t B300 / 310 / B500DN / B510DN (´ odpqd. nadoba ´ )'.,Yes,33609155#93094504_left_original_right_augmented
Do the two product descriptions refer to the same real-world product? Entity 1: 'SanDisk Extreme microSDHC 32GB 100/60 MB/s A1 V30 GoPro'. Entity 2: 'SanDisk Extreme Pro SD Card 32GB 300MB/s UHS-II'.,No,27429904#3420227_original
"Do the two product descriptions refer to the same real-world product? Entity 1: 'Corsair ML140 Pro LED, Red, 140mm Premium Magnetic Levitation Fan'. Entity 2: 'Corsair ML140 Pro LED Blue 140mm Magnetic Levitation Fan | Discount Computer Needs'.",No,29553137#46441935_original
Do the two product descriptions refer to the same real-world product? Entity 1: 'Asus PRIME B450-PLUS AM4 DDR4 ATX Motherboard'. Entity 2: 'ASUS Prime X570-P ATX Motherboard - Socket AM4 - AMD X570 - USB 3.2 Gen 3'.,No,34168295#49058519_original
"Do the two product descriptions refer to the same real-world product? Entity 1: 'DVR 8 canale, Turbo HD, 6MP, PoC, Hikvision DS-7208HQHI-K2-P'. Entity 2: 'DVR HDTVI 32 canale Turbo HD Full HD Hikvision DS-7332HQHI-K4 HD-TVI / AHD / CVI + 8 canale IP de pana la 6MP, 4xSATA'.",No,64536135#90795718_original
Do the two product descriptions refer to the same real-world product? Entity 1: 'APC Smart-UPS SRT 3000VA RM 230V SRT3000RMXLI'. Entity 2: 'Asus PRIME B450-PLUS(PRIME B450-PLUS)'.,No,61195551#40617635_original
Do the two product descriptions refer to the same real-world product? Entity 1: 'Asus ROG STRIX B5 50 - E GAMING AM4 ATX Motherboard'. Entity 2: 'ASUS ROG STRIX B 550 - E GA MING Presa AM4 ATX AMD B550'.,Yes,56603137#5030809_both_augmented
"Do the two product descriptions refer to the same real-world product? Entity 1: 'EPSON (T1285) Multipack róka (T1281,T1282,T1283,T1284) C13T12854010'. Entity 2: 'Epson Fox Multipack \""Renard\"" (T1285) - Encre DURABrite Ultra N, C, M, J'.",Yes,28282387#18309559_original
Do the two product descriptions refer to the same real-world product? Entity 1: 'APC APCRBC117 Replacement Battery Cartridge #117'. Entity 2: 'APC Replacement Battery Cartridges #117'.,Yes,62368315#35978749_original
Do the two product descriptions refer to the same real-world product? Entity 1: 'Crucial 4GB DDR3L 1600 1. 35V SODIMM Retail CT51264BF160BJ'. Entity 2: 'Memoire DDR3 So Dimm Crucial 4GB DDR3 1600 MT/S (PC3-12800)'.,Yes,36868284#62293619_left_augmented_right_original
Do the two product descriptions refer to the same real-world product? Entity 1: 'Replacement Battery Cartridge # 133 (APCRBC133 )'. Entity 2: 'APC Replacement Battery Cartridge #133UPS battery - Lead Acid'.,Yes,28129178#9561888_left_augmented_right_original
"Do the two product descriptions refer to the same real-world product? Entity 1: 'Evans EMAD2 Clear Bass Drum Head, 22 Inch'. Entity 2: 'Sony Alpha SEL50F18F FE 50mm f/1.8'.",No,9232364#15880732_original
"Do the two product descriptions refer to the same real-world product? Entity 1: 'RAM Mount Base UBolt Mount - Requires RAM Cradle [RAM-B-149ZU]'. Entity 2: 'RAM-B-149ZU - RAM Handlebar Rail Mount with Zinc Coated U-Bolt Base for Rails from 0.5\"" to 1.25\"" in Diameter'.",Yes,38785326#53660770_original
Do the two product descriptions refer to the same real-world product? Entity 1: 'RAM® Composite Double Socket Arm'. Entity 2: 'R'.,Yes,18456007#94106554_left_original_right_augmented
"Do the two product descriptions refer to the same real-world product? Entity 1: 'Evans 8 \ "" TT08EC2S Clear srum Head'. Entity 2: 'Evans EC2 _ Drum Head, 8 Inch'.",Yes,52799959#47293324_both_augmented
"Do the two product descriptions refer to the same real-world product? Entity 1: 'ASUS AMD ATX ROG STRIX B550 F Gaming Motherboard AM4 Dual DDR4, HDMI, Dual M.2'. Entity 2: 'ASUS Scheda Madre ROG STRIX B550-F GAMING'.",Yes,77926243#2208630_original
Do the two product descriptions refer to the same real-world product? Entity 1: 'Carbide Series 275R Tempered Glass Mid-Tower Gaming CaseWhite'. Entity 2: 'CORSAIR 275R (ATX) MID TOWER CABINET - WITH TEMPERED GLASS SIDE PANEL (WHITE) CC-9011133-WW'.,Yes,29204789#65655694_original
Do the two product descriptions refer to the same real-world product? Entity 1: 'Boje Canon PG - 545 BK'. Entity 2: 'C'.,Yes,72838471#7383991_both_augmented
Do the two product descriptions refer to the same real-world product? Entity 1: 'Traveler's Zip Pocket - Regular Size'. Entity 2: 'Intel Core i7 9700F 9th Gen Desktop Processor/CPU Retail - No iGPU'.,No,63928436#27468857_original
Do the two product descriptions refer to the same real-world product? Entity 1: 'Access Poin^ TP - LINK Wireless N e00Mbs B / G / N - 3 Antenas'. Entity 2: 'Access Point TP - Link 450MBPS TL - WA90!ND Wireless'.,Yes,7873500#10373250_both_augmented
Do the two product descriptions refer to the same real-world product? Entity 1: 'Super Ubiquinol CoQ10 with Enhanced Mitochondrial Support 100 mg'. Entity 2: 'CRUCIAL - DDR3 8GB 1600Hz CL11 Unbuffered CT102472BD160B'.,No,37007640#36133874_original
"Do the two product descriptions refer to the same real-world product? Entity 1: 'Maxxis Maxxis High Roller II Tire: 27.5 x 2.50\"", Folding, 60tpi, 3C MaxxTerra, EXO, Tubeless Ready, Wide Trail, Black'. Entity 2: 'Maxxis Assegai Tire - 27.5 x 2.5, Folding, Tubeless, Black, 3C Maxx Terra, EXO+, Wide Trail'.",No,45946412#30141859_original
Do the two product descriptions refer to the same real-world product? Entity 1: 'Dymo 40913 Black On White 9mm'. Entity 2: 'G'.,Yes,46010816#18874158_both_augmented
Do the two product descriptions refer to the same real-world product? Entity 1: 'Cooler master ventola master liquid ML120R rgb lga 775>2066 amd AM2>FM1'. Entity 2: 'Manfrotto Befree Advanced Twist Tripod'.,No,47818268#16470846_original
Do the two product descriptions refer to the same real-world product? Entity 1: 'Kingston 32GB DDR4 3000MHz Kit(2x16GB) HyperX Predator Intel XMP'. Entity 2: 'Swiss Military Hanowa FLAGSHIP 06-5161.2.04.003 Herrenuhr'.,No,54377216#64511013_original
"Do the two product descriptions refer to the same real-world product? Entity 1: 'Evans 8\"" TT08EC2S Clear Drum Head'. Entity 2: 'HP Color LaserJet Professional CP5225dn'.",No,52799959#17869090_original
Do the two product descriptions refer to the same real-world product? Entity 1: 'Bosch KGN34NWEAG 60cm Frost Free Fridge Freezer'. Entity 2: 'Bosch KGN34NWEAG Free-standing fridge-freezer'.,Yes,62807515#65479901_original
Do the two product descriptions refer to the same real-world product? Entity 1: 'TAG Heuer Automatic Chronograph Watch CBL2111.FC6453'. Entity 2: 'TAG Heuer Monaco Men ' s Blue Leather Strap W atch'.,Yes,13718289#70665219_left_original_right_augmented
Do the two product descriptions refer to the same real-world product? Entity 1: 'Fujinon Lens XF 23mm F1.4 R'. Entity 2: 'FUJIFILM XF23/1.4 XF 23mm f/1.4 R'.,Yes,27021728#54992750_original
Do the two product descriptions refer to the same real-world product? Entity 1: 'AMD AM4-3400G RYZEN5 3.7GHz'. Entity 2: 'Ryze Tello Battery Charging Charger Hub (Part 9)'.,No,44025931#68142605_original
Do the two product descriptions refer to the same real-world product? Entity 1: 'HyperX 8GB (2x4GB) 1600MHz CL10 Fury Blue'. Entity 2: 'Jabra EVOLVE 65 UC Mono (6593-829-409)'.,No,54500223#48580118_original
"Do the two product descriptions refer to the same real-world product? Entity 1: 'Philips Monitor LCD 243V7QDSB/00'. Entity 2: 'PHILIPS MONITOR LED IPS 24\"" (23.8) 16:9 FULLHD VGA DVI HDMI 243V7QDSB'.",Yes,74490598#96098511_original
Do the two product descriptions refer to the same real-world product? Entity 1: 'Carto de memria micro SD Kingston 64Gb XC1 classe 10 Canvas Select'. Entity 2: 'Kingston SDCS Canvas Select _ microSD Memory Card - _ With Adapter'.,Yes,50903406#13253151_left_original_right_augmented
"Do the two product descriptions refer to the same real-world product? Entity 1: 'PG - 730 7 - Cassette'. Entity 2: 'CLARKS Sram, PG-730, 7sp cassette, 12-32T'.",Yes,1130275#55037683_left_augmented_right_original
"Do the two product descriptions refer to the same real-world product? Entity 1: 'Sigma 35mm F1.4 DG Art HSM EOS Mount Lens'. Entity 2: 'Life Extension Super Ubiquinol COQ10 with Enhanced Mitochondrial Support 100 mg, 60 Count'.",No,26301462#8482438_original
Do the two product descriptions refer to the same real-world product? Entity 1: 'Traveler's Notebook / Refill 001 / Lined Notebook'. Entity 2: '' s Company 001. LINED REFILL MIDORI TRAVELER ' NOTEBOOK'.,Yes,80500885#59585994_left_original_right_augmented
Do the two product descriptions refer to the same real-world product? Entity 1: 'T'. Entity 2: 'ADATT. WIFI TP - LINK A C600 NANO WRLS USB'.,Yes,56034511#98430609_both_augmented
Do the two product descriptions refer to the same real-world product? Entity 1: 'HyperX FURY - DDR3 - 8 GB: 2 x 4 GB - DIMM 240-pin - unbuffered'. Entity 2: 'Brother HL-L6200DW Business Laser Printer'.,No,68731207#90603941_original
Do the two product descriptions refer to the same real-world product? Entity 1: '_ 1x 8GB DDR3L 1600MHz ECC Unbuffered UDIMM RAM | Discount _ Needs'. Entity 2: 'CRUCIAL - DDR3 8GB 160 0Hz CL11 Unbuffered CT102472BD160B'.,Yes,83592973#36133874_both_augmented
"Do the two product descriptions refer to the same real-world product? Entity 1: 'Sandisk Ixpand 64GB USB3.0 Flash Drive for Iphone, Ipad'. Entity 2: 'Genuine SanDiskiXpand Flash Drive 64GB - iPhone lightning connector'.",Yes,38693547#73194223_original
Do the two product descriptions refer to the same real-world product? Entity 1: 'Omega Horloge Seamaster 46mm Planet Ocean 600M Co-Axial Master ChronometerChronograph 215.32.46.51.01.001'. Entity 2: 'Fujifilm XF 56mm f/1.2 R'.,No,27166337#81954319_original
Do the two product descriptions refer to the same real-world product? Entity 1: 'Gorra New Era NY Yankees MLB 9Fifty Cap'. Entity 2: 'Tag Heuer Carrera Quartz Chronograph Stainless Steel Watch CBK2112.BA0715'.,No,84459988#12991173_original
Do the two product descriptions refer to the same real-world product? Entity 1: 'APC APCRBC117 Replacement Battery Cartridge #117'. Entity 2: 'APC (APCRBC110) REPLACEMENT BATTERY CATRIDGE #110'.,No,62368315#40357787_original
Do the two product descriptions refer to the same real-world product? Entity 1: 'HI KVISION DS - 7208HUHI - K1 5 MEGAPIXEL (5MP) HYBRID 8 CH ANNEL DVR'. Entity 2: 'D'.,Yes,3167871#69817830_both_augmented
Do the two product descriptions refer to the same real-world product? Entity 1: 'S'. Entity 2: 'D switch - Link Web - smart - switch - 24 porte - gestito dgs - 1210 - 24'.,Yes,23055402#34259452_both_augmented
"Do the two product descriptions refer to the same real-world product? Entity 1: 'SEAGATE SATA-3 2TB SSHD FIRECUDA'. Entity 2: 'Seagate 2TB FireCuda 3.5"" SATA 6Gb/s SSHD'.",Yes,27347346#90183159_original
Do the two product descriptions refer to the same real-world product? Entity 1: 'Shimano Shimano Cs-R8000 Cassette 11-28t Ultegra 11-Speed'. Entity 2: 'ADAPTADOR INALAMBRICO TP-LINK/USB 2.0/N300/QSS/TL-WN821N'.,No,51733905#60088869_original
Do the two product descriptions refer to the same real-world product? Entity 1: 'DS-7216HQHI-K1 Hikvision 16 cs. TurboHD DVR'. Entity 2: 'TURBO HD DV RDS - 7216HQHI - K1 1080P'.,Yes,3762458#79475473_left_original_right_augmented
"Do the two product descriptions refer to the same real-world product? Entity 1: 'Gigabyte AORUS GeForce RTX™ 2080 Ti XTREME 11G'. Entity 2: 'EPSON (T1285) Multipack róka (T1281,T1282,T1283,T1284) C13T12854010'.",No,44884689#28282387_original
Do the two product descriptions refer to the same real-world product? Entity 1: 'Midori ' s Notebook - 012 Sketch Paper Notebook'. Entity 2: 'Traveler ' s Notebook Refill Sketch Paper'.,Yes,25945492#10557104_both_augmented
Do the two product descriptions refer to the same real-world product? Entity 1: 'Cooler Master MasterLiquid ML120R ARGB AIO Cooler'. Entity 2: 'SanDisk Extreme microSDHC 32GB 100/60 MB/s A1 V30 GoPro'.,No,98600039#27429904_original
"Do the two product descriptions refer to the same real-world product? Entity 1: 'LOGITECH C270 3MP 1280 X 720PIXELS USB 2.0 BLACK WEBCAM'. Entity 2: 'Samsung T5 external SSD Black 2TB, USB-C'.",No,24557096#90945536_original
"Do the two product descriptions refer to the same real-world product? Entity 1: 'Evans EC2 Clear Drum Head, 14 Inch'. Entity 2: 'Evans EC2 SST Clear Batter Drumhead 13 in.'.",No,1136383#41520329_original
Do the two product descriptions refer to the same real-world product? Entity 1: 'Sigma 35 mm f1. 4 EX DG HSM A Nikon'. Entity 2: 'Sigma Sigma 35mm F1.4 ART DG HSM - Nikon AF mount'.,Yes,14519075#31585097_left_augmented_right_original
Do the two product descriptions refer to the same real-world product? Entity 1: 'LOGITECH C270 3MP 1280 X 720PIXELS USB 2.0 BLACK WEBCAM'. Entity 2: 'LOGITECH C270 HD 720P'.,Yes,24557096#80963811_left_original_right_augmented
Do the two product descriptions refer to the same real-world product? Entity 1: 'APC Smart-UPS RT 192V RM Battery Pack'. Entity 2: 'RAM-B-408-75-1-UN7U RAM Mounts X-Grip® Phone Mount with RAM® Torque™ Medium Rail Base'.,No,2965203#11763693_original
Do the two product descriptions refer to the same real-world product? Entity 1: 'BenQ SW2700PT 27in QHD Professional AdobeRGB Monitor'. Entity 2: 'B'.,Yes,62842391#32701286_left_original_right_augmented
Do the two product descriptions refer to the same real-world product? Entity 1: 'Crucial 8GB (1x8GB) DDR3 1600MHz SODIMM'. Entity 2: 'Crucial 8GB DDR3 1600MHz Notebook Ram'.,Yes,7021169#7717624_left_original_right_augmented
Do the two product descriptions refer to the same real-world product? Entity 1: 'Kingston Technology DataTraveler microDuo 3C 128GB USB flZsh Vrive USB Tyle - A / USB Type - C 3. 0 (3. 1 Gen 1) Silver'. Entity 2: 'Kingston DataTraveler microDuo 12 8GB USB 3. 0'.,Yes,46100236#21755591_both_augmented
Do the two product descriptions refer to the same real-world product? Entity 1: 'DVR Hikvision TurboHD 4 canale DS-7204HQHI-K1'. Entity 2: 'DS-7204HQHI-K1 Turbo HD DVR'.,Yes,10999896#69996428_original
"Do the two product descriptions refer to the same real-world product? Entity 1: 'RAM Double U-Bolt Base with D Size 2.25\"" Ball for Rails from 0.75\"" to 1.25\"" in Diameter - RAM-D-235U'. Entity 2: 'FUJIFILM Aspherical Super EBC XF 80mm f/2.8 R LM OIS WR Macro Lens'.",No,75462645#21075521_original
Do the two product descriptions refer to the same real-world product? Entity 1: 'Shimano Shimano Cs-R9100 Cassette 11-25 Dura-Ace 11-Speed'. Entity 2: 'APC Smart-UPS RT 192V RM Battery Pack'.,No,31276154#2965203_original
Do the two product descriptions refer to the same real-world product? Entity 1: 'Western Digital WD10JFCX RED 1000 GB SATA3 1TB'. Entity 2: 'Audio Technica ATH-PRO7X DJ headphones'.,No,47814705#31247528_original
Do the two product descriptions refer to the same real-world product? Entity 1: 'Cooler Master Hyper H411R CPU Cooler White LED'. Entity 2: 'C'.,Yes,66652299#90916504_left_original_right_augmented
Do the two product descriptions refer to the same real-world product? Entity 1: 'Ubiquiti UniFi Mesh AP OUT AC1750 5 PACK'. Entity 2: 'Router wifi archer c60 ac1350 dual'.,No,45001854#33671496_original
"Do the two product descriptions refer to the same real-world product? Entity 1: 'Jabra Biz 2400 II Mono 3-1 NC IP 2486-820-209'. Entity 2: 'Jabra Biz 2400 II Mono 3-1, NC, 82 mic, QD'.",No,8343900#96888760_original
Do the two product descriptions refer to the same real-world product? Entity 1: 'XPG SX8200 Pro M.2 256 GB PCI Express 3.0 3D TLC NVMe'. Entity 2: 'EPSON Ink bar WF-8xxx Series Ink Cartridge XL Yellow - 4000str. (39 ml)'.,No,1237125#47388064_original
Do the two product descriptions refer to the same real-world product? Entity 1: 'Gigabyte GeForce RTX 2060 SUPER 8GB Aorus'. Entity 2: 'Gigabyte AORUS GeForce RTX™ 2080 Ti XTREME 11G'.,No,8882504#44884689_original
"Do the two product descriptions refer to the same real-world product? Entity 1: 'SanDisk SSD PLUS 120GB Solid State Drive -SDSSDA-120G-G27'. Entity 2: 'SanDisk PLUS SSD Hard Drive 2.5´´ internal, 480 GB, SATA, Black'.",No,8174351#62318417_original
Do the two product descriptions refer to the same real-world product? Entity 1: 'AMD Ryz en 5 1500X Wraith Spire Cooler'. Entity 2: 'YD150XBBAEBOX AMD Ryzen 5 1500X Quad Core 3. 50GHz 16MB L3 Cache Socket AM4 Processor. New Eetail Factory SDaled With Full Manufacturer Warrant7.'.,Yes,20737266#64351459_both_augmented
Do the two product descriptions refer to the same real-world product? Entity 1: 'Hydro Flask 32oz Wide Mouth Flex Cap Hibiscus'. Entity 2: 'HYDRO FLASK HYDRO FLASK 32OZ WIDE MOUTH BOTTLE-BLACK'.,No,35809370#12190772_original
Do the two product descriptions refer to the same real-world product? Entity 1: 'Daniel Wellington Classic Black Cornwall'. Entity 2: 'Daniel Wellington DW00100150 Classic Cornwall Rose 36mm Black'.,Yes,24561369#32867763_original
"Do the two product descriptions refer to the same real-world product? Entity 1: 'Seagate IronWolf 6TB NAS Internal Hard Drive (3.5"")'. Entity 2: 'Crucial MX500 2TB 3D NAND SATA 2.5 Inch Internal SSD'.",No,12761549#52356483_original
"Do the two product descriptions refer to the same real-world product? Entity 1: 'RAM 3.3\"" DIA. SUCT CUP W 1\"" BALL'. Entity 2: 'RAM Mount 3. 5 \ "" Twist Lock Suction Cup BSse with 1 \ "" Bal?'.",Yes,74021002#4287952_left_original_right_augmented
"Do the two product descriptions refer to the same real-world product? Entity 1: 'SRAM Sram Level Ultimate, Level TLM Disc Brake Pads'. Entity 2: 'SRAM Disc Brake Pad Organic Hrd'.",Yes,96279287#82531103_original
Do the two product descriptions refer to the same real-world product? Entity 1: 'Swiss Military Hanowa06-4226.30.003.03 Immersion Uhr'. Entity 2: '64GB SanDisk Extreme micro SD XC Memory Card V-Class 30 U3 4K Video A1 100MB/s'.,No,6800809#26502310_original
"Do the two product descriptions refer to the same real-world product? Entity 1: 'RAM Mount Double Socket Clamp Arm - SHORT - for 1.5\"" C Size Balls'. Entity 2: '® \ "" Double Ball Arm for 1. 5 \ "" Ball'.",Yes,77338417#61794834_left_original_right_augmented
Do the two product descriptions refer to the same real-world product? Entity 1: 'Logitech H570e Monaural USB Headset'. Entity 2: 'LOGITECH UC Corded Stereo USB Headset H570e (Leatherette Pad) - Business EMEA'.,Yes,12615558#78504449_original
Do the two product descriptions refer to the same real-world product? Entity 1: 'Tag Heuer Carrera Quartz Chronograph Stainless Steel Watch CBK2112.BA0715'. Entity 2: 'TAG Heuer Ca rrera Automatic Blue D ial Men ' s CBK2112. BA0715'.,Yes,12991173#11406200_left_original_right_augmented
Do the two product descriptions refer to the same real-world product? Entity 1: 'Omega Seamaster Planet Ocean Automatic Chronograph Stainless Steel Watch 232.30.46.51.01.002'. Entity 2: 'Ernie Ball Hybrid Slinky 9-46'.,No,45633828#57255527_original
Do the two product descriptions refer to the same real-world product? Entity 1: 'SSD Plus 120GB 240GB 530MB / s 480GB 1TB 535MB / sSolid State Drive (120GB )'. Entity 2: 'SanDisk SSD PLUS 120GB Solid State Drive -SDSSDA-120G-G27'.,Yes,60638240#8174351_left_augmented_right_original
Do the two product descriptions refer to the same real-world product? Entity 1: 'SANDISK EXTREME PRO SDXC 256GB V30 UHS-I U3 - SDSDXXY-256G-GN4IN'. Entity 2: 'SANDISK EXTREME PRO SDXC 256GB 170MB/S C10 U3'.,Yes,20900807#92318972_original
"Do the two product descriptions refer to the same real-world product? Entity 1: 'Corsair ML120 Pro LED, Red, 120mm Premium Magnetic Levitation Fan'. Entity 2: 'Corsair ML120 Pro LED 120mm Premium Mag-Lev Fan Red'.",Yes,11409646#8298432_original
"Do the two product descriptions refer to the same real-world product? Entity 1: 'Apple AirPods Pro, Kopfhrer - _'. Entity 2: 'Apple AirPods Pro Bluetooth Earbuds w/ Wireless Charging Case, White (MWP22AM/A)'.",Yes,48169914#88924072_left_augmented_right_original
Do the two product descriptions refer to the same real-world product? Entity 1: 'Canon Multipack PGI-72multi1 (6403B007)'. Entity 2: 'Audemars Piguet-Audemars Piguet Royal Oak Offshore Chronograph 42mm Mens Watch-26470OR.OO.A125CR.01'.,No,10737119#30454889_original
"Do the two product descriptions refer to the same real-world product? Entity 1: 'DVR HDTVI 32 canale Turbo HD Full HD Hikvision DS-7332HQHI-K4 HD-TVI / AHD / CVI + 8 canale IP de pana la 6MP, 4xSATA'. Entity 2: 'Hikvision 32 Turbo HD/CVI / AHD / CVBS Ref: DS-7332HQHI-K4'.",Yes,90795718#71442235_original
"Do the two product descriptions refer to the same real-world product? Entity 1: 'Maxxis High Roller II 650b 27.5\"" Dual Compound EXO Folding Tubeless Ready Mountain Bike Tyre'. Entity 2: 'BenQ SW271 Pro 27in IPS LCD Monitor 4K UHD'.",No,70403624#64016107_original
"Do the two product descriptions refer to the same real-world product? Entity 1: 'Samsung 970 EVO MZ-V7E1T0BW - Solid state drive - krypterat - 1 TB - inbyggd - M.2 2280 - PCI Express 3.0 x4 (NVMe) - 256 bitars AES - TCG Opal Encryption 2.0'. Entity 2: 'SAMSUNG 970 EVO PLUS M.2 2280 500GB PCIe Gen 3.0 x4, NVMe 1.3 V-NAND 3-bit MLC Internal Solid State Drive (SSD) MZ-V7S500B/AM'.",No,37439609#3223487_original
Do the two product descriptions refer to the same real-world product? Entity 1: 'KINGSTON ValueRAM RAM Module - 4 GB (1 x 4 GB) - DDR4 SDRAM'. Entity 2: 'Kingston ValueRAM 4GB No Heatsink (1 x 4GB) DDR4 2400MHz SODIMM System Memory'.,Yes,85033463#7488025_original
"Do the two product descriptions refer to the same real-world product? Entity 1: 'Hard disk server HP Hot-Plug SC Enterprise SAS 6G 900GB 10000 RPM 2.5""'. Entity 2: '652589-B21 HP G8 G9 900-GB 6G 10K 2.5 SAS SC'.",Yes,50007186#33972604_original
"Do the two product descriptions refer to the same real-world product? Entity 1: 'Ram Mount 2\"" Double Socket Arm for 1\"" Balls'. Entity 2: 'DS-1273ZJ-140 Outdoor Indoor Wall Mount Bracket for Hikvision Dome Camera'.",No,93836358#33622216_original
Do the two product descriptions refer to the same real-world product? Entity 1: 'Fujifilm XF 56mm f/1.2 R'. Entity 2: 'SEIKO Prospex Automatic Men's 45mm Diver Watch - SPB103J1 – Green Dial'.,No,81954319#59141538_original
"Do the two product descriptions refer to the same real-world product? Entity 1: 'M'. Entity 2: 'High II Roller Bike Tire: 29 x 2. 50 \ "", Folding, , 120tpi 3C MaxxTerra, Double Down, Tubeless Ready Wide, Trail'.",Yes,20847407#56064924_both_augmented
Do the two product descriptions refer to the same real-world product? Entity 1: 'APC - Replacement battery cartri dge 140'. Entity 2: 'APC RBC140 Replacement Cartridge Battery'.,Yes,8994298#54536046_both_augmented
Do the two product descriptions refer to the same real-world product? Entity 1: 'JABRA EVOLVE UC Stereo'. Entity 2: 'Jabra EVOLVE 20 Wired Stereo Headset - Over-the-head - Supra-aural'.,Yes,63984980#31177984_left_augmented_right_original
"Do the two product descriptions refer to the same real-world product? Entity 1: 'Nikon AF-S NIKKOR FX 50mm F1.8G Lens'. Entity 2: 'Sandisk Ixpand 64GB USB3.0 Flash Drive for Iphone, Ipad'.",No,32885383#38693547_original
Do the two product descriptions refer to the same real-world product? Entity 1: 'Gigabyte GTX 1650 SUPER OC 4G'. Entity 2: 'Gigabyte GeForce 1650 Super OC'.,Yes,23757092#60571140_left_original_right_augmented
"Do the two product descriptions refer to the same real-world product? Entity 1: 'RAM 3.3\"" DIA. SUCT CUP W 1\"" BALL'. Entity 2: 'RAM 2.75\"" Diameter Suction Cup Base with 1\"" Ball'.",No,74021002#2701835_original
Do the two product descriptions refer to the same real-world product? Entity 1: 'Pokémon TCG Sword & Shield Darkness Ablaze'. Entity 2: 'Fujifilm XF 56mm f/1.2 R'.,No,38823136#81954319_original
"Do the two product descriptions refer to the same real-world product? Entity 1: 'Epson Cartouche d'encre C13T865140 (T8651)'. Entity 2: 'Epson Fox Multipack \""Renard\"" (T1285) - Encre DURABrite Ultra N, C, M, J'.",No,94512766#18309559_original
"Do the two product descriptions refer to the same real-world product? Entity 1: 'Ram Mount Motorcycle Fork Stem Mount with 1 Ball'. Entity 2: 'RAM Motorcycle Fork Stem Base 1 \ "" (RAM - B - 342U )'.",Yes,3957020#20152457_left_original_right_augmented
"Do the two product descriptions refer to the same real-world product? Entity 1: 'RAM® Composite Double Socket Arm'. Entity 2: 'RAM Mounts short arm for 1\"" ball'.",Yes,18456007#94106554_original
Do the two product descriptions refer to the same real-world product? Entity 1: 'Atomos ATOM-CAB010 Full To Full Hdmi Coiled Cable'. Entity 2: 'Ubiquiti IR LED Range Extender'.,No,81962548#12164188_original
Do the two product descriptions refer to the same real-world product? Entity 1: 'Canon PFI 107C Ink Cartridge Cyan'. Entity 2: '0884B001 | Canon PFI-101 | Original Canon Ink Cartridge - Cyan'.,No,66680332#45313699_original
"Do the two product descriptions refer to the same real-world product? Entity 1: 'Corsair Carbide SPEC-OMEGA RGB Black ATX Cube Case, Tempered Glass Window, No PSU, 2x USB 3.0, HD Audio, 2x HD120 RGB Fan / Lighting Node PRO pre-installed'. Entity 2: 'Corsair Carbide 175R RGB Black Mid Tower ATX Case, Tempered Glass Side Window, No PSU, 2x USB 3.0, HD Audio, 1x 120mm Fan included'.",No,97168711#41485546_original
"Do the two product descriptions refer to the same real-world product? Entity 1: 'MikroTikCloud Core Router 1036-12G-4S with Tilera Tile-Gx36 CPU (36-cores, 1.2Ghz per core), 16GB RAM, 4xSFP cage, 12xGbit LAN, RouterOS L6, 1U rackmount case, PSU, LCD panel'. Entity 2: 'BROTHER HL-L6200DW WIRELESSMONO LASER PRINTER WITH2-Sided PRINTING(46 PPM, 520 Sheets Paper...'.",No,6256141#62578226_original
"Do the two product descriptions refer to the same real-world product? Entity 1: 'Canon PFI-101C Ink, 130 ml - Cyan'. Entity 2: 'Ceas Garmin Garmin fenix5S Plus Silver, Black Band'.",No,7158327#65028129_original
Do the two product descriptions refer to the same real-world product? Entity 1: '002 ' s Regular - Refill - Grid Notebook'. Entity 2: 'Traveler's Company 002. GRID REFILL MIDORI TRAVELER'S NOTEBOOK'.,Yes,21924094#29929454_left_augmented_right_original
Do the two product descriptions refer to the same real-world product? Entity 1: 'APC - Replacement battery cartridge 140'. Entity 2: 'Corsair 110R Tempered Glass Mid-Tower ATX Case'.,No,8994298#58755004_original
Do the two product descriptions refer to the same real-world product? Entity 1: 'Czapka New Era 39THIRTY New York Yankees - 10298279'. Entity 2: 'Gorra New Era Clean Trucker 2 NY Yankees Cap'.,No,81603750#64692163_original
Do the two product descriptions refer to the same real-world product? Entity 1: 'Samyang 24mm f1.4 ED AS IF UMC Lens - Nikon Fit'. Entity 2: 'Epson Cartouche d'encre C13T865140 (T8651)'.,No,87410064#94512766_original
"Do the two product descriptions refer to the same real-world product? Entity 1: 'Jabra BIZ 2400 II Duo - Mic. 82 NC, Wideband'. Entity 2: 'BIZ 2400 II Duo Flex'.",Yes,7383990#78989521_left_original_right_augmented
"Do the two product descriptions refer to the same real-world product? Entity 1: 'MikroTikCloud Core Router 1036-12G-4S with Tilera Tile-Gx36 CPU (36-cores, 1.2Ghz per core), 16GB RAM, 4xSFP cage, 12xGbit LAN, RouterOS L6, 1U rackmount case, PSU, LCD panel'. Entity 2: 'RAP-B-224-1U RAM Mounts 3.3\"" Diameter Suction Cup Base with 1\"" Composite Ball'.",No,6256141#81948691_original
Do the two product descriptions refer to the same real-world product? Entity 1: 'Crucial MX500 500GB M 2. 2880 SATA 6Gb / s SSD'. Entity 2: 'Crucial MX500 M. 2 2q80 500GB Internal SSD 560MB / s CT500Md500SSD$ | PCByte'.,Yes,1741624#18862066_both_augmented
Do the two product descriptions refer to the same real-world product? Entity 1: 'Daniel Wellington Classic Sheffield Men 40mm Quartz Watch 0206DW'. Entity 2: 'SRAM XG-1090 PowerDome-X 10sp Cassette'.,No,62422382#6403220_original
Do the two product descriptions refer to the same real-world product? Entity 1: 'Daniel Wellington Mens Classic Sheffield 40mm Rose Gold Black DW00100007'. Entity 2: 'Seiko Presage Watch Zen Gardens Mens'.,No,41987114#67462269_original
Do the two product descriptions refer to the same real-world product? Entity 1: 'Corsair 8GB (1x8GB) 3000MHz CL16 Vengeance LPX Black'. Entity 2: 'Corsair Vengeance LPX CMK8GX4M1A2666C16 8GB (1x8GB) 2666Mhz DDR4'.,No,47751906#50944416_original
Do the two product descriptions refer to the same real-world product? Entity 1: '50mm sigma. F1 4 DG HSM Canon [ART ]'. Entity 2: '0'.,Yes,28656579#3889666_both_augmented
Do the two product descriptions refer to the same real-world product? Entity 1: 'Gigabyte AMD Radeon RX 5500 XT OC 8GB GDDR6 RDNA PCIe 4.0 Graphics Card'. Entity 2: 'Daniel Wellington Classic Black Cornwall'.,No,88855243#24561369_original
"Do the two product descriptions refer to the same real-world product? Entity 1: 'Crucial 2TB MX500 2.5"" 7mm SATA 6Gb/s SSD'. Entity 2: 'Seagate 2TB FireCuda 3.5"" SATA 6Gb/s SSHD'.",No,91126559#90183159_original
Do the two product descriptions refer to the same real-world product? Entity 1: 'G'. Entity 2: 'Gigabyte Radeon RX 5500 XT OC 4GB GDDR6'.,Yes,60397145#6721540_left_augmented_right_original
Do the two product descriptions refer to the same real-world product? Entity 1: 'C'. Entity 2: 'Kingston SDCS Canvas Select Class10 microSD Memory Card - 64GB With Adapter'.,Yes,50903406#13253151_left_augmented_right_original
"Do the two product descriptions refer to the same real-world product? Entity 1: 'RAM Mounts short arm for 1\"" ball'. Entity 2: 'CORSAIR CRYSTAL 570X RGB Mid-Tower Case, 3 RGB Fans, Tempered Glass - White| CC-9011110-WW'.",No,94106554#93978472_original
Do the two product descriptions refer to the same real-world product? Entity 1: 'Shimano Shimano Cs-R8000 Cassette 11-28t Ultegra 11-Speed'. Entity 2: 'Shimano Shimano Cs-R9100 Cassette 11-25 Dura-Ace 11-Speed'.,No,51733905#31276154_original
"Do the two product descriptions refer to the same real-world product? Entity 1: 'ASUS GeForce RTX 2080 SUPER 8GB DUAL OC EVO'. Entity 2: 'GeForce RTX 2080 SUPER ™ Dual Evo OC 8GB (90YV0DJ0 - M0NM00) (NVIDIA, Grafikkarte )'.",Yes,29339493#50769372_left_original_right_augmented
Do the two product descriptions refer to the same real-world product? Entity 1: 'Razer DeathAdder V2 mouse USB Type-A Right-hand'. Entity 2: 'Razer Viper Ultimate & Mouse Dock'.,No,94739264#51033513_original
Do the two product descriptions refer to the same real-world product? Entity 1: 'Tag Heuer Carre5a Quarta Chronograph Stainless Steel Watch CBG2A1Z. BA0658'. Entity 2: '_ Heuer Automatic Chronograph Watch CBG2A1Z. BA0658'.,Yes,42181153#18137846_both_augmented
Do the two product descriptions refer to the same real-world product? Entity 1: 'Asus PRIME B450-PLUS AM4 DDR4 ATX Motherboard'. Entity 2: 'Apple AirPods with Charging Case (Latest Model) from Apple Computer'.,No,34168295#87281733_original
Do the two product descriptions refer to the same real-world product? Entity 1: '_ REFILL KRAFT PAPER NOTEBOOK 14365006 - 014'. Entity 2: '014 Traveler ' s Noteblok Regular - Refill - Kraft Papsr Notebook'.,Yes,56619455#61787029_both_augmented
Do the two product descriptions refer to the same real-world product? Entity 1: 'EF canon - M 18 - 150mm f / 3. 5 - 6 3. IS STM () Black'. Entity 2: 'Canon EF - M 18 150mm - f / 3. 5 6 -. 3 IS STM Schwarz EU10'.,Yes,40876435#89258775_both_augmented
Do the two product descriptions refer to the same real-world product? Entity 1: 'Kingston ValueRAM 4GB No Heatsink (1 x 4GB) DDR4 2400MHz SODIMM System Memory'. Entity 2: 'Kingston DataTraveler G4 - USB flash drive - 16 GB - USB 3.0 - blue'.,No,7488025#11620368_original
Do the two product descriptions refer to the same real-world product? Entity 1: 'DJI Mavic 2 Car Charger'. Entity 2: 'DJI Mavic Air Car Charger'.,No,24574240#62242636_original
Do the two product descriptions refer to the same real-world product? Entity 1: 'G.Skill Trident Z Neo DDR4 3600MHz 16GB (2X8) Desktop Memory for AMD X570 F4-3600C16D-16GTZNC | PCByte'. Entity 2: 'Memoire DDR4 G.Skill Trident Z F4-3600C16D-16GTZNC'.,Yes,66692743#96889697_original
"Do the two product descriptions refer to the same real-world product? Entity 1: 'WD Blue 2 1TB. "" 5 SATA Internal Solid State Drive SSD 550MB / s HDD | Discount Needs Computer'. Entity 2: 'WD Wds100t2b0a 1tb Blue 3d N and SSD'.",Yes,27843837#86775292_both_augmented
Do the two product descriptions refer to the same real-world product? Entity 1: 'ASUS Dual GeForce RTX 2060 6G OC EVO Edition 192Bit GDDR6'. Entity 2: 'A'.,Yes,7020103#28224541_left_original_right_augmented
Do the two product descriptions refer to the same real-world product? Entity 1: 'Ubiquiti UniFi AP AC Mesh PRO 802.11ac Dual Radio Indoor/Outdoor access point - 1750Mbps 5 pack no PoE'. Entity 2: 'Ubiquiti UniFi Mesh AP OUT AC1750 5 PACK'.,Yes,86924416#45001854_original
Do the two product descriptions refer to the same real-world product? Entity 1: 'Swiss Military Hanowa Flagship 06-5161.2.04.007'. Entity 2: 'Swiss Military Hanowa FLAGSHIP 06-5161.2.04.003 Herrenuhr'.,No,10214898#64511013_original
Do the two product descriptions refer to the same real-world product? Entity 1: 'Corsair 110R Tempered Glass Mid-Tower ATX Case'. Entity 2: 'Ubiquiti UniFi Dual-Band WiFi PoE Access Point UAP-AC-HD - 5 Pack'.,No,58755004#18960736_original
Do the two product descriptions refer to the same real-world product? Entity 1: 'SanDisk Extreme PRO SD UHS-II Card Reader/Writer'. Entity 2: 'SanDisk Extreme PRO SD UHS-II USB 3.0'.,Yes,26237955#27700752_original
"Do the two product descriptions refer to the same real-world product? Entity 1: 'USB STICK SANDISK CRUZER GLIDE 32GB'. Entity 2: 'LaCie Rugged USB 3.1C 4 TB 2,5'' STFS4000800'.",No,79625472#149175_original
Do the two product descriptions refer to the same real-world product? Entity 1: 'Razer DeathAdder Ergonomic V2 Wired Gaming Mouse (RZ01 - 03210100 -) R3M1 (Warranty with 2years Ban Leong )'. Entity 2: 'Razer DeathAdder V2 mouse USB Type-A Right-hand'.,Yes,5964390#94739264_left_augmented_right_original
Do the two product descriptions refer to the same real-world product? Entity 1: 'HYDRO FLASK HYDRO FLASK 21OZ STANDARD MOUTH BOTTLE-OLIVE'. Entity 2: '21 oz Standard Mouth With Standard S21SX306'.,Yes,9951028#9069903_original
"Do the two product descriptions refer to the same real-world product? Entity 1: '- DESKTOP LCD LW FRAMED FILTER'. Entity 2: '3M - Lightweight 300 Privacy innsyn, m / ramme 20 \ "" - 23 \ "" W (30, 7 x 48, 5 )'.",Yes,1286250#562267_both_augmented
Do the two product descriptions refer to the same real-world product? Entity 1: 'Fujifilm Instax Square Film Twin Pack 20 Shots'. Entity 2: 'Fujifilm Instax dquare Film 20 Pack'.,Yes,59324937#34388814_left_original_right_augmented
"Do the two product descriptions refer to the same real-world product? Entity 1: 'Crucial BX500 2.5\"" 480 GB Serial ATA III'. Entity 2: 'Kingston Technology A400 2.5 \""240 GB Serial ATA III TLC'.",No,23491163#55136447_original
Do the two product descriptions refer to the same real-world product? Entity 1: 'Jabra BIZ2300 2399-823-109 DUO USB Headset MS'. Entity 2: 'J'.,Yes,5717009#13502365_left_original_right_augmented
Do the two product descriptions refer to the same real-world product? Entity 1: 'Logitech G G402 Hyperion Fury Oyuncu Mouse 910-004068'. Entity 2: 'LOGITECH | G402 Hyperion Fury FPS Gaming Mouse | 910-004068'.,Yes,50160182#23828624_original
Do the two product descriptions refer to the same real-world product? Entity 1: 'Crucial 1x 8GB DDR3L 1600MHz ECC Unbuffered UDIMM RAM | Discount Computer Needs'. Entity 2: 'LOGITECH UC Corded Stereo USB Headset H570e (Leatherette Pad) - Business EMEA'.,No,83592973#78504449_original
Do the two product descriptions refer to the same real-world product? Entity 1: 'Shimano M05 Disc Brake Pads (Deore) (Resin)'. Entity 2: 'Ubiquiti UVC-G3-BULLET (Formerly UVC-G3-AF) UniFi Video Camera G3 1080p PoE IP Camera'.,No,4484537#16871572_original
"Do the two product descriptions refer to the same real-world product? Entity 1: 'Intel Core i3 - 7!00 Duao - Core 3. 9GHz LGA1151 (BX80677I37100 )'. Entity 2: 'Processore Cpu INTEL Core i3-7100 1151 3,9GHz 3MB Cache Kaby Lake'.",Yes,56383083#54798530_left_augmented_right_original
Do the two product descriptions refer to the same real-world product? Entity 1: 'GIGABYTE Radeon RX 5500 XT OC - 4GB GDDR6 RAM - Grafikkort'. Entity 2: 'Ubiquiti UniFi AP AC Mesh PRO 802.11ac Dual Radio Indoor/Outdoor access point - 1750Mbps 5 pack no PoE'.,No,60397145#86924416_original
Do the two product descriptions refer to the same real-world product? Entity 1: 'Toner Original Oki (44844507 )'. Entity 2: 'OKI C831 / 841 Cyan 10K'.,Yes,57812056#84745207_both_augmented
Do the two product descriptions refer to the same real-world product? Entity 1: 'Xerox Toner 106R01634 black Phaser 6000 2000str.'. Entity 2: 'Kingston HyperX Predator 32 GB - PC4-24000 - DIMM'.,No,56884127#66129710_original
Do the two product descriptions refer to the same real-world product? Entity 1: 'OKI 44992402 Style Black Compatible Toner'. Entity 2: 'Jabra Evolve 80 UC stereo SKype for Business'.,No,53081061#95282914_original
"Do the two product descriptions refer to the same real-world product? Entity 1: 'CLARKS Sram, PG-730, 7sp cassette, 12-32T'. Entity 2: 'Crucial MX500 M.2 2280 500GB Internal SSD 560MB/s CT500MX500SSD4 | PCByte'.",No,55037683#18862066_original
Do the two product descriptions refer to the same real-world product? Entity 1: 'MANFROTTO trpied alu Befree Advanced 2.0 MKBFRLA4BK-BH'. Entity 2: 'Manfrotto Befree Advanced Twist Tripod'.,Yes,41867761#16470846_original
Do the two product descriptions refer to the same real-world product? Entity 1: 'HyperX 16GB (1x16GB) 3200MHz CL16 Fury'. Entity 2: 'Kingston HyperX Fury DDR4 3200MHz CL16 Ram'.,Yes,52993309#46987758_left_original_right_augmented
Do the two product descriptions refer to the same real-world product? Entity 1: 'DJI Mavic 2 Pro Drone Quadcopter with Hasselblad Camera HDR Video UAV Adjustable Aperture 20MP 1'. Entity 2: 'Traveler's Notebook Refill - Sketch Paper'.,No,30012034#10557104_original
Do the two product descriptions refer to the same real-world product? Entity 1: 'Epson Cartuccia 79xl Magenta Originale per WF-5620 WF-5690 WF-4630 C13T79034010'. Entity 2: 'Epson WF4630/5110/5690 Magenta INK 17ML EP53600'.,Yes,2314380#10385523_original
"Do the two product descriptions refer to the same real-world product? Entity 1: 'Brother HL-L6200DW Business Laser Printer'. Entity 2: 'UCK-G2-PlusUbiquiti Unifi Cloud Key, G2, with HDD'.",No,90603941#15168588_original
Do the two product descriptions refer to the same real-world product? Entity 1: 'Fujifilm Instax mini Rainbow film 10 pack'. Entity 2: 'Canon PFI 107C Ink Cartridge Cyan'.,No,46246978#66680332_original
Do the two product descriptions refer to the same real-world product? Entity 1: 'Kingston StorageDataTraveler SEG G2 64GB USB 3.0 Metal'. Entity 2: 'KINGSTON 64GB USB 3.0 DataTraveler SE9 G2 (Kovový) DTSE9G2/64GB'.,Yes,69167600#3024917_original
Do the two product descriptions refer to the same real-world product? Entity 1: 'DS - 72 16HQHI - K1 Hikv ision 16 cs. TurboHD DVR'. Entity 2: 'TURBO HD DV RDS - 7216HQHI - K1 1080P'.,Yes,3762458#79475473_both_augmented
Do the two product descriptions refer to the same real-world product? Entity 1: 'Tissot T-Sport Seastar 1000 Powermatic 80 Watch T1204071704100'. Entity 2: '0000006490| Canon EF-S 18-135mm f3.5-5.6 IS NANO USM Lens'.,No,70880620#49678723_original
Do the two product descriptions refer to the same real-world product? Entity 1: 'Asus ROG STRIX Z390-I Gaming (ROG STRIX Z390-I GAMING)'. Entity 2: 'ASUS Scheda Madre ROG STRIX B550-F GAMING'.,No,34689442#2208630_original
"Do the two product descriptions refer to the same real-world product? Entity 1: 'TRAVELERS REFILL KRAFT PAPER NOTEBOOK 14365006-014'. Entity 2: '43\"" 2020 Q60T 4K Smart QLED TV'.",No,56619455#29825517_original
Do the two product descriptions refer to the same real-world product? Entity 1: 'Kingston 4GB DDR3 1600MHz HyperX Fury Black Series'. Entity 2: 'MEMORIA DDR3 KINGSTON HYPERX FURY BLUE 4GB 1600MHZ'.,No,8315719#45145764_original
Do the two product descriptions refer to the same real-world product? Entity 1: 'Traveler's Notebook Refill - Sketch Paper'. Entity 2: 'TRAVELER'S Notebook Blue // Passport'.,No,10557104#43453350_original
"Do the two product descriptions refer to the same real-world product? Entity 1: 'Cooler Master MasterCase H500 IRON GREY ATX Mid-Tower, Tempered Glass Panel, two 200mm RGB fans with Controller and Case Handle for Transport'. Entity 2: 'Maintenance Unit Epson T6190 35000Pgs (C13T619000)'.",No,14224876#33609155_original
"Do the two product descriptions refer to the same real-world product? Entity 1: 'Asus PRIME B450-PLUS AM4 DDR4 ATX Motherboard'. Entity 2: 'Motherboard Asus TUF B450M-PLUS GAMING, AM4, USB 3.1, SATA 6GB/S'.",No,34168295#73180792_original
Do the two product descriptions refer to the same real-world product? Entity 1: 'Ubiquiti UniFi AP AC / Outdoor Access Point 5 Pack'. Entity 2: 'Ubiquiti UniFi AC Pro 5-pack UAP-AC-PRO-5 Ubiquiti'.,Yes,38546562#91980346_left_augmented_right_original
Do the two product descriptions refer to the same real-world product? Entity 1: 'Pokémon TCG Sword & Shield Darkness Ablaze'. Entity 2: 'Pokemon Pokemon: Darkness Ablaze Bstr'.,Yes,38823136#57791020_original
Do the two product descriptions refer to the same real-world product? Entity 1: 'ASUS Radeon RX 5500 XT ROG Strix OC 8GB -Demo'. Entity 2: 'Asus Radeon ROG Strix RX5500 XT 8gb Gddr6 Version OC'.,Yes,20145574#22211135_original
Do the two product descriptions refer to the same real-world product? Entity 1: 'Swiss Military Hanowa Swiss Military Hanowa Undercover Multifunction 06-4307.30.007'. Entity 2: 'Relógio Swiss Military Hanowa06-4307.30.007 Undercover Multifunction'.,Yes,96142257#31373426_original
Do the two product descriptions refer to the same real-world product? Entity 1: 'MultiPlus Inverter/Charger C 12/2000/80-30'. Entity 2: 'Victron MultiPlus Compact 12/2000/80-30 230V VE.Bus'.,Yes,48734603#6795966_original
"Do the two product descriptions refer to the same real-world product? Entity 1: 'BenQ GW2480 23.8"" Full HD IPS Monitor'. Entity 2: 'Samsung C27F390FHU - Full HD Curved Monitor'.",No,83555610#69366044_original
"Do the two product descriptions refer to the same real-world product? Entity 1: 'Seagate IronWolf 6TB 3,5'' 256MB ST6000VN0033'. Entity 2: '16TB IronWolf Pro ST16000NE000, 7200 RPM, SATA 6Gb/s, 256MB cache, 3.5-Inch HDD'.",No,59536106#26425849_original
"Do the two product descriptions refer to the same real-world product? Entity 1: 'RAM - B - 408 - 75 - 1 - UN7U RAM Mounts X - Grip Phone ® Mount with RAM ® Torque ™ Medium Rail Base'. Entity 2: 'RAM Mount Torque ™ 3 / 1 "" Diameter Handlebar / Rail Base with 1 "" Ball and X - Grip ®'.",Yes,11763693#12109505_both_augmented
"Do the two product descriptions refer to the same real-world product? Entity 1: 'V2 basilisk Ergonomic Gaming Mouse'. Entity 2: 'Razer Basilisk V2 Wired Ergonomic Gaming Mouse, 11 Programmable Buttons | RZ01-03160100-R3M1'.",Yes,13024596#39130017_left_augmented_right_original
"Do the two product descriptions refer to the same real-world product? Entity 1: 'Hard disk server HP Hot - Plug SC Enterprise SAS 6G 900GB RPM. 5 ""'. Entity 2: '652589-B21 HP G8 G9 900-GB 6G 10K 2.5 SAS SC'.",Yes,50007186#33972604_left_augmented_right_original
"Do the two product descriptions refer to the same real-world product? Entity 1: 'TP-Link TL-SG1024DE 24-Port Gigabit Easy Smart Switch, 24 10/100/1000Mbps RJ45 ports,MTU/Port/Tag-based VLAN, QoS, IGMP Snooping'. Entity 2: 'SWITCH TP-LINK 24 PORT GIGA'.",Yes,72125402#31510768_original
Do the two product descriptions refer to the same real-world product? Entity 1: 'Shimano PD-R550 SPD-SL Resin Pedal'. Entity 2: 'Asus Radeon Dual Evo RX5500 XT 8gb Gddr6 Version OC'.,No,79232921#51683015_original
Do the two product descriptions refer to the same real-world product? Entity 1: '4GB DDD3 - 1866MHz Kingston HyperX Fury Black'. Entity 2: 'H'.,Yes,66437726#36986473_both_augmented
Do the two product descriptions refer to the same real-world product? Entity 1: 'Park Tool PH - 1. 2 P - Handle with Holder'. Entity 2: 'Park Tool PH-1.2 P-Handle Hex Wrench Set - Tool Set'.,Yes,22422851#12750791_left_augmented_right_original
"Do the two product descriptions refer to the same real-world product? Entity 1: 'ShimanoSm-Sh10 Spd-Sl Cleats, Fixed'. Entity 2: 'SPD-SL-CLEAT-SET-SM-SH11-(YELLOW)-[6DEGREE]'.",No,70495926#75596485_original
Do the two product descriptions refer to the same real-world product? Entity 1: 'UniFi AP Mesh PRO 802. 11ac Dual Radio Indoor / Outdoor access point - 1750Mbps pack no PoE'. Entity 2: 'Ubiquiti UniFi Mesh AP OUT AC1750 5 PACK'.,Yes,86924416#45001854_left_augmented_right_original
"Do the two product descriptions refer to the same real-world product? Entity 1: 'Corsair ML140 PRO LED Rød, 140mm V ifte'. Entity 2: 'Corsair ML140 Pro LED, Red, 140mm Premium Magnetic Levitation Fan'.",Yes,74659398#29553137_left_augmented_right_original
"Do the two product descriptions refer to the same real-world product? Entity 1: 'CORSAIR 275R (ATX) MID TOWER CABINET - WITH TEMPERED GLASS SIDE PANEL (WHITE) CC-9011133-WW'. Entity 2: 'Crucial 2TB MX500 2.5"" 7mm SATA 6Gb/s SSD'.",No,65655694#91126559_original
Do the two product descriptions refer to the same real-world product? Entity 1: 'Shimano Cassette 11s 11-46 CS-M8000'. Entity 2: 'Samsung MLT-D103L must toonerikassett'.,No,75132289#61868905_original
"Do the two product descriptions refer to the same real-world product? Entity 1: 'Cooler Master MasterCase H500 Mid Tower PC Case'. Entity 2: 'Cooler Master MasterCase H500 IRON GREY ATX Mid-Tower, Tempered Glass Panel, two 200mm RGB fans with Controller and Case Handle for Transport'.",No,76569969#14224876_original
Do the two product descriptions refer to the same real-world product? Entity 1: 'Hydro Flask 32 oz Wide Mouth Flex Cap Bottle in Sunflower'. Entity 2: 'Sunflower 32oz. Wide Mouth _ Bottle'.,Yes,11665937#46741147_left_original_right_augmented
Do the two product descriptions refer to the same real-world product? Entity 1: 'Sony - FE 50mm F1.8 Standard Lens (SEL50F18F)'. Entity 2: 'Sony Alpha SEL50F18F FE 50mm f/1.8'.,Yes,33206318#15880732_original
Do the two product descriptions refer to the same real-world product? Entity 1: '014 Traveler's Notebook Regular- Refill - Kraft Paper Notebook'. Entity 2: 'APC RBC140 Replacement Battery Cartridge'.,No,61787029#54536046_original
Do the two product descriptions refer to the same real-world product? Entity 1: 'Sony FE 70 - 200 mm f / 4 OSS Lens'. Entity 2: 'Sony SEL - 70 70200G FE - 200 mm F4 Lens'.,Yes,36499924#28284405_both_augmented
"Do the two product descriptions refer to the same real-world product? Entity 1: 'Logitech BRIO 4K Ultra HD webcamweb camera'. Entity 2: 'UCK-G2-PlusUbiquiti Unifi Cloud Key, G2, with HDD'.",No,81524454#15168588_original
Do the two product descriptions refer to the same real-world product? Entity 1: 'Traveler ' s Note book / Refill 001 / Lined Notebook'. Entity 2: 'Traveler's Company 001. LINED REFILL MIDORI TRAVELER'S NOTEBOOK'.,Yes,80500885#59585994_left_augmented_right_original
Do the two product descriptions refer to the same real-world product? Entity 1: 'AMD Ryzen 5 1500X Wraith Spire Cooler'. Entity 2: 'Gigabyte GeForce GTX 1650 Super OC'.,No,20737266#60571140_original
Do the two product descriptions refer to the same real-world product? Entity 1: 'Gorra New Era NY Yankees MLB 9Fifty Cap'. Entity 2: 'Epson Papir Photo Premium Glossy 13X18cm 30-ark 255G'.,No,84459988#88168633_original
"Do the two product descriptions refer to the same real-world product? Entity 1: 'Blaze 2 Burner Professional Built-In Propane Gas Outdoor Grill, BLZ-2PRO-LP'. Entity 2: 'Ubiquiti UVC-G3-FLEX-3 UniFi Protect G3 FLEX Camera 3-Pack'.",No,24360041#44557157_original
Do the two product descriptions refer to the same real-world product? Entity 1: 'Brother HL-L6300DW Business Laser Printer for Mid-Size Workgroups -HL-L6300DW'. Entity 2: 'Epson T6923 Ultrachrome XD rautt Ink 110ml'.,No,49605449#36985401_original
Do the two product descriptions refer to the same real-world product? Entity 1: 'GARMIN FENIX 5 GRAY BLACK 010-01688-00'. Entity 2: 'Garmin fenix 5s Sapphire Black'.,No,13174650#96636315_original
Do the two product descriptions refer to the same real-world product? Entity 1: 'Carto de memria micro SD Kingston 64Gb XC1 classe 10 Canvas Select'. Entity 2: 'Kingston SDCS Canvas Select Class10 microSD Memory Card - 64GB With Adapter'.,Yes,50903406#13253151_original
Do the two product descriptions refer to the same real-world product? Entity 1: 'Cappello New Era Clean Trucker 2 NY Yankees Cap'. Entity 2: 'Gorra New Era NY Yankees MLB 9Fifty Cap'.,No,39833087#84459988_original
Do the two product descriptions refer to the same real-world product? Entity 1: 'Swiss Military Hanowa FLAGSHIP 06-5161.2.04.007 Herrenuhr'. Entity 2: 'Swiss Military Hanowa Flagship 06-5161.2.04.003'.,No,27442156#71716796_original
Do the two product descriptions refer to the same real-world product? Entity 1: 'SWITCH TP-LINK 24 PORT GIGA'. Entity 2: 'TISSOT HERITAGE VISODATE QUARTZ T118.410.11.057.00 (T118.410.11.057.00)'.,No,31510768#56904801_original
Do the two product descriptions refer to the same real-world product? Entity 1: 'SanDisk SDCZ60-064G-B35 Cruzer Glide USB Flash Drive USB 2.0 - 64 GB'. Entity 2: 'Sandisk Cruzer Force 16GB USB 2.0 Flash Drive - SDCZ71-016G-B35'.,No,64003605#2491460_original
Do the two product descriptions refer to the same real-world product? Entity 1: 'AMD Ryz en 5 1500X Wraith Spire Cooler'. Entity 2: 'YD150XBBAEBOX AMD Ryzen 5 1500X Quad Core 3.50GHz 16MB L3 Cache Socket AM4 Processor. New Retail Factory Sealed With Full Manufacturer Warranty.'.,Yes,20737266#64351459_left_augmented_right_original
Do the two product descriptions refer to the same real-world product? Entity 1: 'Razer Viper Mini Optical Ambidextrous RGB Gaming Mouse'. Entity 2: 'Asus PRIME B450-PLUS(PRIME B450-PLUS)'.,No,18147366#40617635_original
"Do the two product descriptions refer to the same real-world product? Entity 1: 'RAM Mount Double Socket Clamp Arm - SHORT - for 1.5\"" C Size Balls'. Entity 2: 'RAM-201U-D RAM Mounts C-Size Double-Socket Long Arm with 1.5-Inch Sockets'.",No,77338417#72558082_original
Do the two product descriptions refer to the same real-world product? Entity 1: 'Samsung Portable SSD T7 Touch 1TB - Zilver'. Entity 2: 'Samsung T7 Touch Portable SSD Drive 1TB [] () Silver'.,Yes,5603029#48035811_left_original_right_augmented
Do the two product descriptions refer to the same real-world product? Entity 1: 'Canon PFI 107C Ink Cartridge Cyan'. Entity 2: 'Genuine Canon PGI-29 Grey Ink Cartridge (PGI29GOEM)'.,No,66680332#96677424_original
Do the two product descriptions refer to the same real-world product? Entity 1: '300GB 6G SAS rpm SFF (2. 5 - inch) SC Enterprise'. Entity 2: 'HPE 300GB SERVER SMART MEMORY 6G 15K SAS 2.5 652611-B21'.,Yes,35583855#71290070_left_augmented_right_original
Do the two product descriptions refer to the same real-world product? Entity 1: 'Fujifilm XF 56mm f/1.2 R'. Entity 2: 'Fujifilm FUJINON XF - f1 56mm. 2'.,Yes,81954319#88398980_left_original_right_augmented
"Do the two product descriptions refer to the same real-world product? Entity 1: 'ASUS GeForce® RTX 2080 SUPER™ Dual Evo OC 8GB (90YV0DJ0-M0NM00) (NVIDIA, Grafikkarte)'. Entity 2: 'ASUS NVIDIA GeForce RTX 2060 6GB DUAL OC EVO Turing Graphics Card'.",No,50769372#28224541_original
"Do the two product descriptions refer to the same real-world product? Entity 1: 'Apple 10.5-inch iPad Air Wi‑Fi 256GB - Silver - MUUR2FD/A'. Entity 2: '_ iPad Air Wi - Fi 256 GB Silver - _. 5 \ "" _ - A12 26. 67cm - Display'.",Yes,30419251#30143469_left_original_right_augmented
"Do the two product descriptions refer to the same real-world product? Entity 1: 'Ubiquiti Un iFi CloudKey Gen2 Plus'. Entity 2: 'UCK - G2 - PlhsJbiquiti Jnifi Cloud Key, G2, with HDD'.",Yes,14628836#15168588_both_augmented
Do the two product descriptions refer to the same real-world product? Entity 1: 'Šilterica New Era Clean Trucker Chicago Bulls Cap'. Entity 2: 'Cappello New Era Clean Trucker Chicago Cap'.,Yes,69406607#49092761_left_original_right_augmented
Do the two product descriptions refer to the same real-world product? Entity 1: 'DS - 72 16HQHI - K1 Hikv ision 16 cs. TurboHD DVR'. Entity 2: 'TURBO HD DVRDS-7216HQHI-K1 1080P'.,Yes,3762458#79475473_left_augmented_right_original
"Do the two product descriptions refer to the same real-world product? Entity 1: 'SHIMANO PD - R7000, 105, SPD PEDAL.'. Entity 2: 'Shimano PD - R7000 105 SPD - SL PEDAL / O REFLECTOR W / CLEAT'.",Yes,70331081#51909448_both_augmented
"Do the two product descriptions refer to the same real-world product? Entity 1: 'Canon PFI - 101C Ink, 130 ml -'. Entity 2: '0'.",Yes,7158327#45313699_both_augmented
Do the two product descriptions refer to the same real-world product? Entity 1: 'Intel Core i7 9700F 9th Gen Desktop Processor/CPU Retail - No iGPU'. Entity 2: 'Intel - Core i7-9700F 9th Generation 8-core - 8-Threads 3.0 GHz (4.7 GHz Turbo) Socket LGA 2066 Locked Desktop Processor'.,Yes,27468857#28603694_original
Do the two product descriptions refer to the same real-world product? Entity 1: 'Dymo Label Casette D1 (19mm x 7m - Black On White)'. Entity 2: 'TUF GAMING X570-PLUS Desktop Motherboard - AMD Chipset - Socket AM4'.,No,35191236#90391225_original
Do the two product descriptions refer to the same real-world product? Entity 1: 'CORSAIR 8Gbx1 DDR4 3000Mhz Ram CMK8GX4M1D3000C16 VENGEANCE LPX Gaming RAM'. Entity 2: 'XPG SX6000 Lite internal solid state drive 1000 GB PCI Express 3.0 3D TLC NVMe M.2 SSD'.,No,50005399#16403660_original
Do the two product descriptions refer to the same real-world product? Entity 1: 'Kingston DataTraveler microDuo 128GB USB 3.0'. Entity 2: 'OKI 44992402 Style Black Compatible Toner'.,No,21755591#53081061_original
Do the two product descriptions refer to the same real-world product? Entity 1: 'Unit maintenance Epson T6190 35000Pgs (C13T619000 )'. Entity 2: 'maintenance kit EPSON Business Inkj2t B300 / 310 / B500DN / B510DN (´ odpqd. nadoba ´ )'.,Yes,33609155#93094504_both_augmented
Do the two product descriptions refer to the same real-world product? Entity 1: 'C'. Entity 2: 'Canon PFI107C Cyan Laser _ Cartridge Remanufactured'.,Yes,66680332#29167528_both_augmented
"Do the two product descriptions refer to the same real-world product? Entity 1: 'GARMIN FENIX 5 GRAY BLACK 010-01688-00'. Entity 2: 'Garmin fenic5 Gray Optic, Black band'.",Yes,13174650#53521572_left_original_right_augmented
Do the two product descriptions refer to the same real-world product? Entity 1: 'APC - Replacement battery cartridge 140'. Entity 2: 'APC Replacement Battery Cartridge #124'.,No,8994298#12524915_original
"Do the two product descriptions refer to the same real-world product? Entity 1: 'Daniel Wellington Mens Classic Sheffield 40mm Rose Gold Black DW00100007'. Entity 2: 'Daniel Wellington Classic Sheffield Rose 40,m - rannekello DW00100007'.",Yes,41987114#77020269_left_original_right_augmented
Do the two product descriptions refer to the same real-world product? Entity 1: 'Gigabyte NVIDIA GeForce GTX 1650 4GB D6 OC Turing Graphics Card'. Entity 2: '507125-B21 HP 146-GB 6G 10K 2.5 DP SAS HDD'.,No,48293393#43481409_original
Do the two product descriptions refer to the same real-world product? Entity 1: 'WD 1TB My Passport Portable Hard Drive'. Entity 2: 'WD MY PASSPORT- 1TB RED WORLDWIDE'.,No,43411151#92858368_original
Do the two product descriptions refer to the same real-world product? Entity 1: 'Traveler's Notebook Starter Kit (Passport Size) - Blue'. Entity 2: 'SanDisk Ultra Flair 32GB USB 3.0 Pen Drive'.,No,47431263#54818129_original
Do the two product descriptions refer to the same real-world product? Entity 1: 'HIKVISION DS-7208HQHI-K1 2 MEGAPIXEL HYBRID 8 CHANNEL (8CH) DVR'. Entity 2: 'HIKVISION DS-7208HUHI-K1 5 MEGAPIXEL (5MP) HYBRID 8 CHANNEL DVR'.,No,50920560#3167871_original
Do the two product descriptions refer to the same real-world product? Entity 1: 'S'. Entity 2: 'D'.,Yes,88865914#17172533_both_augmented
Do the two product descriptions refer to the same real-world product? Entity 1: 'Logitech H540 USB Headset With High-Definition sound and on-ear controls - Black | 981-000480'. Entity 2: 'RAM Dual Suction Cup Base'.,No,12890760#26009855_original
"Do the two product descriptions refer to the same real-world product? Entity 1: 'C'. Entity 2: 'C rucial MX500 250GB SATA 2. 5 - inch, SATA 6. 0Gb / s 7mm Solid State D rive'.",Yes,68173491#19102781_both_augmented
Do the two product descriptions refer to the same real-world product? Entity 1: 'Cartucho tinta negro l epson t7031 - 24ml - big ben - para wp-4595 dnf/dtwf/ 4535dwf / 4525dnf / 4515dn / 4095dn / 4025dw /'. Entity 2: 'EPSON Magenta ink cartridge Discproducer'.,No,18289538#96384448_original
Do the two product descriptions refer to the same real-world product? Entity 1: 'WS-C2960-24TT-L Cisco Catalyst WS-C2960-24TT-L Switch'. Entity 2: 'WS - C2960 - 24 TT - L Catalyst 2960 24 10 / 100 + 2 1000BT LAN Base Image'.,Yes,6930754#7979158_left_original_right_augmented
Do the two product descriptions refer to the same real-world product? Entity 1: 'Orologio Garmin Fenix 6 010-02157-11 Fēnix 6X Sapphire'. Entity 2: 'Garmin fenix 6X _ Black Silicone Strap Smart Watch'.,Yes,36027066#61296263_left_original_right_augmented
Do the two product descriptions refer to the same real-world product? Entity 1: 'Seagate 6TB 7200rpm SATA-600 256MB NAS HDD ST6000NE000'. Entity 2: 'HIKVISION DS-7208HQHI-K1 2 MEGAPIXEL HYBRID 8 CHANNEL (8CH) DVR'.,No,18480165#50920560_original
Do the two product descriptions refer to the same real-world product? Entity 1: 'Orologio Garmin Venu 010-02173-12 Venu'. Entity 2: 'Garmin VENU Smartwatch Black 010 - 0@173 - 12 <eather Strap'.,Yes,76426260#21469105_left_original_right_augmented
"Do the two product descriptions refer to the same real-world product? Entity 1: 'WD Blue 1TB 2.5"" SATA Internal Solid State Drive SSD 550MB/s HDD | Discount Computer Needs'. Entity 2: 'Samsung 860 PRO 1TB SSD 2-bit MLC V-NAND SATA III 6Gb/s 2.5 Internal Solid State Drive'.",No,27843837#1367517_original
Do the two product descriptions refer to the same real-world product? Entity 1: 'Fujifilm Instax Square Film (10 Pack)'. Entity 2: 'Fujifilm Instax mini Rainbow film 10 pack'.,No,47146148#46246978_original
Do the two product descriptions refer to the same real-world product? Entity 1: 'Cooler Master MasterBox Lite 5 Mid Tower Case'. Entity 2: 'Atomos ATOM-CAB010 Full To Full Hdmi Coiled Cable'.,No,23276195#81962548_original
"Do the two product descriptions refer to the same real-world product? Entity 1: '_ USB Kingston Technology - Color blanco, 16 GB, _ 3. 0'. Entity 2: 'Kingston DataTraveler G4 - USB flash drive - 16 GB - USB 3.0 - blue'.",Yes,28824028#11620368_left_augmented_right_original
"Do the two product descriptions refer to the same real-world product? Entity 1: 'Hikvision Wall Mount for AVPIR3 and 23x5G1-I range of Cameras'. Entity 2: 'RAM Handlebar Rail Mount 1.125 - 1.5\"" C (RAM-408-112-15U)'.",No,1821257#63741667_original
Do the two product descriptions refer to the same real-world product? Entity 1: '002 Traveler's Notebook Regular- Refill - Grid Notebook'. Entity 2: '_ ' s Company 002. _ REFILL MIDORI TRAVELER ' S NOTEBOOK'.,Yes,21924094#29929454_left_original_right_augmented
"Do the two product descriptions refer to the same real-world product? Entity 1: 'ASUS AMD ATX ROG STRIX B550 F Gaming Motherboard AM4 Dual DDR4, HDMI, Dual M.2'. Entity 2: 'ASUS ROG STRIX B550-E GAMING Presa AM4 ATX AMD B550'.",No,77926243#5030809_original
"Do the two product descriptions refer to the same real-world product? Entity 1: 'Crucial MX500 250GB SATA 2.5-inch, SATA 6.0Gb/s 7mm Solid State Drive'. Entity 2: 'Kingston Technology SA400S37/240G A400 SSD Solid State Drive 2.5 Inch SATA-3 - 240GB'.",No,19102781#81424577_original
Do the two product descriptions refer to the same real-world product? Entity 1: 'Corsair ML140 PRO RGB LED 140MM PWM Premium Magnetic Levitation Fan - Single Pack'. Entity 2: 'Corsair ML140 Pro 14cm PWM RGB Case Magnetic Levitation Bearing'.,Yes,97634734#15774916_left_original_right_augmented
"Do the two product descriptions refer to the same real-world product? Entity 1: 'APC - USV APC SMT1000RMI2UCSMARTUPS 1000VA LCD RM 2U 230V SmartC'. Entity 2: 'APC Smart-UPS SMT1000RMI2UC Noodstroomvoeding - 4x C13, USB, Rack Mountable, SmartConnect, 1000VA'.",Yes,10937592#15267149_original
"Do the two product descriptions refer to the same real-world product? Entity 1: 'RAM Torque 28mm-38mm Handlebar & Rail Base 1.5\"" Ball'. Entity 2: 'Gigabyte NVIDIA GeForce GTX 1650 4GB D6 OC Turing Graphics Card'.",No,53451198#48293393_original
Do the two product descriptions refer to the same real-world product? Entity 1: 'Samsung 970 EVO Plus MZ-V7S250BW / Solid state drive / encrypted / 250GB / internal / M.2 2280 / PCI Express 3.0 x4 (NVMe) / buffer: 512 MB / 256-bit AES / TCG Opal Encryption | MZ-V7S250BW'. Entity 2: 'Memoire DDR3 So Dimm Crucial 4GB DDR3 1600 MT/S (PC3-12800)'.,No,62631842#62293619_original
"Do the two product descriptions refer to the same real-world product? Entity 1: 'Intel Processor, Core i7-8700K 8th Gen'. Entity 2: 'Core i7 - 8700K Lake 6 - Core 3. 7 GHz (4. 7 GHz Turbo) LGA 1151 (Series) 95W BX80684I78700K Desktop Intel UHD Graphics 630'.",Yes,43904710#95781094_left_original_right_augmented
"Do the two product descriptions refer to the same real-world product? Entity 1: 'Jabra BIZ 2400 II Duo - Mic. 82 NC, Wideband'. Entity 2: 'APC Smart-UPS SRT 6000VA RM 230V'.",No,7383990#1017836_original
"Do the two product descriptions refer to the same real-world product? Entity 1: 'iiyama Prolite 27\"" XUB2792QSU-B1 WQHD IPS Monitor Tilt/Swivel/Pivot'. Entity 2: 'Monitor 27 SW271 LED 5ms/QHD/IPS/HDMI/DP/USB'.",No,16154426#22000442_original
Do the two product descriptions refer to the same real-world product? Entity 1: 'Xerox Phaser 6000/6010 Black Toner'. Entity 2: 'OKI 44992402 Style Black Compatible Toner'.,No,18835729#53081061_original
Do the two product descriptions refer to the same real-world product? Entity 1: 'New York Yankees New Era Navy League 9FORTY Adjustable Hat - Men - Navy Blue'. Entity 2: 'NEW ERA ČIAPKA LEAGUE GM NY YANKEES'.,Yes,95671075#34402785_left_original_right_augmented
"Do the two product descriptions refer to the same real-world product? Entity 1: 'Intel Core i7-10700KF Prosessor'. Entity 2: 'Intel Processor, Core i7-8700K 8th Gen'.",No,41902860#43904710_original
Do the two product descriptions refer to the same real-world product? Entity 1: '002 ' s Regular - Refill - Grid Notebook'. Entity 2: '_ ' s Company 002. _ REFILL MIDORI TRAVELER ' S NOTEBOOK'.,Yes,21924094#29929454_both_augmented
Do the two product descriptions refer to the same real-world product? Entity 1: 'APPLE - Apple AirPods 2 with Wireless Charging Case MRXJ2ZM/A - White'. Entity 2: 'APPLE - AIR PODS WITH WIRELESS CHARGING CASE IN'.,Yes,11022309#55393360_left_original_right_augmented
"Do the two product descriptions refer to the same real-world product? Entity 1: 'LaCie Rugged USB 3.1C 4 TB 2,5'' STFS4000800'. Entity 2: 'LaCie Mobile Drive 2,5"" 5 TB Moon Silver USB 3.1 Gen 2'.",No,149175#5312650_original
Do the two product descriptions refer to the same real-world product? Entity 1: 'ASUS Scheda Madre ROG STRIX B550-F GAMING'. Entity 2: 'TP-Link 150Mbit-WLAN-Lite -N-PCI Express x1 Adapter'.,No,2208630#30502153_original
Do the two product descriptions refer to the same real-world product? Entity 1: 'SRAM Guide Trail Brake Pad'. Entity 2: 'ADAPTADOR INALAMBRICO TP-LINK/USB 2.0/N300/QSS/TL-WN821N'.,No,16958158#60088869_original
Do the two product descriptions refer to the same real-world product? Entity 1: 'Full Frame E-Mount FE 24-240mm F3.5-6.3 OSS Lens'. Entity 2: 'Sony SEL24240 FE 24 - 240mm _ / _. _ - 6. 3 OSS Zoom Lens for Mirrorless Cameras'.,Yes,97035417#18865753_left_original_right_augmented
"Do the two product descriptions refer to the same real-world product? Entity 1: '_ AGGRESSOR 29X2. 3 EXO / TR'. Entity 2: 'Maxxis Maxxis Aggressor _ - 29 x 2. 3, Folding, _, Black, Dual, EXO'.",Yes,14639066#35599020_both_augmented
"Do the two product descriptions refer to the same real-world product? Entity 1: 'Memoria USB Kingston Technology - Color blanco, 16 GB, USB 3.0'. Entity 2: 'Kingston DataTraveler G4 - USB flash drive - 16 - USB. 0 - blue'.",Yes,28824028#11620368_left_original_right_augmented
Do the two product descriptions refer to the same real-world product? Entity 1: 'A SUS GeForce GTX 1660 SUPER DUAL EVO OC'. Entity 2: 'Asus GTX1660S 6GB Dual EVO'.,Yes,42779659#87317188_left_augmented_right_original
Do the two product descriptions refer to the same real-world product? Entity 1: 'C'. Entity 2: 'CAmON EF 100mm / 2. 8L macro IS USME67'.,Yes,7274546#88027729_both_augmented
Do the two product descriptions refer to the same real-world product? Entity 1: 'Seagate LaCie _ 2. 5 ' USB 3 to _ - _ Diamond Cut External HDD. STHG4000400. 2 Years Warranty'. Entity 2: 'LaCie 4TB USB Type-C Mobile Drive (Moon Silver)'.,Yes,40764402#38339458_left_augmented_right_original
Do the two product descriptions refer to the same real-world product? Entity 1: 'Gigabyte Nvidia RTX 2060 SUPER Aorus OC 8Gb GDDR6'. Entity 2: 'ASUS Turbo -RTX2060S-8G-EVO NVIDIA GeForce RTX 2060 SUPER 8 GB GDDR6'.,No,75255299#2024149_original
"Do the two product descriptions refer to the same real-world product? Entity 1: 'MONITOR SAMSUNG C27F390 27\"" 1920x1080 4MS USB HDMI CURVO NEGRO'. Entity 2: 'Samsung C27F390FHU - Full HD Curved Monitor'.",Yes,22770211#69366044_original
Do the two product descriptions refer to the same real-world product? Entity 1: 'Epson T7551 XL Black High Yield Ink Cartridge C13T755140 / T7551 EP53959'. Entity 2: 'Epson T7551 (Prentar 4000 síður) XL svart blekhylki (100ml) fyrir WorkForce WF - oXXX prentara'.,Yes,2046148#57534412_left_original_right_augmented
Do the two product descriptions refer to the same real-world product? Entity 1: 'EPSON Ink bar WF-8xxx Series Ink Cartridge XL Yellow - 4000str. (39 ml)'. Entity 2: 'Cooler Master MasterBox Lite 5 Mid Tower Case'.,No,47388064#23276195_original
"Do the two product descriptions refer to the same real-world product? Entity 1: 'Shimano Cassette 11s 11-46 CS-M8000'. Entity 2: 'Shimano Deore XT CS-M8000 Cassette 11-speed, silver/grey'.",No,75132289#17103408_original
Do the two product descriptions refer to the same real-world product? Entity 1: 'SanDisk SD Extreme V30 U3 UHS-I C10 - 128GB'. Entity 2: 'SANDISK EXTREME SDXC 128GB 150MB/S C10 U3'.,Yes,24802094#83274921_original
Do the two product descriptions refer to the same real-world product? Entity 1: 'Transcend 128GB Internal SSD 2.5″ SATA3'. Entity 2: 'Crucial MX500 2TB 3D NAND SATA 2.5 Inch Internal SSD'.,No,25870078#52356483_original
Do the two product descriptions refer to the same real-world product? Entity 1: 'TP-Link Archer T9UH Wireless AC1900 USB Adapter'. Entity 2: 'Logitech H570e Monaural USB Headset'.,No,80086981#12615558_original
Do the two product descriptions refer to the same real-world product? Entity 1: 'Jabra Evolve 20 SE Special Edition UC monaural USB'. Entity 2: 'Pokemon TCG:Sword and Shield Rebel Clash Three Booster Blister- Dural'.,No,35793904#17465629_original
"Do the two product descriptions refer to the same real-world product? Entity 1: 'Life Extension Super Ubiquinol COQ10 with _ _ Support 100 mg, 60 Count'. Entity 2: 'Super Ubiquinol CoQ10 with Enhanced Mitochondrial Support 100 mg'.",Yes,8482438#37007640_left_augmented_right_original
Do the two product descriptions refer to the same real-world product? Entity 1: 'U'. Entity 2: 'Ubiquiti Unifi AC In - Wall AP _ Access _ 5 Pack UAP - AC - IW - _ (No PoE Injector )'.,Yes,34532774#65827191_both_augmented
"Do the two product descriptions refer to the same real-world product? Entity 1: 'Cloud Core CCR1036 - 12G - 4S - EM'. Entity 2: 'MikroTikCloud Core Router 1036-12G-4S with Tilera Tile-Gx36 CPU (36-cores, 1.2Ghz per core), 16GB RAM, 4xSFP cage, 12xGbit LAN, RouterOS L6, 1U rackmount case, PSU, LCD panel'.",Yes,88031640#6256141_left_augmented_right_original
Do the two product descriptions refer to the same real-world product? Entity 1: 'Samsung 970 EVO Plus MZ-V7S250BW / Solid state drive / encrypted / 250GB / internal / M.2 2280 / PCI Express 3.0 x4 (NVMe) / buffer: 512 MB / 256-bit AES / TCG Opal Encryption | MZ-V7S250BW'. Entity 2: 'LOGITECH AURICULARES H650E STEREO USB'.,No,62631842#82676601_original
Do the two product descriptions refer to the same real-world product? Entity 1: 'CORSAIR Vengeance RGB Pro 16GB (2 x 8GB) 288-Pin DDR4 DRAM DDR4 3000 (PC4 24000) Desktop Memory Model CMW16GX4M2C3000C15W'. Entity 2: 'Corsair Value Select 8GB PC4-17000 - 8 GB - 1 x 8 GB - DDR4 - 2133 MHz - 288-pin DIMM'.,No,27074490#48430039_original
Do the two product descriptions refer to the same real-world product? Entity 1: 'Mavic 2 Part11 Car Charger'. Entity 2: 'DJI Mavic 2 Car Charger'.,Yes,15306268#24574240_original
Do the two product descriptions refer to the same real-world product? Entity 1: 'Garmin fenix 6X Sapphire Black Silicone Strap Smart Watch'. Entity 2: 'RAM Mount Base UBolt Mount - Requires RAM Cradle [RAM-B-149ZU]'.,No,61296263#38785326_original
Do the two product descriptions refer to the same real-world product? Entity 1: 'Logitech C922 Pro Stream webcam + Tripod (price includes delivery)'. Entity 2: 'Logitech HD Pro Webcam C920 - webkamera'.,No,48658824#25980770_original
"Do the two product descriptions refer to the same real-world product? Entity 1: 'Elixir 11152 Strings Acoustic 80/20 Bronze NANOWEB 12 String, Light'. Entity 2: 'Elixir Guitar Strings Phosphor Bronze Nanoweb Light 12 - 53'.",No,68527967#91137581_original
Do the two product descriptions refer to the same real-world product? Entity 1: 'EJ16 - Acoustic Phosphor Bronze 12-53'. Entity 2: 'D'Addario EJ16 Phosphor Bronze Light Acoustic Guitar Strings'.,Yes,24742825#97547150_original
Do the two product descriptions refer to the same real-world product? Entity 1: 'APC Smart-UPS SRT 6000VA RM 230V'. Entity 2: 'ASUS Dual GeForce GTX 1660 6GB OC Edition EVO 192Bit GDDR5'.,No,1017836#48791418_original
"Do the two product descriptions refer to the same real-world product? Entity 1: 'Apple AirPods Pro, Kopfhrer - EU'. Entity 2: 'APPLE - Airpods With Charging Case'.",No,48169914#16529934_original
Do the two product descriptions refer to the same real-world product? Entity 1: 'Transcend 128GB Internal SSD 2.5″ SATA3'. Entity 2: 'TRANSCEND SSD230S 128Gb 3D NAND SATA 3 Aluminium (TS128GSSD230S )'.,Yes,25870078#84514463_left_original_right_augmented
Do the two product descriptions refer to the same real-world product? Entity 1: 'LOGITECH Logitech USB _ H390'. Entity 2: 'Diadema Logitech H390 USB Compute#. ..'.,Yes,57337098#47948274_both_augmented
"Do the two product descriptions refer to the same real-world product? Entity 1: 'DS-7208HUHI-k2-P 8 Channel DVR Turbo 4.0 PoC 5MP'. Entity 2: 'DVR 8 canale, Turbo HD, 6MP, PoC, Hikvision DS-7208HQHI-K2-P'.",No,90921158#64536135_original
Do the two product descriptions refer to the same real-world product? Entity 1: 'ASUS Radeon _ 5500 XT ROG _ OC 8GB - Demo'. Entity 2: 'Asus Radeon ROG Strix RX5500 XT 8gb Gddr6 OC Version'.,Yes,20145574#22211135_both_augmented
Do the two product descriptions refer to the same real-world product? Entity 1: 'Hydro Flask 32oz Wide Mouth Flex Cap Hibiscus'. Entity 2: 'Hydro Flask 32 oz. Wide Mouth 2.0 Flex Cap Hibiscus'.,Yes,35809370#50789754_original
Do the two product descriptions refer to the same real-world product? Entity 1: 'Sony FE 24mm f/1.4 GM'. Entity 2: 'Sony FE 24mm F1.4 GM Lens + Bonus'.,Yes,87137236#11625823_original
Do the two product descriptions refer to the same real-world product? Entity 1: 'Pokemon Sword & Shield Booster pack'. Entity 2: 'Pokemon TCG: Sword & Shield Boosters'.,Yes,12194096#21044132_original
Do the two product descriptions refer to the same real-world product? Entity 1: 'AAA Replica Audemars Piguet Oak Chronograph Black Dail Watch 26331ST. OO. 1220ST.'. Entity 2: 'Piguet audemars - Audemars Piguet Royal Oak Chronograph 41mm Mens Watch - 26331ST. . OO 1220ST. 02'.,Yes,31558480#30454890_both_augmented
Do the two product descriptions refer to the same real-world product? Entity 1: 'DS-7208HUHI-K2-P Hikvision 8 Channel 5MP / 1080P HD-TVI Hybrid DVR with Power over Coax (PoC / Turbo4.0)'. Entity 2: 'maintenance kit EPSON Business Inkjet B300/310/B500DN/B510DN (´odpad. nadoba´)'.,No,13887167#93094504_original
Do the two product descriptions refer to the same real-world product? Entity 1: 'AMD RYZEN 5 2400G Quad-Core 3.6 GHz (3.9 GHz Max Boost) Socket AM4 65W YD2400C5FBBOX Desktop Processor'. Entity 2: 'SanDisk SSD PLUS 120GB Solid State Drive -SDSSDA-120G-G27'.,No,73591660#8174351_original
"Do the two product descriptions refer to the same real-world product? Entity 1: 'Kingston Technology ValueRAM 4GB DDR3-1600 4GB DDR3 1600MHz memoria'. Entity 2: 'Blaze Grill Cart for 40\"" Gas Grill'.",No,40208952#42210935_original
Do the two product descriptions refer to the same real-world product? Entity 1: 'Shimano Ultegra Chain _ - 116L - with split'. Entity 2: 'Shimano HG701 Ultegra R8000 XT M8000 11 Speed Chain Link'.,Yes,37862083#79148737_both_augmented
"Do the two product descriptions refer to the same real-world product? Entity 1: 'Sram/Avid Road Disc Brake Pads - Road/Level (Organic/Steel Back)'. Entity 2: 'SRAM Sram Level Ultimate, Level TLM Disc Brake Pads'.",No,80159309#96279287_original
Do the two product descriptions refer to the same real-world product? Entity 1: 'SRAM PG-1170 11-Speed Cassette (11-25T)'. Entity 2: '2012 SRAM Red XG-1090 10-Speed X-Dome 11-23 Cassette'.,No,9767156#1781011_original
"Do the two product descriptions refer to the same real-world product? Entity 1: 'Lant Shimano CN-HG601-11, 11 Viteze'. Entity 2: 'SRAM Cassette Sram PG 1130 11 vitesses 11-36'.",No,77806817#41182463_original
Do the two product descriptions refer to the same real-world product? Entity 1: 'HP 900GB 6G SAS 10K 900 SAS 16 MB Cache 2.5-Inch Internal Bare or OEM Drives 619291-B21'. Entity 2: 'Canon EF-M 18-150mm f/3.5-6.3 IS STM (Black)'.,No,66047716#40876435_original
Do the two product descriptions refer to the same real-world product? Entity 1: 'TAG HEUER MONACO AUTOMATIC CHRONOGRAPH'. Entity 2: 'Buy Quality Replica Tag Heuer Monaco Steve McQueen Chronograph Watch CAW211P.FC6356'.,Yes,43742368#70174967_original
Do the two product descriptions refer to the same real-world product? Entity 1: 'Crucial 1x 8GB DDR3L 1600MHz ECC Unbuffered UDIMM RAM | Discount Computer Needs'. Entity 2: 'Monitor 27 SW271 LED 5ms/QHD/IPS/HDMI/DP/USB'.,No,83592973#22000442_original
"Do the two product descriptions refer to the same real-world product? Entity 1: 'Audio Technica DJ kõrvaklapid ATH-PRO7X On-ear, Must'. Entity 2: 'Audio _ ATH - PRO7X DJ headphones'.",Yes,77117519#31247528_left_original_right_augmented
Do the two product descriptions refer to the same real-world product? Entity 1: 'WD 1TB My Passport Portable Hard Drive'. Entity 2: 'Western Digital WD My Passport Portable HDD 4TB Black'.,No,43411151#68891313_original
Do the two product descriptions refer to the same real-world product? Entity 1: 'Garmin Fenix 5X Plus Sapphire Black Rubber Strap 010-01989-01'. Entity 2: 'Fenix 5X P lus GPS Black Smartwatch'.,Yes,52404977#18346724_left_original_right_augmented
Do the two product descriptions refer to the same real-world product? Entity 1: 'C'. Entity 2: 'Corsair _ RGB Pro DDR4 3000MHz 16GB (2x8) Desktop _ White CMW16GX4M2C3000C15W | PCByte'.,Yes,27074490#23775322_both_augmented
"Do the two product descriptions refer to the same real-world product? Entity 1: 'SHIMANO XT CN-HG95 HG-X chain'. Entity 2: 'Hard Disk Drive WD My Passport WDBYNN0010BRD, 1TB, USB 3.0, rosu'.",No,63479109#67614478_original
Do the two product descriptions refer to the same real-world product? Entity 1: '507125-B21 HP 146-GB 6G 10K 2.5 DP SAS HDD'. Entity 2: 'Seagate IronWolf PRO 16TB NAS Professional'.,No,43481409#1329026_original
Do the two product descriptions refer to the same real-world product? Entity 1: 'Sigma 35mm f1.4 EX DG HSM A Nikon'. Entity 2: 'Sigma Sigma 35mm F1.4 ART DG HSM - Nikon AF mount'.,Yes,14519075#31585097_original
Do the two product descriptions refer to the same real-world product? Entity 1: 'Gorra New Era Clean Trucker 2 NY Yankees Cap'. Entity 2: 'Cappello New Era Clean Trucker Chicago Bulls Cap'.,No,64692163#49092761_original
Do the two product descriptions refer to the same real-world product? Entity 1: 'Corsair Carbide SPEC-01 Tower Black'. Entity 2: 'Corsair - 01 Red LED Mid - Tower Case'.,Yes,20467137#88727182_left_original_right_augmented
"Do the two product descriptions refer to the same real-world product? Entity 1: 'RAM 3. 3 \ "" DIA. W 1 \ "" BALL'. Entity 2: 'RAM Mount 3. 5 \ "" Twist Lock Suction Cup BSse with 1 \ "" Bal?'.",Yes,74021002#4287952_both_augmented
Do the two product descriptions refer to the same real-world product? Entity 1: 'Turbo ASUS - RTX2060S - 8G - EVO NVIDIA GeForce RTX SUPER 2060 8 GB GDDR6'. Entity 2: 'ASUS NVIDIA GeForce RTX 2060 SUPER 8GB TURBO EVO Turing Graphics Card'.,Yes,2024149#24494324_left_augmented_right_original
Do the two product descriptions refer to the same real-world product? Entity 1: 'Ubiquiti UniFi CloudKey Gen2 Plus'. Entity 2: 'Ubiquiti IR LED Range Extender'.,No,14628836#12164188_original
Do the two product descriptions refer to the same real-world product? Entity 1: 'New York Yankees New Era Navy League 9FORTY Adjustable Hat - Men - Navy Blue'. Entity 2: 'Sigma ART 50mm f/1.4 DG HSM Lens for Nikon'.,No,95671075#86176880_original
Do the two product descriptions refer to the same real-world product? Entity 1: 'Samsung 970 EVO MZ-V7E1T0BW - Solid state drive - krypterat - 1 TB - inbyggd - M.2 2280 - PCI Express 3.0 x4 (NVMe) - 256 bitars AES - TCG Opal Encryption 2.0'. Entity 2: 'Samsung 1TB SSD 970 EVO N VMe M. 2'.,Yes,37439609#7437957_left_original_right_augmented
"Do the two product descriptions refer to the same real-world product? Entity 1: 'V2 basilisk Ergonomic Gaming Mouse'. Entity 2: 'Razer _ _ Wired Ergonomic Gaming Mouse, 11 Programmable Buttons | RZ01 - 03160100 - R3M1'.",Yes,13024596#39130017_both_augmented
"Do the two product descriptions refer to the same real-world product? Entity 1: 'Seagate IronWolf 6TB NAS Internal Hard Drive (3.5"")'. Entity 2: 'Seagate NAS HDD IronWolf - 3.5\"" - 10000 GB - 7200 RPM ST10000VN0008'.",No,12761549#84977888_original
Do the two product descriptions refer to the same real-world product? Entity 1: 'Brother MFC - L2710DW - multifun ction prin ter - B / W'. Entity 2: 'Brother Monochrome Compact Laser - All in - One with Printer Duplex Printing and Wireless Networking'.,Yes,67275979#54829738_both_augmented
Do the two product descriptions refer to the same real-world product? Entity 1: 'LOGITECH Logitech USB Headset H390'. Entity 2: 'Diadema Logitech H390 USB Compute#. ..'.,Yes,57337098#47948274_left_original_right_augmented
Do the two product descriptions refer to the same real-world product? Entity 1: 'Shimano 105 R7000 Rear Derailleur - 11 Speed'. Entity 2: 'Shimano 105 RD-R7000 GS Rear Derailleur'.,Yes,24791295#97940008_original
Do the two product descriptions refer to the same real-world product? Entity 1: 'Asus PRIME B450-PLUS(PRIME B450-PLUS)'. Entity 2: 'Asus PRIME B450-PLUS AM4 DDR4 ATX Motherboard'.,Yes,40617635#34168295_original
Do the two product descriptions refer to the same real-world product? Entity 1: 'Crucial 4GB DDR4-2666 SODIMM | CT4G4SFS8266 | Crucial UK'. Entity 2: 'Crucial 4GB (1x4GB) 2666MHz D DR4 Memory'.,Yes,61869387#8939620_left_original_right_augmented
Do the two product descriptions refer to the same real-world product? Entity 1: 'Access Point|TP-LINK|300 Mbps|IEEE 802.3af|IEEE 802.11b|IEEE 802.11g|IEEE 802.11n|1xRJ45|Number of antennas 2|EAP115'. Entity 2: 'TP - Link 300Mbps Wireless N Ceiling Mount with Passive PoE (EAP115 )'.,Yes,32328366#32658304_left_original_right_augmented
Do the two product descriptions refer to the same real-world product? Entity 1: 'Miška Razer Viper Ultimate Wireless'. Entity 2: 'Raz4r Viper Ultimate & Mouse Dock'.,Yes,37387828#51033513_left_original_right_augmented
Do the two product descriptions refer to the same real-world product? Entity 1: 'Western Digital Western Digital 2TB Blue'. Entity 2: 'Western Digital WD10JFCX RED 1000 GB SATA3 1TB'.,No,66768594#47814705_original
Do the two product descriptions refer to the same real-world product? Entity 1: 'Tissot Seastar 1000 Powermatic 80 Silicium'. Entity 2: 'Tissot _ 1000 Powermatic _ T120. 407. 11. 041. 01'.,Yes,17007886#1647419_left_original_right_augmented
Do the two product descriptions refer to the same real-world product? Entity 1: 'Epson - Premium Semi-Gloss Photo Paper - A4 - 20 Fogli - C13S041332'. Entity 2: 'Garmin fenix 5s Sapphire Black'.,No,27043300#96636315_original
Do the two product descriptions refer to the same real-world product? Entity 1: 'Jabra BIZ 2400 II 3-in-1 Mono IP Headset top only'. Entity 2: 'Jabra Biz 2400 II Mono 3-1 NC IP 2486-820-209'.,Yes,43780660#8343900_original
Do the two product descriptions refer to the same real-world product? Entity 1: 'Shimano 105 R7000 Rear Derailleur - 11 Speed'. Entity 2: 'SSD TRANSCEND SSD230S 128Gb 3D NAND SATA 3 Aluminium (TS128GSSD230S)'.,No,24791295#84514463_original
Do the two product descriptions refer to the same real-world product? Entity 1: 'ASUS Radeon RX 5700 XT TUF OC 8GB GDDR6'. Entity 2: 'Asus Radeon Dual Evo RX5500 XT 8gb Gddr6 Version OC'.,No,29064292#51683015_original
Do the two product descriptions refer to the same real-world product? Entity 1: 'Sony FE 70-200mm f/4 OSS Lens'. Entity 2: 'Sony Alpha SEL50F18F FE 50mm f/1.8'.,No,36499924#15880732_original
"Do the two product descriptions refer to the same real-world product? Entity 1: 'DVR 8 canale, Turbo HD, 6MP, PoC, Hikvision DS-7208HQHI-K2-P'. Entity 2: 'HK DVR TURBOHD 8ch DS-7208HQHI-K2/P'.",Yes,64536135#24052138_original
"Do the two product descriptions refer to the same real-world product? Entity 1: 'SanDisk Ultra Flair 32GB USB 3. 0 Pen DriGe'. Entity 2: 'SanDisk USB 3. 0 Flash Drive Ultra Flair 32 GB,'.",Yes,54818129#51823526_both_augmented
Do the two product descriptions refer to the same real-world product? Entity 1: 'Samsung Portable SSD T7 Touch 2TB - Zwart'. Entity 2: 'Sunflower 32oz. Wide Mouth Water Bottle'.,No,23211539#46741147_original
"Do the two product descriptions refer to the same real-world product? Entity 1: 'Intel Core i3-8300 (Coffee Lake) 3.7 GHz, LGA1151, Intel UHD 630, 8MB, 14nm, 62W, Box'. Entity 2: 'Intel Core i3-7100 Dual-Core 3.9GHz LGA1151 (BX80677I37100)'.",No,98554509#56383083_original
Do the two product descriptions refer to the same real-world product? Entity 1: 'Corsair ML120 Pro LED 120mm Premium Mag-Lev Fan Red'. Entity 2: 'Fujifilm Instax mini Rainbow film 10 pack'.,No,8298432#46246978_original
Do the two product descriptions refer to the same real-world product? Entity 1: 'AMD RYZEN 5 2400G Quad-Core 3.6 GHz (3.9 GHz Max Boost) Socket AM4 65W YD2400C5FBBOX Desktop Processor'. Entity 2: 'YD150XBBAEBOX AMD Ryzen 5 1500X Quad Core 3.50GHz 16MB L3 Cache Socket AM4 Processor. New Retail Factory Sealed With Full Manufacturer Warranty.'.,No,73591660#64351459_original
Do the two product descriptions refer to the same real-world product? Entity 1: 'Orologio Garmin Venu 010 - - 12 Venu'. Entity 2: 'Garmin VENU Smartwatch Black 010-02173-12 Leather Strap'.,Yes,76426260#21469105_left_augmented_right_original
Do the two product descriptions refer to the same real-world product? Entity 1: 'Zebra Black Monochrome 800033 - 801 - 1000 Prints'. Entity 2: 'Zebra TrueColours ix Series Monochrome - 1 - print ribbon'.,Yes,77094922#10496_both_augmented
"Do the two product descriptions refer to the same real-world product? Entity 1: 'Intel Core i7 9700F 9th Gen Desktop Processor/CPU Retail - No iGPU'. Entity 2: 'Intel Processor, Core i7-8700K 8th Gen'.",No,27468857#43904710_original
Do the two product descriptions refer to the same real-world product? Entity 1: 'Canon EF-S 18-135/3.5-5.6 IS USM'. Entity 2: 'Elixir Phosphor Acoustic Strings - Extra Light'.,No,43932865#32413380_original
Do the two product descriptions refer to the same real-world product? Entity 1: 'T'. Entity 2: 'ASUq Scheda Madre TUF GAMING X570 - PLUS AMD'.,Yes,90391225#98857946_both_augmented
"Do the two product descriptions refer to the same real-world product? Entity 1: 'Access Point|TP-LINK|300 Mbps|IEEE 802.3af|IEEE 802.11b|IEEE 802.11g|IEEE 802.11n|1xRJ45|Number of antennas 2|EAP115'. Entity 2: 'Seagate 2TB FireCuda 3.5"" SATA 6Gb/s SSHD'.",No,32328366#90183159_original
Do the two product descriptions refer to the same real-world product? Entity 1: 'Corsair ML140 PRO RGB LED 140MM PWM Premium Magnetic Levitation Fan - Single Pack'. Entity 2: 'ASUS NVIDIA GeForce RTX 2060 SUPER 8GB TURBO EVO Turing Graphics Card'.,No,97634734#24494324_original
Do the two product descriptions refer to the same real-world product? Entity 1: 'Logitech H540 USB Headset With High-Definition sound and on-ear controls - Black | 981-000480'. Entity 2: 'Originln toner OKI 44992402 (ern)'.,No,12890760#54978736_original
Do the two product descriptions refer to the same real-world product? Entity 1: 'Buy Quality Replica Tag Heuer Monaco Steve McQueen Chronograph Watch CAW211P.FC6356'. Entity 2: 'TAG Heuer Automatic Chronograph Watch CBL2111.FC6453'.,No,70174967#13718289_original
Do the two product descriptions refer to the same real-world product? Entity 1: 'Epson Seahorse Multipack 6-kleur T0487'. Entity 2: 'TP-Link EAP225 Outdoor Access Point'.,No,41456801#42516046_original
Do the two product descriptions refer to the same real-world product? Entity 1: 'TP-Link T1700G-28TQ JetStream 24-Port Gigabit Stackable Smart Switch with 4 10GE SFP+ Slots'. Entity 2: 'T1700G - 28TQ GE / XG / SMA / Switch'.,Yes,58763783#81441228_left_original_right_augmented
Do the two product descriptions refer to the same real-world product? Entity 1: 'Toner Brother original amarillo TN135Y'. Entity 2: 'Canon EF-S 18-135/3.5-5.6 IS USM'.,No,61964427#43932865_original
"Do the two product descriptions refer to the same real-world product? Entity 1: 'Maxxis Minion DHR II 29 \ "" / / TR'. Entity 2: 'R'.",Yes,47784049#21658813_both_augmented
Do the two product descriptions refer to the same real-world product? Entity 1: 'Cooler Master MasterCase H500 ARGB Mesh Mid Tower ATX Case TG MCM-H500-IGNN-S01 | PCByte'. Entity 2: 'Cooler Master MasterCase H500 Mid Tower PC Case'.,Yes,84249757#76569969_original
Do the two product descriptions refer to the same real-world product? Entity 1: 'Hydro Flask 32oz Wide Mouth Flex Cap Hibiscus'. Entity 2: '_ Flask 32 oz. Wide Mouth 2. 0 _ Cap Hibiscus'.,Yes,35809370#50789754_left_original_right_augmented
Do the two product descriptions refer to the same real-world product? Entity 1: 'Intel C ore i7 9700F 9th Gen Desk top Processor / CPU Retail - No iGPU'. Entity 2: 'Intel - Core i7 - 9700F 9th Generation _ - core - 8 - _ 3. 0 GHz (4. 7 _ Turbo) Socket LGA 2066 Locked Desktop _'.,Yes,27468857#28603694_both_augmented
Do the two product descriptions refer to the same real-world product? Entity 1: 'JABRA EVOLVE 20 UC Stereo'. Entity 2: 'Samsung Portable SSD T7 Touch 2TB - Zwart'.,No,63984980#23211539_original
Do the two product descriptions refer to the same real-world product? Entity 1: 'Casti Hi-Fi Audio-Technica ATH-AD500X'. Entity 2: 'Headset Audio-Technica ATH-M50X'.,No,21506250#3764542_original
Do the two product descriptions refer to the same real-world product? Entity 1: 'HP 300GB 6G SAS 15K rpm SFF (2.5-inch) SC Enterprise'. Entity 2: 'HPE 300GB SERVER SMA RT MEMO RY 6G 15K SAS 2. 5 652611 - B21'.,Yes,35583855#71290070_left_original_right_augmented
Do the two product descriptions refer to the same real-world product? Entity 1: 'Traveler's Notebook / Refill 001 / Lined Notebook'. Entity 2: 'Traveler's Company 001. LINED REFILL MIDORI TRAVELER'S NOTEBOOK'.,Yes,80500885#59585994_original
"Do the two product descriptions refer to the same real-world product? Entity 1: 'Intel Core i3-8300 (Coffee Lake) 3.7 GHz, LGA1151, Intel UHD 630, 8MB, 14nm, 62W, Box'. Entity 2: 'Intel Core i3 8300 Quad Core 3.7GHz Processor'.",Yes,98554509#75749012_original
Do the two product descriptions refer to the same real-world product? Entity 1: 'DJI Accessory CP.PT.000562 Mavic Part 6 Car Charger Retail'. Entity 2: 'DJI Drone Accessory CP.PT.00000120.01 Mavic Air Part 4 Car Charger Retail'.,No,58902636#95052001_original
Do the two product descriptions refer to the same real-world product? Entity 1: 'Swiss Military Hanowa FLAGSHIP 06-5161.2.04.003 Herrenuhr'. Entity 2: 'Swiss Military HanowZ Flahship 06 - 5161. 2. 04. 003'.,Yes,64511013#71716796_left_original_right_augmented
"Do the two product descriptions refer to the same real-world product? Entity 1: '3M - Lightweight 300 Privacy Filter PF322WSkjermfilter mot innsyn, m/ramme 20\""-23\""W (30,7 x 48,5)'. Entity 2: 'APC Replacement Battery Cartridges #117'.",No,562267#35978749_original
Do the two product descriptions refer to the same real-world product? Entity 1: 'Epson Cartouche d'encre C13T865140 (T8651)'. Entity 2: 'Epson - Ink Cartridge Black 10K'.,Yes,94512766#29914496_original
Do the two product descriptions refer to the same real-world product? Entity 1: 'APC - Schneider SMART-UPS 1000VA LCD 230V'. Entity 2: 'Corsair ML140 140mm PWM Premium Magnetic Levitation Fan - Twin Pack'.,No,77969198#33078108_original
Do the two product descriptions refer to the same real-world product? Entity 1: 'Sigma 50mm F1.4 DG HSM Canon [ART]'. Entity 2: '0'.,Yes,28656579#3889666_left_original_right_augmented
Do the two product descriptions refer to the same real-world product? Entity 1: 'Cappello New Era Clean Trucker 2 NY 7ankees Cap'. Entity 2: 'G'.,Yes,39833087#64692163_both_augmented
Do the two product descriptions refer to the same real-world product? Entity 1: 'Cooler Master N300 Mesh ATX Case Black NSE-300-KKN1 | PCByte'. Entity 2: 'OKI 44992402 Style Black Compatible Toner'.,No,95251916#53081061_original
"Do the two product descriptions refer to the same real-world product? Entity 1: 'Gigabyte AMD Radeon RX 5500 XT OC 8GB GDDR6 RDNA PCIe 4.0 Graphics Card'. Entity 2: 'Jabra Biz 2400 II Mono 3-1, NC, 82 mic, QD'.",No,88855243#96888760_original
"Do the two product descriptions refer to the same real-world product? Entity 1: 'Razer Basilisk V2 Wired Ergonomic Gaming Mouse, 11 Programmable Buttons | RZ01-03160100-R3M1'. Entity 2: 'Razer Viper Mini Ultra-Lightweight USB RGB Optical Gaming Mouse (RZ01-03250100-R3M1)'.",No,39130017#48102422_original
"Do the two product descriptions refer to the same real-world product? Entity 1: '502HD PRO VIDEO HEAD WITH FLAT BASE'. Entity 2: 'Epson T0487 Multipack (Black, Cyan, Magenta, Yellow, Light Cyan, Light Magenta)'.",No,22563019#79707438_original
Do the two product descriptions refer to the same real-world product? Entity 1: 'Xerox 106R01162 OEM Toner Cartridge For Phaser 7760 Yellow - 25K'. Entity 2: 'AMD Ryzen 5 1500X Wraith Spire Cooler'.,No,7574514#20737266_original
Do the two product descriptions refer to the same real-world product? Entity 1: 'TUF GAMING X570-PLUS Desktop Motherboard - AMD Chipset - Socket AM4'. Entity 2: 'Samsung T7 Blue 2TB Portable SSD USB-C/A Gen2'.,No,90391225#98124674_original
Do the two product descriptions refer to the same real-world product? Entity 1: 'OKI 44992402 Style Black Compatible Toner'. Entity 2: 'Originln toner OKI 44992402 (ern)'.,Yes,53081061#54978736_original
Do the two product descriptions refer to the same real-world product? Entity 1: 'Evolis RCT023NAA Black Monochrome Ribbon'. Entity 2: 'EVOLIS RCT023NAA BLACK MONOCHROME RIBBON (2000 PRINTS)'.,Yes,70269940#6612505_original
"Do the two product descriptions refer to the same real-world product? Entity 1: 'Cooler Master MasterBox Lite 5 ATX Black Case, Window, NO PSU, USB 3. 0, Audio, Dark Front Panel, External 5. 25 \ "" Drive Bay'. Entity 2: 'Cooler Master MasterBox Lite 5 _ Tower Case'.",Yes,41570143#23276195_both_augmented
Do the two product descriptions refer to the same real-world product? Entity 1: 'Crystal Series 460X RGB Compact ATX Mid-Tower Case - CC-9011101-WW'. Entity 2: 'Corsair Crystal 460X RGB ATX Mid Tower Case - Black'.,Yes,53072167#11410512_original
"Do the two product descriptions refer to the same real-world product? Entity 1: 'Maxxis Minion DHR II 29\"" DD/3C/TR'. Entity 2: 'Reifen Maxxis 29x2.30 Minion DHR II DoubleDown'.",Yes,47784049#21658813_original
Do the two product descriptions refer to the same real-world product? Entity 1: 'Apple - AirPods with Wireless Charging Case (Latest Model) - White'. Entity 2: 'A pple AirPods with Wireless Char ging Case (2nd Generation) - White'.,Yes,35759560#40845396_left_original_right_augmented
Do the two product descriptions refer to the same real-world product? Entity 1: 'TAG Heuer Fprmula 1 Calibre 5 Men ' s Watch'. Entity 2: 'TAG Heuer Formula 1 43mm Mens Watch WAZ2011.BA0842'.,Yes,9242778#49810009_left_augmented_right_original
"Do the two product descriptions refer to the same real-world product? Entity 1: 'Ubiquiti UVC-G3-FLEX-3 UniFi Protect G3 FLEX Camera 3-Pack'. Entity 2: 'D-Link DGS-1210-28P 24-port 1Gb Smart Switch, 4x SFP, PoE'.",No,44557157#53464814_original
Do the two product descriptions refer to the same real-world product? Entity 1: 'TUF GAMING X570-PLUS Desktop Motherboard - AMD Chipset - Socket AM4'. Entity 2: 'ASUS Scheda Madre TUF GAMING X570-PLUS AMD'.,Yes,90391225#98857946_original
Do the two product descriptions refer to the same real-world product? Entity 1: 'Dymo 40913 Black On White - 9mm'. Entity 2: 'Genuine Dymo D1 Standard Label Cassette Tape 9mm x 7m - Black on White'.,Yes,46010816#18874158_original
Do the two product descriptions refer to the same real-world product? Entity 1: 'HDD 35 4TB Seagate IronWolf Pro NAS ST4000NE001'. Entity 2: 'Seagate IronWolf PRO 16TB NAS Professional'.,No,14654897#1329026_original
"Do the two product descriptions refer to the same real-world product? Entity 1: 'Western Digital Blue PC SSD 2.5\"" 7mm 250GB'. Entity 2: 'Western Digital Blue SSD 250GB SATA M.2 2280 WDS250G2B0B'.",No,34301207#22109936_original
"Do the two product descriptions refer to the same real-world product? Entity 1: 'BROTHER HL - L6200DW WIRELESSMONO LASER PR INTER WITH2 - Si ded PRINTI NG (46 PPM, 520 Sheets Paper. ..'. Entity 2: 'Brother HL-L6200DW Business Laser Printer'.",Yes,62578226#90603941_left_augmented_right_original
Do the two product descriptions refer to the same real-world product? Entity 1: 'FUJIFILM XF 8 - 16mm f / _. 8 R LM _ Lens'. Entity 2: 'Fujifilm XF 8-16mm F2.8 R LM WR Lens'.,Yes,21963707#1046934_left_augmented_right_original
"Do the two product descriptions refer to the same real-world product? Entity 1: 'ASUS GeFo rce RTX 2080 SUPER 8GB DUAL OC EVO'. Entity 2: 'GeForce RTX 2080 SUPER ™ Dual Evo OC 8GB (90YV0DJ0 - M0NM00) (NVIDIA, Grafikkarte )'.",Yes,29339493#50769372_both_augmented
Do the two product descriptions refer to the same real-world product? Entity 1: 'Tissot T - Sport Seastar 1000 Powermatic 80 T1204071704100 Watch'. Entity 2: 'TISSOT SEASTAR 1 000 POWERMATIC 80'.,Yes,70880620#962259_both_augmented
Do the two product descriptions refer to the same real-world product? Entity 1: 'Zebra 800011 - 101 ZXP Series 1 Ribbon ZXP Series 1 Load - N - Go Bla ck Mon ochrome Ribbon'. Entity 2: 'Zebra ZXP Series 1Black M onochrome Ribbon K - 1000 Prints 8000 11 - 101'.,Yes,41234714#92894304_both_augmented
Do the two product descriptions refer to the same real-world product? Entity 1: 'Daniel Wellington Mens Classic Sheffield 40mm Rose Gold Black DW00100007'. Entity 2: 'Cooler Master MasterBox Lite 5 Mid Tower Case'.,No,41987114#23276195_original
Do the two product descriptions refer to the same real-world product? Entity 1: 'Shimano XT M786 Direct Mount Shadow Plus SGS Long-Cage Rear Derailleur 10 Speed'. Entity 2: 'Omega Seamaster DIVER 300MOMEGA CO-AXIAL MASTER CHRONOMETER 42 MM'.,No,88865914#27449862_original
Do the two product descriptions refer to the same real-world product? Entity 1: 'Samsung C27F390FHU - Full HD Curved Monitor'. Entity 2: 'Atomos Coiled Full HDMI to Full HDMI Cable (30cm) - ATOMCAB010'.,No,69366044#56736608_original
"Do the two product descriptions refer to the same real-world product? Entity 1: 'Western Digital B lue PC SSD 2. 5 \ "" 7mm 25 0GB'. Entity 2: 'Western WDC) 250GB 2. 5 \ "" SATA SSD Blue 7mm Cased'.",Yes,34301207#62287971_both_augmented
"Do the two product descriptions refer to the same real-world product? Entity 1: '3M - Privacy filter framed lightweight 18,1\""\""-20\""\"" widescreen'. Entity 2: '3M - DESKTOP LCD LW FRAMED FILTER'.",No,32904204#1286250_original
"Do the two product descriptions refer to the same real-world product? Entity 1: 'Evans EC2 Clear Drum Head, 8 Inch'. Entity 2: 'Ubiquiti UniFi AC Pro 5-pack UAP-AC-PRO-5 Ubiquiti'.",No,47293324#91980346_original
Do the two product descriptions refer to the same real-world product? Entity 1: 'Samsung Portable SSD Touch 2TB - Zwart'. Entity 2: 'Samsung 9ortable SSD T7 Touch - Black - 2TB'.,Yes,23211539#30526558_both_augmented
Do the two product descriptions refer to the same real-world product? Entity 1: 'Corsair Vengeance LPX 16GB DDR4 2400MHz(CMK16GX4M1A2400C14)'. Entity 2: 'CORSAIR 8Gbx1 DDR4 3000Mhz Ram CMK8GX4M1D3000C16 VENGEANCE LPX Gaming RAM'.,No,31803140#50005399_original
"Do the two product descriptions refer to the same real-world product? Entity 1: 'TONER CANON CIAN CL707C 2.000 PAGINAS'. Entity 2: 'EPSON S042091 premium glossy photo paper 255g/m², A2/25vel'.",No,47317909#51946981_original
Do the two product descriptions refer to the same real-world product? Entity 1: 'Ubiquiti UniFi AP AC Pro Indoor / Outdoor Access Point 5 Pack'. Entity 2: 'CORSAIR 8Gbx1 DDR4 3000Mhz Ram CMK8GX4M1D3000C16 VENGEANCE LPX Gaming RAM'.,No,38546562#50005399_original
Do the two product descriptions refer to the same real-world product? Entity 1: 'INTEL CPU 10TH GEN COMET LAKE I7-10700KF 3.80GHZ LGA1200 16.00MB CACHE BOXED'. Entity 2: 'SanDisk Ultra SDXC Memory Card 100MBs Class 10 UHS-I 256GB'.,No,19006949#47282882_original
"Do the two product descriptions refer to the same real-world product? Entity 1: '4GB ValueRAM DDR3, 1600MHz, Non-ECC, Unbuffered, CL11, 1.5V, 240-pin DIMM, Singl'. Entity 2: 'ADAPTADOR INALAMBRICO TP-LINK/USB 2.0/N300/QSS/TL-WN821N'.",No,41253009#60088869_original
"Do the two product descriptions refer to the same real-world product? Entity 1: 'Intel Processor, Core i7-8700K 8th Gen'. Entity 2: 'Intel Core i7-8700K Coffee Lake 6-Core 3.7 GHz (4.7 GHz Turbo) LGA 1151 (300 Series) 95W BX80684I78700K Desktop Processor Intel UHD Graphics 630'.",Yes,43904710#95781094_original
"Do the two product descriptions refer to the same real-world product? Entity 1: 'Johnnie Walker Blue Label 0,7 ltr.'. Entity 2: 'Canon EF-M 18-150mm f/3.5-6.3 IS STM (Black)'.",No,81212084#40876435_original
"Do the two product descriptions refer to the same real-world product? Entity 1: 'Jabra BIZ 2400 II Duo - Mic. 82 NC, Wideband'. Entity 2: 'BIZ 2400 II Duo IP Flex'.",Yes,7383990#78989521_original
Do the two product descriptions refer to the same real-world product? Entity 1: 'Deore XT RD-M786-SGS - Shadow - rear derailleur'. Entity 2: 'Shimano 105 RD-R7000 GS Rear Derailleur'.,No,17172533#97940008_original
Do the two product descriptions refer to the same real-world product? Entity 1: 'CORSAIR Vengeance RGB Pro 16GB (2 x 8GB) 288-Pin DDR4 DRAM DDR4 3000 (PC4 24000) Desktop Memory Model CMW16GX4M2C3000C15W'. Entity 2: 'Corsair _ RGB Pro DDR4 3000MHz 16GB (2x8) Desktop _ White CMW16GX4M2C3000C15W | PCByte'.,Yes,27074490#23775322_left_original_right_augmented
Do the two product descriptions refer to the same real-world product? Entity 1: 'WD My Passport 4TB USB 3.0 + Etui'. Entity 2: 'WD HDD 4TB My Passport Black'.,Yes,52992150#72819377_original
Do the two product descriptions refer to the same real-world product? Entity 1: 'Crystal Series 460X RGB Compact ATX Mid-Tower Case - CC-9011101-WW'. Entity 2: 'SanDisk SDCZ60-064G-B35 Cruzer Glide USB Flash Drive USB 2.0 - 64 GB'.,No,53072167#64003605_original
Do the two product descriptions refer to the same real-world product? Entity 1: 'WD My Passport 4TB USB 3.0 + Etui'. Entity 2: 'WD HDD 4TB My Passport Black'.,Yes,52992150#72819377_original
Do the two product descriptions refer to the same real-world product? Entity 1: 'Samsung T7 Blue 2TB Portable SSD USB-C/A Gen2'. Entity 2: 'Samsung T7 [2TB] (Indigo Blue )'.,Yes,98124674#18327954_left_original_right_augmented
Do the two product descriptions refer to the same real-world product? Entity 1: 'Fujinon Lens XF 23mm F1 4 R'. Entity 2: 'FUJkFILM XF2W / 1. 4 XF 23mm f / 1. 4 R'.,Yes,27021728#54992750_both_augmented
"Do the two product descriptions refer to the same real-world product? Entity 1: 'Razer Basilisk V2 Wired Ergonomic Gaming Mouse, 11 Programmable Buttons | RZ01-03160100-R3M1'. Entity 2: 'RAZER MAMBA ELITE ERGONOMIC WIRED GAMING MOUSE'.",No,39130017#83362334_original
"Do the two product descriptions refer to the same real-world product? Entity 1: 'BenQ GW2480 23.8"" Full HD IPS Monitor'. Entity 2: 'Ernie Ball Hybrid Slinky 9-46'.",No,83555610#57255527_original
Do the two product descriptions refer to the same real-world product? Entity 1: 'DVR Hikvision TurboHD 4 canale DS-7204HQHI-K1'. Entity 2: '8CH HIKVISION 4MP DVR HDMI TURBO 1080P DS-7208HQHI-K1'.,No,10999896#18331466_original
Do the two product descriptions refer to the same real-world product? Entity 1: 'Park Tool PH - 1. 2 P - Handle with Holder'. Entity 2: 'Park Tool _ - 1. 2 _ - Handle Hex Wrench Set - Tool Set'.,Yes,22422851#12750791_both_augmented
Do the two product descriptions refer to the same real-world product? Entity 1: '32 Oz Mouth Wide With Flex Cap W32BTS001'. Entity 2: 'HYDRO FLASK HYDRO FLASK 32OZ WIDE MOUTH BOTTLE-BLACK'.,Yes,58893463#12190772_left_augmented_right_original
Do the two product descriptions refer to the same real-world product? Entity 1: 'Gigabyte AORUS GeForce RTX™ 2080 Ti XTREME 11G'. Entity 2: 'FUJIFILM Aspherical Super EBC XF 80mm f/2.8 R LM OIS WR Macro Lens'.,No,44884689#21075521_original
Do the two product descriptions refer to the same real-world product? Entity 1: 'KINGSTON 8GB 1600MHz DDR3 CL10 DIMM (Kit of 2) HyperX Fury Series'. Entity 2: 'Kingston 16GB/3333MHz DDR-4 HyperX Predator XMP (Kit! 2db 8GB) (HX433C16PB3K2/16) memória'.,No,78196838#38071613_original
Do the two product descriptions refer to the same real-world product? Entity 1: 'TISSOT SEAS%AR 1000 CHRONOGRAPH h120. 417. 17. 041. 00 (%120. 417. 17. 041. 00 )'. Entity 2: 'Tissot Seastar 1000 Men's Black Rubber Strap Watch'.,Yes,3495669#81870804_left_augmented_right_original
Do the two product descriptions refer to the same real-world product? Entity 1: 'Dymo 12mm Black On Red D1 Tape (45017)'. Entity 2: '_ 4500 TAPE BLACK / RED 45017'.,Yes,87459276#80725760_left_original_right_augmented
Do the two product descriptions refer to the same real-world product? Entity 1: 'SANDISK EXTREME PRO SDXC _ V30 UHS - I U3 - SDSDXXY - _ - GN4IN'. Entity 2: 'EXTREME PRO SDXC 256GB 170MB / S C10 U3'.,Yes,20900807#92318972_both_augmented
Do the two product descriptions refer to the same real-world product? Entity 1: 'Kingston Technology Canvas Select memory card 128 GB MicroSDXC Class 10 UHS-I'. Entity 2: 'TONERBROTHER ORIGINALE GIALLO TN-135Y'.,No,70702847#88286371_original
Do the two product descriptions refer to the same real-world product? Entity 1: 'DYMO 4500 TAPE BLACK/RED 45017'. Entity 2: 'Corsair Carbide SPEC-01 Tower Black'.,No,80725760#20467137_original
"Do the two product descriptions refer to the same real-world product? Entity 1: 'RAM Long Lenyth Double SocLet Arm for 1. 5 \ "" Balls'. Entity 2: 'RAM - 201U - D RAM - Size Double - Socket Long Arm with 1. - Inch Sockets'.",Yes,39417365#72558082_both_augmented
Do the two product descriptions refer to the same real-world product? Entity 1: 'No Break APC Smart - UPS 10Kva Mono230V - SRT 10KXLI'. Entity 2: 'APC Smart - UPS SRT _ SRT10KXLI'.,Yes,14418390#87076936_both_augmented
Do the two product descriptions refer to the same real-world product? Entity 1: 'SanDisk microSDHC 32GB 100 / 60 MB / A1 V30 GoPro'. Entity 2: '64GB SanDisk Extreme micro SD XC Memory Card V-Class 30 U3 4K Video A1 100MB/s'.,Yes,27429904#26502310_left_augmented_right_original
Do the two product descriptions refer to the same real-world product? Entity 1: 'Epson C13T603100 T6031 Black Ink 220ml'. Entity 2: 'Epson Stylus 9880 Pro Black Photo Ink'.,Yes,20060104#29467728_left_original_right_augmented
Do the two product descriptions refer to the same real-world product? Entity 1: 'Corsair 8GB (1x8GB) 2666MHz CL16 Vengeance LPX Black'. Entity 2: 'Corsair Vengeance LPX CMK8GX4M1A2666C16 8GB (1x8GB) 2666Mhz DDR4'.,Yes,82583255#50944416_original
"Do the two product descriptions refer to the same real-world product? Entity 1: 'Garmin Fenix 5S Plus GPS Watch SilFer with Black Band'. Entity 2: 'Ceas Garmin Garmin fenix5S Plus Silver, Black Band'.",Yes,7871753#65028129_left_augmented_right_original
Do the two product descriptions refer to the same real-world product? Entity 1: 'AMD RYZEN 5 2400G Quad-Core 3.6 GHz (3.9 GHz Max Boost) Socket AM4 65W YD2400C5FBBOX Desktop Processor'. Entity 2: 'AMD Ryzen 9 3900XT 12-Core 3.8 GHz Socket AM4 105W 100-100000277WOF Desktop Processor'.,No,73591660#44141044_original
"Do the two product descriptions refer to the same real-world product? Entity 1: 'Maxxis High Roller II 29"" WideTrail Tire - 3C MT DD / 2.5""'. Entity 2: 'Maxxis High Roller II MaxxTerra Tire (WT) (3C/EXO/TR) (27.5 x 2.40) (Folding)'.",No,20847407#41191422_original
Do the two product descriptions refer to the same real-world product? Entity 1: 'Samsung PORTABLE SSD T7 Touch 1TB Mobile External _ State'. Entity 2: 'Samsung T7 Touch Black 1TB Portable SSD with Fingerprint ID'.,Yes,93674071#66625804_left_augmented_right_original
Do the two product descriptions refer to the same real-world product? Entity 1: 'Headset Audio-Technica ATH-M50X'. Entity 2: 'Audio-Technica ATH-M50x Monitor Headphones - White'.,No,3764542#53737120_original
"Do the two product descriptions refer to the same real-world product? Entity 1: 'BenQ SW271 Pro 27in IPS LCD Monitor 4K UHD'. Entity 2: 'BenQ GW2480 23.8"" Full HD IPS Monitor'.",No,64016107#83555610_original
"Do the two product descriptions refer to the same real-world product? Entity 1: 'Samsung T5 external SSD Black 2TB, USB-C'. Entity 2: 'Boje Canon PG-545 BK 8ml'.",No,90945536#72838471_original
Do the two product descriptions refer to the same real-world product? Entity 1: 'Audio Technica ATH-M40x Professional Monitor Headphones'. Entity 2: 'Audio Technica ATH-M40x Professional Monitor Audiophile Headphones'.,Yes,52490674#82830386_original
Do the two product descriptions refer to the same real-world product? Entity 1: 'TP-Link T1700G-28TQ JetStream 24-Port Gigabit Stackable Smart Switch with 4 10GE SFP+ Slots'. Entity 2: 'SWITCH TP-LINK 24 PORT GIGA'.,No,58763783#31510768_original
"Do the two product descriptions refer to the same real-world product? Entity 1: 'DS-7208HUHI-K2-P Hikvision 8 Channel 5MP / 1080P HD-TVI Hybrid DVR with Power over Coax (PoC / Turbo4.0)'. Entity 2: 'DVR 8 canale, Turbo HD, 6MP, PoC, Hikvision DS-7208HQHI-K2-P'.",No,13887167#64536135_original
Do the two product descriptions refer to the same real-world product? Entity 1: 'Jabra BIZ 2400 Mark II - 3-in-1 Mono Headset'. Entity 2: 'J'.,Yes,81069691#96888760_left_original_right_augmented
Do the two product descriptions refer to the same real-world product? Entity 1: 'Jabra BIZ2300 2399 - 823 - 109 DUO MS'. Entity 2: 'J'.,Yes,5717009#13502365_both_augmented
"Do the two product descriptions refer to the same real-world product? Entity 1: '3M - PF19 PRIVACY FILTER BLACK FOR 19,0IN / 48,3 CM / 5:4IN ACCS'. Entity 2: '3M - PF27.0W9 PRIVACY FILTER BLACK FOR 27,0IN / 68,6 CM / 16:9IN ACCS'.",No,17629924#10719102_original
"Do the two product descriptions refer to the same real-world product? Entity 1: 'RAM-B-408-75-1-UN7U RAM Mounts X-Grip® Phone Mount with RAM® Torque™ Medium Rail Base'. Entity 2: 'RAM Mount Torque™ 3/4"" - 1"" Diameter Handlebar/Rail Base with 1"" Ball and X-Grip®'.",Yes,11763693#12109505_original
"Do the two product descriptions refer to the same real-world product? Entity 1: 'Ram Mount 2\"" Double Socket Arm for 1\"" Balls'. Entity 2: 'RAM Mount Double Socket Clamp Arm - SHORT - for 1.5\"" C Size Balls'.",No,93836358#77338417_original
Do the two product descriptions refer to the same real-world product? Entity 1: '502HD PRO VIDEO HEAD WITH FLAT BASE'. Entity 2: 'Manfrotto MVH502AH Fluid Video Head with MT055XPRO3 Tripod'.,Yes,22563019#48435137_original
Do the two product descriptions refer to the same real-world product? Entity 1: 'Miška Razer Viper Ultimate'. Entity 2: 'Raz4r Viper Ultimate & Mouse Dock'.,Yes,37387828#51033513_both_augmented
Do the two product descriptions refer to the same real-world product? Entity 1: 'Epson Cartuccia 79xl Magenta Originale per WF-5620 WF-5690 WF-4630 C13T79034010'. Entity 2: 'E'.,Yes,2314380#10385523_left_original_right_augmented
Do the two product descriptions refer to the same real-world product? Entity 1: 'TONERBROTHER ORIGINALE GIALLO TN-135Y'. Entity 2: 'TRAVELERS REFILL KRAFT PAPER NOTEBOOK 14365006-014'.,No,88286371#56619455_original
Do the two product descriptions refer to the same real-world product? Entity 1: 'Caixa Cooler_Master Caixa para PC NSE-300-KKN1'. Entity 2: 'HyperX 16GB (1x16GB) 3200MHz CL16 Fury'.,No,32763428#52993309_original
"Do the two product descriptions refer to the same real-world product? Entity 1: 'Epson Tinte T6164 Yellow, 53 ml'. Entity 2: 'Sunflower 32oz. Wide Mouth Water Bottle'.",No,27195828#46741147_original
Do the two product descriptions refer to the same real-world product? Entity 1: 'T'. Entity 2: 'ADATT. WIFI TP-LINK AC600 NANO WRLS USB'.,Yes,56034511#98430609_left_augmented_right_original
"Do the two product descriptions refer to the same real-world product? Entity 1: 'Maxxis High Roller II 27.5 x 2.5 Wide Trail 3C Maxx Terra EXO/TR Folding Mountainbike Tyre'. Entity 2: 'Maxxis Maxxis High Roller II Tire: 27. 5 x 2. 50 \ "", Folding, 60tpi, 3C MaxxTerra, , Wide Trail, Black'.",Yes,25025467#45946412_left_original_right_augmented
"Do the two product descriptions refer to the same real-world product? Entity 1: 'Boje Canon PG-545 BK 8ml'. Entity 2: 'Canon PG-545 Black Original Ink Cartridge, E Zezë'.",Yes,72838471#7383991_original
"Do the two product descriptions refer to the same real-world product? Entity 1: 'RAM Double U-Bolt Base with D Size 2.25\"" Ball for Rails from 0.75\"" to 1.25\"" in Diameter - RAM-D-235U'. Entity 2: 'RAM-B-149ZU - RAM Handlebar Rail Mount with Zinc Coated U-Bolt Base for Rails from 0.5\"" to 1.25\"" in Diameter'.",No,75462645#53660770_original
"Do the two product descriptions refer to the same real-world product? Entity 1: 'Life Extension Super Ubiquinol COQ10 with Enhanced Mitochondrial Support 100 mg, 60 Count'. Entity 2: 'SanDisk Extreme microSDHC 32GB 100/60 MB/s A1 V30 GoPro'.",No,8482438#27429904_original
Do the two product descriptions refer to the same real-world product? Entity 1: 'DJI Accessory CP. PT. 000562 6 Car Charger Retail'. Entity 2: 'DJI Mavic Pro automobilinis įkroviklis / Car Charger'.,Yes,58902636#18922461_left_augmented_right_original
"Do the two product descriptions refer to the same real-world product? Entity 1: 'Epson Tinte T6935 Matt Black UltraChrome, 350 ml'. Entity 2: 'Pen Drive SanDisk 16GB Cruzer Force USB 2.0'.",No,81408609#75249284_original
Do the two product descriptions refer to the same real-world product? Entity 1: 'Shimano Shimano Cs-R9100 Cassette 11-25 Dura-Ace 11-Speed'. Entity 2: 'Shimano Dura-Ace CS-R9100 Cassette 11-speed'.,No,31276154#14128915_original
Do the two product descriptions refer to the same real-world product? Entity 1: 'Canon 24-70mm f/2.8L II USM EF Lens'. Entity 2: 'AF - S NIKKOR FX 50mm F1. 8G Lens'.,Yes,12432797#32885383_left_original_right_augmented
"Do the two product descriptions refer to the same real-world product? Entity 1: 'D - Li nk DGS - 1210 - 28P'. Entity 2: 'D - Link DGS - 1210 - 28P 24 - port 1Gb Smart Switch, 4x SFP, PoE'.",Yes,37254069#53464814_both_augmented
Do the two product descriptions refer to the same real-world product? Entity 1: 'SanDisk CFast 2.0 64GB Extreme Pro Memory Card | Read 525 MB/s | Write 430MB/s | 4K Video'. Entity 2: 'Sandisk Extreme Pro 64GB CFast 2.0'.,Yes,81920536#87998765_original
"Do the two product descriptions refer to the same real-world product? Entity 1: 'APC - USV APC SMT1000RMI2UCSMARTUPS 1000VA LCD RM 2U 230V SmartC'. Entity 2: 'APC Smart - UPS SMT1000RMI2UC Noodstroomvoeding - 4x C13, USB, Rack Mountable, _, _'.",Yes,10937592#15267149_left_original_right_augmented
Do the two product descriptions refer to the same real-world product? Entity 1: 'Corsair 8GB (1x8 GB) 2666MHz CL16 Vengeance LPX Black'. Entity 2: 'Corsair Vengeance LPX CMK8GX4M1A2666C16 8GB (1x8GB) 2666Mhz DDR4'.,Yes,82583255#50944416_left_augmented_right_original
"Do the two product descriptions refer to the same real-world product? Entity 1: 'Sandisk Extreme Pro USB 3. 1 Solid State Flash Drive, 420MB /'. Entity 2: '128GB Pendrive SanDisk Extreme PRO SSD USB 3.1 420MB/s'.",Yes,38383881#93168786_left_augmented_right_original
Do the two product descriptions refer to the same real-world product? Entity 1: 'Blaze 4 Burner LTE Grill Built-In Natural Gas Grill with Lights'. Entity 2: 'B'.,Yes,43409810#49066670_left_original_right_augmented
Do the two product descriptions refer to the same real-world product? Entity 1: '502HD PRO VIDEO HEAD WITH FLAT BASE'. Entity 2: 'Manfrotto MVH502AH Fluid Head Video with MT055XPRO3 Tripod'.,Yes,22563019#48435137_left_original_right_augmented
Do the two product descriptions refer to the same real-world product? Entity 1: 'Samsung Portable SSD T7 Touch - Black - 2TB'. Entity 2: 'Samsung T7 Touch Portable SSD Drive [1TB](Silver)'.,No,30526558#48035811_original
Do the two product descriptions refer to the same real-world product? Entity 1: 'Ubiquiti UniFi G3 Bullet Video Camera'. Entity 2: 'Ubiquiti UVC-G3-BULLET (Formerly UVC-G3-AF) UniFi Video Camera G3 1080p PoE IP Camera'.,Yes,80529811#16871572_original
"Do the two product descriptions refer to the same real-world product? Entity 1: 'Samsung UH46F5 46\"" LED Full HD Nero display professionale'. Entity 2: 'Lacie 5TB USB-C Mobile Drive prenosni disk'.",No,35424032#48305046_original
"Do the two product descriptions refer to the same real-world product? Entity 1: 'Western Digital My PassPort, 4TB, BLACK3 Years - WDBYFT0040BBK-WESN'. Entity 2: 'TP-Link | AC1900 High Gain Dual Band Wifi Adapter | Wireless WiFi Network Adapter for PC (Archer T9UH)'.",No,11564664#98241359_original
Do the two product descriptions refer to the same real-world product? Entity 1: 'Buy Quality Replica Omega Seamaster Planet Ocean 600M Steel Chronometer Chronograph Watch 215.30.46.51.01.001'. Entity 2: 'APC Smart-UPS SRT 6000VA RM 230V'.,No,31531912#1017836_original
Do the two product descriptions refer to the same real-world product? Entity 1: '8CH HIKVISION 4MP DVR HDMI TURBO 1080P DS-7208HQHI-K1'. Entity 2: 'DS-7204HQHI-K1 Turbo HD DVR'.,No,18331466#69996428_original
Do the two product descriptions refer to the same real-world product? Entity 1: 'Traveler ' s Note book / Refill 001 / Lined Notebook'. Entity 2: '' s Company 001. LINED REFILL MIDORI TRAVELER ' NOTEBOOK'.,Yes,80500885#59585994_both_augmented
"Do the two product descriptions refer to the same real-world product? Entity 1: 'Samsung 970 EVO 500GB - NVMe PCIe M.2 2280 SSD | MZ-V7E500BW'. Entity 2: 'Samsung MZ-V7S500B/AM 970 EVO Plus M.2 Internal SSD, 500GB'.",No,57298257#20456341_original
Do the two product descriptions refer to the same real-world product? Entity 1: 'Samsung 970 EVO MZ-V7E1T0BW - Solid state drive - krypterat - 1 TB - inbyggd - M.2 2280 - PCI Express 3.0 x4 (NVMe) - 256 bitars AES - TCG Opal Encryption 2.0'. Entity 2: 'Samsung 1TB SSD 970 EVO NVMe M.2'.,Yes,37439609#7437957_original
Do the two product descriptions refer to the same real-world product? Entity 1: 'D1 - TAPE 24MM X _ BLACK ON WHITE IN'. Entity 2: '53713 dymo Black On White - 24mm'.,Yes,12772810#89243104_both_augmented
Do the two product descriptions refer to the same real-world product? Entity 1: 'MAXXIS AGGRESSOR 29X2.3 EXO/TR'. Entity 2: 'Western digital wd blue - hdd - 2 tb - interno - 3.5 - sata 6Gb/s - 5400 rpm - buffer: 64 mb'.,No,14639066#27923177_original
Do the two product descriptions refer to the same real-world product? Entity 1: 'Audio Technica ATH-M50xWH Professional Studio Monitor Headphones'. Entity 2: 'Audio - Technica ATH - M50x Monitor Headphones -'.,Yes,55918296#53737120_left_original_right_augmented
Do the two product descriptions refer to the same real-world product? Entity 1: 'Tissot T-Touch Expert Solar Men's Watch - T0914204605101'. Entity 2: 'Tissot T-Sport Seastar 1000 Chronograph Watch T1204171105100'.,No,57141050#48521210_original
Do the two product descriptions refer to the same real-world product? Entity 1: 'Epson Cartouche d ' en cre C13T865140 (T8651 )'. Entity 2: 'E'.,Yes,94512766#29914496_both_augmented
"Do the two product descriptions refer to the same real-world product? Entity 1: 'Samsung T5 external SSD Black 2TB, USB-C'. Entity 2: 'Samsung PortabIe SSD T5 - 2TB'.",Yes,90945536#6480791_left_original_right_augmented
"Do the two product descriptions refer to the same real-world product? Entity 1: 'Johnnie Walker - Blue Label _'. Entity 2: 'Johnnie _ Blue Label 0, 7 ltr.'.",Yes,24351127#81212084_both_augmented
Do the two product descriptions refer to the same real-world product? Entity 1: 'Audemars Piguet Royal Oak Offshore Selfwinding Chronograph Watch - 26470ST.OO.A099CR.01'. Entity 2: 'Cheap Replica Audemars Piguet Royal Oak Offshore Chronograph Watch 26470ST.OO.A099CR.01'.,Yes,93033011#30674519_original
"Do the two product descriptions refer to the same real-world product? Entity 1: 'WD MY PASSPORT- 1TB RED WORLDWIDE'. Entity 2: 'Hard Di sk D rive WD My Passport WDBYNN0010BRD, 1TB, USB 3. 0, rosu'.",Yes,92858368#67614478_left_original_right_augmented
Do the two product descriptions refer to the same real-world product? Entity 1: 'Kingston Pendrive DataTraveler 100 G3 256GB USB 3.0'. Entity 2: 'ASUS TUF X470 Plus Gaming with Aura Sync RGB LED lighting AM4 DDR4 HDMI DVI M.2 ATX Motherboard'.,No,66053411#38818158_original
Do the two product descriptions refer to the same real-world product? Entity 1: 'C'. Entity 2: 'Corsair - 01 Red LED Mid - Tower Case'.,Yes,20467137#88727182_both_augmented
Do the two product descriptions refer to the same real-world product? Entity 1: 'Crucial Crucial Memory 4GB DDR3L 1600 1.35V SODIMM Retail CT51264BF160BJ'. Entity 2: 'Memoire DDR3 So Dimm Crucial 4GB 1600 DDR3 MT / (S PC3 - 12800 )'.,Yes,36868284#62293619_left_original_right_augmented
Do the two product descriptions refer to the same real-world product? Entity 1: 'Sony FE 70 - 200 mm f / 4 OSS Lens'. Entity 2: 'Sony SEL-70200G FE 70-200 mm F4 Lens'.,Yes,36499924#28284405_left_augmented_right_original
Do the two product descriptions refer to the same real-world product? Entity 1: 'HyperX FURY Blue 4GB (1x4GB) 1600MHz DDR3 Memory'. Entity 2: 'MEMORIA DDR3 KINGSTON HYPERX FURY BLUE 4GB 1600MHZ'.,Yes,74756753#45145764_original
Do the two product descriptions refer to the same real-world product? Entity 1: 'Ubiquiti UniFi Video Camera G3 MICRO'. Entity 2: 'HyperX FURY - DDR3 - 8 GB: 2 x 4 GB - DIMM 240-pin - unbuffered'.,No,44763957#68731207_original
"Do the two product descriptions refer to the same real-world product? Entity 1: 'Swiss Military Hanowa Flagship 06-5161.2.04.007'. Entity 2: 'Asus ROG Strix X570-F GAMING Motherboard,DDR4, 3x PCIe x16, SATA III RAID, USB 3.2, GLAN, M.2, DisplayPort, HDMI, 8ch audio, ATX, scAM4, Ryzen | 90MB1160-M0EAY0'.",No,10214898#83211359_original
Do the two product descriptions refer to the same real-world product? Entity 1: 'TAG Heuer Automatic Chronograph Watch CBG2A1Z.BA0658'. Entity 2: 'Swiss Military Hanowa Swiss Military Hanowa Undercover Multifunction 06-4307.30.007'.,No,18137846#96142257_original
Do the two product descriptions refer to the same real-world product? Entity 1: 'W'. Entity 2: 'Wd Blue 3D Nand 250Gb Pc Ssd - Sata Iii 6Gb/S M.2 2280 Solid State Drive'.,Yes,22109936#87824933_left_augmented_right_original
Do the two product descriptions refer to the same real-world product? Entity 1: 'HP 300GB 6G SAS 15K rpm SFF (2.5-inch) SC Enterprise'. Entity 2: 'HP 300GB 6G SAS 10K rpm SFF (2.5-inch) SC Enterprise'.,No,35583855#79788718_original
Do the two product descriptions refer to the same real-world product? Entity 1: 'Epson Ink Cartridge - Matte Black 700ml'. Entity 2: 'Epson Ti nte matte schwarz 700ml f. 7900 / 9900'.,Yes,415992#23007161_left_original_right_augmented
Do the two product descriptions refer to the same real-world product? Entity 1: 'AF - FX S 24 - 85MM F3 5. - 4. 5G ED VR'. Entity 2: 'Nikon AF - S NIKKOR 24 - 85mm f / - 4. 5 G ED VR Lens'.,Yes,61306190#619357_both_augmented
Do the two product descriptions refer to the same real-world product? Entity 1: 'HP 900GB 6G SAS 10K 900 SAS MB 16 Cache. 2 5 - Inch Internal or Bare OEM Drives 619291 - B21'. Entity 2: '619291-B21 HP 900GB 6G SAS 10K rpm SFF (2.5-inch) Enterprise Hard Drive'.,Yes,66047716#47613152_left_augmented_right_original
Do the two product descriptions refer to the same real-world product? Entity 1: 'No Break APC Smart-UPS 10Kva Mono230V - SRT10KXLI'. Entity 2: 'APC Smart - UPS SRT _ SRT10KXLI'.,Yes,14418390#87076936_left_original_right_augmented
"Do the two product descriptions refer to the same real-world product? Entity 1: 'SanDisk 480GB SSD Plus int 2.5\"" SATA3 SSD (SDSSDA-480G-G26) (Local Warranty with 3years with Local Distributor)'. Entity 2: 'Corsair ML120 Pro LED, Red, 120mm Premium Magnetic Levitation Fan'.",No,49067884#11409646_original
Do the two product descriptions refer to the same real-world product? Entity 1: 'Brother HL-L6300DW Business Laser Printer for Mid-Size Workgroups -HL-L6300DW'. Entity 2: 'Brother HL-L6200DW Business Laser Printer'.,No,49605449#90603941_original
Do the two product descriptions refer to the same real-world product? Entity 1: 'APC Smart UPS SRT 6000VA / 230V On Line / Web Card - SRT6KRMXLI'. Entity 2: 'APC Smart-UPS SRT 6000VA RM 230V'.,Yes,84668470#1017836_original
Do the two product descriptions refer to the same real-world product? Entity 1: 'SanDisk SDCZ60-064G-B35 Cruzer Glide USB Flash Drive USB 2.0 - 64 GB'. Entity 2: 'SANDISK FLASH CRUZER GLIDE 64GB'.,Yes,64003605#47389275_original
Do the two product descriptions refer to the same real-world product? Entity 1: 'Traveler's Notebook Starter Kit (Passport Size) - Blue'. Entity 2: 'Pokemon Pokemon: Darkness Ablaze Bstr'.,No,47431263#57791020_original
Do the two product descriptions refer to the same real-world product? Entity 1: 'Sony - FE 50mm F1. 8 _ Lens (_ )'. Entity 2: 'Sony Alpha SEL50F18F FE 50mm / 1. 8'.,Yes,33206318#15880732_both_augmented
Do the two product descriptions refer to the same real-world product? Entity 1: 'TISSOT SEASTAR 1000 POWERMATIC 80'. Entity 2: 'Tissot Seastar 1000 Powermatic 80 T120.407.11.041.01'.,No,962259#1647419_original
"Do the two product descriptions refer to the same real-world product? Entity 1: 'Crucial CT51264BD160BJ 4GB DDR3L-1600 UDIMM Memory Module'. Entity 2: 'Johnnie Walker Blue Label 0,7 ltr.'.",No,81239989#81212084_original
Do the two product descriptions refer to the same real-world product? Entity 1: 'Hydro Flask 32 oz Wide Mouth Flex Cap Hibiscus'. Entity 2: 'Hydro Flask 32 oz. Wide Mouth 2.0 Flex Cap Hibiscus'.,Yes,35809370#50789754_left_augmented_right_original
Do the two product descriptions refer to the same real-world product? Entity 1: 'Asus ROG STRIX Z390-I Gaming (ROG STRIX Z390-I GAMING)'. Entity 2: 'AS US Scheda Madre ROG STRIX Z390 - I GAMING I ntel Z390'.,Yes,34689442#7931274_left_original_right_augmented
Do the two product descriptions refer to the same real-world product? Entity 1: 'Razer Viper Mini Optical Ambidextrous RGB Gaming Mouse'. Entity 2: 'Razer Viper Mini Ultra-Lightweight USB RGB Optical Gaming Mouse (RZ01-03250100-R3M1)'.,Yes,18147366#48102422_original
"Do the two product descriptions refer to the same real-world product? Entity 1: 'ASUS PRIME X570-PRO (AM4) (D) (90MB11B0-M0EAY0)'. Entity 2: 'Asus ROG Strix X570-F GAMING Motherboard,DDR4, 3x PCIe x16, SATA III RAID, USB 3.2, GLAN, M.2, DisplayPort, HDMI, 8ch audio, ATX, scAM4, Ryzen | 90MB1160-M0EAY0'.",No,77308213#83211359_original
Do the two product descriptions refer to the same real-world product? Entity 1: 'Sony - FE 50mm F1.8 Standard Lens (SEL50F18F)'. Entity 2: 'Sony Alpha SEL50F18F FE 50mm / 1. 8'.,Yes,33206318#15880732_left_original_right_augmented
"Do the two product descriptions refer to the same real-world product? Entity 1: 'Elixir 11152 Strings Acoustic 80/20 Bronze NANOWEB 12 String, Light'. Entity 2: 'Elixir 12-String Light 80/20 Bronze Nanoweb Acoustic'.",Yes,68527967#830512_original
Do the two product descriptions refer to the same real-world product? Entity 1: 'Daniel Wellington Horloge Classic Sheffield Rose DW001000E6'. Entity 2: 'Daniel Wellington Unisex Classic Sheffield Rose 36mm Gold Black DW00100036'.,Yes,26786850#35410623_both_augmented
Do the two product descriptions refer to the same real-world product? Entity 1: 'DJI Mavic Air Car C harger'. Entity 2: 'DJI Drone Accesso ry CP. PT. 00000120. 01 Mavic Air Part 4 Car Charger Ret ail'.,Yes,62242636#95052001_both_augmented
"Do the two product descriptions refer to the same real-world product? Entity 1: 'Evans 8\"" TT08EC2S Clear Drum Head'. Entity 2: 'Evans EC2 Clear Drum Head, 8 Inch'.",Yes,52799959#47293324_original
Do the two product descriptions refer to the same real-world product? Entity 1: 'T'. Entity 2: 'ASUS Scheda Madre TUF GAMING X570-PLUS AMD'.,Yes,90391225#98857946_left_augmented_right_original
"Do the two product descriptions refer to the same real-world product? Entity 1: 'WS-C2960-24TT-LCatalyst 2960 24 10/100 + 2 1000BT LAN Base Image'. Entity 2: 'SanDisk PLUS SSD Hard Drive 2.5´´ internal, 480 GB, SATA, Black'.",No,7979158#62318417_original
Do the two product descriptions refer to the same real-world product? Entity 1: 'Headset Audio-Technica ATH-M50X'. Entity 2: 'A'.,Yes,3764542#74908666_left_original_right_augmented
Do the two product descriptions refer to the same real-world product? Entity 1: 'KINGSTON MICRO SD CARD CANVAS SELECT PLUS 128GB 100MB/S LIMITED LIFETIME'. Entity 2: 'Cooler Master MasterBox Lite 5 Mid Tower Case'.,No,96712384#23276195_original
Do the two product descriptions refer to the same real-world product? Entity 1: 'Kingston Technology ValueRAM 4GB DDR3-1600 4GB DDR3 1600MHz memoria'. Entity 2: 'MEMORIA DDR3 KINGSTON HYPERX FURY BLUE 4GB 1600MHZ'.,No,40208952#45145764_original
"Do the two product descriptions refer to the same real-world product? Entity 1: 'Dymo Label Casette D1 (19mm x 7m - Black On White)'. Entity 2: 'Canon 6448B001 (CLI-251XL) Ink Cartridge, HY Black, OEM'.",No,35191236#80102860_original
"Do the two product descriptions refer to the same real-world product? Entity 1: 'ADATA SX8200 Pro 256GB M. 2 NVMe SSD PCIe Gen3x4 interface, sustained peak read / write speeds of 3500 / 1200MB per second'. Entity 2: 'XPG SX8200 Pro M.2 256 GB PCI Express 3.0 3D TLC NVMe'.",Yes,32979461#1237125_left_augmented_right_original
"Do the two product descriptions refer to the same real-world product? Entity 1: 'Seagate IronWolf 6TB 3,5'' 256MB ST6000VN0033'. Entity 2: 'Sony SEL-70200G FE 70-200 mm F4 Lens'.",No,59536106#28284405_original
Do the two product descriptions refer to the same real-world product? Entity 1: 'LACIE 2TB 2.5 MOBILE PORTABLE USB 3.0 MOON SILVER'. Entity 2: 'Disco Seagate Ironwolf Nas 10Tb Sata3 (St10000vn0008)'.,No,23605781#66564908_original
"Do the two product descriptions refer to the same real-world product? Entity 1: 'Corsair Carbide SPEC-OMEGA RGB Black ATX Cube Case, Tempered Glass Window, No PSU, 2x USB 3.0, HD Audio, 2x HD120 RGB Fan / Lighting Node PRO pre-installed'. Entity 2: 'Corsair Chassis, Carbide Series SPEC-OMEGA'.",Yes,97168711#70100785_original
"Do the two product descriptions refer to the same real-world product? Entity 1: 'Canon CLI - 251BK XL High - Ink Tank'. Entity 2: 'Canon 64 48B001 (CLI - 251XL) Ink C artridge, HY Black, OEM'.",Yes,12243414#80102860_both_augmented
Do the two product descriptions refer to the same real-world product? Entity 1: 'Razer DeathAdder V2 Ergonomic Wired Gaming Mouse (RZ01-03210100-R3M1) (Warranty 2years with Ban Leong)'. Entity 2: '(C13T693500) EPSONSCT3000 UltraChrome XD Matte Black'.,No,5964390#62891962_original
Do the two product descriptions refer to the same real-world product? Entity 1: 'Ubiquiti UniFi AP AC Pro Indoor / Outdoor Access Point 5 Pack'. Entity 2: 'UniFi ubiquiti AC Pro 5 pack - UAP - AC - PRO - 5 Ubiquiti'.,Yes,38546562#91980346_left_original_right_augmented
"Do the two product descriptions refer to the same real-world product? Entity 1: 'Disco Seagate Ironwolf _ 10Tb Sata3 (St10000vn0008 )'. Entity 2: 'NAS seagate HDD IronWolf - 3. 5 \ "" - GB 10000 - 7200 RPM ST10000VN0008'.",Yes,66564908#84977888_both_augmented
Do the two product descriptions refer to the same real-world product? Entity 1: 'Shimano HG701 Ultegra R8000 XT M8000 11 Speed Chain with Quick Link'. Entity 2: 'Sigma 35mm F1.4 DG Art HSM EOS Mount Lens'.,No,79148737#26301462_original
Do the two product descriptions refer to the same real-world product? Entity 1: 'Logitech C922 Pro Stream webcam + Tripod (price includes delivery)'. Entity 2: 'Access Point TP-Link 450MBPS TL-WA901ND Wireless'.,No,48658824#10373250_original
"Do the two product descriptions refer to the same real-world product? Entity 1: 'Seagate Ironwolf Pro 6TB (ST6000NE000)'. Entity 2: 'Seagate IronWolf 6TB 3,5'' 256MB ST6000VN0033'.",No,9513553#59536106_original
"Do the two product descriptions refer to the same real-world product? Entity 1: 'Evans - Clear EMAD Bass Batter, 20\""'. Entity 2: 'Evans EMAD2 Clear Bass Batter'.",No,62274139#63899324_original
"Do the two product descriptions refer to the same real-world product? Entity 1: 'Shimano Pedal PD-RS500 SL Black'. Entity 2: 'SHIMANO PD-R7000, 105, SPD-SL PEDAL.'.",No,48734649#70331081_original
Do the two product descriptions refer to the same real-world product? Entity 1: 'Daniel Wellington Classic Black CorGwall'. Entity 2: 'Daniel Wellington DW00100150 Classic Cornwall Rose 36mm Black'.,Yes,24561369#32867763_left_augmented_right_original
Do the two product descriptions refer to the same real-world product? Entity 1: 'FUJIFILM Super EBC XF 23mm f / 2 R - Black'. Entity 2: 'F'.,Yes,3348619#50156673_both_augmented
Do the two product descriptions refer to the same real-world product? Entity 1: 'Kingston StorageDataTraveler SEG G2 64GB USB 3.0 Metal'. Entity 2: 'Western Digital WD My Passport Portable HDD 4TB Black'.,No,69167600#68891313_original
Do the two product descriptions refer to the same real-world product? Entity 1: 'Shimano 105 R7000 Rear Derailleur - 11 Speed'. Entity 2: 'Shimano Cassette Ultegra R8000 11 Speed 11-28T'.,No,24791295#88957207_original
Do the two product descriptions refer to the same real-world product? Entity 1: 'Pokemon Sword & Shield Booster pack'. Entity 2: 'Pokemon TCG Rebel Clash Booster Pack'.,No,12194096#84465814_original
Do the two product descriptions refer to the same real-world product? Entity 1: 'Canon EF-S 18-200mm f/3.5-5.6 IS'. Entity 2: 'SANDISK EXTREME PRO SDXC 256GB 170MB/S C10 U3'.,No,28465006#92318972_original
"Do the two product descriptions refer to the same real-world product? Entity 1: 'Cartus toner Epson Discproducer PP-100AP, magenta'. Entity 2: 'Garmin fenix5 Gray Optic, Black band'.",No,30500904#53521572_original
"Do the two product descriptions refer to the same real-world product? Entity 1: '215.30.46.51.01.001 Omega Seamaster Planet Ocean Chronograph 45.5mm'. Entity 2: 'Epson T0487 Multipack (Black, Cyan, Magenta, Yellow, Light Cyan, Light Magenta)'.",No,30102415#79707438_original
Do the two product descriptions refer to the same real-world product? Entity 1: 'Samsung T7 Touch Black 1TB Portable SSD with Fingerprint ID'. Entity 2: 'Samsung T7 Touch Portable SSD Drive [1TB](Silver)'.,No,66625804#48035811_original
Do the two product descriptions refer to the same real-world product? Entity 1: 'Mavic 2 Part11 Car Charger'. Entity 2: 'DJI Mavic Air Car Charger'.,No,15306268#62242636_original
"Do the two product descriptions refer to the same real-world product? Entity 1: 'Sram Force22 PG-1170, 11sp cassette'. Entity 2: 'SRAM PG-1170 11-Speed Cassette (11-25T)'.",Yes,7883208#9767156_original
Do the two product descriptions refer to the same real-world product? Entity 1: 'APC - Schneider SMART-UPS 1000VA LCD 230V'. Entity 2: 'APC UPS 1KVA Tower UPS SMT1000I'.,Yes,77969198#89102922_original
Do the two product descriptions refer to the same real-world product? Entity 1: 'Epson WP4000/4500 Inkjet Cartridge High Yield Magenta. (Eiffel Tower) OEM: C13T70234010 EP48715'. Entity 2: 'Shimano CN-HG95 116 links chain'.,No,17128193#79851703_original
Do the two product descriptions refer to the same real-world product? Entity 1: 'Asus TUF X470-Plus Gaming Socket AM4 ATX AMD'. Entity 2: 'ASUS Scheda Madre TUF GAMING X570-PLUS AMD'.,No,36532408#98857946_original
Do the two product descriptions refer to the same real-world product? Entity 1: 'Epson Cartuccia 79xl Magenta Originale per WF-5620 WF-5690 WF-4630 C13T79034010'. Entity 2: 'Maintenance Unit Epson T6190 35000Pgs (C13T619000)'.,No,2314380#33609155_original
Do the two product descriptions refer to the same real-world product? Entity 1: 'Canon EF-M 18-150mm f/3.5-6.3 IS STM (Black)'. Entity 2: 'Canon EF - M 18 150mm - f / 3. 5 6 -. 3 IS STM Schwarz EU10'.,Yes,40876435#89258775_left_original_right_augmented
"Do the two product descriptions refer to the same real-world product? Entity 1: 'Epson A4/Premium Semiglossy Photo, 20 sheets'. Entity 2: 'Epson - Premium Semi-Gloss Photo Paper - A4 - 20 Fogli - C13S041332'.",Yes,33653915#27043300_original
Do the two product descriptions refer to the same real-world product? Entity 1: 'LOGITECH C922 PRO STREAM FULL HD WEBCAM (960-001090)-WRTY 1YR W/BANLEONG'. Entity 2: 'HPE 300GB 6G SAS 10K rpm SFF (2.5-inch) SC Enterprise 3yr Warranty HDD'.,No,29716234#87572356_original
Do the two product descriptions refer to the same real-world product? Entity 1: 'SRAM XG-1090 PowerDome-X 10sp Cassette'. Entity 2: 'Epson oryginalny tusz T2982 29 cyan'.,No,6403220#66191134_original
"Do the two product descriptions refer to the same real-world product? Entity 1: 'Blaze 40\"" Stainless Steel 5 Burner LTE Built-In Gas Grill w/ Rear Burner BLZ-5LTE2'. Entity 2: 'Blaze 40-Inch Cart For 5-Burner Grill, Cart Only'.",No,92704095#50775039_original
Do the two product descriptions refer to the same real-world product? Entity 1: 'Canon 24-70mm f/2.8L II USM EF Lens'. Entity 2: 'Canon EF 100mm F2.8 L IS USM Macro Lens'.,No,12432797#7274546_original
"Do the two product descriptions refer to the same real-world product? Entity 1: 'Genuine Epson C13T616400 Yellow Ink Cartridge (T6164YOEM)'. Entity 2: 'Tinte T6164 Yellow, 53 ml'.",Yes,75157949#27195828_left_original_right_augmented
Do the two product descriptions refer to the same real-world product? Entity 1: 'Seiko Mens Presage Automatic Blue Date Dial Stainless Steel Bracelet Watch SRPD41J1'. Entity 2: 'SEIKO Prospex Automatic Men's 45mm Diver Watch - SPB103J1 – Green Dial'.,No,12110339#59141538_original
Do the two product descriptions refer to the same real-world product? Entity 1: 'Router wifi archer _ ac1350 dual'. Entity 2: 'TP Link _ Wireless Dual Band Cable Router - _ | ARCHER C60'.,Yes,33671496#7737233_both_augmented
Do the two product descriptions refer to the same real-world product? Entity 1: '_ _ - Ace CS - R9100 Cassette 11 - speed'. Entity 2: 'Shimano Dura-Ace CS-R9100 11-28T 11sp Cassette'.,Yes,14128915#2158913_left_augmented_right_original
Do the two product descriptions refer to the same real-world product? Entity 1: 'Shimano BR-M9000 J04C Metal Finned Disc Pad'. Entity 2: 'Shimano Metal Disk Fren Balatası - Tech J04C'.,Yes,11542304#39085812_left_original_right_augmented
Do the two product descriptions refer to the same real-world product? Entity 1: 'Corsair 32GB DDR4 Vengeance LPX 2666MHz Memory Kit Black'. Entity 2: 'Fujifilm Instax Square Film (10 Pack)'.,No,25135333#47146148_original
Do the two product descriptions refer to the same real-world product? Entity 1: 'Seagate Ironwolf Pro 6TB (ST6000NE000)'. Entity 2: '8TB - Seagate Enterprise Ironwolf Pro SATA - ST8000NE001'.,No,9513553#83418921_original
Do the two product descriptions refer to the same real-world product? Entity 1: 'AMD - 3400G RYZEN5 3. 7GHz'. Entity 2: 'AMD Ryzen 5 3400G Desktop Processor 4 Cores up to 4.2GHz 6MB Cache AM4 Socket (YD3400C5FHBOX)'.,Yes,44025931#29685693_left_augmented_right_original
Do the two product descriptions refer to the same real-world product? Entity 1: 'Gigabyte Radeon RX 5500 XT OC 4GB GDDR6'. Entity 2: 'Gigabyte AMD Radeon RX 5500 XT OC 8GB GDDR6 RDNA PCIe 4.0 Graphics Card'.,No,6721540#88855243_original
Do the two product descriptions refer to the same real-world product? Entity 1: 'Western Digital Blue SSD 250GB SATA M.2 2280 WDS250G2B0B'. Entity 2: 'Asus MBTUF B450M-Plus Gaming / AM4 / B450 / m.2 / mATX'.,No,22109936#73315956_original
Do the two product descriptions refer to the same real-world product? Entity 1: 'Lacie 5TB USB-C Mobile Drive prenosni disk'. Entity 2: 'Ext. HDD LaCie Mobile Drive 2TB USB-C'.,No,48305046#81439789_original
"Do the two product descriptions refer to the same real-world product? Entity 1: 'Seagate 2TB FireCuda 3.5"" SATA 6Gb/s SSHD'. Entity 2: 'PKM - Pokémon - Sword & Shield - Rebel Clash Booster'.",No,90183159#4486003_original
"Do the two product descriptions refer to the same real-world product? Entity 1: 'RAM Double U-Bolt Base with D Size 2.25\"" Ball for Rails from 0.75\"" to 1.25\"" in Diameter - RAM-D-235U'. Entity 2: 'SanDisk Ultra SDXC Memory Card 100MBs Class 10 UHS-I 256GB'.",No,75462645#47282882_original
Do the two product descriptions refer to the same real-world product? Entity 1: 'Kappe New Era NY Yankees MLB 9Fifty Cap'. Entity 2: 'APC APCrbc110 Replacement Battery Cartridge #110'.,No,12959047#1644190_original
Do the two product descriptions refer to the same real-world product? Entity 1: 'SHIMANO XT CN-HG95 HG-X chain'. Entity 2: 'Shimano CN - HG95 links chain'.,Yes,63479109#79851703_left_original_right_augmented
Do the two product descriptions refer to the same real-world product? Entity 1: 'ZOTAC GeForce RTX 2060 SUPER AMP! 8GB 256Bit GDDR6'. Entity 2: 'ZOTAC Grafikkarte Gaming GeForce RTX 2060 SUPER AMP GB (ZT - T20610D - 10P )'.,Yes,76497591#19462081_left_original_right_augmented
Do the two product descriptions refer to the same real-world product? Entity 1: 'Piguet audemars Royal Offshore Oak Selfwinding Chronograph Watch - 26470ST. OO. A099CR. 01'. Entity 2: 'Cheap Replica Audemars P iguet Royal Oak Offshore Chronograph Watch 26470ST. OO. A09 9CR. 01'.,Yes,93033011#30674519_both_augmented
Do the two product descriptions refer to the same real-world product? Entity 1: 'Corsair 8GB (1x8GB) 2666MHz CL16 Vengeance LPX Black'. Entity 2: 'C'.,Yes,82583255#50944416_left_original_right_augmented
Do the two product descriptions refer to the same real-world product? Entity 1: 'Epson Premium Photo Paper 13x18cm'. Entity 2: 'Epson Papir P hoto Premium Glossy 13X18cm 30 - ark 255G'.,Yes,71230660#88168633_both_augmented
"Do the two product descriptions refer to the same real-world product? Entity 1: 'Corsair Crystal 460X RGB ATX Mid Tower Case - Black'. Entity 2: 'Nobreak APC Smart-UPS SURT 20kVA/16kW, 230V'.",No,11410512#19248199_original
Do the two product descriptions refer to the same real-world product? Entity 1: 'Jabra BIZ 2300 USB MS Mono - headset'. Entity 2: 'Jabra BIZ2300 2399-823-109 DUO USB Headset MS'.,No,3736831#5717009_original
Do the two product descriptions refer to the same real-world product? Entity 1: 'Jabra EVOLVE 65 UC Mono (6593-829-409)'. Entity 2: 'JABRA EVOLVE 20 UC Mono'.,No,48580118#53905543_original
Do the two product descriptions refer to the same real-world product? Entity 1: 'Corsair 110R Tempered Glass Mid-Tower ATX Case'. Entity 2: 'Carbide 175R RGB Windowed Mid-Tower Case Tempered Glass'.,No,58755004#2952392_original
Do the two product descriptions refer to the same real-world product? Entity 1: 'LOGITECH 1280 X 720PIXELS USB 2. 0 BLACK WEBCAM'. Entity 2: 'LOGITECH C270 HD 720P'.,Yes,24557096#80963811_both_augmented
"Do the two product descriptions refer to the same real-world product? Entity 1: 'CORSAIR - Crystal 680X RGB White High Airflow, Tempered Glass'. Entity 2: 'Obudowa Corsair Crystal 680X RGB High Airflow TG White (CC-9011169-WW)'.",Yes,11149251#41704902_original
Do the two product descriptions refer to the same real-world product? Entity 1: 'Memoire DDR3 Crucial 4GB DDR3 1600 MT/S (PC3-12800)'. Entity 2: 'Fujifilm XF 80mm f2.8 R LM WR Macro Lens'.,No,48138837#11676180_original
"Do the two product descriptions refer to the same real-world product? Entity 1: 'Catalyst 2960-X 24 GigE PoE 370W, 2 x 10G SFP+, LAN Base'. Entity 2: 'Asus PRIME B450-PLUS AM4 DDR4 ATX Motherboard'.",No,45014189#34168295_original
"Do the two product descriptions refer to the same real-world product? Entity 1: 'P'. Entity 2: 'TCG pokémon: Sword & Shield - Clash Rebel 3 Booster Packs, Coin & Rayquaza Promo Card'.",Yes,17465629#79334302_both_augmented
Do the two product descriptions refer to the same real-world product? Entity 1: 'Fujifilm FUJINON XF-56mm f1.2'. Entity 2: 'Fuji Fuji Instax Square Film 1-Pack'.,No,88398980#88773659_original
Do the two product descriptions refer to the same real-world product? Entity 1: 'Epson T6923 Ultrachrome XD rautt Ink 110ml'. Entity 2: 'Epson Singlepack UltraChrome XD MagentaT692300(110ml)'.,Yes,36985401#93770909_original
"Do the two product descriptions refer to the same real-world product? Entity 1: '16TB IronWolf Pro ST16000NE000, 7200 RPM, SATA 6Gb/s, 256MB cache, 3.5-Inch HDD'. Entity 2: 'Seagate 2TB FireCuda 3.5"" SATA 6Gb/s SSHD'.",No,26425849#90183159_original
Do the two product descriptions refer to the same real-world product? Entity 1: 'Dron DJI Mavic 2 Pro'. Entity 2: 'DJI DJI | Mavic Mini Drone Fly More Combo'.,No,83992680#7736538_original
"Do the two product descriptions refer to the same real-world product? Entity 1: 'MONITOR SAMSUNG C27F390 27\"" 1920x1080 4MS USB HDMI CURVO NEGRO'. Entity 2: 'Samsung C27F390FHU - Full HD Cur ved Monitor'.",Yes,22770211#69366044_left_original_right_augmented
Do the two product descriptions refer to the same real-world product? Entity 1: 'U'. Entity 2: 'Ubiquiti Networks UVC-G3-LED security camera accessory'.,Yes,12164188#34583798_left_augmented_right_original
Do the two product descriptions refer to the same real-world product? Entity 1: 'Genuine Dymo D1 Standard Label Cassette Tape 9mm x 7m - Black on White'. Entity 2: 'TP-Link TL-WN725N Nano Wireless USB Adapter'.,No,18874158#22685310_original
Do the two product descriptions refer to the same real-world product? Entity 1: 'Fujifilm Instax Mini Rainbow (10 sheets) Film'. Entity 2: 'Canon 24-70mm f/2.8L II USM EF Lens'.,No,67556867#12432797_original
"Do the two product descriptions refer to the same real-world product? Entity 1: 'Life Extension Super Ubiquinol COQ10 with Enhanced Mitochondrial Support 100 mg, 60 Count'. Entity 2: 'Kappe New Era NFL New Orleans Saints 9Fifty Cap'.",No,8482438#56475885_original
Do the two product descriptions refer to the same real-world product? Entity 1: 'SanDisk SDCZ60 - 064G - B35 Cruzer USB Flash Drive USB. 0 - 64 GB'. Entity 2: 'SANDISK FLASH CRUZER _ 64GB'.,Yes,64003605#47389275_both_augmented
Do the two product descriptions refer to the same real-world product? Entity 1: 'Garmin Fenix 5X Sapphire Black Strap 010 - 01989 - 01'. Entity 2: 'Fenix 5X P lus GPS Black Smartwatch'.,Yes,52404977#18346724_both_augmented
Do the two product descriptions refer to the same real-world product? Entity 1: 'Kingston 256GB DataTraveler 100 G3 (USB 3.0)'. Entity 2: 'Kingston Pendrive DataTraveler _ G3 256GB USB 3. 0'.,Yes,8565641#66053411_left_original_right_augmented
Do the two product descriptions refer to the same real-world product? Entity 1: 'PH-GTX1660S-O6G 6 GB Geforce GTX 1660 Super Overclocked Phoenix Fan Edition Hdmi DP Dvi Graphics Card'. Entity 2: 'Asus Dual GeForce GTX 1660 6GB OC Edition GDDR5 EVO Graphics Card | 90YV0D11-M0NA00'.,No,87637930#712313_original
Do the two product descriptions refer to the same real-world product? Entity 1: 'Ubiquiti UniFi Video Camera G3 1080P 802.3af IP UVC-G3-BULLET-3 3 Pack (No PoE Injectors)'. Entity 2: 'maintenance kit EPSON Business Inkjet B300/310/B500DN/B510DN (´odpad. nadoba´)'.,No,58970863#93094504_original
Do the two product descriptions refer to the same real-world product? Entity 1: 'DVR Hikvision TurboHD 4 canale DS-7204HQHI-K1'. Entity 2: 'DS - 7204HQHI - K1 T urbo HD DVR'.,Yes,10999896#69996428_left_original_right_augmented
Do the two product descriptions refer to the same real-world product? Entity 1: 'Seagate IronWolf PRO 16TB NAS Professional'. Entity 2: 'Disco Seagate Ironwolf Nas 10Tb Sata3 (St10000vn0008)'.,No,1329026#66564908_original
Do the two product descriptions refer to the same real-world product? Entity 1: 'Relógio Swiss Military Hanowa06-4307.30.007 Undercover Multifunction'. Entity 2: 'Samsung Portable SSD T7 Touch 1TB - Zilver'.,No,31373426#5603029_original
Do the two product descriptions refer to the same real-world product? Entity 1: 'ASUS Radeon RX 5500 XT DUAL EVO 8GB'. Entity 2: 'ASUS Radeon RX 5700 XT TUF OC 8GB GDDR6'.,No,83724071#29064292_original
"Do the two product descriptions refer to the same real-world product? Entity 1: 'Apple 10. 5 - incJ iPad Air Wi ‑ Fi W56GB - Silver - MUUR2FD / A'. Entity 2: 'Apple iPad Air Wi-Fi 256 GB Silver - 10.5\"" Tablet - A12 26.67cm-Display'.",Yes,30419251#30143469_left_augmented_right_original
"Do the two product descriptions refer to the same real-world product? Entity 1: 'Ubiquiti Un iFi CloudKey Gen2 Plus'. Entity 2: 'UCK-G2-PlusUbiquiti Unifi Cloud Key, G2, with HDD'.",Yes,14628836#15168588_left_augmented_right_original
Do the two product descriptions refer to the same real-world product? Entity 1: 'Razer DeathAdder Ergonomic V2 Wired Gaming Mouse (RZ01 - 03210100 -) R3M1 (Warranty with 2years Ban Leong )'. Entity 2: 'Razer DeathAdder V2 mouqe USB Tupe - A Right - hand'.,Yes,5964390#94739264_both_augmented
Do the two product descriptions refer to the same real-world product? Entity 1: 'Cisco Ca talyst 2960 - Plus 4 8TC - L - switch - 48 ports - managed - rack - mounta'. Entity 2: 'Catalyst 2960 Plus 48 10 / _ +'.,Yes,84899710#66810868_both_augmented
"Do the two product descriptions refer to the same real-world product? Entity 1: 'LaCie Mobile Drive 2,5"" 5 TB Moon Silver USB 3.1 Gen 2'. Entity 2: 'Lacie 5TB USB-C Mobile Drive prenosni disk'.",Yes,5312650#48305046_original
"Do the two product descriptions refer to the same real-world product? Entity 1: 'Maxxis, Maxxis Roller High, II Tire, 27. 5 ' ' x2. 30, Folding, Tubeless Ready, Dual, EXO, 60TPI, Black'. Entity 2: 'Maxxis High Roller II 650b 27.5\"" Dual Compound EXO Folding Tubeless Ready Mountain Bike Tyre'.",Yes,79821099#70403624_left_augmented_right_original
Do the two product descriptions refer to the same real-world product? Entity 1: 'Asus Radeon Dual Evo RX5500 XT 8gb Gddr6 Version OC'. Entity 2: 'ASUS Radeon RX 5500 XT DUAL EVO 8GB'.,Yes,51683015#83724071_original
Do the two product descriptions refer to the same real-world product? Entity 1: 'Shimano R5R0 SPD - SL Pedals - Black'. Entity 2: 'Shimano PD-R550 SPD-SL Resin Pedal'.,Yes,26049981#79232921_left_augmented_right_original
Do the two product descriptions refer to the same real-world product? Entity 1: 'LOGITECH Logitech USB Headset H390'. Entity 2: 'Logitech H650e USB PC Headset'.,No,57337098#43189520_original
"Do the two product descriptions refer to the same real-world product? Entity 1: 'Samsung 50\"" 4K UHD HDR QLED Smart TV (QN50Q60TAFXZC)'. Entity 2: '4'.",Yes,16855766#29825517_left_original_right_augmented
Do the two product descriptions refer to the same real-world product? Entity 1: 'Fujifilm Instax Mini Rainbow (10 sheets) Film'. Entity 2: 'Fujifilm Instax mini Rainbow film 10 pack'.,Yes,67556867#46246978_original
Do the two product descriptions refer to the same real-world product? Entity 1: 'Razer DeathAdder V2 Ergonomic Wired Gaming Mouse (RZ01-03210100-R3M1) (Warranty 2years with Ban Leong)'. Entity 2: 'Intel Core i3-7100 Dual-Core 3.9GHz LGA1151 (BX80677I37100)'.,No,5964390#56383083_original
Do the two product descriptions refer to the same real-world product? Entity 1: 'TAG Heuer Automatic Chronograph Watch CBL2111.FC6453'. Entity 2: 'Genuine Canon PGI-29 Grey Ink Cartridge (PGI29GOEM)'.,No,13718289#96677424_original
Do the two product descriptions refer to the same real-world product? Entity 1: 'D ymo 53718 Black On Yellow - 24mm'. Entity 2: 'GENUINE Dymo 24mm x 7m Black on Yellow Label Tape Roll SD53718'.,Yes,9746845#72314218_left_augmented_right_original
"Do the two product descriptions refer to the same real-world product? Entity 1: 'BenQ SW2700PT 27in QHD Professional AdobeRGB Monitor'. Entity 2: 'BenQ LCD SW2700PT 27\"" W/IPS LED/2560x1440/5ms/DVI-DL/HDMI/2xUSB3.0/Flicker-free/VESA 9H.LDKLB.QBE'.",Yes,62842391#32701286_original
Do the two product descriptions refer to the same real-world product? Entity 1: 'Router wifi archer c60 ac1350 dual'. Entity 2: 'TP Link _ Wireless Dual Band Cable Router - _ | ARCHER C60'.,Yes,33671496#7737233_left_original_right_augmented
Do the two product descriptions refer to the same real-world product? Entity 1: 'M'. Entity 2: 'MVH500AH FLUID VIDEO HEAD W/FLAT BASE'.,Yes,64607522#91625850_left_augmented_right_original
Do the two product descriptions refer to the same real-world product? Entity 1: 'SanDisk Extreme microSDHC 32GB 100/60 MB/s A1 V30 GoPro'. Entity 2: 'Canon CLI-251BK XL High-Capacity Black Ink Tank'.,No,27429904#12243414_original
"Do the two product descriptions refer to the same real-world product? Entity 1: '5071 25 - B21 HP 146 - GB 6G 10K 2. 5 DP SAS HDD'. Entity 2: 'Hewlett Packard Enterprise HDD 146GB 10K SAS 2, 5INCH (B21 )'.",Yes,43481409#75431386_both_augmented
Do the two product descriptions refer to the same real-world product? Entity 1: 'Intel Core i7 9700F 9th Gen Desktop Processor/CPU Retail - No iGPU'. Entity 2: 'TAG Heuer Monaco Men's Blue Leather Strap Watch'.,No,27468857#70665219_original
Do the two product descriptions refer to the same real-world product? Entity 1: 'Swiss Military Hanowa Immersion 06-4226.30.003.03'. Entity 2: 'Crucial 4GB DDR4-2666 SODIMM | CT4G4SFS8266 | Crucial UK'.,No,58599683#61869387_original
Do the two product descriptions refer to the same real-world product? Entity 1: 'Gigabyte GeForce RTX 2060 SUPER 8GB Aorus'. Entity 2: 'Gigabyte Nvidia RTX 2060 SUPER Aorus OC 8Gb GDDR6'.,Yes,8882504#75255299_original
Do the two product descriptions refer to the same real-world product? Entity 1: 'EVOLIS RCT023NAA BLACK MONOCHROME RIBBON (2000 PRINTS)'. Entity 2: 'Zebra 800015-101 Black Monochrome Ribbon - 1000 Prints'.,No,6612505#30102088_original
Do the two product descriptions refer to the same real-world product? Entity 1: '' d addario XTAPB1356XT Acoustic strings set Phosphor Bronze 13 Medium - 56'. Entity 2: 'D ' Ad dario XT Acoustic Phos phor Bronze Medium Guitar Strings 13 - 56'.,Yes,31149803#52948864_both_augmented
Do the two product descriptions refer to the same real-world product? Entity 1: 'Asus PRIME B450-PLUS(PRIME B450-PLUS)'. Entity 2: 'Asus MBTUF B450M-Plus Gaming / AM4 / B450 / m.2 / mATX'.,No,40617635#73315956_original
"Do the two product descriptions refer to the same real-world product? Entity 1: 'SanDisk Ultra Flair 32GB USB 3.0 Pen Drive'. Entity 2: 'SanDisk USB 3. 0 Flash Drive Ultra Flair 32 GB,'.",Yes,54818129#51823526_left_original_right_augmented
Do the two product descriptions refer to the same real-world product? Entity 1: 'Corsair 32GB DDR4 Vengeance LPX 2666MHz Memory Kit Black'. Entity 2: 'Corsair Vengeance LPX CMK8GX4M1A2666C16 8GB (1x8GB) 2666Mhz DDR4'.,No,25135333#50944416_original
"Do the two product descriptions refer to the same real-world product? Entity 1: 'Maxxis Maxxis Minion DHR II Tire: 29 x 2.40"", Folding, 60tpi, 3C MaxxGrip 2- Ply, Tubeless Ready, Wide Trail, Black'. Entity 2: 'Maxxis Maxxis, Minion DHR2, Tire x2. 40, Folding, Tubeless Ready, 3C Maxx Grip, 2 - ply, Wide Trail, 60TPI, Black'.",Yes,22007806#12389785_left_original_right_augmented
Do the two product descriptions refer to the same real-world product? Entity 1: 'FUJIFILM Aspherical _ _ XF 80mm f / 2. 8 R LM OIS WR Macro Lens'. Entity 2: 'Fujifilm XF 80mm f2.8 R LM WR Macro Lens'.,Yes,21075521#11676180_left_augmented_right_original
Do the two product descriptions refer to the same real-world product? Entity 1: 'Omega Seamaster Planet Ocean 600m Co - Axial Master Chronometer GMT 45. 5mm 92. 46. 22. 01. 004) ETNZ Deep Black'. Entity 2: 'Omega Seamaster Planet Ocean 600m Co-Axial Master Ceramic 215.92.46.22.01.004 Black Dial Replica'.,Yes,57083116#1515409_left_augmented_right_original
Do the two product descriptions refer to the same real-world product? Entity 1: 'ZOTAC GeForce RTX 2060 SUPER AMP! 8GB GDDR6 256Bit'. Entity 2: 'ZOTAC Grafikkarte Gaming GeForce RTX 2060 SUPER AMP GB (ZT - T20610D - 10P )'.,Yes,76497591#19462081_both_augmented
Do the two product descriptions refer to the same real-world product? Entity 1: 'JABRA EVOLVE UC Stereo'. Entity 2: 'EVOLVE 20 Wired Stereo Headset - Over - the - head - Supra - aural'.,Yes,63984980#31177984_both_augmented
Do the two product descriptions refer to the same real-world product? Entity 1: 'Epson Premium Glossy Photo Paper 13x18cm'. Entity 2: 'Epson Papir P hoto Premium Glossy 13X18cm 30 - ark 255G'.,Yes,71230660#88168633_left_original_right_augmented
"Do the two product descriptions refer to the same real-world product? Entity 1: 'Corsair Carbide SPEC-OMEGA RGB Black ATX Cube Case, Tempered Glass Window, No PSU, 2x USB 3.0, HD Audio, 2x HD120 RGB Fan / Lighting Node PRO pre-installed'. Entity 2: 'SRAM Disc Brake Pad Set Organic Compound'.",No,97168711#18915981_original
Do the two product descriptions refer to the same real-world product? Entity 1: 'ASUS TUF Gaming TUF 3-RX5700XT-O8G-GAMING Radeon RX 5700 XT 8 GB GDDR6'. Entity 2: 'WD MY PASSPORT- 1TB RED WORLDWIDE'.,No,67318157#92858368_original
Do the two product descriptions refer to the same real-world product? Entity 1: 'Brother HL-L8360CDW Laser Printer'. Entity 2: 'Brother HL-L5200DW S/W- Laserdrucker'.,No,5137860#97987485_original
"Do the two product descriptions refer to the same real-world product? Entity 1: 'RAM® 3\"" Double Ball Arm for 1.5\"" Ball'. Entity 2: 'RAM Mounts short arm for 1\"" ball'.",No,61794834#94106554_original
Do the two product descriptions refer to the same real-world product? Entity 1: 'Tarjeta Gráfica Gigabyte RTX 2080 Ti XTREME 11 Gb'. Entity 2: 'Gigabyte AORUS GeForce RTX ™ 2 080 Ti XTREME 11G'.,Yes,46578488#44884689_left_original_right_augmented
Do the two product descriptions refer to the same real-world product? Entity 1: 'A'. Entity 2: 'ASUS Scheda Madre ROG STRIX Z390-I GAMING Intel Z390'.,Yes,34689442#7931274_left_augmented_right_original
Do the two product descriptions refer to the same real-world product? Entity 1: 'XPG SX6000 Lite internal solid state drive 1000 GB PCI Express 3.0 3D TLC NVMe M.2 SSD'. Entity 2: 'SanDisk SD Extreme V30 U3 UHS-I C10 - 128GB'.,No,16403660#24802094_original
Do the two product descriptions refer to the same real-world product? Entity 1: 'Nikon AF-S NIKKOR 24-85mm f/3.5-4.5 G ED VR Lens'. Entity 2: 'Sony E 30mm f/3.5 Macro Lens'.,No,619357#15648_original
"Do the two product descriptions refer to the same real-world product? Entity 1: 'HDD 35 4TB Seag ate IronWolf Pro NAS ST4000NE001'. Entity 2: 'HD 3, 5 4TB 7100RPM IRONWOLF PRO 128 MB DATA3 SEAGATE'.",Yes,14654897#36425270_both_augmented
Do the two product descriptions refer to the same real-world product? Entity 1: 'Shimano R550 SPD-SL Pedals - Black'. Entity 2: 'Shimano PD-R550 SPD-SL Resin Pedal'.,Yes,26049981#79232921_original
Do the two product descriptions refer to the same real-world product? Entity 1: 'Cisco Catalyst 2960-Plus 48TC-L - switch - 48 ports - managed - rack-mounta'. Entity 2: 'Catalyst 2960 Plus 48 10/100 +'.,Yes,84899710#66810868_original
"Do the two product descriptions refer to the same real-world product? Entity 1: 'Corsair ML120 Pro LED, Red, 120mm Premium Magnetic Levitation Fan'. Entity 2: 'Corsair ML120 Pro LED 120mm Premium Mag - Lev'.",Yes,11409646#8298432_left_original_right_augmented
"Do the two product descriptions refer to the same real-world product? Entity 1: 'Hard disk server HP Hot-Plug SC Enterprise SAS 6G 900GB 10000 RPM 2.5""'. Entity 2: 'HP 300GB 6G SAS 10K rpm SFF (2.5-inch) SC Enterprise'.",No,50007186#79788718_original
Do the two product descriptions refer to the same real-world product? Entity 1: 'Samsung 970 EVO Plus MZ-V7S250BW / Solid state drive / encrypted / 250GB / internal / M.2 2280 / PCI Express 3.0 x4 (NVMe) / buffer: 512 MB / 256-bit AES / TCG Opal Encryption | MZ-V7S250BW'. Entity 2: 'Samsung 970 EVO MZ-V7E1T0BW - Solid state drive - krypterat - 1 TB - inbyggd - M.2 2280 - PCI Express 3.0 x4 (NVMe) - 256 bitars AES - TCG Opal Encryption 2.0'.,No,62631842#37439609_original
"Do the two product descriptions refer to the same real-world product? Entity 1: 'GARMIN FENIX 5 G RAY BLACK 010 - 01688 - 00'. Entity 2: 'Garmin fenic5 Gray Optic, Black band'.",Yes,13174650#53521572_both_augmented
Do the two product descriptions refer to the same real-world product? Entity 1: 'Traveler's Company 001. LINED REFILL MIDORI TRAVELER'S NOTEBOOK'. Entity 2: 'Traveler's Notebook Refill - Sketch Paper'.,No,59585994#10557104_original
"Do the two product descriptions refer to the same real-world product? Entity 1: 'S amsung MZ - V7S500B / AM 970 EVO Plus M. 2 I nternal SSD, 500GB'. Entity 2: 'SAMSUNG 970 EVO PLUS M.2 2280 500GB PCIe Gen 3.0 x4, NVMe 1.3 V-NAND 3-bit MLC Internal Solid State Drive (SSD) MZ-V7S500B/AM'.",Yes,20456341#3223487_left_augmented_right_original
Do the two product descriptions refer to the same real-world product? Entity 1: 'SRAM Disc Brake Pad Organic Hrd'. Entity 2: 'Logitech 3.5 mm Analog Stereo Headset H151 with Boom Microphone - Black'.,No,82531103#46809516_original
Do the two product descriptions refer to the same real-world product? Entity 1: 'Samsung 970 EVO Plus MZ-V7S250BW / Solid state drive / encrypted / 250GB / internal / M.2 2280 / PCI Express 3.0 x4 (NVMe) / buffer: 512 MB / 256-bit AES / TCG Opal Encryption | MZ-V7S250BW'. Entity 2: 'Samsung 970 EVO Plus 250GB SSD'.,Yes,62631842#9016004_original
Do the two product descriptions refer to the same real-world product? Entity 1: 'AAA Replica Audemars Piguet Royal Oak Chronograph Black Dail Watch 26331ST.OO.1220ST.02'. Entity 2: 'Pre-Owned Audemars Piguet Royal Oak Chronograph 26331ST.OO.1220ST.03'.,No,31558480#45759535_original
"Do the two product descriptions refer to the same real-world product? Entity 1: 'RAM Torque 28mm-38mm Handlebar & Rail Base 1.5\"" Ball'. Entity 2: 'RAM Handl ebar Ra il M ount 1. 125 - 1. 5 \ "" C (RAM - 408 - 112 - 15U )'.",Yes,53451198#63741667_left_original_right_augmented
"Do the two product descriptions refer to the same real-world product? Entity 1: 'Ubiquiti UVC-G3-FLEX-3 UniFi Protect G3 FLEX Camera 3-Pack'. Entity 2: 'UBIQUITI - UVC G3 Bullet Camera, 3-pack'.",No,44557157#84429009_original
"Do the two product descriptions refer to the same real-world product? Entity 1: 'Blaze 40-Inch Cart For 5-Burner Grill, Cart Only'. Entity 2: 'Blaze Cart For Professional 3-Burner Grill, Cart Only'.",No,50775039#96037332_original
Do the two product descriptions refer to the same real-world product? Entity 1: 'Asus PRIME B450-PLUS(PRIME B450-PLUS)'. Entity 2: 'Ilford FP4 Plus 125 120'.,No,40617635#76157897_original
Do the two product descriptions refer to the same real-world product? Entity 1: 'Western Digital Western Digital 2TB Blue'. Entity 2: 'Traveler's Notebook Starter Kit (Passport Size) - Blue'.,No,66768594#47431263_original
Do the two product descriptions refer to the same real-world product? Entity 1: 'Blaze 40-Inch 5-Burner LTE Built-In Liquid Propane Gas Grill With Rear Infrared Burner & Grill Lights'. Entity 2: 'BLAZE PROFESSIONAL 27-INCH 2 BURNER BUILT-IN GAS GRILL WITH REAR INFRARED BURNER'.,No,87046884#11199708_original
Do the two product descriptions refer to the same real-world product? Entity 1: 'Fujifilm XF 56mm F/1.2 R APD Lens'. Entity 2: 'Apple - AirPods with Wireless Charging Case (Latest Model) - White'.,No,89961053#35759560_original
"Do the two product descriptions refer to the same real-world product? Entity 1: 'Maxxis Maxxis, High Roller II, Tire, 29 ' ' x2. 30, Ready, Dual, EXO, 60TPI, Black'. Entity 2: 'M'.",Yes,3447561#93725418_both_augmented
Do the two product descriptions refer to the same real-world product? Entity 1: 'Kingston Technology SA400S37/240G A400 SSD Solid State Drive 2.5 Inch SATA-3 - 240GB'. Entity 2: 'AF-S FX 24-85MM F3.5-4.5G ED VR'.,No,81424577#61306190_original
"Do the two product descriptions refer to the same real-world product? Entity 1: 'Placa video Gigabyte Radeon RX 5500 XT OC 8GB GDDR6, 128-bit'. Entity 2: 'Gigabyte Radeon RX 5500 XT OC 4GB GDDR6'.",No,14576497#6721540_original
Do the two product descriptions refer to the same real-world product? Entity 1: 'Kingston Technology ValueRAM 4GB DDR3-1600 4GB DDR3 1600MHz memoria'. Entity 2: 'Memoire DDR3 Crucial 4GB DDR3 1600 MT/S (PC3-12800)'.,No,40208952#48138837_original
Do the two product descriptions refer to the same real-world product? Entity 1: 'Swiss Immersion 06 - 4226. 30. 003. 03'. Entity 2: 'Swiws Military HSnowa06 - 4226. 30. 003. 03 Immersion Uhr'.,Yes,58599683#6800809_both_augmented
Do the two product descriptions refer to the same real-world product? Entity 1: 'Mens Daniel Wellington St Mawes 40mm Watch DW00100006'. Entity 2: 'Daniel Wellington - Classic St Mawes Rose Gold - 40mm'.,Yes,42604445#33365078_original
Do the two product descriptions refer to the same real-world product? Entity 1: 'G'. Entity 2: 'Gigabyte GeForce GTX 1650 Super OC'.,Yes,23757092#60571140_left_augmented_right_original
Do the two product descriptions refer to the same real-world product? Entity 1: 'APC - Replacement battery cartri dge 140'. Entity 2: 'APC RBC140 Replacement Battery Cartridge'.,Yes,8994298#54536046_left_augmented_right_original
Do the two product descriptions refer to the same real-world product? Entity 1: 'TP - Link EAP225 - Outdoor AC1200 MU Wireless - Gigabit MIMO Indoor / Outdoor Access Point'. Entity 2: 'TP-Link EAP225 Outdoor Access Point'.,Yes,73248952#42516046_left_augmented_right_original
Do the two product descriptions refer to the same real-world product? Entity 1: 'Ubiquiti UniFi Video Camera G3 FLEX 3-Pack UVC-G3-FLEX-3 Ubiquiti'. Entity 2: 'Brother HL-L5200DW Laser Printer'.,No,76024362#53641305_original
Do the two product descriptions refer to the same real-world product? Entity 1: 'H'. Entity 2: 'Hikvision DS-7216HUHI-K2 Turbo 1080p HD 16CH DVR - HD-TVI AHD IPC - HDMI COAX'.,Yes,15787372#22992322_left_augmented_right_original
Do the two product descriptions refer to the same real-world product? Entity 1: 'Maxxis High Roller II 27.5 x 2.5 Wide Trail 3C Maxx Terra EXO/TR Folding Mountainbike Tyre'. Entity 2: 'Shimano BR-M9000 J04C Metal Finned Disc Pad'.,No,25025467#11542304_original
Do the two product descriptions refer to the same real-world product? Entity 1: 'Buy Quality Replica Audemars Piguet Royal Oak Offshore Chronograph Watch 26470OR.OO.1000OR.02'. Entity 2: 'TISSOT T1204071105100 Seastar Powermatic 80'.,No,48484532#9748896_original
Do the two product descriptions refer to the same real-world product? Entity 1: 'Evolve 20 Special Edition Mono MS'. Entity 2: 'Midori Traveler's Notebook - 012 Sketch Paper Notebook'.,No,96691496#25945492_original
Do the two product descriptions refer to the same real-world product? Entity 1: 'TAG Heuer Formula 1 Calibre 5 Men's Watch'. Entity 2: 'TAG Heuer Formula 1 43mm Mens WWtch WAZ2011. BA0842'.,Yes,9242778#49810009_left_original_right_augmented
Do the two product descriptions refer to the same real-world product? Entity 1: 'Daniel Wellington Mens Classic Sheffield 40mm Rose Gold Black DW00100007'. Entity 2: 'Daniel Wellington Classic Sheffield Rose 40mm -rannekello DW00100007'.,Yes,41987114#77020269_original
Do the two product descriptions refer to the same real-world product? Entity 1: 'Intel Core i7-10700KF Prosessor'. Entity 2: 'INTEL CPU 10TH GEN COMET LAKE I7-10700KF 3.80GHZ LGA1200 16.00MB CACHE BOXED'.,Yes,41902860#19006949_original
Do the two product descriptions refer to the same real-world product? Entity 1: 'Mavic 2 Part11 Car Charger'. Entity 2: 'DJI MWvic 2 Car Charger'.,Yes,15306268#24574240_left_original_right_augmented
Do the two product descriptions refer to the same real-world product? Entity 1: 'DS-7208HUHI-K2-P Hikvision 8 Channel 5MP / 1080P HD-TVI Hybrid DVR with Power over Coax (PoC / Turbo4.0)'. Entity 2: 'Shimano Shimano PD-R7000 105 SPD-SL PEDAL W/O REFLECTOR W/CLEAT'.,No,13887167#51909448_original
Do the two product descriptions refer to the same real-world product? Entity 1: 'Intel Core i3 - 7!00 Duao - Core 3. 9GHz LGA1151 (BX80677I37100 )'. Entity 2: 'P'.,Yes,56383083#54798530_both_augmented
Do the two product descriptions refer to the same real-world product? Entity 1: 'APC Replacement Battery Cartridge #133 (APCRBC133)'. Entity 2: 'APC Replacement Battery Cartridge #133UPS battery - Lead Acid'.,Yes,28129178#9561888_original
Do the two product descriptions refer to the same real-world product? Entity 1: 'Pokémon TCG Sword & Shield Darkness _'. Entity 2: 'Pokemon Pokemon: Darkness AblQze Bstr'.,Yes,38823136#57791020_both_augmented
Do the two product descriptions refer to the same real-world product? Entity 1: 'Asus GeForce GTX 1660 Super Phoenix _ 6GB GDDR6 DVI / HDMI / DP PCi Ex 3. 0 _'. Entity 2: 'PH-GTX1660S-O6G 6 GB Geforce GTX 1660 Super Overclocked Phoenix Fan Edition Hdmi DP Dvi Graphics Card'.,Yes,64518758#87637930_left_augmented_right_original
Do the two product descriptions refer to the same real-world product? Entity 1: 'B'. Entity 2: 'B'.,Yes,43409810#49066670_both_augmented
Do the two product descriptions refer to the same real-world product? Entity 1: 'Samsung 1TB SSD 970 EVO NVMe M.2'. Entity 2: 'Samsung SSD 970 EVO Plus NVMe M.2 PCIe 2TB'.,No,7437957#21668308_original
"Do the two product descriptions refer to the same real-world product? Entity 1: 'DVR 8 canale, Turbo HD, 6MP, PoC, Hikvision DS-7208HQHI-K2-P'. Entity 2: 'HK DVR TURBiHD 8ch DS - 7208HQnI - K2 / P'.",Yes,64536135#24052138_left_original_right_augmented
Do the two product descriptions refer to the same real-world product? Entity 1: 'APC APCRBC117 Replacement Battery Cartridge #117'. Entity 2: 'APC Replacement Battery Cartridges #117'.,Yes,62368315#35978749_original
Do the two product descriptions refer to the same real-world product? Entity 1: 'Crucial BX500 480GB SSD Micron 3D NAND SATA III 6Gb/s 2.5 Internal Solid State Drive'. Entity 2: 'Samsung 860 PRO 1TB SSD 2-bit MLC V-NAND SATA III 6Gb/s 2.5 Internal Solid State Drive'.,No,93651578#1367517_original
"Do the two product descriptions refer to the same real-world product? Entity 1: 'Maxxis Maxxis, High Roller II, Tire, 27.5''x2.30, Folding, Tubeless Ready, Dual, EXO, 60TPI, Black'. Entity 2: 'Maxxis High Roller II 650b 27. _ \ "" Dual Compound EXO Folding Tubeless Ready Mountain _ Tyre'.",Yes,79821099#70403624_left_original_right_augmented
Do the two product descriptions refer to the same real-world product? Entity 1: 'Jabra Evolve 20 SE Special Edition UC monaural USB'. Entity 2: 'Kingston StorageDataTraveler SEG G2 64GB USB 3.0 Metal'.,No,35793904#69167600_original
"Do the two product descriptions refer to the same real-world product? Entity 1: 'LaCie 4TB Rugged Thunderbolt / USB-C Mobile HDD'. Entity 2: 'LaCie Rugged USB 3.1C 4 TB 2,5'' STFS4000800'.",Yes,53426556#149175_original
Do the two product descriptions refer to the same real-world product? Entity 1: 'HP 300GB 6G SAS 15K rpm SFF (2.5-inch) SC Enterprise'. Entity 2: 'HPE 300GB SERVER SMART MEMORY 6G 15K SAS 2.5 652611-B21'.,Yes,35583855#71290070_original
Do the two product descriptions refer to the same real-world product? Entity 1: 'N'. Entity 2: 'Czapka New Era 39THIRTY New York Yankees - 10298279'.,Yes,12291734#81603750_left_augmented_right_original
"Do the two product descriptions refer to the same real-world product? Entity 1: 'WD 1TB My Passport Portable Hard Drive'. Entity 2: 'Hard Disk Drive WD My Passport WDBYNN0010BRD, 1TB, USB 3.0, rosu'.",No,43411151#67614478_original
Do the two product descriptions refer to the same real-world product? Entity 1: 'SSD Western Digital Blue 2TB M.2 2280 TLC SATA SSD'. Entity 2: 'Western Digital Blue SSD 250GB SATA M.2 2280 WDS250G2B0B'.,No,19949293#22109936_original
Do the two product descriptions refer to the same real-world product? Entity 1: 'Zebra 800015-301 (Eltron) Black (K) Resin Ribbon - 1500 Prints'. Entity 2: 'DVR Hikvision TurboHD 4 canale DS-7204HQHI-K1'.,No,55031719#10999896_original
Do the two product descriptions refer to the same real-world product? Entity 1: 'Asus GeForce GTX 1660 Super Phoenix OC 6GB GDDR6 DVI/HDMI/DP PCi Ex 3.0 x16'. Entity 2: 'P'.,Yes,64518758#87637930_left_original_right_augmented
"Do the two product descriptions refer to the same real-world product? Entity 1: 'Samsung MZ-V7S500B/AM 970 EVO Plus M.2 Internal SSD, 500GB'. Entity 2: 'Evans EC2 Clear Drum Head, 14 Inch'.",No,20456341#1136383_original
Do the two product descriptions refer to the same real-world product? Entity 1: 'Sony - FE 50mm F1. 8 _ Lens (_ )'. Entity 2: 'Sony Alpha SEL50F18F FE 50mm f/1.8'.,Yes,33206318#15880732_left_augmented_right_original
Do the two product descriptions refer to the same real-world product? Entity 1: 'Sigma 35mm F1.4 DG Art HSM EOS Mount Lens'. Entity 2: 'Sigma 35mm f / 1. 4 DG _ Art'.,Yes,26301462#38447746_left_original_right_augmented
"Do the two product descriptions refer to the same real-world product? Entity 1: 'Gigabyte AORUS GeForce RTX™ 2080 Ti XTREME 11G'. Entity 2: 'Cisco Catalyst 2960-X | WS-C2960X-24TD-L Catalyst 2960X 24 port 10/100/1000, 2 x 10G SFP+, LAN Base'.",No,44884689#12032039_original
"Do the two product descriptions refer to the same real-world product? Entity 1: 'Maxxis Minion DHR II 29\"" DD/3C/TR'. Entity 2: 'TONERBROTHER ORIGINALE GIALLO TN-135Y'.",No,47784049#88286371_original
Do the two product descriptions refer to the same real-world product? Entity 1: 'Crucial MX500 500GB M 2. 2880 SATA 6Gb / s SSD'. Entity 2: 'Crucial MX500 M.2 2280 500GB Internal SSD 560MB/s CT500MX500SSD4 | PCByte'.,Yes,1741624#18862066_left_augmented_right_original
"Do the two product descriptions refer to the same real-world product? Entity 1: 'W'. Entity 2: 'WS - C2960L - 16TS - LLCatalyst 2960L 16 port 2 x 1G SFP, LAN Lite'.",Yes,61893255#6236857_both_augmented
"Do the two product descriptions refer to the same real-world product? Entity 1: 'Garmin fenix5S Sapphire Black Optic, Black band'. Entity 2: 'Garmin fenix 5s Sapphire Black'.",Yes,5092599#96636315_original
Do the two product descriptions refer to the same real-world product? Entity 1: 'Toner Original Oki Ciano (44844507)'. Entity 2: 'Originln toner OKI 44992402 (ern)'.,No,57812056#54978736_original
"Do the two product descriptions refer to the same real-world product? Entity 1: 'SEAGATE SATA - 3 2TB SSHc FIRECUDA'. Entity 2: 'Seagate 2TB FireCuda 3.5"" SATA 6Gb/s SSHD'.",Yes,27347346#90183159_left_augmented_right_original
Do the two product descriptions refer to the same real-world product? Entity 1: 'Corsair 8GB (1x8 GB) 2666MHz CL16 Vengeance LPX Black'. Entity 2: 'C'.,Yes,82583255#50944416_both_augmented
Do the two product descriptions refer to the same real-world product? Entity 1: 'Intel Core i7 9700F 9th Gen Desktop Processor/CPU Retail - No iGPU'. Entity 2: 'Intel - Core i7 - 9700F 9th Generation _ - core - 8 - _ 3. 0 GHz (4. 7 _ Turbo) Socket LGA 2066 Locked Desktop _'.,Yes,27468857#28603694_left_original_right_augmented
Do the two product descriptions refer to the same real-world product? Entity 1: 'HyperX 8GB (2x4GB) 1600MHz CL10 Fury Blue'. Entity 2: 'TAG Heuer Formula 1 43mm Mens Watch WAZ2011.BA0842'.,No,54500223#49810009_original
Do the two product descriptions refer to the same real-world product? Entity 1: 'Traveler's Notebook Starter Kit (Passport Size) - Blue'. Entity 2: 'Manfrotto XPRO Fluid Tripod Head with Fluidity Selector'.,No,47431263#72145468_original
"Do the two product descriptions refer to the same real-world product? Entity 1: 'CLARKS Sram, PG-730, 7sp cassette, 12-32T'. Entity 2: 'FUJIFILM XF 8-16mm f/2.8 R LM WR Lens'.",No,55037683#21963707_original
Do the two product descriptions refer to the same real-world product? Entity 1: 'Czapka New Era 39THIRTY New York Yankees - 10298279'. Entity 2: 'NEW ERA ČIAPKA THE LEAGUE GM NY YANKEES'.,No,81603750#34402785_original
Do the two product descriptions refer to the same real-world product? Entity 1: '002 Traveler's Notebook Regular- Refill - Grid Notebook'. Entity 2: '014 Traveler's Notebook Regular- Refill - Kraft Paper Notebook'.,No,21924094#61787029_original
Do the two product descriptions refer to the same real-world product? Entity 1: 'CORSAIR Vengeance RGB Pro 16GB (2 x 8GB) 288-Pin DDR4 DRAM DDR4 3000 (PC4 24000) Desktop Memory Model CMW16GX4M2C3000C15W'. Entity 2: 'Corsair Vengeance RGB Pro DDR4 3000MHz 16GB (2x8) Desktop Memory White CMW16GX4M2C3000C15W | PCByte'.,Yes,27074490#23775322_original
Do the two product descriptions refer to the same real-world product? Entity 1: 'Gigabyte NVIDIA GeForce GTX 1650 4GB D6 OC Turing Graphics Card'. Entity 2: 'Karta VGA Gigabyte GeForce GTX 1650 OC 4GB GDDR6 128bit DVI+HDMI+DP PCIe3.0'.,Yes,48293393#12853731_original
Do the two product descriptions refer to the same real-world product? Entity 1: 'SRAM Disc Brake Pad Organic Hrd'. Entity 2: 'Zebra ZXP Series 1Black Monochrome Ribbon K - 1000 Prints 800011-101'.,No,82531103#92894304_original
Do the two product descriptions refer to the same real-world product? Entity 1: 'Canon PGI-29 Ink Tank Grey 4871B001AA CO68194'. Entity 2: 'Switch D-Link DGS-1210-24 20 p 10 / 100 / 1000 Mbps 4 x SFP'.,No,77220996#23055402_original
Do the two product descriptions refer to the same real-world product? Entity 1: 'AAA Replica Audemars Piguet Royal Chronograph Watch 26470OR. OO. 1000OR. 02'. Entity 2: 'Buy Quality Replica Audemars Pigu et Royal Oak Offshore Chronog raph Watch 26470OR. OO. 1000OR. 02'.,Yes,36803847#48484532_both_augmented
Do the two product descriptions refer to the same real-world product? Entity 1: 'Shimano XT M786 Direct Mount Shadow Plus SGS Long-Cage Rear Derailleur 10 Speed'. Entity 2: 'D'.,Yes,88865914#17172533_left_original_right_augmented
"Do the two product descriptions refer to the same real-world product? Entity 1: '3M - PF19 PRIVACY FILTER BLACK FOR 19,0IN / 48,3 CM / 5:4IN ACCS'. Entity 2: '3'.",Yes,17629924#15725521_left_original_right_augmented
Do the two product descriptions refer to the same real-world product? Entity 1: 'Canon 24-70mm f/2.8L II USM EF Lens'. Entity 2: 'Sigma 105mm f1.4 DG HSM Art Lens for Canon'.,No,12432797#32931015_original
Do the two product descriptions refer to the same real-world product? Entity 1: 'Lexmark Toner Sort 3.5k - E360/E460 Return'. Entity 2: 'Elixir E16052 Nanoweb Phosphor Bronze Acoustic Guitar Strings Light Gauge 12-53'.,No,69866884#62145678_original
Do the two product descriptions refer to the same real-world product? Entity 1: 'S'. Entity 2: 'Deore XT RD-M786-SGS - Shadow - rear derailleur'.,Yes,88865914#17172533_left_augmented_right_original
Do the two product descriptions refer to the same real-world product? Entity 1: 'Seagate Pro 6TB (ST6000NE000 )'. Entity 2: 'Seagate 7200rpm SATA - 600 256MB NAS HDD ST6000NE000'.,Yes,9513553#18480165_both_augmented
Do the two product descriptions refer to the same real-world product? Entity 1: 'Fujifilm Instax Mini Film (Monochrome 10's)'. Entity 2: 'Corsair Vengeance LPX 32GB (2x16GB) DDR4 2666MHz(CMK32GX4M2A2666C16)'.,No,43876521#38344216_original
"Do the two product descriptions refer to the same real-world product? Entity 1: 'SanDisk PLUS SSD Hard Drive 2.5´´ internal, 480 GB, SATA, Black'. Entity 2: 'Dymo 53718 Black On Yellow - 24mm'.",No,62318417#9746845_original
Do the two product descriptions refer to the same real-world product? Entity 1: 'TISSOT SEAS%AR 1000 CHRONOGRAPH h120. 417. 17. 041. 00 (%120. 417. 17. 041. 00 )'. Entity 2: 'T'.,Yes,3495669#81870804_both_augmented
"Do the two product descriptions refer to the same real-world product? Entity 1: 'Zebra Black Monochrome Ribbon 800033-801 - 1000 Prints'. Entity 2: 'Epson S050189 Cyan, High Capacity Toner Cartridge'.",No,77094922#24927054_original
"Do the two product descriptions refer to the same real-world product? Entity 1: 'Corsair ML140 Pro LED, Red, 140mm Premium Magnetic Levitation Fan'. Entity 2: 'Corsair ML120 Pro LED 120mm Premium Mag-Lev Fan Red'.",No,29553137#8298432_original
Do the two product descriptions refer to the same real-world product? Entity 1: '215.30.46.51.01.001 Omega Seamaster Planet Ocean Chronograph 45.5mm'. Entity 2: 'SEIKO Prospex Automatic Men's 45mm Diver Watch - SPB103J1 – Green Dial'.,No,30102415#59141538_original
"Do the two product descriptions refer to the same real-world product? Entity 1: 'Epson S050189 Cyan, High Capacity Toner Cartridge'. Entity 2: 'Laser Toner Cartridge compatible with Samsung MLT-D103L/ELS High Capacity'.",No,24927054#26491787_original
"Do the two product descriptions refer to the same real-world product? Entity 1: 'Samsung UH46F5 46\"" LED Full HD Nero display professionale'. Entity 2: 'Evans 20” EMAD Clear Bass Drum Head'.",No,35424032#18500821_original
Do the two product descriptions refer to the same real-world product? Entity 1: 'APC Replacement Battery Cartridges #117'. Entity 2: 'Ryze Tech Tello Battery Charging Hub'.,No,35978749#60392051_original
Do the two product descriptions refer to the same real-world product? Entity 1: 'Omega Seamaster DIVER 300M OMEGA CO - AXIAL MAST ER CHRONOMETER 42 MM'. Entity 2: 'SEAMASTER DIVER 300 210. 20. 42. 20. 03. 002'.,Yes,27449862#77492364_both_augmented
Do the two product descriptions refer to the same real-world product? Entity 1: 'Presage Watch Zen Gardens Mens'. Entity 2: 'Seiko Mens Presage Automatic Blue Date Dial Stainless Steel Bracelet Watch SRPD41J1'.,Yes,67462269#12110339_left_augmented_right_original
Do the two product descriptions refer to the same real-world product? Entity 1: 'Canon EF-M 18-150mm f/3.5-6.3 IS STM (Black)'. Entity 2: 'Canon EF-S 55-250mm f/4-5.6 IS STM'.,No,40876435#61201533_original
Do the two product descriptions refer to the same real-world product? Entity 1: 'Shimano M05 Disc Brake Pads (Deore) (Resin)'. Entity 2: 'KINGSTON 64GB USB 3.0 DataTraveler SE9 G2 (Kovový) DTSE9G2/64GB'.,No,4484537#3024917_original
Do the two product descriptions refer to the same real-world product? Entity 1: 'SRAM PG-1170 11-Speed Cassette (11-25T)'. Entity 2: 'Dura-Ace 9100 11-Speed Cassette 11-25T'.,No,9767156#18567164_original
"Do the two product descriptions refer to the same real-world product? Entity 1: 'Corsair Carbide 175R RGB Black Mid Tower ATX Case, Tempered Glass Side Window, No PSU, 2x USB 3.0, HD Audio, 1x 120mm Fan included'. Entity 2: 'C'.",Yes,41485546#2952392_left_original_right_augmented
Do the two product descriptions refer to the same real-world product? Entity 1: 'Asus ROG STRIX B550-E GAMING AM4 ATX Motherboard'. Entity 2: 'ASUS ROG STRIX B550-E GAMING Presa AM4 ATX AMD B550'.,Yes,56603137#5030809_original
"Do the two product descriptions refer to the same real-world product? Entity 1: 'Evans EMAD2 Clear Bass Drum Head, 22 Inch'. Entity 2: 'Evans EMAD2 Clear Bass Batter'.",Yes,9232364#63899324_original
"Do the two product descriptions refer to the same real-world product? Entity 1: 'Canon CLI - 251BK XL High - Ink Tank'. Entity 2: 'Canon 6448B001 (CLI-251XL) Ink Cartridge, HY Black, OEM'.",Yes,12243414#80102860_left_augmented_right_original
"Do the two product descriptions refer to the same real-world product? Entity 1: 'R'. Entity 2: 'RAM - B - 149 ZU - RAM Handlebar Rail Mount with Zinc Coated U - Bo lt Base for R ails from 0. 5 \ "" to 1. 25 \ "" in D iameter'.",Yes,38785326#53660770_both_augmented
Do the two product descriptions refer to the same real-world product? Entity 1: 'Logitech H650e USB PC Headset'. Entity 2: 'LOGITECH AURICULARES H650E STEREO USB'.,Yes,43189520#82676601_original
"Do the two product descriptions refer to the same real-world product? Entity 1: 'Hard disk server HP Hot - Plug SC Enterprise SAS 6G 900GB RPM. 5 ""'. Entity 2: '652589 - B21 HP G8 G9 900 - 6G GB 10K 2. 5 SC SAS'.",Yes,50007186#33972604_both_augmented
Do the two product descriptions refer to the same real-world product? Entity 1: 'D-Link Switch 24 Puertos- Red'. Entity 2: 'D'.,Yes,51810284#15041298_left_original_right_augmented
Do the two product descriptions refer to the same real-world product? Entity 1: 'Disco SSD Crucial BX500 120GB 3D TLC SATA III'. Entity 2: 'EPSON Magenta ink cartridge Discproducer'.,No,71555853#96384448_original
Do the two product descriptions refer to the same real-world product? Entity 1: 'Swiss Military Hanowa Swiss Mioitary Hanowa Indercover Multifunction 06 - 4307. 30. 007'. Entity 2: 'Relógio _ _ Hanowa06 - 4307. 30. 007 Undercover Multifunction'.,Yes,96142257#31373426_both_augmented
Do the two product descriptions refer to the same real-world product? Entity 1: 'Tissot Mens T-Sport Seastar 1000 Chronograph Black Dial Stainless Steel Bracelet Watch T120.417.11.051.00'. Entity 2: 'TISSOT SEASTAR 1000 CHRONOGRAPH T120.417.17.041.00 (T120.417.17.041.00)'.,No,17282907#3495669_original
Do the two product descriptions refer to the same real-world product? Entity 1: 'Ubiquiti Networks UVC-G3-LED security camera accessory'. Entity 2: 'Crucial 1x 8GB DDR3L 1600MHz ECC Unbuffered UDIMM RAM | Discount Computer Needs'.,No,34583798#83592973_original
"Do the two product descriptions refer to the same real-world product? Entity 1: 'Intel Core i3 8300 Quad Core 3.7GHz Processor'. Entity 2: 'Processore Cpu INTEL Core i3-7100 1151 3,9GHz 3MB Cache Kaby Lake'.",No,75749012#54798530_original
Do the two product descriptions refer to the same real-world product? Entity 1: 'DS-7208HUHI-K2-P Hikvision 8 Channel 5MP / 1080P HD-TVI Hybrid DVR with Power over Coax (PoC / Turbo4.0)'. Entity 2: 'Fujinon Lens XF 23mm F1.4 R'.,No,13887167#27021728_original
Do the two product descriptions refer to the same real-world product? Entity 1: 'C'. Entity 2: 'Crucial 4GB (1x4GB) 2666MHz DDR4 Memory'.,Yes,61869387#8939620_left_augmented_right_original
"Do the two product descriptions refer to the same real-world product? Entity 1: 'Memoria USB Kingston Technology - Color blanco, 16 GB, USB 3.0'. Entity 2: 'Kingston DataTraveler G4 - USB flash drive - 16 GB - USB 3.0 - blue'.",Yes,28824028#11620368_original
Do the two product descriptions refer to the same real-world product? Entity 1: 'Tissot Mens T-Sport Seastar 1000 Chronograph Black Dial Stainless Steel Bracelet Watch T120.417.11.051.00'. Entity 2: 'SanDisk Extreme PRO SD UHS-II USB 3.0'.,No,17282907#27700752_original
"Do the two product descriptions refer to the same real-world product? Entity 1: 'WD 1TB Blue SN550 NVME M.2 SSD (WDS100T2B0C) (Warranty 5years with WD SG)'. Entity 2: 'Ceas Garmin Garmin fenix5S Plus Silver, Black Band'.",No,16327022#65028129_original
Do the two product descriptions refer to the same real-world product? Entity 1: 'Epson Blekk Svart T7031 L - WP4000/4500'. Entity 2: 'Epson T7891 Black Cart - Compatible'.,No,62242632#75384375_original
Do the two product descriptions refer to the same real-world product? Entity 1: 'UNPKG RAM DBL SOCKET ARM B BALL C LENGTH'. Entity 2: 'RAM Double Socket Arm MC201C LONG'.,Yes,61791022#87259085_original
Do the two product descriptions refer to the same real-world product? Entity 1: 'Mens Daniel Wellington St Nawes 40mm Watch DW00100006'. Entity 2: 'D'.,Yes,42604445#33365078_both_augmented
Do the two product descriptions refer to the same real-world product? Entity 1: 'Hydro Flask 21 Oz- Black'. Entity 2: 'HYDRO FLASK HYDRO FLASK 32OZ WIDE MOUTH BOTTLE-BLACK'.,No,75551932#12190772_original
Do the two product descriptions refer to the same real-world product? Entity 1: 'Razer DeathAdder V2 Ergonomic Wired Gaming Mouse (RZ01-03210100-R3M1) (Warranty 2years with Ban Leong)'. Entity 2: 'Razer DeathAdder V2 mouqe USB Tupe - A Right - hand'.,Yes,5964390#94739264_left_original_right_augmented
Do the two product descriptions refer to the same real-world product? Entity 1: 'Kingston HyperX Fury 16GB DDR4 3200MHz CL16 Ram'. Entity 2: 'PH-GTX1660S-O6G 6 GB Geforce GTX 1660 Super Overclocked Phoenix Fan Edition Hdmi DP Dvi Graphics Card'.,No,46987758#87637930_original
Do the two product descriptions refer to the same real-world product? Entity 1: 'TISSOT T091.420.46.051.01 T-TOUCH Expert Solar'. Entity 2: 'Tissot Touch Expert Solar Men ' s Watch - T0914204605101'.,Yes,7180445#57141050_left_original_right_augmented
Do the two product descriptions refer to the same real-world product? Entity 1: 'APC Smart UPS SRT 6000VA / 230V On Line / Web C ard - SRT6KRM XLI'. Entity 2: 'APC Smart-UPS SRT 6000VA RM 230V'.,Yes,84668470#1017836_left_augmented_right_original
"Do the two product descriptions refer to the same real-world product? Entity 1: 'ADATA SX8200 Pro 256GB M.2 NVMe SSD ultra-fast PCIe Gen3x4 interface ,sustained peak read/write speeds of 3500/1200MB per second'. Entity 2: 'ASUS GeForce® RTX 2080 SUPER™ Dual Evo OC 8GB (90YV0DJ0-M0NM00) (NVIDIA, Grafikkarte)'.",No,32979461#50769372_original
Do the two product descriptions refer to the same real-world product? Entity 1: 'Maxxis High Roller II 27.5 x 2.5 Wide Trail 3C Maxx Terra EXO/TR Folding Mountainbike Tyre'. Entity 2: 'MEMORIA DDR3 KINGSTON HYPERX FURY BLUE 4GB 1600MHZ'.,No,25025467#45145764_original
"Do the two product descriptions refer to the same real-world product? Entity 1: 'WS-C2960L-16TS-LL: Cisco Catalyst WS-C2960L-16TS-LL'. Entity 2: 'WS-C2960L-16TS-LLCatalyst 2960L 16 port GigE, 2 x 1G SFP, LAN Lite'.",Yes,61893255#6236857_original
Do the two product descriptions refer to the same real-world product? Entity 1: 'Intel Core i3 8300 Quad Core 3.7GHz Processor'. Entity 2: 'TP-Link TL-WN821 wifi 300Mbps USB adapter TL-WN821N'.,No,75749012#64223023_original
Do the two product descriptions refer to the same real-world product? Entity 1: 'L'. Entity 2: 'LOGITECH C922 PRO STREAM FULL HD WEBCAM (960-001090)-WRTY 1YR W/BANLEONG'.,Yes,48658824#29716234_left_augmented_right_original
"Do the two product descriptions refer to the same real-world product? Entity 1: 'Headset Audio-Technica ATH-M50X'. Entity 2: '43\"" 2020 Q60T 4K Smart QLED TV'.",No,3764542#29825517_original
Do the two product descriptions refer to the same real-world product? Entity 1: 'Xerox Phaser / 6010 Black Toner'. Entity 2: 'Xerox Toner 106R01634 black Phaser 6000 2000str.'.,Yes,18835729#56884127_left_augmented_right_original
Do the two product descriptions refer to the same real-world product? Entity 1: 'Hydro Flask 21 _ - Black'. Entity 2: 'Hydro Flask Standard M outh 621ml Insulated Bottle'.,Yes,75551932#2687477_both_augmented
Do the two product descriptions refer to the same real-world product? Entity 1: 'AF-S FX 24-85MM F3.5-4.5G ED VR'. Entity 2: 'Nikon AF - S NIKKOR 24 - 85mm f / - 4. 5 G ED VR Lens'.,Yes,61306190#619357_left_original_right_augmented
Do the two product descriptions refer to the same real-world product? Entity 1: 'WD 1TB Blue SN550 NVME M. 2 SSD (WDS100T2B0C) (Warranty 5years with WD SG )'. Entity 2: 'WD BLUE 1TB SN550 NVME M.2 2280 SSD (WDS100T2B0C)'.,Yes,16327022#29006523_left_augmented_right_original
Do the two product descriptions refer to the same real-world product? Entity 1: 'Sigma 50mm F1.4 DG HSM Canon [ART]'. Entity 2: 'Sigma 50mm F1.4 Art DG HSM Nikon Mount Lens'.,No,28656579#26736430_original
"Do the two product descriptions refer to the same real-world product? Entity 1: 'Samsung UH46F5 46\"" LED Full HD Nero display professionale'. Entity 2: 'Samsung LH46UHFCLBB - 116, 8 cm (46 \ "") - LED - x Pixel - 700 cd / m² - Full HD - 8'.",Yes,35424032#11708101_left_original_right_augmented
Do the two product descriptions refer to the same real-world product? Entity 1: 'Pokemon TCG: Sword & Shield Boosters'. Entity 2: 'Pokémon TCG Sword & Shield Darkness Ablaze'.,No,21044132#38823136_original
"Do the two product descriptions refer to the same real-world product? Entity 1: 'Tissot T-Sport Seastar 1000 Powermatic 80 Watch T1204071704100'. Entity 2: 'Processore Cpu INTEL Core i3-7100 1151 3,9GHz 3MB Cache Kaby Lake'.",No,70880620#54798530_original
"Do the two product descriptions refer to the same real-world product? Entity 1: 'Maxxis, Maxxis Roller High, II Tire, 27. 5 ' ' x2. 30, Folding, Tubeless Ready, Dual, EXO, 60TPI, Black'. Entity 2: 'Maxxis High Roller II 650b 27. _ \ "" Dual Compound EXO Folding Tubeless Ready Mountain _ Tyre'.",Yes,79821099#70403624_both_augmented
Do the two product descriptions refer to the same real-world product? Entity 1: 'Caixa Cooler_Master Caixa para PC NSE-300-KKN1'. Entity 2: 'Epson Strawberry 29 (Prentar 175 síður) Claria Home blekhylki (blátt)'.,No,32763428#43006963_original
"Do the two product descriptions refer to the same real-world product? Entity 1: 'Cartus toner Epson Discproducer PP-100AP, magenta'. Entity 2: 'EPSON Magenta ink _ Discproducer'.",Yes,30500904#96384448_left_original_right_augmented
Do the two product descriptions refer to the same real-world product? Entity 1: 'Omega Seamaster DIVER 300M OMEGA CO - AXIAL MAST ER CHRONOMETER 42 MM'. Entity 2: 'OMEGA SEAMASTER DIVER 300 210.20.42.20.03.002'.,Yes,27449862#77492364_left_augmented_right_original
Do the two product descriptions refer to the same real-world product? Entity 1: '2012 SRAM Red XG-1090 10-Speed X-Dome 11-23 Cassette'. Entity 2: 'Shimano - CLEATS SH-10 FIXED RED'.,No,1781011#9862290_original
Do the two product descriptions refer to the same real-world product? Entity 1: 'HyperX 16GB (1x16GB) 3200MHz CL16 Fury'. Entity 2: 'Kingston HyperX Fury 16GB DDR4 3200MHz CL16 Ram'.,Yes,52993309#46987758_original
"Do the two product descriptions refer to the same real-world product? Entity 1: 'AMD AM4-3400G RYZEN5 3.7GHz'. Entity 2: 'SanDisk PLUS SSD Hard Drive 2.5´´ internal, 480 GB, SATA, Black'.",No,44025931#62318417_original
Do the two product descriptions refer to the same real-world product? Entity 1: 'Zebra 800015-301 (Eltron) Black (K) Resin Ribbon - 1500 Prints'. Entity 2: 'Traveler's Notebook Refill - Sketch Paper'.,No,55031719#10557104_original
Do the two product descriptions refer to the same real-world product? Entity 1: 'Asus PRIME B450 - PL US (PRIME B450 - PL US )'. Entity 2: 'Asus PRIME - PLUS AM4 DDR4 ATX Motherboard'.,Yes,40617635#34168295_both_augmented
"Do the two product descriptions refer to the same real-world product? Entity 1: 'Zebra ZXP Series 1Black Monochrome Ribbon K - 1000 Prints 800011-101'. Entity 2: 'Western Digital My PassPort, 4TB, BLACK3 Years - WDBYFT0040BBK-WESN'.",No,92894304#11564664_original
Do the two product descriptions refer to the same real-world product? Entity 1: 'Gigabyte NVIDIA GeForce GTX 1650 4GB D6 OC Turing Graphics Card'. Entity 2: 'Kar%a VGA Gigabyte GeForce GTX 16Y0 OC 4GB GDDR6 128bit DVI + HDMI + DP PCIe3. 0'.,Yes,48293393#12853731_left_original_right_augmented
"Do the two product descriptions refer to the same real-world product? Entity 1: 'Fuji Fuji Instax Square Film 1-Pack'. Entity 2: 'Evans 8\"" TT08EC2S Clear Drum Head'.",No,88773659#52799959_original
Do the two product descriptions refer to the same real-world product? Entity 1: 'Cloud Core Router CCR1036-12G-4S-EM'. Entity 2: 'Epson WP4000/4500 Inkjet Cartridge High Yield Magenta. (Eiffel Tower) OEM: C13T70234010 EP48715'.,No,88031640#17128193_original
"Do the two product descriptions refer to the same real-world product? Entity 1: 'ASUS AMD ATX ROG STRIX B550 F Gaming Motherboard AM4 Dual DDR4, HDMI, Dual M.2'. Entity 2: 'Motherboard Asus TUF B450M-PLUS GAMING, AM4, USB 3.1, SATA 6GB/S'.",No,77926243#73180792_original
Do the two product descriptions refer to the same real-world product? Entity 1: 'TP-Link 150Mbit-WLAN-Lite -N-PCI Express x1 Adapter'. Entity 2: 'Garmin Fenix 5S Plus GPS Watch Silver with Black Band'.,No,30502153#7871753_original
Do the two product descriptions refer to the same real-world product? Entity 1: 'AAA Replica Audemars Piguet Oak Chronograph Black Dail Watch 26331ST. OO. 1220ST.'. Entity 2: 'Audemars Piguet-Audemars Piguet Royal Oak Chronograph 41mm Mens Watch-26331ST.OO.1220ST.02'.,Yes,31558480#30454890_left_augmented_right_original
Do the two product descriptions refer to the same real-world product? Entity 1: 'Ubiquiti UniFi Video Camera G3 MICRO'. Entity 2: 'Ubiquiti UniFi Full HD IRNV Indoor Micro Security Camera'.,Yes,44763957#5708838_original
Do the two product descriptions refer to the same real-world product? Entity 1: 'Daniel Wellington Mens Classic Sheffield 40mm Rose Gold Black DW00100007'. Entity 2: 'SanDisk SDCZ60-064G-B35 Cruzer Glide USB Flash Drive USB 2.0 - 64 GB'.,No,41987114#64003605_original
Do the two product descriptions refer to the same real-world product? Entity 1: 'Piguet audemars Royal Offshore Oak Selfwinding Chronograph Watch - 26470ST. OO. A099CR. 01'. Entity 2: 'Cheap Replica Audemars Piguet Royal Oak Offshore Chronograph Watch 26470ST.OO.A099CR.01'.,Yes,93033011#30674519_left_augmented_right_original
Do the two product descriptions refer to the same real-world product? Entity 1: 'Tarjeta Gráfica Gigabyte RTX 2080 Ti XTREME 11 Gb'. Entity 2: 'Gigabyte AORUS GeForce RTX™ 2080 Ti XTREME 11G'.,Yes,46578488#44884689_original
Do the two product descriptions refer to the same real-world product? Entity 1: 'Cheap Replica Audemars Piguet Royal Oak Offshore Chronograph Watch 26470ST.OO.A099CR.01'. Entity 2: 'Cheap Replica Audemars Piguet Royal Oak Offshore Chronograph Watch 26470OR.OO.A125CR.01'.,No,30674519#25877530_original
Do the two product descriptions refer to the same real-world product? Entity 1: '2222 HYBRID SLINKY 9/46 Ernie Ball'. Entity 2: 'Ram Mout Triple Ball Adapter'.,No,2392632#80876204_original
Do the two product descriptions refer to the same real-world product? Entity 1: 'Cartucho tinta negro l epson t7031 - 24ml - big ben - para wp-4595 dnf/dtwf/ 4535dwf / 4525dnf / 4515dn / 4095dn / 4025dw /'. Entity 2: 'Epson Blekk Sv art T7031 L - WP4000 / 4500'.,Yes,18289538#62242632_left_original_right_augmented
Do the two product descriptions refer to the same real-world product? Entity 1: 'Laser Toner Cartridge compatible with Samsung MLT-D103L/ELS High Capacity'. Entity 2: 'ADATT. WIFI TP-LINK AC600 NANO WRLS USB'.,No,26491787#98430609_original
Do the two product descriptions refer to the same real-world product? Entity 1: 'Omega Seamaster DIVER 300MOMEGA CO-AXIAL MASTER CHRONOMETER 42 MM'. Entity 2: 'SEAMASTER DIVER 300 210. 20. 42. 20. 03. 002'.,Yes,27449862#77492364_left_original_right_augmented
Do the two product descriptions refer to the same real-world product? Entity 1: 'Intel Core i7-10700KF Prosessor'. Entity 2: 'Intel Core i3-7100 Dual-Core 3.9GHz LGA1151 (BX80677I37100)'.,No,41902860#56383083_original
Do the two product descriptions refer to the same real-world product? Entity 1: 'Cooler Master MasterCase H500 ARGB Mesh Mid Tower ATX Case TG MCM-H500-IGNN-S01 | PCByte'. Entity 2: 'Cooler Master MasterBox TD500 ARGB Mesh ATX Case Black TG MCB-D500D-KGNN-S01 | PCByte'.,No,84249757#68689972_original
Do the two product descriptions refer to the same real-world product? Entity 1: 'TISSOT SEASTAR 1000 CHRONOGRAPH T120.417.17.041.00 (T120.417.17.041.00)'. Entity 2: 'T'.,Yes,3495669#81870804_left_original_right_augmented
Do the two product descriptions refer to the same real-world product? Entity 1: 'GENUINE Dymo 24mm x 7m Black on Yellow Label Tape Roll SD53718'. Entity 2: 'Genuine Dymo D1 Standard Label Cassette Tape 9mm x 7m - Black on White'.,No,72314218#18874158_original
Do the two product descriptions refer to the same real-world product? Entity 1: 'Ram Mout Triple Ball Adapter'. Entity 2: 'Reifen Maxxis 29x2.30 Minion DHR II DoubleDown'.,No,80876204#21658813_original
Do the two product descriptions refer to the same real-world product? Entity 1: 'Zebra 800015-101 1000 Prints Black Resin Ribbon for P310i P420i P520i'. Entity 2: 'CORSAIR Vengeance RGB Pro 16GB (2 x 8GB) 288-Pin DDR4 DRAM DDR4 3000 (PC4 24000) Desktop Memory Model CMW16GX4M2C3000C15W'.,No,64029523#27074490_original
Do the two product descriptions refer to the same real-world product? Entity 1: 'Omega Seamaster Planet Ocean 600m Co-Axial Master Chronometer GMT 45.5mm (215.92.46.22.01.004) ETNZ Deep Black'. Entity 2: 'Omega Seamaster Planet Ocean 600m Co-Axial Master Ceramic 215.92.46.22.01.004 Black Dial Replica'.,Yes,57083116#1515409_original
Do the two product descriptions refer to the same real-world product? Entity 1: 'Swiss Military Hanowa FLAGSHIP 06-5161.2.04.007 Herrenuhr'. Entity 2: 'Military Hanowa Flagship - 5161. 2. 04. 007'.,Yes,27442156#10214898_left_original_right_augmented
Do the two product descriptions refer to the same real-world product? Entity 1: 'APPLE - AIRPODS WITH WIRELESS CHARGING CASE IN'. Entity 2: 'SANDISK EXTREME SDXC 128GB 150MB/S C10 U3'.,No,55393360#83274921_original
Do the two product descriptions refer to the same real-world product? Entity 1: 'Šilterica New Era Clean Trucker Chicago Bulls Cap'. Entity 2: 'Cappello New Era Clean Trucker 2 NY Yankees Cap'.,No,69406607#39833087_original
"Do the two product descriptions refer to the same real-world product? Entity 1: 'UniFi AP ac HD ROW 5Pk'. Entity 2: 'Ubiquiti UniFi AP, AC, In Wall, 5-Pack'.",No,24268406#34532774_original
Do the two product descriptions refer to the same real-world product? Entity 1: 'EPSON Magenta ink cartridge Discproducer'. Entity 2: 'Samsung 970 EVO MZ-V7E1T0BW - Solid state drive - krypterat - 1 TB - inbyggd - M.2 2280 - PCI Express 3.0 x4 (NVMe) - 256 bitars AES - TCG Opal Encryption 2.0'.,No,96384448#37439609_original
"Do the two product descriptions refer to the same real-world product? Entity 1: '3M - filter lightweight 18, 1 \ "" \ "" - 20 \ "" \ "" widescreen'. Entity 2: '3M - Filter for 19 Widescreen Monitor (16: 10 )'.",Yes,32904204#69236418_both_augmented
Do the two product descriptions refer to the same real-world product? Entity 1: 'Epson T75 51 XL Black High Yield Ink Cartridge C13T755140 / T7551 E P53959'. Entity 2: 'Epson T7551 (Prentar 5000 síður) XL svart blekhylki (100ml) fyrir WorkForce WF-8XXX prentara'.,Yes,2046148#57534412_left_augmented_right_original
Do the two product descriptions refer to the same real-world product? Entity 1: 'NEW ERA ČIAPKA THE LEAGUE GM NY YANKEES'. Entity 2: 'Philips Monitor LCD 243V7QDSB/00'.,No,34402785#74490598_original
Do the two product descriptions refer to the same real-world product? Entity 1: 'Corsair ML140 140mm PWM Premium Magnetic Levitation Fan - Twin Pack'. Entity 2: 'AMD Ryzen 9 3900XT AM4 CPU'.,No,33078108#15448834_original
Do the two product descriptions refer to the same real-world product? Entity 1: 'APC Smart-UPS RT192V RM Battery Pack 2 R'. Entity 2: 'APC Smart-UPS RT 192V RM Battery Pack'.,Yes,629096#2965203_original
Do the two product descriptions refer to the same real-world product? Entity 1: 'Bosch KGN34NWEAG Free-standing fridge-freezer'. Entity 2: 'Samsung 970 EVO Plus 2TB SSD'.,No,65479901#19411291_original
Do the two product descriptions refer to the same real-world product? Entity 1: 'Samsung 970 EVO Plus MZ - V7S250BW / Solid state drive / encryp ted / 250 GB / inte rnal / M. 2 2280 / PCI Express 3. 0 x4 (NV Me) / bu ffer: 512 MB / 256 - bit AES / TCG Opal Encryption | MZ - V7S250BW'. Entity 2: 'Samsung 970 EVO Plus SSD 250GB'.,Yes,62631842#9016004_both_augmented
"Do the two product descriptions refer to the same real-world product? Entity 1: 'SDS2 / 32 GB, 32GB S DHC Canvas Select Plus 100R C10 UHS - I U1 V10'. Entity 2: 'Kingston Canvas Select Plus SDHC Memory Card UHS-I 4K FULL HD 100MB/s - 32GB'.",Yes,55718937#70291557_left_augmented_right_original
Do the two product descriptions refer to the same real-world product? Entity 1: '502HD PRO VIDEO HEAD WITH GLAT BASE'. Entity 2: 'Manfrotto MVH502AH Fluid Video Head with MT055XPRO3 Tripod'.,Yes,22563019#48435137_left_augmented_right_original
Do the two product descriptions refer to the same real-world product? Entity 1: 'SRAM Disc Brake Pad Set Organic Compound'. Entity 2: 'Sram / Avid Road Disc Brake Pads - Road / Level (Organic Back )'.,Yes,18915981#80159309_left_original_right_augmented
Do the two product descriptions refer to the same real-world product? Entity 1: 'AMD RYZEN 5 2400G Quad-Core 3.6 GHz (3.9 GHz Max Boost) Socket AM4 65W YD2400C5FBBOX Desktop Processor'. Entity 2: 'Processador Amd Am4 Ryzen R5-2400g 3.9ghz 6mb'.,Yes,73591660#77356650_original
Do the two product descriptions refer to the same real-world product? Entity 1: 'Crucial 1x 8GB DDR3L 1600MHz ECC Unbuffered UDIMM RAM | Discount Computer Needs'. Entity 2: 'CRUCIAL - DDR3 8GB 160 0Hz CL11 Unbuffered CT102472BD160B'.,Yes,83592973#36133874_left_original_right_augmented
"Do the two product descriptions refer to the same real-world product? Entity 1: 'Disco Seagate Ironwolf _ 10Tb Sata3 (St10000vn0008 )'. Entity 2: 'Seagate NAS HDD IronWolf - 3.5\"" - 10000 GB - 7200 RPM ST10000VN0008'.",Yes,66564908#84977888_left_augmented_right_original
"Do the two product descriptions refer to the same real-world product? Entity 1: 'Ubiquiti UniFi Video Camera G3 1080P 802.3af IP UVC-G3-BULLET-3 3 Pack (No PoE Injectors)'. Entity 2: 'UBIQUITI - UVC G3 Bullet Camera, 3-pack'.",Yes,58970863#84429009_original
"Do the two product descriptions refer to the same real-world product? Entity 1: 'DDR4 Vengeance LPX 16GB/3200(2*8GB) CL16-18-18-36 BLACK 1,35VXMP 2.0'. Entity 2: 'Jabra BIZ 2300 USB MS Duo'.",No,76657775#13502365_original
Do the two product descriptions refer to the same real-world product? Entity 1: 'Kingston Technology DataTraveler microDuo 3C 128GB USB flash drive USB Type-A / USB Type-C 3.0 (3.1 Gen 1) Silver'. Entity 2: 'Kingston DataTraveler microDuo 128GB USB 3.0'.,Yes,46100236#21755591_original
Do the two product descriptions refer to the same real-world product? Entity 1: 'APC Smart-UPS SRT 3000VA RM 230V SRT3000RMXLI'. Entity 2: 'APC Smart UPS RM 3000VA'.,Yes,61195551#18693009_original
Do the two product descriptions refer to the same real-world product? Entity 1: 'Logitech C922 Pro Stream webcam + Tripod (price includes delivery)'. Entity 2: 'LOGITECH C922 PRO STREAM FULL HD WEBCAM (960-001090)-WRTY 1YR W/BANLEONG'.,Yes,48658824#29716234_original
Do the two product descriptions refer to the same real-world product? Entity 1: 'KINGSTON 64GB USB 3.0 DataTraveler SE9 G2 (Kovový) DTSE9G2/64GB'. Entity 2: 'Buy Quality Replica Tag Heuer Monaco Steve McQueen Chronograph Watch CAW211P.FC6356'.,No,3024917#70174967_original
"Do the two product descriptions refer to the same real-world product? Entity 1: 'Maxxis Maxxis, High Roller II, Tire, 29''x2.30, Folding, Tubeless Ready, Dual, EXO, 60TPI, Black'. Entity 2: 'M'.",Yes,3447561#93725418_left_original_right_augmented
"Do the two product descriptions refer to the same real-world product? Entity 1: 'ASUS AMD ATX ROG STRIX B550 F Gaming Motherboard AM4 Dual DDR4, HDMI, Dual M.2'. Entity 2: 'ASUS Scheda Madre ROG STRIX B550 - GAMING F'.",Yes,77926243#2208630_left_original_right_augmented
Do the two product descriptions refer to the same real-world product? Entity 1: 'Fujifilm XF 56mm f/1.2 R'. Entity 2: 'FUJIFILM XF 8-16mm f/2.8 R LM WR Lens'.,No,81954319#21963707_original
"Do the two product descriptions refer to the same real-world product? Entity 1: 'RAM Mount Double Socket Clamp Arm - SHORT - for 1. 5 \ "" C S ize B alls'. Entity 2: 'RAM® 3\"" Double Ball Arm for 1.5\"" Ball'.",Yes,77338417#61794834_left_augmented_right_original
Do the two product descriptions refer to the same real-world product? Entity 1: 'Sigma Sigma 35mm F1.4 ART DG HSM - Nikon AF mount'. Entity 2: 'ASUS TUF Gaming TUF 3-RX5700XT-O8G-GAMING Radeon RX 5700 XT 8 GB GDDR6'.,No,31585097#67318157_original
Do the two product descriptions refer to the same real-world product? Entity 1: 'Crucial 8GB (1 x8GB) DDR3 1600MHz SODIMM'. Entity 2: 'Crucial 8GB DDR3 1600MHz Notebook Ram'.,Yes,7021169#7717624_both_augmented
Do the two product descriptions refer to the same real-world product? Entity 1: 'G. Skill Trident Z Neo DDR4 3600MHz 16GB (2X8) Desk6op M@mory for AMD X570 F4 - 3Y00C16D - 16GTZNC | PCByte'. Entity 2: 'Memoire DDR4 G.Skill Trident Z F4-3600C16D-16GTZNC'.,Yes,66692743#96889697_left_augmented_right_original
Do the two product descriptions refer to the same real-world product? Entity 1: 'MAXXIS AGGRESSOR 29X2.3 EXO/TR'. Entity 2: 'Maxxis Tire Assegai 3C MAXXTERRA/EXO+/TR Foldable 27.5x2.50WT'.,No,14639066#30212626_original
"Do the two product descriptions refer to the same real-world product? Entity 1: 'ASUS AMD ATX ROG _ B550 F Gaming Motherboard AM4 Dual DDR4, HDMI, _ M. 2'. Entity 2: 'ASUS Scheda Madre ROG STRIX B550-F GAMING'.",Yes,77926243#2208630_left_augmented_right_original
Do the two product descriptions refer to the same real-world product? Entity 1: 'Epson C13T603100 T6031 Black Ink 220ml'. Entity 2: 'Epson Stylus Pro 9880 Black Photo Ink'.,Yes,20060104#29467728_original
"Do the two product descriptions refer to the same real-world product? Entity 1: 'Ram Mount 2\"" Double Socket Arm for 1\"" Balls'. Entity 2: 'RAM Double Socket Arm MC201C LONG'.",No,93836358#87259085_original
Do the two product descriptions refer to the same real-world product? Entity 1: 'Traveler's Zip Pocket - Regular Size'. Entity 2: 'Traveler's Refills: Accessories - 008 / zipper pocket'.,Yes,63928436#97535509_original
Do the two product descriptions refer to the same real-world product? Entity 1: 'Access Point TP-LINK Wireless N 300Mbs B/G/N - 3 Antenas'. Entity 2: 'maintenance kit EPSON Business Inkjet B300/310/B500DN/B510DN (´odpad. nadoba´)'.,No,7873500#93094504_original
"Do the two product descriptions refer to the same real-world product? Entity 1: 'Nobreak APC Smart-UPS SURT 20kVA/16kW, 230V'. Entity 2: 'APC Smart-UPS RT 20kVA RM 230V - SURT20KRMXLI'.",Yes,19248199#70159856_original
Do the two product descriptions refer to the same real-world product? Entity 1: 'HyperX _ - DDR3 - 8 GB: 2 x 4 _ - DIMM 240 - pin - unbuffered'. Entity 2: 'DDR3 8GB PC1600 CL9 Hypk Kingston'.,Yes,68731207#64323838_both_augmented
Do the two product descriptions refer to the same real-world product? Entity 1: 'Daniel Wellington Classic Sheffield Men 40mm Quartz Watch 020%DW'. Entity 2: 'Daniel Wellington - Classic Sheffield Silver - 40mm'.,Yes,62422382#52851091_left_augmented_right_original
"Do the two product descriptions refer to the same real-world product? Entity 1: 'Maxxis Maxxis, High Roller II, Tire, 29''x2.30, Folding, Tubeless Ready, Dual, EXO, 60TPI, Black'. Entity 2: 'Maxxis Maxxis, High Roller II, Tire, 27.5''x2.30, Folding, Tubeless Ready, Dual, EXO, 60TPI, Black'.",No,3447561#79821099_original
Do the two product descriptions refer to the same real-world product? Entity 1: 'Epson Ink Cartridge - Matte Black 700ml'. Entity 2: 'Johnnie Walker - Blue Label 70cl'.,No,415992#24351127_original
Do the two product descriptions refer to the same real-world product? Entity 1: 'Asus TUF X470-Plus Gaming Socket AM4 ATX AMD'. Entity 2: 'TUF GAMING X570-PLUS Desktop Motherboard - AMD Chipset - Socket AM4'.,No,36532408#90391225_original
Do the two product descriptions refer to the same real-world product? Entity 1: 'Ubiquiti UniFi Video C amera G3 FLEX 3 - Pack UVC - G3 - FLEX - 3 Ubi quiti'. Entity 2: 'Ubiquiti UVC-G3-FLEX-3 UniFi Protect G3 FLEX Camera 3-Pack'.,Yes,76024362#44557157_left_augmented_right_original
Do the two product descriptions refer to the same real-world product? Entity 1: 'Sony E-Mount FE 20mm f/1.8 Ultra Wide Angle G Lens'. Entity 2: 'Gigabyte GeForce GTX 1650 Super OC'.,No,62089162#60571140_original
"Do the two product descriptions refer to the same real-world product? Entity 1: 'Asus ROG STRIX B550-E GAMING AM4 ATX Motherboard'. Entity 2: 'ASUS AMD ATX ROG STRIX B550 F Gaming Motherboard AM4 Dual DDR4, HDMI, Dual M.2'.",No,56603137#77926243_original
Do the two product descriptions refer to the same real-world product? Entity 1: 'Razer DeathAdder V2 Ergonomic Wired Gaming Mouse (RZ01-03210100-R3M1) (Warranty 2years with Ban Leong)'. Entity 2: 'Razer DeathAdder V2 mouse USB Type-A Right-hand'.,Yes,5964390#94739264_original
Do the two product descriptions refer to the same real-world product? Entity 1: '(C13T693500) EPSONSCT3000 UltraChrome XD Matte Black'. Entity 2: 'Epson T6923 Ultrachrome XD rautt Ink 110ml'.,No,62891962#36985401_original
Do the two product descriptions refer to the same real-world product? Entity 1: 'Ubiquiti UniFi Video Camera G3 MICRO'. Entity 2: 'Ubiquiti UniFi Full HD IRNV Indoor Micro Security Camera'.,Yes,44763957#5708838_original
Do the two product descriptions refer to the same real-world product? Entity 1: 'Sigma 35mm f/1.4 DG HSM Art'. Entity 2: 'LaCie 4TB USB Type-C Mobile Drive (Moon Silver)'.,No,38447746#38339458_original
"Do the two product descriptions refer to the same real-world product? Entity 1: 'Seiko Prospex Diver Sumo Green Mens Stainless Steel SPB103J1'. Entity 2: 'Apple AirPods Pro Bluetooth Earbuds w/ Wireless Charging Case, White (MWP22AM/A)'.",No,25431697#88924072_original
Do the two product descriptions refer to the same real-world product? Entity 1: 'Sandisk Cruzer Force 16GB USB 2. 0 Flash Drive - 016G - B35'. Entity 2: 'P'.,Yes,2491460#75249284_both_augmented
"Do the two product descriptions refer to the same real-world product? Entity 1: 'RAM Torque 28mm-38mm Handlebar & Rail Base 1.5\"" Ball'. Entity 2: 'Seagate Ironwolf Pro 6TB (ST6000NE000)'.",No,53451198#9513553_original
Do the two product descriptions refer to the same real-world product? Entity 1: 'Manfrotto MVH502AH Fluid Video Head with MT055XPRO3 Tripod'. Entity 2: 'Manfrotto XPRO Fluid Tripod Head with Fluidity Selector'.,No,48435137#72145468_original
Do the two product descriptions refer to the same real-world product? Entity 1: 'SHIMANO SPD - SL road pedals'. Entity 2: 'Shimano PD Pedal - RS500 SL Black'.,Yes,68770838#48734649_both_augmented
"Do the two product descriptions refer to the same real-world product? Entity 1: 'Corsair iCUE 465X RGB Mid-Tower White ATX Case, T/G Window, No PSU'. Entity 2: 'Corsair iCue 465X RGB White'.",Yes,15678458#24927328_original
Do the two product descriptions refer to the same real-world product? Entity 1: 'Logitech HD Pro Webcam C920 - webkamera'. Entity 2: 'Logitech H650e USB PC Headset'.,No,25980770#43189520_original
Do the two product descriptions refer to the same real-world product? Entity 1: 'Samsung 970 EVO Plus MZ - V7S250BW / Solid state drive / encryp ted / 250 GB / inte rnal / M. 2 2280 / PCI Express 3. 0 x4 (NV Me) / bu ffer: 512 MB / 256 - bit AES / TCG Opal Encryption | MZ - V7S250BW'. Entity 2: 'Samsung 970 EVO Plus 250GB SSD'.,Yes,62631842#9016004_left_augmented_right_original
Do the two product descriptions refer to the same real-world product? Entity 1: 'SANDISK EXTREME PRO SDXC 256GB 170MB/S C10 U3'. Entity 2: '3M - PF230W9F EYE PROTECTION FILTER DESKTOPS FRAME STANDARD 23.0 ACCS'.,No,92318972#49127797_original
Do the two product descriptions refer to the same real-world product? Entity 1: 'Tag Heuer Carrera Quartz Chronograph Stainless Steel Watch CBG2A1Z.BA0658'. Entity 2: '_ Heuer Automatic Chronograph Watch CBG2A1Z. BA0658'.,Yes,42181153#18137846_left_original_right_augmented
Do the two product descriptions refer to the same real-world product? Entity 1: 'Cooler master ventola master liquid ML120R rgb lga 775>2066 amd AM2>FM1'. Entity 2: 'Cooler Master MasterLiquid ML120L V2 RGB All In One Liquid CPU Cooler'.,No,47818268#35737919_original
"Do the two product descriptions refer to the same real-world product? Entity 1: 'Western Digital My PassPort, 4TB, BLACK3 Years - WDBYFT0040BBK-WESN'. Entity 2: 'Samsung Portable SSD T7 Touch 1TB - Zilver'.",No,11564664#5603029_original
Do the two product descriptions refer to the same real-world product? Entity 1: 'Adata XPG SX6000 Lite 1TB M.2 PCIe GEN3x4 SSD ASX6000LNP-1TT-C'. Entity 2: 'Monitor 27 SW271 LED 5ms/QHD/IPS/HDMI/DP/USB'.,No,65953977#22000442_original
Do the two product descriptions refer to the same real-world product? Entity 1: 'SHIMANO RS500 SPD-SL road pedals'. Entity 2: 'Shimano Pedal PD-RS500 SL Black'.,Yes,68770838#48734649_original
"Do the two product descriptions refer to the same real-world product? Entity 1: 'Shimano - CLEATS SH-10 FIXED RED'. Entity 2: 'ShimanoSm - Sh10 Spd - Cleats Sl, Fixed'.",Yes,9862290#70495926_left_original_right_augmented
Do the two product descriptions refer to the same real-world product? Entity 1: 'SanDisk SD Extreme V30 U3 UHS-I C10 - 128GB'. Entity 2: 'SanDisk Extreme PRO SD UHS-II Card Reader/Writer'.,No,24802094#26237955_original
Do the two product descriptions refer to the same real-world product? Entity 1: 'Epson 79xl Cartuccia Magenta Originale per WF - WF 5620 - 5690 WF - 4630 C13T79034010'. Entity 2: 'E'.,Yes,2314380#10385523_both_augmented
Do the two product descriptions refer to the same real-world product? Entity 1: 'TAG Heuer Formula 1 Calibre 5 Men's Watch'. Entity 2: 'TAG Heuer Formula 1 43mm Mens Watch WAZ2011.BA0842'.,Yes,9242778#49810009_original
Do the two product descriptions refer to the same real-world product? Entity 1: 'Corsair iCue 465X RGB White'. Entity 2: 'DS-1273ZJ-140 Outdoor Indoor Wall Mount Bracket for Hikvision Dome Camera'.,No,24927328#33622216_original
Do the two product descriptions refer to the same real-world product? Entity 1: 'Pokemon Sword & Shield Booster pack'. Entity 2: 'Pokémon TCG Sword & Shield Darkness Ablaze'.,No,12194096#38823136_original
Do the two product descriptions refer to the same real-world product? Entity 1: 'Fujifilm INSTAX Mini Monochrome Instant Film (10 Exposures)'. Entity 2: 'Fujifilm Instax mini Rainbow film 10 pack'.,No,21122556#46246978_original
Do the two product descriptions refer to the same real-world product? Entity 1: 'Tissot Mens T-Sport Seastar 1000 Chronograph Black Dial Stainless Steel Bracelet Watch T120.417.11.051.00'. Entity 2: 'TISSOT HERITAGE VISODATE QUARTZ T118.410.11.057.00 (T118.410.11.057.00)'.,No,17282907#56904801_original
Do the two product descriptions refer to the same real-world product? Entity 1: 'Garmin fenix 6X Sapphire Black Silicone Strap Smart Watch'. Entity 2: 'Garmin fenix 5s Sapphire Black'.,No,61296263#96636315_original
Do the two product descriptions refer to the same real-world product? Entity 1: 'Pokémon TCG Sword & Shield Darkness _'. Entity 2: 'Pokemon Pokemon: Darkness Ablaze Bstr'.,Yes,38823136#57791020_left_augmented_right_original
Do the two product descriptions refer to the same real-world product? Entity 1: 'Zebra 800015-101 1000 Prints Black Resin Ribbon for P310i P420i P520i'. Entity 2: 'Zebra 800015-301 (Eltron) Black (K) Resin Ribbon - 1500 Prints'.,No,64029523#55031719_original
Do the two product descriptions refer to the same real-world product? Entity 1: 'WD Wds100t2b0a 1tb Blue 3d Nand SSD'. Entity 2: 'WD BLUE 1TB SN550 NVME M.2 2280 SSD (WDS100T2B0C)'.,No,86775292#29006523_original
"Do the two product descriptions refer to the same real-world product? Entity 1: 'Maxxis High Roller II 29"" WideTrail Tire - 3C MT DD / 2.5""'. Entity 2: 'High II Roller Bike Tire: 29 x 2. 50 \ "", Folding, , 120tpi 3C MaxxTerra, Double Down, Tubeless Ready Wide, Trail'.",Yes,20847407#56064924_left_original_right_augmented
Do the two product descriptions refer to the same real-world product? Entity 1: 'Logitech G G402 Hyperion Fury Mouse Oyuncu 910 - 004068'. Entity 2: 'LOGITECH | G402 Fury Hyperion FPS Gaming Mouse | 910 004068 -'.,Yes,50160182#23828624_both_augmented
Do the two product descriptions refer to the same real-world product? Entity 1: 'Crucial BX500 480GB SSD Micron 3D NAND SATA III 6Gb/s 2.5 Internal Solid State Drive'. Entity 2: 'Kingston DataTraveler G4 - USB flash drive - 16 GB - USB 3.0 - blue'.,No,93651578#11620368_original
Do the two product descriptions refer to the same real-world product? Entity 1: 'Intel Core i3-7100 Dual-Core 3.9GHz LGA1151 (BX80677I37100)'. Entity 2: 'P'.,Yes,56383083#54798530_left_original_right_augmented
Do the two product descriptions refer to the same real-world product? Entity 1: 'S RAM SRAM NX Ea gle PG - 1230 12 - Speed Cassette'. Entity 2: 'SRAM NX - 1230 Cassetta Pignoni 11 - 50T 12v 2019'.,Yes,56831449#36040842_both_augmented
Do the two product descriptions refer to the same real-world product? Entity 1: 'Zebra 800015-301 (Eltron) Black (K) Resin Ribbon - 1500 Prints'. Entity 2: 'Zebra 800015-101 Black Monochrome Ribbon - 1000 Prints'.,No,55031719#30102088_original
Do the two product descriptions refer to the same real-world product? Entity 1: 'Blaze 40-Inch 5-Burner LTE Built-In Liquid Propane Gas Grill With Rear Infrared Burner & Grill Lights'. Entity 2: 'MEMORIA DDR3 KINGSTON HYPERX FURY BLUE 4GB 1600MHZ'.,No,87046884#45145764_original
Do the two product descriptions refer to the same real-world product? Entity 1: 'Cisco Ca talyst 2960 - Plus 4 8TC - L - switch - 48 ports - managed - rack - mounta'. Entity 2: 'Catalyst 2960 Plus 48 10/100 +'.,Yes,84899710#66810868_left_augmented_right_original
"Do the two product descriptions refer to the same real-world product? Entity 1: 'Blaze 4 Burner LTE Grill Built-In Natural Gas Grill with Lights'. Entity 2: 'Samsung UH46F5 46\"" LED Full HD Nero display professionale'.",No,43409810#35424032_original
Do the two product descriptions refer to the same real-world product? Entity 1: 'Samsung Portable SSD T7 Touch 2TB - Zwart'. Entity 2: 'Samsung 9ortable SSD T7 Touch - Black - 2TB'.,Yes,23211539#30526558_left_original_right_augmented
Do the two product descriptions refer to the same real-world product? Entity 1: 'TP-LINK EAP110 Access point - Wit'. Entity 2: 'TP - Link EAP110 Auranet Access Point 300Mpa'.,Yes,85333987#75297744_left_original_right_augmented
Do the two product descriptions refer to the same real-world product? Entity 1: 'APPLE - Apple AirPods 2 with Wireless Charging Case MRXJ2ZM/A - White'. Entity 2: 'TP-Link Archer T9UH Wireless AC1900 USB Adapter'.,No,11022309#80086981_original
"Do the two product descriptions refer to the same real-world product? Entity 1: 'BROTHER HL-L6200DW WIRELESSMONO LASER PRINTER WITH2-Sided PRINTING(46 PPM, 520 Sheets Paper...'. Entity 2: 'Brother HL - L6200DW Laser Printer'.",Yes,62578226#90603941_left_original_right_augmented
"Do the two product descriptions refer to the same real-world product? Entity 1: 'Samsung T5 external SSD Black 2TB, USB -'. Entity 2: 'Samsung PortabIe SSD T5 - 2TB'.",Yes,90945536#6480791_both_augmented
Do the two product descriptions refer to the same real-world product? Entity 1: 'Tissot T-Sport Seastar 1000 Chronograph Watch T1204171105100'. Entity 2: 'Tissot Seastar 1000 Men's Black Rubber Strap Watch'.,No,48521210#81870804_original
Do the two product descriptions refer to the same real-world product? Entity 1: 'Cooler Master MasterBox TD500 ARGB Mesh ATX Case MCB - D500D - KGNN - S01 | PCByte'. Entity 2: 'C'.,Yes,68689972#93548558_both_augmented
"Do the two product descriptions refer to the same real-world product? Entity 1: 'Corsair Crystal Series 570X RGB CC-9011098-WW Steel / Tempered Glass ATX Mid Tower Case'. Entity 2: 'PHILIPS MONITOR LED IPS 24\"" (23.8) 16:9 FULLHD VGA DVI HDMI 243V7QDSB'.",No,18666720#96098511_original
Do the two product descriptions refer to the same real-world product? Entity 1: 'Epson Ink Cartridge - Matte Black 700ml'. Entity 2: 'Epson Tinte matte schwarz 700ml f. 7900/9900'.,Yes,415992#23007161_original
"Do the two product descriptions refer to the same real-world product? Entity 1: 'TP-Link EAP225-Outdoor AC1200 Wireless MU-MIMO Gigabit Indoor/Outdoor Access Point'. Entity 2: 'Samsung T5 external SSD Black 2TB, USB-C'.",No,73248952#90945536_original
Do the two product descriptions refer to the same real-world product? Entity 1: 'APPLE - Airpods With Ch arging Case'. Entity 2: 'APPLE - WITH AIRPODS CHARGING CASEIN'.,Yes,16529934#97396039_both_augmented
Do the two product descriptions refer to the same real-world product? Entity 1: 'ASUS NVIDIA GeForce RTX 2060 6GB DUAL OC EVO Turing Graphics Card'. Entity 2: 'TP-Link AC600 T2U Wireless USB Nano Adapter'.,No,28224541#56034511_original
Do the two product descriptions refer to the same real-world product? Entity 1: '4GB DDR3-1866MHz Kingston HyperX Fury Black'. Entity 2: 'Dymo 53713 Black On White - 24mm'.,No,66437726#89243104_original
Do the two product descriptions refer to the same real-world product? Entity 1: 'Samsung 970 EVO Plus 2TB SSD'. Entity 2: 'ASUS Prime X570-P ATX Motherboard - Socket AM4 - AMD X570 - USB 3.2 Gen 3'.,No,19411291#49058519_original
Do the two product descriptions refer to the same real-world product? Entity 1: 'MVH500AH FLUID VIDEO HEAD W/FLAT BASE'. Entity 2: 'TP-Link EAP225-Outdoor AC1200 Wireless MU-MIMO Gigabit Indoor/Outdoor Access Point'.,No,91625850#73248952_original
Do the two product descriptions refer to the same real-world product? Entity 1: 'Tissot Heritage Visodate Analog Swiss Quartz Sapphire Crystal Men's Watch'. Entity 2: 'T'.,Yes,34746615#56904801_left_original_right_augmented
Do the two product descriptions refer to the same real-world product? Entity 1: 'C'. Entity 2: 'Crucial 4GB (1x4GB) 2666MHz D DR4 Memory'.,Yes,61869387#8939620_both_augmented
Do the two product descriptions refer to the same real-world product? Entity 1: 'Hikvision Wall Mount for AVPIR3 and 23x5G1-I range of Cameras'. Entity 2: 'SRAM SRAM NX Eagle PG-1230 12-Speed Cassette'.,No,1821257#56831449_original
Do the two product descriptions refer to the same real-world product? Entity 1: 'Jabra BIZ 2300 USB UC Duo'. Entity 2: 'Shimano 11 SPD Chain RD/MTB Sil-Tec With Quick Link'.,No,89323553#95222715_original
Do the two product descriptions refer to the same real-world product? Entity 1: 'Atomos Coiled Full HDMI to Full HDMI Cable (30cm) - ATOMCAB010'. Entity 2: 'Atomos ATOM - CAB010 Full To Full Hdmi Coiled Ca ble'.,Yes,56736608#81962548_left_original_right_augmented
Do the two product descriptions refer to the same real-world product? Entity 1: 'Fujifilm FUJINON XF-56mm f1.2'. Entity 2: 'Fujinon Lens XF 23mm F1.4 R'.,No,88398980#27021728_original
Do the two product descriptions refer to the same real-world product? Entity 1: 'Xerox Phaser 6000/6010 Black Toner'. Entity 2: 'Xerox Toner 106R01634 black Phaser 6000 2000str.'.,Yes,18835729#56884127_original
Do the two product descriptions refer to the same real-world product? Entity 1: 'Kingston DataTraveler microDuo 128GB USB 3.0'. Entity 2: 'Kingston 256GB DataTraveler 100 G3 (USB 3.0)'.,No,21755591#8565641_original
Do the two product descriptions refer to the same real-world product? Entity 1: 'Canon CLI-251BK XL High-Capacity Black Ink Tank'. Entity 2: 'Pokemon TCG Rebel Clash Booster Pack'.,No,12243414#84465814_original
Do the two product descriptions refer to the same real-world product? Entity 1: 'SanDisk Extreme microSDHC 32GB 100/60 MB/s A1 V30 GoPro'. Entity 2: '64GB SanDisk Extreme micro SD XC Memory Card V-Class 30 U3 4K Video A1 100MB/s'.,Yes,27429904#26502310_original
"Do the two product descriptions refer to the same real-world product? Entity 1: 'Seagate IronWolf PRO 16TB NAS Professional'. Entity 2: '16TB IronWolf Pro ST16000NE000, 7200 RPM, SATA 6Gb/s, 256MB cache, 3.5-Inch HDD'.",Yes,1329026#26425849_original
"Do the two product descriptions refer to the same real-world product? Entity 1: 'Corsair ML120 LED, Red, 120mm Premium Magnetic Fan'. Entity 2: 'Corsair ML120 Pro LED 120mm Premium Mag-Lev Fan Red'.",Yes,11409646#8298432_left_augmented_right_original
Do the two product descriptions refer to the same real-world product? Entity 1: 'Sigma ART 50mm f/1.4 DG HSM Lens for Nikon'. Entity 2: 'Sigma 105mm f1.4 DG HSM Art Lens for Canon'.,No,86176880#32931015_original
Do the two product descriptions refer to the same real-world product? Entity 1: 'No Break APC Smart-UPS 10Kva Mono230V - SRT10KXLI'. Entity 2: 'Epson - Ink Cartridge Black 10K'.,No,14418390#29914496_original
"Do the two product descriptions refer to the same real-world product? Entity 1: 'BenQ GW2480 23.8"" Full HD IPS Monitor'. Entity 2: 'PHILIPS MONITOR LED IPS 24\"" (23.8) 16:9 FULLHD VGA DVI HDMI 243V7QDSB'.",No,83555610#96098511_original
Do the two product descriptions refer to the same real-world product? Entity 1: 'Jabra BIZ 2400 II 3-in-1 Mono IP Headset top only'. Entity 2: 'J'.,Yes,43780660#8343900_left_original_right_augmented
Do the two product descriptions refer to the same real-world product? Entity 1: '_ 1x 8GB DDR3L 1600MHz ECC Unbuffered UDIMM RAM | Discount _ Needs'. Entity 2: 'CRUCIAL - DDR3 8GB 1600Hz CL11 Unbuffered CT102472BD160B'.,Yes,83592973#36133874_left_augmented_right_original
"Do the two product descriptions refer to the same real-world product? Entity 1: 'Garmin fenix5S Sapphire Black Optic, Black band'. Entity 2: 'Ceas Garmin Garmin fenix5S Plus Silver, Black Band'.",No,5092599#65028129_original
Do the two product descriptions refer to the same real-world product? Entity 1: 'G.Skill Trident Z Neo DDR4 3600MHz 16GB (2X8) Desktop Memory for AMD X570 F4-3600C16D-16GTZNC | PCByte'. Entity 2: 'CRUCIAL - DDR3 8GB 1600Hz CL11 Unbuffered CT102472BD160B'.,No,66692743#36133874_original
"Do the two product descriptions refer to the same real-world product? Entity 1: 'Hewlett Packard Enterprise HDD 146GB 10K SAS 2,5INCH (507125-B21)'. Entity 2: 'SanDisk SDHC Ultra UHS-I 256GB Class 10 90MB/S'.",No,75431386#24224044_original
Do the two product descriptions refer to the same real-world product? Entity 1: 'Samsung PORTABLE SSD T7 Touch 1TB Mobile External Solid State'. Entity 2: 'Samsung Portable SSD T7 Touch 1TB - Zilver'.,No,93674071#5603029_original
Do the two product descriptions refer to the same real-world product? Entity 1: 'Ubiquiti UniFi Dual-Band WiFi PoE Access Point UAP-AC-HD - 5 Pack'. Entity 2: 'UniFi AP _ HD ROW 5Pk'.,Yes,18960736#24268406_left_original_right_augmented
"Do the two product descriptions refer to the same real-world product? Entity 1: 'Jabra BIZ 2 400 Ma rk II - 3 - in - 1 Mono Headset'. Entity 2: 'Jabra Biz 2400 II Mono 3-1, NC, 82 mic, QD'.",Yes,81069691#96888760_left_augmented_right_original
"Do the two product descriptions refer to the same real-world product? Entity 1: 'Crucial MX500 250GB SATA 2.5-inch, SATA 6.0Gb/s 7mm Solid State Drive'. Entity 2: 'RAM-B-408-75-1-UN7U RAM Mounts X-Grip® Phone Mount with RAM® Torque™ Medium Rail Base'.",No,19102781#11763693_original
"Do the two product descriptions refer to the same real-world product? Entity 1: 'Genuine Epson C13T616400 Yellow Cartridge (T6164YOEM )'. Entity 2: 'Tinte T6164 Yellow, 53 ml'.",Yes,75157949#27195828_both_augmented
Do the two product descriptions refer to the same real-world product? Entity 1: '8CH HIKVISION 4MP DVR HDMI TURBO 1080P DS-7208HQHI-K1'. Entity 2: 'HIKVISION DS-7216HUHI-K2 (Turbo HD 4.0) 8MP/5MP/4MP'.,No,18331466#15787372_original
"Do the two product descriptions refer to the same real-world product? Entity 1: 'Fujifilm XF 56mm F/1.2 R APD Lens'. Entity 2: 'iiyama ProLite XUB2792QSU-B1 27\"" LED LCD Monitor - 16:9 - 5 ms'.",No,89961053#41148564_original
Do the two product descriptions refer to the same real-world product? Entity 1: 'Canon EF 100mm F2.8 L IS USM Macro Lens'. Entity 2: 'CAmON EF 100mm / 2. 8L macro IS USME67'.,Yes,7274546#88027729_left_original_right_augmented
Do the two product descriptions refer to the same real-world product? Entity 1: 'Hydro Flask 21 Oz- Black'. Entity 2: 'Gigabyte GeForce GTX 1650 Super OC'.,No,75551932#60571140_original
Do the two product descriptions refer to the same real-world product? Entity 1: 'Jabra BIZ2300 2399 - 823 - 109 DUO MS'. Entity 2: 'Jabra BIZ 2300 USB MS Duo'.,Yes,5717009#13502365_left_augmented_right_original
Do the two product descriptions refer to the same real-world product? Entity 1: 'L'. Entity 2: 'LOGITECH C922 PRO STREAM FULL HD WEBCAM (960 - 0010)0) - WRHY 1YR W / BANLEONG'.,Yes,48658824#29716234_both_augmented
Do the two product descriptions refer to the same real-world product? Entity 1: 'Šilterica New Era Clean Trucker Chicago Bulls Cap'. Entity 2: 'Cappello New Era Clean Trucker Chicago Bulls Cap'.,Yes,69406607#49092761_original
Do the two product descriptions refer to the same real-world product? Entity 1: 'Logitech H151 Stereo Headset On Ear Kabelgebunden'. Entity 2: 'Wd Blue 3D Nand 250Gb Pc Ssd - Sata Iii 6Gb/S M.2 2280 Solid State Drive'.,No,50278024#87824933_original
Do the two product descriptions refer to the same real-world product? Entity 1: 'SanDisk Extreme Pro SD Card 32GB 300MB/s UHS-II'. Entity 2: 'SanDisk 32 GB Extreme Pro SDSDXPK - 032G - GN4IN SDHC Me mory Card C10'.,Yes,3420227#60624891_left_original_right_augmented
"Do the two product descriptions refer to the same real-world product? Entity 1: 'Ram Mount Motorcycle Fork Stem Mount with 1 Ball'. Entity 2: 'RAM Motorcycle Fork Stem Base w 1\"" Ball (RAM-B-342U)'.",Yes,3957020#20152457_original
Do the two product descriptions refer to the same real-world product? Entity 1: 'Mabfrotto MHXPRO - 2W 2 - Way Head'. Entity 2: 'Manfrotto XPRO Fluid Tripod Head with Fluidity Selector'.,Yes,35405134#72145468_left_augmented_right_original
Do the two product descriptions refer to the same real-world product? Entity 1: 'R'. Entity 2: 'R'.,Yes,2701835#81948691_both_augmented
Do the two product descriptions refer to the same real-world product? Entity 1: 'Pokemon TCG Rebel Clash Booster Pack'. Entity 2: 'PKM - Pokémon - Sword & Shield - Rebel Clash Booster'.,Yes,84465814#4486003_original
Do the two product descriptions refer to the same real-world product? Entity 1: 'SanDisk Ultra Flair 32GB USB 3.0 Pen Drive'. Entity 2: 'Sandisk USB Flash 32GB Cruzer Glide 2.0/3.0'.,No,54818129#516433_original
"Do the two product descriptions refer to the same real-world product? Entity 1: 'ASUS AMD ATX ROG STRIX B550 F Gaming Motherboard AM4 Dual DDR4, HDMI, Dual M.2'. Entity 2: 'Epson Fox Multipack \""Renard\"" (T1285) - Encre DURABrite Ultra N, C, M, J'.",No,77926243#18309559_original
"Do the two product descriptions refer to the same real-world product? Entity 1: 'AMD Ryzen 5 2600X - 4.25 GHz - 6-core - 12 threads - 19 MB cache - Socket AM4 - Box'. Entity 2: 'YD260XBCAFBOX - AMD AM4 Ry zen 5 2600X, 6x 3. 60GHz, bo xed'.",Yes,25725051#83152267_left_original_right_augmented
Do the two product descriptions refer to the same real-world product? Entity 1: 'Jabra EVOLVE 65 UC Mono Bluetooth Headset'. Entity 2: 'Jabra EVOLVE 65 UC Mono (6593-829-409)'.,Yes,4284864#48580118_original
Do the two product descriptions refer to the same real-world product? Entity 1: 'SanDisk Extreme PRO SD UHS - II / Writer'. Entity 2: 'SanDisk Extreme PRO SD UHS-II USB 3.0'.,Yes,26237955#27700752_left_augmented_right_original
"Do the two product descriptions refer to the same real-world product? Entity 1: 'Pokémon TCG: Sword & Shield-Rebel Clash 3 Booster Packs, Coin & Rayquaza Promo Card'. Entity 2: 'Zebra 800015-101 1000 Prints Black Resin Ribbon for P310i P420i P520i'.",No,79334302#64029523_original
Do the two product descriptions refer to the same real-world product? Entity 1: 'Pokemon SWSH3: Darkness Ablaze Elite Tra*ner Box'. Entity 2: 'POKÉMON TCG Sword and Shield- Darkness Ablaze Trainer Box'.,Yes,63016126#9923090_left_augmented_right_original
Do the two product descriptions refer to the same real-world product? Entity 1: 'Swiss Military Hanowa Flagship 06-5161.2.04.007'. Entity 2: 'HP printer Color LaserJet Professional CP5225dn (CE712A#B19)'.,No,10214898#17681625_original
Do the two product descriptions refer to the same real-world product? Entity 1: 'Razer DeathAdder V2 mouse USB Type-A Right-hand'. Entity 2: 'Apple AirPods with Wireless Charging Case (2nd Generation) - White'.,No,94739264#40845396_original
Do the two product descriptions refer to the same real-world product? Entity 1: 'Hydro Flask 21 _ - Black'. Entity 2: 'Hydro Flask Standard Mouth 621ml Insulated Bottle'.,Yes,75551932#2687477_left_augmented_right_original
Do the two product descriptions refer to the same real-world product? Entity 1: '0000006490| Canon EF-S 18-135mm f3.5-5.6 IS NANO USM Lens'. Entity 2: 'Canon EF-S 18-135/3.5-5.6 IS USM'.,Yes,49678723#43932865_original
Do the two product descriptions refer to the same real-world product? Entity 1: 'APC RBC140 Replacement Battery Cartridge'. Entity 2: 'APC APCrbc110 Replacement Battery Cartridge #110'.,No,54536046#1644190_original
Do the two product descriptions refer to the same real-world product? Entity 1: 'Wd Blue 3D Nand 250Gb Pc Ssd - Sata Iii 6Gb/S M.2 2280 Solid State Drive'. Entity 2: 'WD Blue 3D - 2048 GB - M.2 - 560 MB/s - 6 Gbit/s WDS200T2B0B'.,No,87824933#35469349_original
"Do the two product descriptions refer to the same real-world product? Entity 1: 'RAM-B-408-75-1-UN7U RAM Mounts X-Grip® Phone Mount with RAM® Torque™ Medium Rail Base'. Entity 2: 'RAM Mount Torque ™ 3 / 1 "" Diameter Handlebar / Rail Base with 1 "" Ball and X - Grip ®'.",Yes,11763693#12109505_left_original_right_augmented
Do the two product descriptions refer to the same real-world product? Entity 1: 'FUJIFILM Aspherical Super EBC XF 80mm f/2.8 R LM OIS WR Macro Lens'. Entity 2: 'FUJIFILM XF 8-16mm f/2.8 R LM WR Lens'.,No,21075521#21963707_original
Do the two product descriptions refer to the same real-world product? Entity 1: 'Brother HL-L8360CDW Laser Printer'. Entity 2: 'Bosch KGN34NWEAG 60cm Frost Free Fridge Freezer'.,No,5137860#62807515_original
"Do the two product descriptions refer to the same real-world product? Entity 1: 'Samsung 860 PRO 2.5\"" 1000 GB Serial ATA III 3D MLC'. Entity 2: 'Crucial BX500 2.5\"" 480 GB Serial ATA III'.",No,29714425#23491163_original
Do the two product descriptions refer to the same real-world product? Entity 1: 'Epson Cartouche d ' en cre C13T865140 (T8651 )'. Entity 2: 'Epson - Ink Cartridge Black 10K'.,Yes,94512766#29914496_left_augmented_right_original
Do the two product descriptions refer to the same real-world product? Entity 1: 'ZOTAC GeForce RTX 2060 SUPER AMP! 8GB 256Bit GDDR6'. Entity 2: 'Gigabyte GeForce RTX 2060 SUPER 8GB Aorus'.,No,76497591#8882504_original
Do the two product descriptions refer to the same real-world product? Entity 1: 'Jabra BIZ 2 400 Ma rk II - 3 - in - 1 Mono Headset'. Entity 2: 'J'.,Yes,81069691#96888760_both_augmented
"Do the two product descriptions refer to the same real-world product? Entity 1: 'Life Extension Super Ubiquinol COQ10 with Enhanced Mitochondrial Support 100 mg, 60 Count'. Entity 2: 'Super Ubiquinol CoQ10 with Enhanced Mitochondrial Support 100 mg'.",Yes,8482438#37007640_original
Do the two product descriptions refer to the same real-world product? Entity 1: 'Shimano Ultegra Chain HG701 - 116L - with split'. Entity 2: 'Cle Usb KINGSTON 16GB DT MicroDuo USB 3.0 micro USB OTG'.,No,37862083#74525970_original
Do the two product descriptions refer to the same real-world product? Entity 1: '652589-B21 HP G8 G9 900-GB 6G 10K 2.5 SAS SC'. Entity 2: 'HP 900GB 6G SAS 10K 900 SAS 16 MB Cache 2.5-Inch Internal Bare or OEM Drives 619291-B21'.,No,33972604#66047716_original
Do the two product descriptions refer to the same real-world product? Entity 1: 'Original Epson T1571 Photo Black Ink Cartridge'. Entity 2: 'Epson Tinte schwa rz - photo f. R3000'.,Yes,55645397#10229909_left_original_right_augmented
Do the two product descriptions refer to the same real-world product? Entity 1: 'Sigma 35mm f1.4 EX DG HSM A Nikon'. Entity 2: 'Sigma Sigma F1. 4 ART DG - Nikon AF mount'.,Yes,14519075#31585097_left_original_right_augmented
Do the two product descriptions refer to the same real-world product? Entity 1: 'RAM® Composite Double Socket Arm'. Entity 2: 'HPE 300GB SERVER SMART MEMORY 6G 15K SAS 2.5 652611-B21'.,No,18456007#71290070_original
Do the two product descriptions refer to the same real-world product? Entity 1: 'Shimano 11 SPD Chain RD/MTB Sil-Tec With Quick Link'. Entity 2: 'Evans EC2S 13'' Clear Batter - TT13EC2S'.,No,95222715#74972794_original
"Do the two product descriptions refer to the same real-world product? Entity 1: 'Ubiquiti UVC-G3-BULLET (Formerly UVC-G3-AF) UniFi Video Camera G3 1080p PoE IP Camera'. Entity 2: '3M - Privacy Filter 23.0\""\"" Framed'.",No,16871572#5938532_original
Do the two product descriptions refer to the same real-world product? Entity 1: 'Epson A4 Premium Glossy Photo Paper'. Entity 2: 'Brother Monochrome Compact Laser All-in-One Printer with Duplex Printing and Wireless Networking'.,No,91929224#54829738_original
"Do the two product descriptions refer to the same real-world product? Entity 1: 'Seagate IronWolf Pro ST8000NE001 - Hard drive - 8 TB - internal - 3.5\"" - SATA 6Gb/s - 7200 rpm - buffer_ 256 MB - with 2 years Rescue Data Recovery Service Plan'. Entity 2: 'Western digital wd blue - hdd - 2 tb - interno - 3.5 - sata 6Gb/s - 5400 rpm - buffer: 64 mb'.",No,84438504#27923177_original
"Do the two product descriptions refer to the same real-world product? Entity 1: 'SanDisk 480GB SSD Plus int _. 5 \ "" SATA3 SSD (SDSSDA - _ - G26) (Local _ with 3years with Local Distributor )'. Entity 2: 'SanDisk PL US SSD Hard Drive 2. 5 ´ ´ internal, 480 GB, SATA, Bla ck'.",Yes,49067884#62318417_both_augmented
Do the two product descriptions refer to the same real-world product? Entity 1: 'Headset Audio-Technica ATH-M50X'. Entity 2: 'Audio Technica ATH-M50x Professional Monitor Audiophile Headphones - Black'.,Yes,3764542#74908666_original
"Do the two product descriptions refer to the same real-world product? Entity 1: 'Shimano 11 SPD Chain RD/MTB Sil-Tec With Quick Link'. Entity 2: 'Shimano CN-HG601 105 5800 / SLX M7000 Chain With Quick Link 11-Speed - 116 Links, SIL-TEC'.",No,95222715#11427812_original
Do the two product descriptions refer to the same real-world product? Entity 1: 'Seiko Presage Watch Zen Gardens Mens'. Entity 2: 'Mens Daniel Wellington St Mawes 40mm Watch DW00100006'.,No,67462269#42604445_original
"Do the two product descriptions refer to the same real-world product? Entity 1: 'Intel Processor, Core i7-8700K 8th Gen'. Entity 2: 'Razer Viper Ultimate & Mouse Dock'.",No,43904710#51033513_original
"Do the two product descriptions refer to the same real-world product? Entity 1: 'Ram Mount Motorcycle Fork Stem Mou nt with 1 Ball'. Entity 2: 'RAM Motorcycle Fork Stem Base 1 \ "" (RAM - B - 342U )'.",Yes,3957020#20152457_both_augmented
Do the two product descriptions refer to the same real-world product? Entity 1: 'Epson Tinte matte schwarz 700ml f. 7900/9900'. Entity 2: 'Epson Tinte schwarz-photo f. R3000'.,No,23007161#10229909_original
Do the two product descriptions refer to the same real-world product? Entity 1: 'Western Digital WD My Passport Portable HDD 4TB Black'. Entity 2: 'WD HDD 4TB My Passport Black'.,No,68891313#72819377_original
Do the two product descriptions refer to the same real-world product? Entity 1: 'AMD Ryzen 9 3900XT 12-Core 3.8 GHz Socket AM4 105W 100-100000277WOF Desktop Processor'. Entity 2: 'Sigma 105mm f1.4 DG HSM Art Lens for Canon'.,No,44141044#32931015_original
Do the two product descriptions refer to the same real-world product? Entity 1: '507125-B21 HP 146-GB 6G 10K 2.5 DP SAS HDD'. Entity 2: '652589-B21 HP G8 G9 900-GB 6G 10K 2.5 SAS SC'.,No,43481409#33972604_original
Do the two product descriptions refer to the same real-world product? Entity 1: 'Ext. HDD LaCie Mobile Drive 2TB USB-C'. Entity 2: 'LACIE 2TB 2. 5 MOBILE PORTABLE. 0 MOON SILVER'.,Yes,81439789#23605781_left_original_right_augmented
"Do the two product descriptions refer to the same real-world product? Entity 1: 'Maxxis Tire Assegai 3C MAXXTERRA/EXO+/TR Foldable 27.5x2.50WT'. Entity 2: 'Maxxis Assegai Tire - 27. 5 x 2. 5, Folding, Tubeless, flack, 3C MaDx Terra, EXO +, WUde Trail'.",Yes,30212626#30141859_left_original_right_augmented
Do the two product descriptions refer to the same real-world product? Entity 1: 'Jabra Evolve 20 SE Special Edition UC USB'. Entity 2: 'Evopve 20 Special Edition Mono MS'.,Yes,35793904#96691496_both_augmented
"Do the two product descriptions refer to the same real-world product? Entity 1: 'BLsZE PROF3QSIONAL 27 - INCH 2 BURNER BUILT - IN GAS GRILL WITH REAR INFRARED BURNER'. Entity 2: 'Blaze 2 Burner Professl)nal Guilt - In Propane Gas Outdoor Grill, BLZ - 2PRO - LP'.",Yes,11199708#24360041_both_augmented
"Do the two product descriptions refer to the same real-world product? Entity 1: 'Fujifilm XF 56mm f/1.2 R'. Entity 2: 'RAM Mount Torque™ 3/4"" - 1"" Diameter Handlebar/Rail Base with 1"" Ball and X-Grip®'.",No,81954319#12109505_original
Do the two product descriptions refer to the same real-world product? Entity 1: 'Obiectiv foto CANON EF-S 10-18mm f/4.5-5.6 IS STM'. Entity 2: 'Canon EF-S 10-18/4.5-5.6 IS STM'.,Yes,14345451#27365404_original
Do the two product descriptions refer to the same real-world product? Entity 1: 'Intel Core i7 9700F 9th Gen Desktop Processor/CPU Retail - No iGPU'. Entity 2: 'Shimano Metal Disk Fren Balatası Ice-Tech J04C'.,No,27468857#39085812_original
Do the two product descriptions refer to the same real-world product? Entity 1: 'Access Poin^ TP - LINK Wireless N e00Mbs B / G / N - 3 Antenas'. Entity 2: 'Access Point TP-Link 450MBPS TL-WA901ND Wireless'.,Yes,7873500#10373250_left_augmented_right_original
"Do the two product descriptions refer to the same real-world product? Entity 1: 'Corsair Carbide 175R RGB Black Mid Tower ATX Case, Tempered Glass Side Window, No PSU, 2x USB 3.0, HD Audio, 1x 120mm Fan included'. Entity 2: 'Speed Dome IP, 2 MP, IR 150m, Hikvision DS-2DE5225IW-AE'.",No,41485546#12176070_original
"Do the two product descriptions refer to the same real-world product? Entity 1: 'RAM Motorcycle Brake/Clutch Reservoir & Handlebar Ball Base / B Size / RAM-B-309-7U'. Entity 2: 'RAM Motorcycle Combination Base for Handlebar or Brake/Clutch Reservoir with 1\"" ...'.",Yes,89814977#54550733_original
Do the two product descriptions refer to the same real-world product? Entity 1: 'ASUS GeForce GTX 1660 SUPER DUAL EVO OC'. Entity 2: 'HyperX Predator 16GB - PC4-26600 - DIMM'.,No,42779659#87322400_original
"Do the two product descriptions refer to the same real-world product? Entity 1: 'Seagate IronWolf 6TB 3,5'' 256MB ST6000VN0033'. Entity 2: 'GENUINE Dymo 24mm x 7m Black on Yellow Label Tape Roll SD53718'.",No,59536106#72314218_original
Do the two product descriptions refer to the same real-world product? Entity 1: 'Jabra BIZ 2300 _ UC Duo'. Entity 2: 'J'.,Yes,89323553#24284489_both_augmented
Do the two product descriptions refer to the same real-world product? Entity 1: 'Evans EC2S 13'' Clear Batter - TT13EC2S'. Entity 2: 'Evans EC2 SST _ Batter Drumhead 13 in.'.,Yes,74972794#41520329_left_original_right_augmented
"Do the two product descriptions refer to the same real-world product? Entity 1: 'TP - Link TL - SG1024DE 24 - Port Gigabit Easy Smart Switch, 24 10 / 100 / 1000Mbps RJ45 ports, / MTU / Port Tag based - VLAN, QoS, Snooping IGMP'. Entity 2: 'SWITCH TP-LINK 24 PORT GIGA'.",Yes,72125402#31510768_left_augmented_right_original
Do the two product descriptions refer to the same real-world product? Entity 1: 'Samsung T7 Touch Black 1TB Portable SSD with Fingerprint ID'. Entity 2: 'TP-Link T1700G-28TQ JetStream 24-Port Gigabit Stackable Smart Switch with 4 10GE SFP+ Slots'.,No,66625804#58763783_original
Do the two product descriptions refer to the same real-world product? Entity 1: 'Manfrotto MHXPRO-2W 2-Way Head'. Entity 2: 'MANFROTTO trpied alu Befree Advanced 2.0 MKBFRLA4BK-BH'.,No,35405134#41867761_original
Do the two product descriptions refer to the same real-world product? Entity 1: 'AMD Ryzen 5 1500X Wraith Spire Cooler'. Entity 2: 'No Break APC Smart-UPS 10Kva Mono230V - SRT10KXLI'.,No,20737266#14418390_original
Do the two product descriptions refer to the same real-world product? Entity 1: 'Logitech HD Pro Webcam C920 - webkamera'. Entity 2: 'Epson Premium Glossy Photo Paperphoto paper - 25 sheet(s) - A2'.,No,25980770#56676909_original
Do the two product descriptions refer to the same real-world product? Entity 1: 'SanDisk SSD Plus 120GB 240GB 530MB/s 480GB 1TB 535MB/sSolid State Drive (120GB)'. Entity 2: 'Corsair 32GB DDR4 Vengeance LPX 2666MHz Memory Kit Black'.,No,60638240#25135333_original
"Do the two product descriptions refer to the same real-world product? Entity 1: 'Garmin Fenix 5S Plus GPS Watch Silver with Black Band'. Entity 2: 'Ceas Garmin Garmin fenix5S Plus Silver, Black Band'.",Yes,7871753#65028129_original
"Do the two product descriptions refer to the same real-world product? Entity 1: 'Intel Core i3-7100 Dual-Core 3.9GHz LGA1151 (BX80677I37100)'. Entity 2: 'iiyama ProLite XUB2792QSU-B1 27\"" LED LCD Monitor - 16:9 - 5 ms'.",No,56383083#41148564_original
"Do the two product descriptions refer to the same real-world product? Entity 1: 'Samsung UH46F5 46\"" LED Full HD Nero display professionale'. Entity 2: 'BLAZE PROFESSIONAL 27-INCH 2 BURNER BUILT-IN GAS GRILL WITH REAR INFRARED BURNER'.",No,35424032#11199708_original
"Do the two product descriptions refer to the same real-world product? Entity 1: 'WD Blue 2 1TB. "" 5 SATA Internal Solid State Drive SSD 550MB / s HDD | Discount Needs Computer'. Entity 2: 'WD Wds100t2b0a 1tb Blue 3d Nand SSD'.",Yes,27843837#86775292_left_augmented_right_original
Do the two product descriptions refer to the same real-world product? Entity 1: 'Wireless TP-LINK Wireless Lan TL-WN781ND'. Entity 2: 'Access Point TP-Link 450MBPS TL-WA901ND Wireless'.,No,48790334#10373250_original
Do the two product descriptions refer to the same real-world product? Entity 1: 'Swiss Military Hanowa FLAGSHIP 06-5161.2.04.007 Herrenuhr'. Entity 2: 'Epson S050189 toner ciano ACULA.C1100 4k'.,No,27442156#63513295_original
"Do the two product descriptions refer to the same real-world product? Entity 1: 'Cloud Core Router CCR1036-12G-4S-EM'. Entity 2: 'MikroTikCloud Core Router 1036-12G-4S with Tilera Tile-Gx36 CPU (36-cores, 1.2Ghz per core), 16GB RAM, 4xSFP cage, 12xGbit LAN, RouterOS L6, 1U rackmount case, PSU, LCD panel'.",Yes,88031640#6256141_original
"Do the two product descriptions refer to the same real-world product? Entity 1: 'Apple AirPods Pro Bluetooth Earbuds w/ Wireless Charging Case, White (MWP22AM/A)'. Entity 2: 'APPLE - Apple AirPods 2 with Wireless Charging Case MRXJ2ZM/A - White'.",No,88924072#11022309_original
Do the two product descriptions refer to the same real-world product? Entity 1: 'Ext. HDD LaCie Mobile Drive 2TB USB-C'. Entity 2: 'LACIE 2TB 2.5 MOBILE PORTABLE USB 3.0 MOON SILVER'.,Yes,81439789#23605781_original
Do the two product descriptions refer to the same real-world product? Entity 1: 'Replacement Battery Cartridge # 133 (APCRBC133 )'. Entity 2: 'APC Replacement Battery Cartridge # 133UPS ba6tery - Lead Acid'.,Yes,28129178#9561888_both_augmented
"Do the two product descriptions refer to the same real-world product? Entity 1: 'Evans EMAD2 Clear Bass Drum Head, 22 Inch'. Entity 2: 'Evans EC2 Clear Drum Head, 14 Inch'.",No,9232364#1136383_original
Do the two product descriptions refer to the same real-world product? Entity 1: 'D - Link Switch 24 - Puertos Red'. Entity 2: 'D-LINK DGS-1210-24P 24-port Gig PoE Switch 4x Combo'.,Yes,51810284#15041298_left_augmented_right_original
Do the two product descriptions refer to the same real-world product? Entity 1: 'Sigma ART 50mm f / 1. 4 Lens for Nikon'. Entity 2: 'Sigma 50mm F1.4 Art DG HSM Nikon Mount Lens'.,Yes,86176880#26736430_left_augmented_right_original
Do the two product descriptions refer to the same real-world product? Entity 1: 'Daniel Wellington Horloge Classic Sheffield Rose DW00100036'. Entity 2: 'Daniel Wellington Unisex Classic Sheffield 36mm Rose Gold Black DW00100036'.,Yes,26786850#35410623_original
Do the two product descriptions refer to the same real-world product? Entity 1: 'instax square film black 10pk'. Entity 2: 'Fujifilm Instax Black Square Film (10 Pack)'.,Yes,17813216#36022457_left_augmented_right_original
Do the two product descriptions refer to the same real-world product? Entity 1: 'Traveler's Company 002. GRID REFILL MIDORI TRAVELER'S NOTEBOOK'. Entity 2: 'Midori Traveler's Notebook - 012 Sketch Paper Notebook'.,No,29929454#25945492_original
Do the two product descriptions refer to the same real-world product? Entity 1: 'Cerox Phaser 7760 Yellow Toner 106R01162'. Entity 2: 'Xerox 106R01162 OEM Toner Phaser 7760 Yellow - 25K'.,Yes,61066243#7574514_both_augmented
"Do the two product descriptions refer to the same real-world product? Entity 1: 'Seagate IronWolf 6TB NAS Internal Hard Drive (3.5"")'. Entity 2: 'Seagate IronWolf PRO 16TB NAS Professional'.",No,12761549#1329026_original
Do the two product descriptions refer to the same real-world product? Entity 1: 'G'. Entity 2: 'Gigabyte GeForce 1650 Super OC'.,Yes,23757092#60571140_both_augmented
Do the two product descriptions refer to the same real-world product? Entity 1: 'Sony E 30mm f/3.5 Macro Lens'. Entity 2: 'Sony SEL24240 FE 24-240mm f/3.5-6.3 OSS Zoom Lens for Mirrorless Cameras'.,No,15648#18865753_original
Do the two product descriptions refer to the same real-world product? Entity 1: 'Laser Toner Cartridge compatible with Samsung MLT-D103L/ELS High Capacity'. Entity 2: 'Cartus compatibil Samsung CLT-K406S'.,No,26491787#35100344_original
Do the two product descriptions refer to the same real-world product? Entity 1: 'Toner Original Oki Ciano (44844507)'. Entity 2: 'OKI C831 / 841 Cyan 10K'.,Yes,57812056#84745207_left_original_right_augmented
"Do the two product descriptions refer to the same real-world product? Entity 1: 'RAM Handlebar Rail Mount 1.125 - 1.5\"" C (RAM-408-112-15U)'. Entity 2: 'Seagate Ironwolf Pro 6TB (ST6000NE000)'.",No,63741667#9513553_original
Do the two product descriptions refer to the same real-world product? Entity 1: 'Atomos Coiled Full HDMI to Full HDMI Cable (30cm) - ATOMCAB010'. Entity 2: 'Atomos ATOM-CAB010 Full To Full Hdmi Coiled Cable'.,Yes,56736608#81962548_original
Do the two product descriptions refer to the same real-world product? Entity 1: '- DS 7208HUHI - - k2 P 8 Channel DVR Turbo 4. 0 PoC 5MP'. Entity 2: 'DS - 7208HUHI - K2 - P Hikvision 8 Channel 5MP / 1080P HD - Hybrid TVI DVR with Power over Coax (PoC Turbo4 / 0. )'.,Yes,90921158#13887167_both_augmented
Do the two product descriptions refer to the same real-world product? Entity 1: 'Epson atrament SPro 7880/9880/7800/9800 light black 220ml C13T603700'. Entity 2: 'Epson C13T603100 T6031 Black Ink 220ml'.,No,19042808#20060104_original
Do the two product descriptions refer to the same real-world product? Entity 1: 'TONER CANON CIAN CL707C 2.000 PAGINAS'. Entity 2: 'Originlny toner CANON CRG-707 C (Azrov)'.,Yes,47317909#98859135_original
Do the two product descriptions refer to the same real-world product? Entity 1: 'Pre-Owned Audemars Piguet Royal Oak Chronograph 26331ST.OO.1220ST.03'. Entity 2: 'Audemars Piguet-Audemars Piguet Royal Oak Chronograph 41mm Mens Watch-26331ST.OO.1220ST.02'.,No,45759535#30454890_original
"Do the two product descriptions refer to the same real-world product? Entity 1: 'Western Digital My Book Micro-USB B 3.0 (3.1 Gen 1) 3000GB N'. Entity 2: 'Western Digital My Passport 1TB 2,5"" USB 3.0'.",No,47251006#82090972_original
"Do the two product descriptions refer to the same real-world product? Entity 1: 'Epson Tinte T6037 Light Black, 220 ml'. Entity 2: 'Atomos ATOM-CAB010 Full To Full Hdmi Coiled Cable'.",No,12650660#81962548_original
Do the two product descriptions refer to the same real-world product? Entity 1: 'EJ16 - Acoustic Phosphor Bronze 12-53'. Entity 2: 'Elixir E16052 Nanoweb Phosphor Bronze Acoustic Guitar Strings Light Gauge 12-53'.,No,24742825#62145678_original
Do the two product descriptions refer to the same real-world product? Entity 1: '652589-B21 HP G8 G9 900-GB 6G 10K 2.5 SAS SC'. Entity 2: 'USB STICK SANDISK CRUZER GLIDE 32GB'.,No,33972604#79625472_original
Do the two product descriptions refer to the same real-world product? Entity 1: 'Shimano 11 SPD Chaig RD / MTB Sil - Tec With Quic> Link'. Entity 2: 'Shimano Shimano Cn-Hg901 11-Spd Chain Xtr / Dura Ace W/ Quick Link'.,Yes,95222715#54685720_left_augmented_right_original
"Do the two product descriptions refer to the same real-world product? Entity 1: 'Hikvision Wall Mount for AVPIR3 and 23x5G1-I range of Cameras'. Entity 2: 'Ram Mount 2\"" Double Socket Arm for 1\"" Balls'.",No,1821257#93836358_original
Do the two product descriptions refer to the same real-world product? Entity 1: 'SMSH11 SPDSL CLEAT SET FLOATING MODE YELLOW'. Entity 2: 'Cooler Master N300 Mesh ATX Case Black NSE-300-KKN1 | PCByte'.,No,91717987#95251916_original
"Do the two product descriptions refer to the same real-world product? Entity 1: 'Jabra BIZ 2400 II Duo - Mic. 82 NC, Wideband'. Entity 2: 'Corsair Carbide SPEC-OMEGA RGB Black ATX Cube Case, Tempered Glass Window, No PSU, 2x USB 3.0, HD Audio, 2x HD120 RGB Fan / Lighting Node PRO pre-installed'.",No,7383990#97168711_original
Do the two product descriptions refer to the same real-world product? Entity 1: 'Mens Daniel Wellington St Mawes 40mm Watch DW00100006'. Entity 2: 'D'.,Yes,42604445#33365078_left_original_right_augmented
Do the two product descriptions refer to the same real-world product? Entity 1: 'HP 900GB 6G SAS 10K 900 SAS 16 MB Cache 2.5-Inch Internal Bare or OEM Drives 619291-B21'. Entity 2: '619291-B21 HP 900GB 6G SAS 10K rpm SFF (2.5-inch) Enterprise Hard Drive'.,Yes,66047716#47613152_original
Do the two product descriptions refer to the same real-world product? Entity 1: 'Super Ubiquinol CoQ10 with Enhanced Mitochondrial Support 100 mg'. Entity 2: 'TAG Heuer Formula 1 Calibre 5 Men's Watch'.,No,37007640#9242778_original
"Do the two product descriptions refer to the same real-world product? Entity 1: 'Ram Mount 2 \ "" Dokble Socker Arm for 1 \ "" Balls'. Entity 2: 'RAM Double Socket Clamp Arm SHORT'.",Yes,93836358#71957793_left_augmented_right_original
Do the two product descriptions refer to the same real-world product? Entity 1: 'Logitech G G402 Hyperion Fury Oyuncu Mouse 910-004068'. Entity 2: 'Jabra BIZ 2300 Mono USB MS Lync Headset'.,No,50160182#61154808_original
Do the two product descriptions refer to the same real-world product? Entity 1: 'SanDisk SDHC Ultra I 256GB Class 10 90MB / S'. Entity 2: 'SanDisk Ultra SDXC Memory Card 100MBs Class 10 UHS-I 256GB'.,Yes,24224044#47282882_left_augmented_right_original
"Do the two product descriptions refer to the same real-world product? Entity 1: 'Kingston 4GB DDR3 1600MHz HyperX Fury Black Series'. Entity 2: '16TB IronWolf Pro ST16000NE000, 7200 RPM, SATA 6Gb/s, 256MB cache, 3.5-Inch HDD'.",No,8315719#26425849_original
Do the two product descriptions refer to the same real-world product? Entity 1: 'HIKVISION DS-7216HUHI-K2 (Turbo HD 4.0) 8MP/5MP/4MP'. Entity 2: 'Hikvision DS-7216HUHI-K2 Turbo 1080p HD 16CH DVR - HD-TVI AHD IPC - HDMI COAX'.,Yes,15787372#22992322_original
