prompt,completion
"Do the two product descriptions refer to the same real-world product? Entity 1: 'nan HDD 35 4TB Seagate IronWolf Pro NAS ST4000NE001 154.10 nan'. Entity 2: 'nan HD 3,5 4TB 7200RPM IRONWOLF PRO 128 MB SATA3 SEAGATE  153.99 EUR'.",Yes
Do the two product descriptions refer to the same real-world product? Entity 1: 'nan Buy Quality Replica Omega Seamaster Planet Ocean 600M Steel Chronometer Chronograph Watch 215.30.46.51.01.001 nan nan'. Entity 2: 'nan GIGABYTE Radeon RX 5500 XT OC - 4GB GDDR6 RAM - Grafikkort  2322.00 NOK'.,No
Do the two product descriptions refer to the same real-world product? Entity 1: 'nan Ubiquiti UVC-G3-FLEX-3 UniFi Protect G3 FLEX Camera 3-Pack $‎234.95 USD'. Entity 2: 'nan AAA Replica Omega Seamaster Planet Ocean 600M Chronograph Stainless Steel Blue Watch 215.30.46.51.03.001  nan nan'.,No
Do the two product descriptions refer to the same real-world product? Entity 1: 'Brother Brother HL-L6300DW Business Laser Printer for Mid-Size Workgroups -HL-L6300DW 479.98 USD'. Entity 2: 'nan Epson T6923 Ultrachrome XD rautt Ink 110ml  16371 ISK'.,No
Do the two product descriptions refer to the same real-world product? Entity 1: 'KINGSTON KINGSTON 64GB USB 3.0 DataTraveler SE9 G2 (Kovový) DTSE9G2/64GB 369.00 czk'. Entity 2: 'nan Buy Quality Replica Tag Heuer Monaco Steve McQueen Chronograph Watch CAW211P.FC6356  nan nan'.,No
"Do the two product descriptions refer to the same real-world product? Entity 1: 'nan Swiss Military Hanowa FLAGSHIP 06-5161.2.04.007 Herrenuhr 378,00 лв BGN'. Entity 2: 'SWISS MILITARY HANOWA Swiss Military Hanowa Flagship 06-5161.2.04.003  6145.0000 UAH'.",No
Do the two product descriptions refer to the same real-world product? Entity 1: 'Sony Sony SEL24240 FE 24-240mm f/3.5-6.3 OSS Zoom Lens for Mirrorless Cameras 998.00 USD'. Entity 2: 'WD WD My Passport - 1 TB  54.98 EUR'.,No
"Do the two product descriptions refer to the same real-world product? Entity 1: 'nan Catalyst 2960-X 24 GigE PoE 370W, 2 x 10G SFP+, LAN Base 33099.85 HKD'. Entity 2: 'Corsair 8GB Corsair ValueSelect DDR4-2133 DIMM CL15 Single  33.99 nan'.",No
"Do the two product descriptions refer to the same real-world product? Entity 1: 'Corsair Corsair ML140 PRO RGB LED 140MM PWM Premium Magnetic Levitation Fan - Single Pack 32.98 GBP'. Entity 2: 'nan Corsair ML140 Pro LED, Red, 140mm Premium Magnetic Levitation Fan  77.96 AUD'.",No
Do the two product descriptions refer to the same real-world product? Entity 1: 'nan Samsung Portable SSD T7 Touch - Black - 2TB 3076.00 DKK'. Entity 2: 'nan Samsung T7 Touch Portable SSD Drive [1TB](Silver)  319 AUD'.,No
Do the two product descriptions refer to the same real-world product? Entity 1: 'nan HyperX FURY - DDR3 - 8 GB: 2 x 4 GB - DIMM 240-pin - unbuffered 115.99 CAD'. Entity 2: 'Brother Brother HL-L6200DW Business Laser Printer  229.99 USD'.,No
Do the two product descriptions refer to the same real-world product? Entity 1: 'nan Traveler's Notebook Starter Kit (Passport Size) - Blue 49.90 SGD'. Entity 2: 'nan Manfrotto XPRO Fluid Tripod Head with Fluidity Selector  138.00 EUR'.,No
Do the two product descriptions refer to the same real-world product? Entity 1: 'DJI DJI Mavic Pro automobilinis įkroviklis / Car Charger 55.00 EUR'. Entity 2: 'DJI DJI Mavic Air Car Charger  649 SEK'.,No
Do the two product descriptions refer to the same real-world product? Entity 1: 'nan APC RBC140 Replacement Battery Cartridge 531.10 GBP'. Entity 2: 'nan APC (APCRBC110) REPLACEMENT BATTERY CATRIDGE #110  176.4 AUD'.,No
"Do the two product descriptions refer to the same real-world product? Entity 1: 'nan 3M - Lightweight 300 Privacy Filter PF322WSkjermfilter mot innsyn, m/ramme 20\""-23\""W (30,7 x 48,5) 3266.25 NOK'. Entity 2: 'nan 3M - Privacy filter framed lightweight 18,1\""\""-20\""\"" widescreen  1686.00 SEK'.",No
Do the two product descriptions refer to the same real-world product? Entity 1: 'Brother Brother HL-L8360CDW Laser Printer 588.76 AUD'. Entity 2: 'Canon Canon PGI-29 Ink Tank Grey 4871B001AA CO68194  23.81 GBP'.,No
Do the two product descriptions refer to the same real-world product? Entity 1: 'nan Hydro Flask 21 Oz- Black 5.0E1 AUD'. Entity 2: 'Gigabyte Gigabyte GeForce GTX 1650 Super OC  159.99 USD'.,No
Do the two product descriptions refer to the same real-world product? Entity 1: 'nan HyperX 8GB (2x4GB) 1600MHz CL10 Fury Blue 289 PLN'. Entity 2: 'nan HyperX FURY Blue 4GB (1x4GB) 1600MHz DDR3 Memory  2.134E1 GBP'.,No
Do the two product descriptions refer to the same real-world product? Entity 1: 'nan WD BLUE 1TB SN550 NVME M.2 2280 SSD (WDS100T2B0C) 11100.00 INR'. Entity 2: 'Samsung Samsung 1TB SSD 970 EVO NVMe M.2  170.98 GBP'.,No
"Do the two product descriptions refer to the same real-world product? Entity 1: 'Western Digital Western Digital My PassPort, 4TB, BLACK3 Years - WDBYFT0040BBK-WESN 437.00 AED'. Entity 2: 'Samsung Samsung Portable SSD T7 Touch 1TB - Zilver  249.00 EUR'.",No
Do the two product descriptions refer to the same real-world product? Entity 1: 'Crucial Crucial 8GB (1x8GB) DDR3 1600MHz SODIMM 65 AUD'. Entity 2: 'nan Crucial 4GB (1x4GB) 2666MHz DDR4 Memory  1.601E1 GBP'.,No
Do the two product descriptions refer to the same real-world product? Entity 1: 'nan Omega Seamaster Planet Ocean Automatic Chronograph Two-Tone Rubber Watch 215.32.46.51.01.001 6.15425E3 USD'. Entity 2: 'Sigma Sigma 105mm F1.4 Art DG HSM EOS Mount Lens  2595 AUD'.,No
Do the two product descriptions refer to the same real-world product? Entity 1: 'nan Original Epson T1571 Photo Black Ink Cartridge 26.67 GBP'. Entity 2: 'nan Epson Ink Cartridge - Matte Black 700ml  262.17 GBP'.,No
"Do the two product descriptions refer to the same real-world product? Entity 1: 'nan Samsung 50\"" 4K UHD HDR QLED Smart TV (QN50Q60TAFXZC) 849.99 CAD'. Entity 2: 'nan BenQ SW271 Pro 27in IPS LCD Monitor 4K UHD  969.0 GBP'.",No
Do the two product descriptions refer to the same real-world product? Entity 1: 'Corsair Corsair 110R Tempered Glass Mid-Tower ATX Case 51.97 GBP'. Entity 2: 'Shimano Shimano Dura-Ace CS-R9100 11-28T 11sp Cassette  296.99 AUD'.,No
Do the two product descriptions refer to the same real-world product? Entity 1: 'nan Samsung 970 EVO Plus 2TB SSD 4590.00 SEK'. Entity 2: 'nan Samsung 970 EVO Plus 250GB SSD  949.00 NOK'.,No
"Do the two product descriptions refer to the same real-world product? Entity 1: 'nan 3M - Privacy filter framed lightweight 18,1\""\""-20\""\"" widescreen 1686.00 SEK'. Entity 2: 'nan 3M - Privacy Filter 23.0\""\"" Framed  2400.00 DKK'.",No
Do the two product descriptions refer to the same real-world product? Entity 1: 'DJI Mavic 2 Part11 Car Charger 1248 ZAR'. Entity 2: 'nan DJI Mavic 2 Car Charger  69.99 USD'.,Yes
"Do the two product descriptions refer to the same real-world product? Entity 1: 'nan Johnnie Walker - Blue Label 70cl 152.89 EUR'. Entity 2: 'nan Johnnie Walker Blue Label 0,7 ltr.  139.95 EUR'.",Yes
"Do the two product descriptions refer to the same real-world product? Entity 1: 'nan Jabra EVOLVE 80 MS Stereo (7899-823-109) 199.05 EUR'. Entity 2: 'Jabra Jabra Evolve 80 UC stereo SKype for Business  € 230,35 EUR'.",Yes
Do the two product descriptions refer to the same real-world product? Entity 1: 'Ubiquiti Ubiquiti UniFi Video Camera G4 Pro (UVC-G4-PRO) 418.6000 USD'. Entity 2: 'nan Ubiquiti UniFi Protect G4-PRO Camera  405.45 GBP'.,Yes
Do the two product descriptions refer to the same real-world product? Entity 1: 'nan ASUS ROG STRIX B550-E GAMING Presa AM4 ATX AMD B550 329.69 EUR'. Entity 2: 'nan HPE 300GB SERVER SMART MEMORY 6G 15K SAS 2.5 652611-B21  90000.00 NGN'.,No
Do the two product descriptions refer to the same real-world product? Entity 1: 'nan Elixir Phosphor Acoustic Strings - Extra Light 22.99 CAD'. Entity 2: 'nan PG-730 7-Speed Cassette  18.00 USD'.,No
Do the two product descriptions refer to the same real-world product? Entity 1: 'nan Manfrotto MVK500AM Fluid Video Head With Lightweight Telescopic Legs 369.00 GBP'. Entity 2: 'nan Manfrotto XPRO Fluid Tripod Head with Fluidity Selector  138.00 EUR'.,No
"Do the two product descriptions refer to the same real-world product? Entity 1: 'nan Lant Shimano CN-HG601-11, 11 Viteze 123.00 RON'. Entity 2: 'nan Shimano CN-HG601 105 5800 / SLX M7000 Chain With Quick Link 11-Speed - 116 Links, SIL-TEC  31.99 GBP'.",Yes
Do the two product descriptions refer to the same real-world product? Entity 1: 'nan SHIMANO RS500 SPD-SL road pedals 39.16 EUR'. Entity 2: 'Shimano Shimano Pedal PD-RS500 SL Black  99.99 AUD'.,Yes
Do the two product descriptions refer to the same real-world product? Entity 1: 'nan Mens Daniel Wellington St Mawes 40mm Watch DW00100006 169.00 GBP'. Entity 2: 'Classic Daniel Wellington - Classic St Mawes Rose Gold - 40mm  1899.00 NOK'.,Yes
Do the two product descriptions refer to the same real-world product? Entity 1: 'Canon Canon EF-S 10-18/4.5-5.6 IS STM 23126 EUR'. Entity 2: 'nan Canon EF-S 55-250 f4-5.6 IS STM  309.00 nan'.,No
Do the two product descriptions refer to the same real-world product? Entity 1: 'nan Gigabyte Radeon RX 5500 XT OC 4GB GDDR6 859 PLN'. Entity 2: 'Gigabyte Gigabyte AMD Radeon RX 5500 XT OC 8GB GDDR6 RDNA PCIe 4.0 Graphics Card  186.048 GBP'.,No
"Do the two product descriptions refer to the same real-world product? Entity 1: 'Epson Genuine Epson C13T616400 Yellow Ink Cartridge (T6164YOEM) 50.99 GBP'. Entity 2: 'Epson Epson Tinte T6164 Yellow, 53 ml  61.40 EUR'.",Yes
"Do the two product descriptions refer to the same real-world product? Entity 1: 'nan Swiss Military Hanowa Flagship 06-5161.2.04.007 1895.00 SEK'. Entity 2: 'nan Asus ROG Strix X570-F GAMING Motherboard,DDR4, 3x PCIe x16, SATA III RAID, USB 3.2, GLAN, M.2, DisplayPort, HDMI, 8ch audio, ATX, scAM4, Ryzen | 90MB1160-M0EAY0  1210.00 AED'.",No
"Do the two product descriptions refer to the same real-world product? Entity 1: 'nan Corsair 110R Tempered Glass Black ATX Case, Tempered Glass Side Window, No PSU, 2x USB 3.1, HD Audio, 120mm Fan pre-installed 109.00 AUD'. Entity 2: 'BLAZE Outdoor Products Blaze 2 Burner Professional Built-In Propane Gas Outdoor Grill, BLZ-2PRO-LP  2499.99 USD'.",No
"Do the two product descriptions refer to the same real-world product? Entity 1: 'nan Access Point|TP-LINK|300 Mbps|IEEE 802.3af|IEEE 802.11b|IEEE 802.11g|IEEE 802.11n|1xRJ45|Number of antennas 2|EAP115 33.65 EUR'. Entity 2: 'nan Seagate 2TB FireCuda 3.5"" SATA 6Gb/s SSHD  89.54 GBP'.",No
"Do the two product descriptions refer to the same real-world product? Entity 1: 'RAM MOUNTS RAM Triple 1\"" Ball Adapter - RAM-B-289U 37.99 USD'. Entity 2: 'nan RAM Motorcycle Fork Stem Base w 1\"" Ball (RAM-B-342U)  30.45 AUD'.",No
Do the two product descriptions refer to the same real-world product? Entity 1: 'nan Crucial CT51264BD160BJ 4GB DDR3L-1600 UDIMM Memory Module 35.96 USD'. Entity 2: 'Canon Canon EF-M 18-150mm f/3.5-6.3 IS STM Schwarz EU10  425.00 EUR'.,No
Do the two product descriptions refer to the same real-world product? Entity 1: 'nan 4GB DDR3-1866MHz Kingston HyperX Fury Black 564.00 CZK'. Entity 2: 'Kingston Kingston 4GB DDR3 1600MHz HyperX Fury Black Series  8675.37 HUF'.,No
Do the two product descriptions refer to the same real-world product? Entity 1: 'AMD AMD RYZEN 5 2400G Quad-Core 3.6 GHz (3.9 GHz Max Boost) Socket AM4 65W YD2400C5FBBOX Desktop Processor nan nan'. Entity 2: 'AMD Processador Amd Am4 Ryzen R5-2400g 3.9ghz 6mb  0.0 BRL'.,Yes
"Do the two product descriptions refer to the same real-world product? Entity 1: 'nan Kingston Technology ValueRAM 4GB DDR3-1600 4GB DDR3 1600MHz memoria 26,21 € EUR'. Entity 2: 'nan Blaze Grill Cart for 40\"" Gas Grill  635.00 USD'.",No
"Do the two product descriptions refer to the same real-world product? Entity 1: 'nan Nobreak APC Smart-UPS SURT 20kVA/16kW, 230V 0 BRL'. Entity 2: 'nan Toner Brother - Nero - ricarica toner tn200  41 EUR'.",No
"Do the two product descriptions refer to the same real-world product? Entity 1: 'nan Blaze 40-Inch Cart For 5-Burner Grill, Cart Only 5.1499E2 USD'. Entity 2: 'nan Ext. HDD LaCie Mobile Drive 2TB USB-C  3113.00 CZK'.",No
"Do the two product descriptions refer to the same real-world product? Entity 1: 'nan Asus ROG STRIX B550-E GAMING AM4 ATX Motherboard 409.00 AUD'. Entity 2: 'nan ASUS AMD ATX ROG STRIX B550 F Gaming Motherboard AM4 Dual DDR4, HDMI, Dual M.2  270.00 AUD'.",No
Do the two product descriptions refer to the same real-world product? Entity 1: 'Sony Sony SEL24240 FE 24-240mm f/3.5-6.3 OSS Zoom Lens for Mirrorless Cameras 998.00 USD'. Entity 2: 'nan 3M - Framed Privacy Filter for 19 Widescreen Monitor (16:10)  164.92 EUR'.,No
Do the two product descriptions refer to the same real-world product? Entity 1: 'nan HK DVR TURBOHD 8ch DS-7208HQHI-K2/P 651.22 RON'. Entity 2: 'nan DS-7216HQHI-K1 Hikvision 16 cs. TurboHD DVR  nan nan'.,No
Do the two product descriptions refer to the same real-world product? Entity 1: 'Asus ASUS Dual GeForce GTX 1660 6GB OC Edition EVO 192Bit GDDR5 nan nan'. Entity 2: 'Asus ASUS Dual GeForce RTX 2060 6G OC EVO Edition 192Bit GDDR6  4214.70 TRY'.,No
Do the two product descriptions refer to the same real-world product? Entity 1: 'nan Intel Core i7-10700KF Prosessor 4399.00 NOK'. Entity 2: 'MikroTik Cloud Core Router CCR1036-12G-4S-EM  1148.65 USD'.,No
Do the two product descriptions refer to the same real-world product? Entity 1: 'DADDARIO EJ16 - Acoustic Phosphor Bronze 12-53 7.9E0 EUR'. Entity 2: 'nan D'Addario EJ16 Phosphor Bronze Light Acoustic Guitar Strings  6.99 USD'.,Yes
Do the two product descriptions refer to the same real-world product? Entity 1: 'Samsung Samsung Portable SSD T7 Touch 1TB - Zilver 249.00 EUR'. Entity 2: 'HYDRO FLASK HYDRO FLASK HYDRO FLASK 21OZ STANDARD MOUTH BOTTLE-OLIVE  33.00 USD'.,No
"Do the two product descriptions refer to the same real-world product? Entity 1: 'Epson Epson S050189 Cyan, High Capacity Toner Cartridge 107.51 USD'. Entity 2: 'nan Canon PFI107C Cyan Laser Toner Cartridge Remanufactured  59.95 USD'.",No
Do the two product descriptions refer to the same real-world product? Entity 1: 'Corsair 8GB Corsair ValueSelect DDR4-2133 DIMM CL15 Single 33.99 nan'. Entity 2: 'nan Corsair Vengeance LPX CMK8GX4M1A2666C16 8GB (1x8GB) 2666Mhz DDR4  59.00 AUD'.,No
Do the two product descriptions refer to the same real-world product? Entity 1: 'nan Crucial 4GB DDR4-2666 SODIMM | CT4G4SFS8266 | Crucial UK 15.59 GBP'. Entity 2: 'Crucial Crucial Crucial Memory 4GB DDR3L 1600 1.35V SODIMM Retail CT51264BF160BJ  64.99 CAD'.,No
Do the two product descriptions refer to the same real-world product? Entity 1: 'Western Digital Western Digital Western Digital 2TB Blue 79.00 EUR'. Entity 2: 'nan Western Digital WD10JFCX RED 1000 GB SATA3 1TB  74.05 EUR'.,No
Do the two product descriptions refer to the same real-world product? Entity 1: 'Ubiquiti Ubiquiti UniFi CloudKey Gen2 Plus 245.00 EUR'. Entity 2: 'nan Logitech H540 USB Headset With High-Definition sound and on-ear controls - Black | 981-000480  1.575E2 AED'.,No
Do the two product descriptions refer to the same real-world product? Entity 1: 'nan Caixa Cooler_Master Caixa para PC NSE-300-KKN1 37.99 EUR'. Entity 2: 'nan HyperX 16GB (1x16GB) 3200MHz CL16 Fury  345 PLN'.,No
Do the two product descriptions refer to the same real-world product? Entity 1: 'nan EPSON Premium Glossy Photo Paper A4/30ks 17.49 nan'. Entity 2: 'nan Epson A4 Premium Glossy Photo Paper  181.00 NOK'.,Yes
Do the two product descriptions refer to the same real-world product? Entity 1: 'nan 0000006490| Canon EF-S 18-135mm f3.5-5.6 IS NANO USM Lens 649.00 AUD'. Entity 2: 'Crucial Crucial Crucial Memory 4GB DDR3L 1600 1.35V SODIMM Retail CT51264BF160BJ  64.99 CAD'.,No
Do the two product descriptions refer to the same real-world product? Entity 1: 'TP-LINK USA TP-Link | AC1900 High Gain Dual Band Wifi Adapter | Wireless WiFi Network Adapter for PC (Archer T9UH) 49.99 USD'. Entity 2: 'Crucial Crucial BX500 480GB SSD Micron 3D NAND SATA III 6Gb/s 2.5 Internal Solid State Drive  59.99 USD'.,No
"Do the two product descriptions refer to the same real-world product? Entity 1: 'Crucial Crucial MX500 250GB SATA 2.5-inch, SATA 6.0Gb/s 7mm Solid State Drive 44.988 GBP'. Entity 2: 'Kingston Kingston Technology SA400S37/240G A400 SSD Solid State Drive 2.5 Inch SATA-3 - 240GB  nan nan'.",No
"Do the two product descriptions refer to the same real-world product? Entity 1: 'nan 16TB IronWolf Pro ST16000NE000, 7200 RPM, SATA 6Gb/s, 256MB cache, 3.5-Inch HDD 555.21 USD'. Entity 2: 'nan HD 3,5 4TB 7200RPM IRONWOLF PRO 128 MB SATA3 SEAGATE  153.99 EUR'.",No
Do the two product descriptions refer to the same real-world product? Entity 1: 'Brother Toner Brother original amarillo TN135Y nan nan'. Entity 2: 'Canon Canon EF-S 18-135/3.5-5.6 IS USM  5818 SEK'.,No
Do the two product descriptions refer to the same real-world product? Entity 1: 'nan Canon PFI107C Cyan Laser Toner Cartridge Remanufactured 59.95 USD'. Entity 2: 'Znaka: Originlne Originlny toner CANON CRG-707 C (Azrov)  77.9 EUR'.,No
Do the two product descriptions refer to the same real-world product? Entity 1: 'nan Pokemon TCG:Sword and Shield Rebel Clash Three Booster Blister- Dural 20.0 AUD'. Entity 2: 'Nintendo PKM - Pokémon - Sword & Shield - Rebel Clash Booster  4.5 EUR'.,No
Do the two product descriptions refer to the same real-world product? Entity 1: 'nan Impresora brother laser monocromo hl - l6300dw a4 477.99 EUR'. Entity 2: 'nan HIKVISION DS-7208HQHI-K1 2 MEGAPIXEL HYBRID 8 CHANNEL (8CH) DVR  nan nan'.,No
Do the two product descriptions refer to the same real-world product? Entity 1: 'Kingston Digital Kingston Digital Canvas Select 128GB microSD Card w/ Adapter (SDCS-128GB) nan nan'. Entity 2: 'nan Kingston Technology Canvas Select memory card 128 GB MicroSDXC Class 10 UHS-I  13.99 GBP'.,Yes
Do the two product descriptions refer to the same real-world product? Entity 1: 'nan Johnnie Walker - Blue Label 70cl 152.89 EUR'. Entity 2: 'nan TP-Link 300Mbps Wireless N Ceiling Mount Access Point with Passive PoE (EAP115)  75 AUD'.,No
Do the two product descriptions refer to the same real-world product? Entity 1: 'nan GARMIN FENIX 5 GRAY BLACK 010-01688-00 499.99 EUR'. Entity 2: 'nan Garmin fenix 5s Sapphire Black  649.99 EUR'.,No
Do the two product descriptions refer to the same real-world product? Entity 1: 'nan Cisco Catalyst 2960-Plus 48TC-L - switch - 48 ports - managed - rack-mounta 2379.99 CAD'. Entity 2: 'nan Catalyst 2960 Plus 48 10/100 +  1875.282618 EUR'.,Yes
"Do the two product descriptions refer to the same real-world product? Entity 1: 'nan ASUS Scheda Madre TUF GAMING X570-PLUS AMD € 259,00 EUR'. Entity 2: 'nan ASUS Scheda Madre ROG STRIX Z390-I GAMING Intel Z390  € 286,00 EUR'.",No
"Do the two product descriptions refer to the same real-world product? Entity 1: 'nan MikroTikCloud Core Router 1036-12G-4S with Tilera Tile-Gx36 CPU (36-cores, 1.2Ghz per core), 16GB RAM, 4xSFP cage, 12xGbit LAN, RouterOS L6, 1U rackmount case, PSU, LCD panel 1602.55 CAD'. Entity 2: 'nan RAP-B-224-1U RAM Mounts 3.3\"" Diameter Suction Cup Base with 1\"" Composite Ball  16.49 USD'.",No
Do the two product descriptions refer to the same real-world product? Entity 1: 'AMD Processador Amd Am4 Ryzen R5-2400g 3.9ghz 6mb 0.0 BRL'. Entity 2: 'RAM UNPKG RAM DBL SOCKET ARM B BALL C LENGTH  27.20 EUR'.,No
Do the two product descriptions refer to the same real-world product? Entity 1: 'nan Shimano HG701 Ultegra R8000 XT M8000 11 Speed Chain with Quick Link 5.5E1 SGD'. Entity 2: 'Sigma Sigma 35mm F1.4 DG Art HSM EOS Mount Lens  1059 AUD'.,No
Do the two product descriptions refer to the same real-world product? Entity 1: 'nan Adata XPG SX6000 Lite 1TB M.2 PCIe GEN3x4 SSD ASX6000LNP-1TT-C 219.00 AUD'. Entity 2: 'Adata XPG SX6000 Lite internal solid state drive 1000 GB PCI Express 3.0 3D TLC NVMe M.2 SSD  129.95 EUR'.,Yes
"Do the two product descriptions refer to the same real-world product? Entity 1: 'nan D-Link DGS-1210-28P 24-port 1Gb Smart Switch, 4x SFP, PoE 296.6 EUR'. Entity 2: 'nan D-LINK DGS-1210-24P 24-port Gig PoE Switch 4x Combo  1392.31 PLN'.",No
Do the two product descriptions refer to the same real-world product? Entity 1: 'nan DYMO 4500 TAPE BLACK/RED 45017 11.49 GBP'. Entity 2: 'Corsair Corsair Carbide SPEC-01 Tower Black  79 AUD'.,No
Do the two product descriptions refer to the same real-world product? Entity 1: 'nan Hydro Flask Standard Mouth 621ml Insulated Bottle 4.995E1 AUD'. Entity 2: 'nan Canon EF-M 18-150mm f/3.5-6.3 IS STM (Black)  7795.00 ZAR'.,No
"Do the two product descriptions refer to the same real-world product? Entity 1: 'nan Catalyst 2960-X 24 GigE PoE 370W, 2 x 10G SFP+, LAN Base 33099.85 HKD'. Entity 2: 'nan Corsair 110R Tempered Glass Black ATX Case, Tempered Glass Side Window, No PSU, 2x USB 3.1, HD Audio, 120mm Fan pre-installed  109.00 AUD'.",No
"Do the two product descriptions refer to the same real-world product? Entity 1: 'nan Crucial MX500 2TB 3D NAND SATA 2.5 Inch Internal SSD 440 BMD'. Entity 2: 'nan SanDisk USB 3.0 Flash Drive Ultra Flair 32 GB Black, Silver  10.03 EUR'.",No
Do the two product descriptions refer to the same real-world product? Entity 1: 'nan Epson Premium Glossy Photo Paper 13x18cm 11.49 GBP'. Entity 2: 'Park Tool Park Tool PH-1.2 P-Handle Hex Wrench Set - Tool Set  76.95 USD'.,No
"Do the two product descriptions refer to the same real-world product? Entity 1: 'nan Corsair ML140 Pro 14cm PWM RGB Case Fan, Magnetic Levitation Bearing 3.699E1 GBP'. Entity 2: 'nan MONITOR SAMSUNG C27F390 27\"" 1920x1080 4MS USB HDMI CURVO NEGRO  187.46 EUR'.",No
"Do the two product descriptions refer to the same real-world product? Entity 1: 'nan 4GB ValueRAM DDR3, 1600MHz, Non-ECC, Unbuffered, CL11, 1.5V, 240-pin DIMM, Singl 37.99 CAD'. Entity 2: 'nan Crucial 1x 8GB DDR3L 1600MHz ECC Unbuffered UDIMM RAM | Discount Computer Needs  269.00 AUD'.",No
"Do the two product descriptions refer to the same real-world product? Entity 1: 'Maxxis Maxxis Minion DHR II 29\"" DD/3C/TR £69.99 GBP'. Entity 2: 'BROTHER TONERBROTHER ORIGINALE GIALLO TN-135Y  120.327869 EUR'.",No
"Do the two product descriptions refer to the same real-world product? Entity 1: 'nan Seagate 2TB FireCuda 3.5"" SATA 6Gb/s SSHD 89.54 GBP'. Entity 2: 'Nintendo PKM - Pokémon - Sword & Shield - Rebel Clash Booster  4.5 EUR'.",No
"Do the two product descriptions refer to the same real-world product? Entity 1: 'Western Digital (WDC) Western Digital (WDC) 250GB 2.5\"" SATA SSD Blue 7mm Cased 95.59 EUR'. Entity 2: 'nan Western Digital 2.5\"" Red 1To SATA 6  nan nan'.",No
Do the two product descriptions refer to the same real-world product? Entity 1: 'nan Jabra BIZ 2400 II 3-in-1 Mono IP Headset top only 148.30 GBP'. Entity 2: 'nan Jabra Biz 2400 II Mono 3-1 NC IP 2486-820-209  189.00 USD'.,Yes
Do the two product descriptions refer to the same real-world product? Entity 1: 'Daniel Wellington Daniel Wellington Unisex Classic Sheffield 36mm Rose Gold Black DW00100036 89.00 GBP'. Entity 2: 'nan Tissot Heritage Visodate Analog Swiss Quartz Sapphire Crystal Men's Watch  2.2E2 USD'.,No
"Do the two product descriptions refer to the same real-world product? Entity 1: 'nan SEAGATE SATA-3 2TB SSHD FIRECUDA nan nan'. Entity 2: 'nan Seagate 2TB FireCuda 3.5"" SATA 6Gb/s SSHD  89.54 GBP'.",Yes
Do the two product descriptions refer to the same real-world product? Entity 1: 'nan Sony FE 70-200mm f/4 OSS Lens 1.39999E3 USD'. Entity 2: 'Sony Sony SEL-70200G FE 70-200 mm F4 Lens  7699 TRY'.,Yes
"Do the two product descriptions refer to the same real-world product? Entity 1: 'RAM Mount RAM Mount Double Socket Clamp Arm - SHORT - for 1.5\"" C Size Balls 45.00 AUD'. Entity 2: 'nan KINGSTON ValueRAM RAM Module - 4 GB (1 x 4 GB) - DDR4 SDRAM  0 AUD'.",No
Do the two product descriptions refer to the same real-world product? Entity 1: 'nan TISSOT T091.420.46.051.01 T-TOUCH Expert Solar 26170.00 CZK'. Entity 2: 'nan Canon EF-S 18-200mm f/3.5-5.6 IS  699.99 USD'.,No
Do the two product descriptions refer to the same real-world product? Entity 1: 'nan ASUS GeForce GTX 1660 SUPER DUAL EVO OC 1989.00 DKK'. Entity 2: 'Kingston HyperX Predator 16GB - PC4-26600 - DIMM  109.00 EUR'.,No
Do the two product descriptions refer to the same real-world product? Entity 1: 'nan Intel - Core i7-9700F 9th Generation 8-core - 8-Threads 3.0 GHz (4.7 GHz Turbo) Socket LGA 2066 Locked Desktop Processor 273.99 USD'. Entity 2: 'nan Zebra 800011-101 ZXP Series 1 Ribbon ZXP Series 1 Load-N-Go Black Monochrome Ribbon  19 USD'.,No
"Do the two product descriptions refer to the same real-world product? Entity 1: 'Asus Asus MBTUF B450M-Plus Gaming / AM4 / B450 / m.2 / mATX 111.95 EUR'. Entity 2: 'Asus Motherboard Asus TUF B450M-PLUS GAMING, AM4, USB 3.1, SATA 6GB/S  102.00 EUR'.",Yes
Do the two product descriptions refer to the same real-world product? Entity 1: 'Jabra Jabra BIZ 2300 USB UC Duo $168.00 USD'. Entity 2: 'nan Jabra Biz 2300 USB UC Duo Headset 2399-829-109  103.80 GBP'.,Yes
Do the two product descriptions refer to the same real-world product? Entity 1: 'nan Tag Heuer Carrera Quartz Chronograph Stainless Steel Watch CBG2A1Z.BA0658 4.2435E3 USD'. Entity 2: 'nan TAG Heuer Automatic Chronograph Watch CBG2A1Z.BA0658  6550 USD'.,Yes
Do the two product descriptions refer to the same real-world product? Entity 1: 'Manfrotto Manfrotto MHXPRO-2W 2-Way Head 99.99 GBP'. Entity 2: 'nan MANFROTTO trpied alu Befree Advanced 2.0 MKBFRLA4BK-BH  169.90 EUR'.,No
"Do the two product descriptions refer to the same real-world product? Entity 1: 'WD WD My Passport - 1 TB 54.98 EUR'. Entity 2: 'nan SANDISK FLASH CRUZER GLIDE 64GB  178,01zł PLN'.",No
"Do the two product descriptions refer to the same real-world product? Entity 1: 'nan SANDISK FLASH CRUZER GLIDE 64GB 178,01zł PLN'. Entity 2: 'Sandisk Sandisk USB Flash 32GB Cruzer Glide 2.0/3.0  15.90 EUR'.",No
"Do the two product descriptions refer to the same real-world product? Entity 1: 'Sram Sram/Avid Road Disc Brake Pads - Road/Level (Organic/Steel Back) 19.99 USD'. Entity 2: 'SRAM SRAM Sram Level Ultimate, Level TLM Disc Brake Pads  25.00 USD'.",No
Do the two product descriptions refer to the same real-world product? Entity 1: 'Cisco Cisco Catalyst WS-C2960X-24PD-L 24 Ports ManagedRack Mountable Switch 0.00 GBP'. Entity 2: 'nan Cisco Catalyst 2960-Plus 48TC-L - switch - 48 ports - managed - rack-mounta  2379.99 CAD'.,No
"Do the two product descriptions refer to the same real-world product? Entity 1: 'SHIMANO SHIMANO PD-R7000, 105, SPD-SL PEDAL. 170.00 AUD'. Entity 2: 'Shimano Shimano Shimano PD-R7000 105 SPD-SL PEDAL W/O REFLECTOR W/CLEAT  149.99 USD'.",Yes
Do the two product descriptions refer to the same real-world product? Entity 1: 'Ubiquiti Ubiquiti UniFi Dual-Band WiFi PoE Access Point UAP-AC-HD - 5 Pack 1365.99 GBP'. Entity 2: 'nan UniFi AP ac HD ROW 5Pk  1679.00 USD'.,Yes
Do the two product descriptions refer to the same real-world product? Entity 1: 'nan Fujifilm Instax Square Film (10 Pack) 23 AUD'. Entity 2: 'nan Fujifilm Instax mini Rainbow film 10 pack  149.95 ZAR'.,No
Do the two product descriptions refer to the same real-world product? Entity 1: 'Epson Epson WF4630/5110/5690 Magenta INK 17ML EP53600 33.38 GBP'. Entity 2: 'SRAM SRAM PG-1170 11-Speed Cassette (11-25T)  90.99 USD'.,No
Do the two product descriptions refer to the same real-world product? Entity 1: 'Swiss Military Hanowa Swiss Military Hanowa Swiss Military Hanowa Undercover Multifunction 06-4307.30.007 249.00 EUR'. Entity 2: 'Swiss Military Hanowa Relógio Swiss Military Hanowa06-4307.30.007 Undercover Multifunction  169.95 EUR'.,Yes
Do the two product descriptions refer to the same real-world product? Entity 1: 'Gigabyte Gigabyte GeForce GTX 1650 Super OC 159.99 USD'. Entity 2: 'Gigabyte Gigabyte NVIDIA GeForce GTX 1650 4GB D6 OC Turing Graphics Card  148.99 GBP'.,No
Do the two product descriptions refer to the same real-world product? Entity 1: 'nan SSD Western Digital Blue 2TB M.2 2280 TLC SATA SSD 206.99 EUR'. Entity 2: 'Western Digital Western Digital Blue SSD 250GB SATA M.2 2280 WDS250G2B0B  220.50 PLN'.,No
Do the two product descriptions refer to the same real-world product? Entity 1: 'Shimano Dura-Ace 9100 11-Speed Cassette 11-25T 199 GBP'. Entity 2: 'Western Digital Western Digital Western Digital 2TB Blue  79.00 EUR'.,No
Do the two product descriptions refer to the same real-world product? Entity 1: 'Cooler Master Cooler Master MasterCase H500 ARGB Mesh Mid Tower ATX Case TG MCM-H500-IGNN-S01 | PCByte 169.0 AUD'. Entity 2: 'Cooler Master Cooler Master MasterBox TD500 ARGB Mesh ATX Case Black TG MCB-D500D-KGNN-S01 | PCByte  149.0 AUD'.,No
Do the two product descriptions refer to the same real-world product? Entity 1: 'nan AMD Ryzen 5 1500X Wraith Spire Cooler 2597.00 ZAR'. Entity 2: 'Gigabyte Gigabyte GeForce GTX 1650 Super OC  159.99 USD'.,No
"Do the two product descriptions refer to the same real-world product? Entity 1: 'Maxxis Maxxis Maxxis High Roller II Tire: 27.5 x 2.50\"", Folding, 60tpi, 3C MaxxTerra, EXO, Tubeless Ready, Wide Trail, Black 85.00 USD'. Entity 2: 'nan High Roller II Bike Tire: 29 x 2.50\"", Folding, 120tpi, 3C MaxxTerra, Double Down, Tubeless Ready, Wide Trail  9.1E1 USD'.",No
"Do the two product descriptions refer to the same real-world product? Entity 1: 'nan UniFi AP ac HD ROW 5Pk 1679.00 USD'. Entity 2: 'nan Ubiquiti UniFi AP, AC, In Wall, 5-Pack  3768 HKD'.",No
Do the two product descriptions refer to the same real-world product? Entity 1: 'nan FUJIFILM Super EBC XF 23mm f/2 R WR Lens - Black 449.95 USD'. Entity 2: 'nan FUJIFILM Aspherical Super EBC XF 80mm f/2.8 R LM OIS WR Macro Lens  1199.95 USD'.,No
Do the two product descriptions refer to the same real-world product? Entity 1: 'Western Digital Western Digital Western Digital 2TB Blue 79.00 EUR'. Entity 2: 'nan Western digital wd blue - hdd - 2 tb - interno - 3.5 - sata 6Gb/s - 5400 rpm - buffer: 64 mb  56.47 EUR'.,Yes
"Do the two product descriptions refer to the same real-world product? Entity 1: 'RAM Mounts RAM Motorcycle Brake/Clutch Reservoir & Handlebar Ball Base / B Size / RAM-B-309-7U 27.00 EUR'. Entity 2: 'nan BROTHER HL-L6200DW WIRELESSMONO LASER PRINTER WITH2-Sided PRINTING(46 PPM, 520 Sheets Paper...  511.00 AUD'.",No
Do the two product descriptions refer to the same real-world product? Entity 1: 'nan LOGITECH Logitech USB Headset H390 90.90 BGN'. Entity 2: 'nan LOGITECH Corded USB Headset H540 - USB - EMEA  0.001 nan'.,No
Do the two product descriptions refer to the same real-world product? Entity 1: 'Logitech Logitech H570e Monaural USB Headset nan nan'. Entity 2: 'nan LOGITECH Logitech USB Headset H390  90.90 BGN'.,No
"Do the two product descriptions refer to the same real-world product? Entity 1: 'nan Jabra BIZ 2400 II Duo - Mic. 82 NC, Wideband 400.00 AUD'. Entity 2: 'nan APC Smart-UPS SRT 6000VA RM 230V  59990.00 SEK'.",No
Do the two product descriptions refer to the same real-world product? Entity 1: 'Traveler's Traveler's Zip Pocket - Regular Size 9.0 USD'. Entity 2: 'Intel Intel Core i7 9700F 9th Gen Desktop Processor/CPU Retail - No iGPU  292.99 GBP'.,No
Do the two product descriptions refer to the same real-world product? Entity 1: 'nan MVH500AH FLUID VIDEO HEAD W/FLAT BASE 3.590001E2 NZD'. Entity 2: 'nan TP-Link EAP225-Outdoor AC1200 Wireless MU-MIMO Gigabit Indoor/Outdoor Access Point  30290 HUF'.,No
Do the two product descriptions refer to the same real-world product? Entity 1: 'nan Garmin fenix 6X Sapphire Black Silicone Strap Smart Watch 749.99 GBP'. Entity 2: 'nan 8TB - Seagate Enterprise Ironwolf Pro SATA - ST8000NE001  232.84 USD'.,No
Do the two product descriptions refer to the same real-world product? Entity 1: 'Shimano Shimano Shimano Cs-R8000 Cassette 11-28t Ultegra 11-Speed 117.99 AUD'. Entity 2: 'nan ADAPTADOR INALAMBRICO TP-LINK/USB 2.0/N300/QSS/TL-WN821N  175.5 MXN'.,No
Do the two product descriptions refer to the same real-world product? Entity 1: 'Shimano Shimano Pedal PD-RS500 SL Black 99.99 AUD'. Entity 2: 'nan Shimano PD-R550 SPD-SL Resin Pedal  120.99 NZD'.,No
Do the two product descriptions refer to the same real-world product? Entity 1: 'Samyang Samyang 24mm f1.4 ED AS IF UMC Lens - Nikon Fit 315.83 GBP'. Entity 2: 'Epson Epson Cartouche d'encre C13T865140 (T8651)  136.24 EUR'.,No
"Do the two product descriptions refer to the same real-world product? Entity 1: 'GIGABYTE Placa video Gigabyte Radeon RX 5500 XT OC 8GB GDDR6, 128-bit 1143.99 RON'. Entity 2: 'Gigabyte Gigabyte AMD Radeon RX 5500 XT OC 8GB GDDR6 RDNA PCIe 4.0 Graphics Card  186.048 GBP'.",Yes
Do the two product descriptions refer to the same real-world product? Entity 1: 'nan Shimano 105 R7000 Rear Derailleur - 11 Speed 54.99 GBP'. Entity 2: 'Shimano Shimano Cassette Ultegra R8000 11 Speed 11-28T  150.00 AUD'.,No
Do the two product descriptions refer to the same real-world product? Entity 1: 'SWISS MILITARY HANOWA Swiss Military Hanowa Immersion 06-4226.30.003.03 9847.0000 UAH'. Entity 2: 'Swiss Military Hanowa Swiss Military Hanowa Swiss Military Hanowa Undercover Multifunction 06-4307.30.007  249.00 EUR'.,No
Do the two product descriptions refer to the same real-world product? Entity 1: 'APC APC By Schneider Electric APC Replacement Battery Cartridge 84.99 USD'. Entity 2: 'nan APC - Replacement battery cartridge 140  7217.50 SEK'.,No
Do the two product descriptions refer to the same real-world product? Entity 1: 'nan TP-Link TL-WN725N 150MbpsWireless USB NANO adapter 2490 HUF'. Entity 2: 'TP-Link TP-Link TL-WN725N Nano Wireless USB Adapter  682 EUR'.,Yes
Do the two product descriptions refer to the same real-world product? Entity 1: 'Audio-Technica Casti Hi-Fi Audio-Technica ATH-AD500X 599 RON'. Entity 2: 'nan Headset Audio-Technica ATH-M50X  146.95 EUR'.,No
Do the two product descriptions refer to the same real-world product? Entity 1: 'nan Tissot T-Sport Seastar 1000 Powermatic 80 Watch T1204071704100 nan nan'. Entity 2: 'nan 0000006490| Canon EF-S 18-135mm f3.5-5.6 IS NANO USM Lens  649.00 AUD'.,No
Do the two product descriptions refer to the same real-world product? Entity 1: 'Shimano Dura-Ace 9100 11-Speed Cassette 11-25T 199 GBP'. Entity 2: 'nan Dron DJI Mavic 2 Pro  53599.00 MXN'.,No
"Do the two product descriptions refer to the same real-world product? Entity 1: 'Omega Seamaster Planet Ocean 600 M Omega Co-Axial Master Chronometer Chronograph 215.30.46.51.03.001 8,450.00 USD'. Entity 2: 'nan Pokemon TCG: Sword & Shield Boosters  4.00 GBP'.",No
Do the two product descriptions refer to the same real-world product? Entity 1: 'GN Netcom Jabra EVOLVE 20 Wired Stereo Headset - Over-the-head - Supra-aural 35.93 GBP'. Entity 2: 'nan Pokemon TCG:Sword and Shield Rebel Clash Three Booster Blister- Dural  20.0 AUD'.,No
"Do the two product descriptions refer to the same real-world product? Entity 1: 'RAM Mount RAM Mount Torque™ 3/4"" - 1"" Diameter Handlebar/Rail Base with 1"" Ball and X-Grip® 74.95 EUR'. Entity 2: 'Elite Home Store 43\"" 2020 Q60T 4K Smart QLED TV  0.0 CAD'.",No
Do the two product descriptions refer to the same real-world product? Entity 1: 'nan ASUS TUF Gaming TUF 3-RX5700XT-O8G-GAMING Radeon RX 5700 XT 8 GB GDDR6 550.21 EUR'. Entity 2: 'nan WD MY PASSPORT- 1TB RED WORLDWIDE  770000 LBP'.,No
Do the two product descriptions refer to the same real-world product? Entity 1: 'nan Intel Core i3 8300 Quad Core 3.7GHz Processor nan nan'. Entity 2: 'nan Kingston 32GB DDR4 3000MHz Kit(2x16GB) HyperX Predator Intel XMP  75490 HUF'.,No
Do the two product descriptions refer to the same real-world product? Entity 1: 'Hydro Flask Hydro Flask 32 oz. Wide Mouth 2.0 Flex Cap Hibiscus 40.79 CAD'. Entity 2: 'AMD Processador Amd Am4 Ryzen R5-2400g 3.9ghz 6mb  0.0 BRL'.,No
Do the two product descriptions refer to the same real-world product? Entity 1: 'nan Brother MFC-L2710DW - multifunction printer - B/W 199.99 USD'. Entity 2: 'nan Brother Monochrome Compact Laser All-in-One Printer with Duplex Printing and Wireless Networking  199.99 USD'.,Yes
Do the two product descriptions refer to the same real-world product? Entity 1: 'nan Daniel Wellington Classic Black Cornwall 125 EUR'. Entity 2: 'nan TRAVELER'S Notebook Blue // Passport  1.45E2 MYR'.,No
Do the two product descriptions refer to the same real-world product? Entity 1: 'nan Blaze 32 Inch 4-Burner LTE Gas Grill With Rear Burner and Built-in Lighting System - BLZ-4LTE2-NG/LP 1849.99 USD'. Entity 2: 'nan Tissot T-Sport Seastar 1000 Powermatic 80 Watch T1204071704100  nan nan'.,No
"Do the two product descriptions refer to the same real-world product? Entity 1: 'nan 16TB IronWolf Pro ST16000NE000, 7200 RPM, SATA 6Gb/s, 256MB cache, 3.5-Inch HDD 555.21 USD'. Entity 2: 'Canon Canon Multipack PGI-72multi1 (6403B007)  61.70 EUR'.",No
Do the two product descriptions refer to the same real-world product? Entity 1: 'Crucial Memoire DDR3 So Dimm Crucial 4GB DDR3 1600 MT/S (PC3-12800) 26.99 EUR'. Entity 2: 'nan Fujifilm XF-56mm f1.2 APD  999.00 nan'.,No
"Do the two product descriptions refer to the same real-world product? Entity 1: 'nan APPLE - Airpods With Charging Case 2632.10 DKK'. Entity 2: 'nan LaCie Mobile Drive 2,5"" 5 TB Moon Silver USB 3.1 Gen 2  199.00 EUR'.",No
Do the two product descriptions refer to the same real-world product? Entity 1: 'nan Ubiquiti UniFi AP AC Pro Indoor / Outdoor Access Point 5 Pack 543.15 GBP'. Entity 2: 'nan Ubiquiti UniFi AP AC Mesh PRO 802.11ac Dual Radio Indoor/Outdoor access point - 1750Mbps 5 pack no PoE  1661.79 AUD'.,No
"Do the two product descriptions refer to the same real-world product? Entity 1: 'nan Tissot T-Sport Seastar 1000 Powermatic 80 Watch T1204071704100 nan nan'. Entity 2: 'nan Processore Cpu INTEL Core i3-7100 1151 3,9GHz 3MB Cache Kaby Lake  151,94€ nan'.",No
"Do the two product descriptions refer to the same real-world product? Entity 1: 'Blaze Outdoor Products Blaze 4 Burner LTE Grill Built-In Natural Gas Grill with Lights 1849.99 USD'. Entity 2: 'nan Samsung UH46F5 46\"" LED Full HD Nero display professionale  1469.464075 EUR'.",No
Do the two product descriptions refer to the same real-world product? Entity 1: 'nan Apple AirPods with Charging Case (Latest Model) from Apple Computer 129.00 USD'. Entity 2: 'Apple Apple AirPods with Wired Charging Case (2nd Generation)  144.98 USD'.,Yes
Do the two product descriptions refer to the same real-world product? Entity 1: 'TP-Link TP-Link AC600 T2U Wireless USB Nano Adapter 12.95 EUR'. Entity 2: 'nan TP-Link Archer T9UH Wireless AC1900 USB Adapter  99.00 AUD'.,No
Do the two product descriptions refer to the same real-world product? Entity 1: 'HP HP 900GB 6G SAS 10K 900 SAS 16 MB Cache 2.5-Inch Internal Bare or OEM Drives 619291-B21 170.00 USD'. Entity 2: 'nan BIZ 2400 II Duo IP Flex  191.04 EUR'.,No
"Do the two product descriptions refer to the same real-world product? Entity 1: 'nan JABRA EVOLVE 20 UC Mono 66.76 SGD'. Entity 2: 'SRAM SRAM Sram Level Ultimate, Level TLM Disc Brake Pads  25.00 USD'.",No
Do the two product descriptions refer to the same real-world product? Entity 1: 'MAXXIS MAXXIS AGGRESSOR 29X2.3 EXO/TR 70.00 AUD'. Entity 2: 'Kingston Kingston HyperX Predator 32 GB - PC4-24000 - DIMM  199.00 EUR'.,No
Do the two product descriptions refer to the same real-world product? Entity 1: 'Western Digital Western Digital WD My Passport Portable HDD 4TB Black 179 AUD'. Entity 2: 'nan WD HDD 4TB My Passport Black  338.40 BAM'.,No
Do the two product descriptions refer to the same real-world product? Entity 1: 'nan WD 1TB Blue SN550 NVME M.2 SSD (WDS100T2B0C) (Warranty 5years with WD SG) 208.00 SGD'. Entity 2: 'Shimano Shimano M05 Disc Brake Pads (Deore) (Resin)  12.99 USD'.,No
Do the two product descriptions refer to the same real-world product? Entity 1: 'Ubiquiti Ubiquiti UniFi Video Camera G4 Pro (UVC-G4-PRO) 418.6000 USD'. Entity 2: 'nan Seiko Presage Watch Zen Gardens Mens  450.00 GBP'.,No
Do the two product descriptions refer to the same real-world product? Entity 1: 'FUJIFILM FUJIFILM XF23/1.4 XF 23mm f/1.4 R 0.0 USD'. Entity 2: 'nan Fujifilm XF 56mm f/1.2 R  879.00 EUR'.,No
Do the two product descriptions refer to the same real-world product? Entity 1: 'Hikvision Hikvision DS-7216HUHI-K2 Turbo 1080p HD 16CH DVR - HD-TVI AHD IPC - HDMI COAX 395.00 GBP'. Entity 2: 'nan Hikvision 32 Turbo HD/CVI / AHD / CVBS Ref: DS-7332HQHI-K4  652.890815 EUR'.,No
Do the two product descriptions refer to the same real-world product? Entity 1: 'Cooler Master Cooler Master N300 Mesh ATX Case Black NSE-300-KKN1 | PCByte 79.0 AUD'. Entity 2: 'nan OKI 44992402 Style Black Compatible Toner  21.49 GBP'.,No
"Do the two product descriptions refer to the same real-world product? Entity 1: 'APC APC Replacement Battery Cartridge #133UPS battery - Lead Acid 312,12 EUR'. Entity 2: 'RAM MOUNTS RAM Triple 1\"" Ball Adapter - RAM-B-289U  37.99 USD'.",No
Do the two product descriptions refer to the same real-world product? Entity 1: 'nan Asus TUF X470-Plus Gaming Socket AM4 ATX AMD 185.00 EUR'. Entity 2: 'Cooler Master Cooler Master MasterLiquid ML120L V2 RGB All In One Liquid CPU Cooler  59.99 GBP'.,No
Do the two product descriptions refer to the same real-world product? Entity 1: 'nan Buy Quality Replica Omega Seamaster Planet Ocean 600M Steel Chronometer Chronograph Watch 215.30.46.51.01.001 nan nan'. Entity 2: 'nan 215.30.46.51.01.001 Omega Seamaster Planet Ocean Chronograph 45.5mm  6370 GBP'.,Yes
"Do the two product descriptions refer to the same real-world product? Entity 1: 'nan Oakley Jawbreaker MTB Solglsasögon Matte Black w/ Prizm Road 2.419E3 SEK'. Entity 2: 'nan ZOTAC Grafikkarte Gaming GeForce RTX 2060 SUPER AMP, 8 GB (ZT-T20610D-10P)  4.349E2 EUR'.",No
"Do the two product descriptions refer to the same real-world product? Entity 1: 'Logitech Logitech BRIO 4K Ultra HD webcam €289,00 nan'. Entity 2: 'Logitech Logitech BRIO 4K Ultra HD webcamweb camera  195,96 EUR'.",Yes
Do the two product descriptions refer to the same real-world product? Entity 1: 'Samsung Samsung Portable SSD T7 Touch 1TB - Zilver 249.00 EUR'. Entity 2: 'nan Samsung T7 Touch Portable SSD Drive [1TB](Silver)  319 AUD'.,Yes
Do the two product descriptions refer to the same real-world product? Entity 1: 'nan Seagate Ironwolf Pro 6TB (ST6000NE000) nan nan'. Entity 2: 'nan 8TB - Seagate Enterprise Ironwolf Pro SATA - ST8000NE001  232.84 USD'.,No
Do the two product descriptions refer to the same real-world product? Entity 1: 'Ubiquiti Ubiquiti UniFi CloudKey Gen2 Plus 245.00 EUR'. Entity 2: 'Oki OKI C831/841 Cyan Toner 10K  219.74 GBP'.,No
"Do the two product descriptions refer to the same real-world product? Entity 1: 'nan TP-Link T1700G-28TQ JetStream 24-Port Gigabit Stackable Smart Switch with 4 10GE SFP+ Slots 532.0000 NZD'. Entity 2: 'TP-Link T1700G-28TQ GE/XG/SMA/24, Switch  91684 nan'.",Yes
"Do the two product descriptions refer to the same real-world product? Entity 1: 'Western Digital (WDC) Western Digital (WDC) 250GB 2.5\"" SATA SSD Blue 7mm Cased 95.59 EUR'. Entity 2: 'nan 3M - PF19 PRIVACY FILTER BLACK FOR 19,0IN / 48,3 CM / 5:4IN ACCS  nan nan'.",No
Do the two product descriptions refer to the same real-world product? Entity 1: 'nan 0000006490| Canon EF-S 18-135mm f3.5-5.6 IS NANO USM Lens 649.00 AUD'. Entity 2: 'nan Canon EF-S 18-200mm f/3.5-5.6 IS  699.99 USD'.,No
Do the two product descriptions refer to the same real-world product? Entity 1: 'nan Tissot Seastar 1000 Men's Black Rubber Strap Watch 430 GBP'. Entity 2: 'nan Karta VGA Gigabyte GeForce GTX 1650 OC 4GB GDDR6 128bit DVI+HDMI+DP PCIe3.0  693.00 PLN'.,No
Do the two product descriptions refer to the same real-world product? Entity 1: 'nan D1-TAPE 24MM X 7M BLACK ON WHITE IN 0 EUR'. Entity 2: 'Dymo Genuine Dymo D1 Standard Label Cassette Tape 9mm x 7m - Black on White  17.86 AUD'.,No
Do the two product descriptions refer to the same real-world product? Entity 1: 'nan Xerox 106R01162 OEM Toner Cartridge For Phaser 7760 Yellow - 25K 651.95 CAD'. Entity 2: 'Xerox Xerox Phaser 6000/6010 Black Toner  nan nan'.,No
Do the two product descriptions refer to the same real-world product? Entity 1: 'nan No Break APC Smart-UPS 10Kva Mono230V - SRT10KXLI 23675.82 BRL'. Entity 2: 'nan Epson - Ink Cartridge Black 10K  3905.00 CZK'.,No
Do the two product descriptions refer to the same real-world product? Entity 1: 'nan AMD Ryzen 5 1500X Wraith Spire Cooler 2597.00 ZAR'. Entity 2: 'AMD YD150XBBAEBOX AMD Ryzen 5 1500X Quad Core 3.50GHz 16MB L3 Cache Socket AM4 Processor. New Retail Factory Sealed With Full Manufacturer Warranty.  220 USD'.,Yes
Do the two product descriptions refer to the same real-world product? Entity 1: 'nan ASUS GeForce RTX 2080 SUPER 8GB DUAL OC EVO 9596.00 SEK'. Entity 2: 'ASUS ASUS NVIDIA GeForce RTX 2060 SUPER 8GB TURBO EVO Turing Graphics Card  99999.99 GBP'.,No
Do the two product descriptions refer to the same real-world product? Entity 1: 'nan SanDisk SDHC Ultra UHS-I 256GB Class 10 90MB/S 351.00 DKK'. Entity 2: 'SanDisk SanDisk Ultra SDXC Memory Card 100MBs Class 10 UHS-I 256GB  52.59 GBP'.,Yes
Do the two product descriptions refer to the same real-world product? Entity 1: 'Sandisk SanDisk SSD Plus 120GB 240GB 530MB/s 480GB 1TB 535MB/sSolid State Drive (120GB) 178.0 MYR'. Entity 2: 'SanDisk SanDisk SSD PLUS 120GB Solid State Drive -SDSSDA-120G-G27  64.99 USD'.,Yes
"Do the two product descriptions refer to the same real-world product? Entity 1: 'nan Apple AirPods Pro Bluetooth Earbuds w/ Wireless Charging Case, White (MWP22AM/A) 249 USD'. Entity 2: 'nan Audemars Piguet-Audemars Piguet Royal Oak Chronograph 41mm Mens Watch-26331ST.OO.1220ST.02  25000 USD'.",No
"Do the two product descriptions refer to the same real-world product? Entity 1: 'Cisco Cisco Catalyst 2960-X | WS-C2960X-24TD-L Catalyst 2960X 24 port 10/100/1000, 2 x 10G SFP+, LAN Base 66720 THB'. Entity 2: 'nan WS-C2960X-24TD-L Cisco Catalyst 2960X Network Switch (New)  6.77E2 USD'.",Yes
Do the two product descriptions refer to the same real-world product? Entity 1: 'nan Intel - Core i7-9700F 9th Generation 8-core - 8-Threads 3.0 GHz (4.7 GHz Turbo) Socket LGA 2066 Locked Desktop Processor 273.99 USD'. Entity 2: 'Default Toner kompatibel zu Brother TN-200 Black  14.87 EUR'.,No
Do the two product descriptions refer to the same real-world product? Entity 1: 'ASUS PH-GTX1660S-O6G 6 GB Geforce GTX 1660 Super Overclocked Phoenix Fan Edition Hdmi DP Dvi Graphics Card nan nan'. Entity 2: 'Fujifilm Fujifilm XF 56mm F/1.2 R APD Lens  23995 ZAR'.,No
Do the two product descriptions refer to the same real-world product? Entity 1: 'nan APC - Schneider SMART-UPS 1000VA LCD 230V 924.00 AUD'. Entity 2: 'nan APC UPS 1KVA Tower UPS SMT1000I  411 GBP'.,Yes
Do the two product descriptions refer to the same real-world product? Entity 1: 'nan Kingston DataTraveler microDuo 128GB USB 3.0 28.59 GBP'. Entity 2: 'nan Kingston 256GB DataTraveler 100 G3 (USB 3.0)  1.8999E2 PLN'.,No
"Do the two product descriptions refer to the same real-world product? Entity 1: 'nan Evans 14\"" TT14EC2S Clear Drum Head 18.99 USD'. Entity 2: 'nan APC APCRBC117 Replacement Battery Cartridge #117  539.00 AUD'.",No
Do the two product descriptions refer to the same real-world product? Entity 1: 'nan Seagate IronWolf PRO 16TB NAS Professional 3914.00 DKK'. Entity 2: 'nan Jabra BIZ 2300 Mono USB MS Lync Headset  101.30 GBP'.,No
Do the two product descriptions refer to the same real-world product? Entity 1: 'nan Shimano Cassette 11s 11-46 CS-M8000 569.00 DKK'. Entity 2: 'nan Samsung MLT-D103L must toonerikassett  37.60 EUR'.,No
"Do the two product descriptions refer to the same real-world product? Entity 1: 'nan Hewlett Packard Enterprise HDD 146GB 10K SAS 2,5INCH (507125-B21) 168.136033 EUR'. Entity 2: 'Daniel Wellington horloges Daniel Wellington Horloge Classic Sheffield Rose DW00100036  135.20 EUR'.",No
Do the two product descriptions refer to the same real-world product? Entity 1: 'Corsair Corsair ML140 140mm PWM Premium Magnetic Levitation Fan - Twin Pack 33.97 GBP'. Entity 2: 'nan Cooler Master MasterLiquid ML120L V2 RGB Universal Socket 120mm PWM 1800RPM RGB LED AiO Liquid CPU Cooler  834.99 SEK'.,No
"Do the two product descriptions refer to the same real-world product? Entity 1: 'TP-Link T1700G-28TQ GE/XG/SMA/24, Switch 91684 nan'. Entity 2: 'nan ShimanoSm-Sh10 Spd-Sl Cleats, Fixed  1.999E1 GBP'.",No
"Do the two product descriptions refer to the same real-world product? Entity 1: 'Hikvision DVR HDTVI 32 canale Turbo HD Full HD Hikvision DS-7332HQHI-K4 HD-TVI / AHD / CVI + 8 canale IP de pana la 6MP, 4xSATA 2389.99005 RON'. Entity 2: 'nan Hikvision 32 Turbo HD/CVI / AHD / CVBS Ref: DS-7332HQHI-K4  652.890815 EUR'.",Yes
Do the two product descriptions refer to the same real-world product? Entity 1: 'Sandisk Sandisk USB Flash 32GB Cruzer Glide 2.0/3.0 15.90 EUR'. Entity 2: 'nan AMD Ryzen 9 3900XT AM4 CPU  9.17304E3 ZAR'.,No
Do the two product descriptions refer to the same real-world product? Entity 1: 'Cooler Master Cooler Master MasterCase H500 Mid Tower PC Case 99.98 GBP'. Entity 2: 'nan OBUDOWA COOLER MASTER MASTERCASE H500M MIDI TOWER Z OKNEM BEZ PSU WENTYLATOR LED ARGB  942.00 PLN'.,No
Do the two product descriptions refer to the same real-world product? Entity 1: 'Dymo Dymo 53713 Black On White - 24mm 15.14 GBP'. Entity 2: 'Swiss Military Hanowa Relógio Swiss Military Hanowa06-4307.30.007 Undercover Multifunction  169.95 EUR'.,No
"Do the two product descriptions refer to the same real-world product? Entity 1: 'Samsung Samsung LH46UHFCLBB - 116,8 cm (46\"") - LED - 1920 x 1080 Pixel - 700 cd/m² - Full HD - 8 ms 1558.76 EUR'. Entity 2: 'nan Samsung C27F390FHU - Full HD Curved Monitor  180.99 EUR'.",No
Do the two product descriptions refer to the same real-world product? Entity 1: 'nan Razer DeathAdder V2 Ergonomic Wired Gaming Mouse (RZ01-03210100-R3M1) (Warranty 2years with Ban Leong) 99.00 SGD'. Entity 2: 'nan (C13T693500) EPSONSCT3000 UltraChrome XD Matte Black  nan nan'.,No
Do the two product descriptions refer to the same real-world product? Entity 1: 'nan Jabra EVOLVE 40 UC MONO USB Headset 6393-829-209 95.00 USD'. Entity 2: 'nan Jabra EVOLVE 65 UC Mono (6593-829-409)  93.77 EUR'.,No
Do the two product descriptions refer to the same real-world product? Entity 1: 'nan Logitech H540 USB Headset With High-Definition sound and on-ear controls - Black | 981-000480 1.575E2 AED'. Entity 2: 'Znaka: Originln Originln toner OKI 44992402 (ern)  2149 CZK'.,No
Do the two product descriptions refer to the same real-world product? Entity 1: 'nan APPLE - Airpods With Charging Case 2632.10 DKK'. Entity 2: 'nan APPLE - AIRPODS WITH CHARGING CASEIN  nan nan'.,Yes
Do the two product descriptions refer to the same real-world product? Entity 1: 'nan Gorra New Era NY Yankees MLB 9Fifty Cap 3.19E1 EUR'. Entity 2: 'nan Evans EC2S 13'' Clear Batter - TT13EC2S  22.50 GBP'.,No
Do the two product descriptions refer to the same real-world product? Entity 1: 'nan Shimano R550 SPD-SL Pedals - Black 99.0 AUD'. Entity 2: 'Shimano Shimano Pedal PD-RS500 SL Black  99.99 AUD'.,No
Do the two product descriptions refer to the same real-world product? Entity 1: 'D'addario D'addario XTAPB1356XT Acoustic strings set Phosphor Bronze Medium 13-56 16.25 EUR'. Entity 2: 'nan D'Addario XT Acoustic Phosphor Bronze Medium Guitar Strings 13-56  19.50 CAD'.,Yes
Do the two product descriptions refer to the same real-world product? Entity 1: 'Swiss Military Hanowa Swiss Military Hanowa Swiss Military Hanowa Undercover Multifunction 06-4307.30.007 249.00 EUR'. Entity 2: 'nan Corsair 8GB (1x8GB) 3000MHz CL16 Vengeance LPX Black  159 PLN'.,No
Do the two product descriptions refer to the same real-world product? Entity 1: 'nan Kingston DataTraveler microDuo 128GB USB 3.0 28.59 GBP'. Entity 2: 'Crucial Crucial BX500 480GB SSD Micron 3D NAND SATA III 6Gb/s 2.5 Internal Solid State Drive  59.99 USD'.,No
"Do the two product descriptions refer to the same real-world product? Entity 1: 'Western Digital (WDC) Western Digital (WDC) 250GB 2.5\"" SATA SSD Blue 7mm Cased 95.59 EUR'. Entity 2: 'nan Elixir Guitar Strings Phosphor Bronze Nanoweb Light 12 - 53  22.81 USD'.",No
Do the two product descriptions refer to the same real-world product? Entity 1: 'Daniel Wellington Daniel Wellington Classic Sheffield Men 40mm Quartz Watch 0206DW 119 USD'. Entity 2: 'Classic Daniel Wellington - Classic Sheffield Silver - 40mm  1899.00 NOK'.,Yes
Do the two product descriptions refer to the same real-world product? Entity 1: 'Epson Epson C13T70234010 XL Muste Punainen nan nan'. Entity 2: 'nan ASUS ROG STRIX B550-E GAMING Presa AM4 ATX AMD B550  329.69 EUR'.,No
Do the two product descriptions refer to the same real-world product? Entity 1: 'nan Cooler Master MasterLiquid ML120L V2 RGB Universal Socket 120mm PWM 1800RPM RGB LED AiO Liquid CPU Cooler 834.99 SEK'. Entity 2: 'Cooler Master Cooler Master MasterLiquid ML120R ARGB AIO Cooler  129 AUD'.,No
Do the two product descriptions refer to the same real-world product? Entity 1: 'Znaka: Originln Originln toner OKI 44992402 (ern) 2149 CZK'. Entity 2: 'Oki OKI C831/841 Cyan Toner 10K  219.74 GBP'.,No
Do the two product descriptions refer to the same real-world product? Entity 1: 'Corsair Corsair 110R Tempered Glass Mid-Tower ATX Case 51.97 GBP'. Entity 2: 'Corsair Carbide 175R RGB Windowed Mid-Tower Case Tempered Glass  69.90 EUR'.,No
"Do the two product descriptions refer to the same real-world product? Entity 1: 'Shimano Shimano Cassette Ultegra R8000 11 Speed 11-28T 150.00 AUD'. Entity 2: 'nan Life Extension Super Ubiquinol COQ10 with Enhanced Mitochondrial Support 100 mg, 60 Count  46.50 USD'.",No
"Do the two product descriptions refer to the same real-world product? Entity 1: 'Epson Epson Tinte T6164 Yellow, 53 ml 61.40 EUR'. Entity 2: 'nan EPSON (T1285) Multipack róka (T1281,T1282,T1283,T1284) C13T12854010  15999 HUF'.",No
Do the two product descriptions refer to the same real-world product? Entity 1: 'nan Audio Technica ATH-M50x Professional Monitor Audiophile Headphones - Black 369 NZD'. Entity 2: 'nan Audio Technica ATH-M40x Professional Monitor Audiophile Headphones  229 NZD'.,No
"Do the two product descriptions refer to the same real-world product? Entity 1: 'nan Western Digital My Passport 1TB 2,5"" USB 3.0 71.00 EUR'. Entity 2: 'nan Asus Radeon Dual Evo RX5500 XT 8gb Gddr6 Version OC  6456.56 MXN'.",No
Do the two product descriptions refer to the same real-world product? Entity 1: 'nan APC UPS 1KVA Tower UPS SMT1000I 411 GBP'. Entity 2: 'nan No Break APC Smart-UPS 10Kva Mono230V - SRT10KXLI  23675.82 BRL'.,No
Do the two product descriptions refer to the same real-world product? Entity 1: 'Crucial Memoire DDR3 So Dimm Crucial 4GB DDR3 1600 MT/S (PC3-12800) 26.99 EUR'. Entity 2: 'Crucial Memoire DDR3 Crucial 4GB DDR3 1600 MT/S (PC3-12800)  26.99 EUR'.,No
"Do the two product descriptions refer to the same real-world product? Entity 1: 'RAM MOUNTS RAM Double U-Bolt Base with D Size 2.25\"" Ball for Rails from 0.75\"" to 1.25\"" in Diameter - RAM-D-235U 36.49 USD'. Entity 2: 'RAM Mounts RAM-B-149ZU - RAM Handlebar Rail Mount with Zinc Coated U-Bolt Base for Rails from 0.5\"" to 1.25\"" in Diameter  nan nan'.",No
"Do the two product descriptions refer to the same real-world product? Entity 1: 'nan BenQ GW2480 23.8"" Full HD IPS Monitor nan nan'. Entity 2: 'nan Samsung C27F390FHU - Full HD Curved Monitor  180.99 EUR'.",No
Do the two product descriptions refer to the same real-world product? Entity 1: 'nan Swiss Military Hanowa Flagship 06-5161.2.04.007 1895.00 SEK'. Entity 2: 'HP HP printer Color LaserJet Professional CP5225dn (CE712A#B19)  1403.60 EUR'.,No
"Do the two product descriptions refer to the same real-world product? Entity 1: 'nan Epson - Ink Cartridge Black 10K 3905.00 CZK'. Entity 2: 'TP-Link T1700G-28TQ GE/XG/SMA/24, Switch  91684 nan'.",No
Do the two product descriptions refer to the same real-world product? Entity 1: 'nan 215.30.46.51.01.001 Omega Seamaster Planet Ocean Chronograph 45.5mm 6370 GBP'. Entity 2: 'nan Obudowa Corsair Crystal 680X RGB High Airflow TG White (CC-9011169-WW)  1299.00 PLN'.,No
Do the two product descriptions refer to the same real-world product? Entity 1: 'Razer Razer Viper Mini Optical Ambidextrous RGB Gaming Mouse 37.49 GBP'. Entity 2: 'nan Asus PRIME B450-PLUS(PRIME B450-PLUS)  32585 HUF'.,No
"Do the two product descriptions refer to the same real-world product? Entity 1: 'nan Canon PFI-101C Ink, 130 ml - Cyan 77.90 USD'. Entity 2: 'nan Catalyst 2960-X 24 GigE PoE 370W, 2 x 10G SFP+, LAN Base  33099.85 HKD'.",No
Do the two product descriptions refer to the same real-world product? Entity 1: 'Hydro Flask Hydro Flask 32 oz Wide Mouth Flex Cap Bottle in Sunflower 48.00 CAD'. Entity 2: 'nan Sunflower 32oz. Wide Mouth Water Bottle  44.95 USD'.,Yes
Do the two product descriptions refer to the same real-world product? Entity 1: 'Samsung Samsung 1TB SSD 970 EVO NVMe M.2 170.98 GBP'. Entity 2: 'nan Miška Razer Viper Ultimate Wireless  169.95 EUR'.,No
"Do the two product descriptions refer to the same real-world product? Entity 1: 'nan ASUS AMD ATX ROG STRIX B550 F Gaming Motherboard AM4 Dual DDR4, HDMI, Dual M.2 270.00 AUD'. Entity 2: 'nan ASUS ROG STRIX B550-E GAMING Presa AM4 ATX AMD B550  329.69 EUR'.",No
Do the two product descriptions refer to the same real-world product? Entity 1: 'Shimano Shimano Cassette Ultegra R8000 11 Speed 11-28T 150.00 AUD'. Entity 2: 'nan Traveler's Notebook / Refill 001 / Lined Notebook  4.9E0 EUR'.,No
Do the two product descriptions refer to the same real-world product? Entity 1: 'nan Fujifilm Instax Mini Rainbow (10 sheets) Film 1.295E1 EUR'. Entity 2: 'nan Fujifilm Instax mini Rainbow film 10 pack  149.95 ZAR'.,Yes
"Do the two product descriptions refer to the same real-world product? Entity 1: 'Evans Evans EC2 Clear Drum Head, 8 Inch $13.99 USD'. Entity 2: 'nan Ubiquiti UniFi AC Pro 5-pack UAP-AC-PRO-5 Ubiquiti  561.00 EUR'.",No
"Do the two product descriptions refer to the same real-world product? Entity 1: 'Lexmark Lexmark Toner Sort 3.5k - E360/E460 Return 949 DKK'. Entity 2: 'nan Sandisk Ixpand 64GB USB3.0 Flash Drive for Iphone, Ipad  31.99 GBP'.",No
Do the two product descriptions refer to the same real-world product? Entity 1: 'nan WS-C2960-24TT-LCatalyst 2960 24 10/100 + 2 1000BT LAN Base Image 529.31 EUR'. Entity 2: 'nan Evans EMAD2 Clear Bass Batter  4.699E1 USD'.,No
"Do the two product descriptions refer to the same real-world product? Entity 1: 'nan Apple AirPods Pro, Kopfhrer - EU nan nan'. Entity 2: 'nan Apple AirPods Pro Bluetooth Earbuds w/ Wireless Charging Case, White (MWP22AM/A)  249 USD'.",Yes
Do the two product descriptions refer to the same real-world product? Entity 1: 'SHIMANO SPD-SL-CLEAT-SET-SM-SH11-(YELLOW)-[6DEGREE] 12.0 OMR'. Entity 2: 'nan Tissot T-Sport Seastar 1000 Powermatic 80 Watch T1204071704100  nan nan'.,No
Do the two product descriptions refer to the same real-world product? Entity 1: 'nan Sigma 50mm F1.4 DG HSM Canon [ART] 4407.00 PLN'. Entity 2: 'nan Pokemon SWSH3: Darkness Ablaze Elite Trainer Box  49.95 EUR'.,No
Do the two product descriptions refer to the same real-world product? Entity 1: 'nan APPLE - Airpods With Charging Case 2632.10 DKK'. Entity 2: 'Apple Apple AirPods with Wired Charging Case (2nd Generation)  144.98 USD'.,No
Do the two product descriptions refer to the same real-world product? Entity 1: 'nan Canon PFI 107C Ink Cartridge Cyan 0.00 AUD'. Entity 2: 'Canon Genuine Canon PGI-29 Grey Ink Cartridge (PGI29GOEM)  26.99 GBP'.,No
Do the two product descriptions refer to the same real-world product? Entity 1: 'nan TAG Heuer Monaco Men's Blue Leather Strap Watch 5250 GBP'. Entity 2: 'nan TAG Heuer Formula 1 Calibre 5 Men's Watch  1.495E3 GBP'.,No
Do the two product descriptions refer to the same real-world product? Entity 1: 'Crucial Crucial 8GB (1x8GB) DDR3 1600MHz SODIMM 65 AUD'. Entity 2: 'nan CRUCIAL - DDR3 8GB 1600Hz CL11 Unbuffered CT102472BD160B  131.99 EUR'.,No
Do the two product descriptions refer to the same real-world product? Entity 1: 'Crucial Crucial BX500 480GB SSD Micron 3D NAND SATA III 6Gb/s 2.5 Internal Solid State Drive 59.99 USD'. Entity 2: 'nan Kingston DataTraveler G4 - USB flash drive - 16 GB - USB 3.0 - blue  14.99 EUR'.,No
"Do the two product descriptions refer to the same real-world product? Entity 1: 'HIKVISION 8CH HIKVISION 4MP DVR HDMI TURBO 1080P DS-7208HQHI-K1 0.00 GBP'. Entity 2: 'nan DVR 8 canale, Turbo HD, 6MP, PoC, Hikvision DS-7208HQHI-K2-P  687 LEI'.",No
"Do the two product descriptions refer to the same real-world product? Entity 1: 'nan 0000006490| Canon EF-S 18-135mm f3.5-5.6 IS NANO USM Lens 649.00 AUD'. Entity 2: 'nan Cooler Master MasterBox Lite 5 ATX Black Case, Window, NO PSU, 2x USB 3.0, HD Audio, Dark Mirror Front Panel, No External 5.25\"" Drive Bay  89.00 AUD'.",No
"Do the two product descriptions refer to the same real-world product? Entity 1: 'Gigabyte Gigabyte AMD Radeon RX 5500 XT OC 8GB GDDR6 RDNA PCIe 4.0 Graphics Card 186.048 GBP'. Entity 2: 'nan Jabra Biz 2400 II Mono 3-1, NC, 82 mic, QD  12500 PHP'.",No
"Do the two product descriptions refer to the same real-world product? Entity 1: 'nan Johnnie Walker Blue Label 0,7 ltr. 139.95 EUR'. Entity 2: 'nan Canon EF-M 18-150mm f/3.5-6.3 IS STM (Black)  7795.00 ZAR'.",No
"Do the two product descriptions refer to the same real-world product? Entity 1: 'nan Apple iPad Air Wi-Fi 256 GB Silver - 10.5\"" Tablet - A12 26.67cm-Display 754.9 EUR'. Entity 2: 'nan Sigma 35mm f1.4 EX DG HSM A Nikon  619.00 nan'.",No
"Do the two product descriptions refer to the same real-world product? Entity 1: 'nan CORSAIR CRYSTAL 570X RGB Mid-Tower Case, 3 RGB Fans, Tempered Glass - White| CC-9011110-WW 775 AED'. Entity 2: 'DJI DJI Mavic Air Car Charger  649 SEK'.",No
"Do the two product descriptions refer to the same real-world product? Entity 1: 'MITXPC 120GB Crucial BX500 3D NAND 2.5\"" SATA SSD 39.95 USD'. Entity 2: 'nan New Era 39THIRTY MLB New York Yankees Fullcap - 10298279  19.77 EUR'.",No
Do the two product descriptions refer to the same real-world product? Entity 1: 'Samsung Samsung T7 Touch Black 1TB Portable SSD with Fingerprint ID 217.10 GBP'. Entity 2: 'nan TP-Link T1700G-28TQ JetStream 24-Port Gigabit Stackable Smart Switch with 4 10GE SFP+ Slots  532.0000 NZD'.,No
Do the two product descriptions refer to the same real-world product? Entity 1: 'nan D'Addario XT Acoustic Phosphor Bronze Medium Guitar Strings 13-56 19.50 CAD'. Entity 2: 'nan D'Addario EJ16 Phosphor Bronze Light Acoustic Guitar Strings  6.99 USD'.,No
Do the two product descriptions refer to the same real-world product? Entity 1: 'HIKVISION 8CH HIKVISION 4MP DVR HDMI TURBO 1080P DS-7208HQHI-K1 0.00 GBP'. Entity 2: 'nan DS-7204HQHI-K1 Turbo HD DVR  102.5233 EUR'.,No
Do the two product descriptions refer to the same real-world product? Entity 1: 'nan APC Smart UPS SRT 6000VA / 230V On Line / Web Card - SRT6KRMXLI 4695.00 EUR'. Entity 2: 'nan APC Smart-UPS SRT 3000VA RM 230V SRT3000RMXLI  2524.55 GBP'.,No
Do the two product descriptions refer to the same real-world product? Entity 1: 'nan Xerox Phaser 7760 Yellow Toner 106R01162 683.65 CAD'. Entity 2: 'nan Mens Daniel Wellington St Mawes 40mm Watch DW00100006  169.00 GBP'.,No
"Do the two product descriptions refer to the same real-world product? Entity 1: 'nan BenQ GW2480 23.8 inch LED IPS Monitor - Full HD, 5ms, Speakers 1.595E2 GBP'. Entity 2: 'nan BenQ GW2480 23.8"" Full HD IPS Monitor  nan nan'.",Yes
"Do the two product descriptions refer to the same real-world product? Entity 1: 'nan Ram Mount 2\"" Double Socket Arm for 1\"" Balls 1.399E1 USD'. Entity 2: 'nan Jabra Biz 2400 II Mono 3-1, NC, 82 mic, QD  12500 PHP'.",No
Do the two product descriptions refer to the same real-world product? Entity 1: 'nan MANFROTTO trpied alu Befree Advanced 2.0 MKBFRLA4BK-BH 169.90 EUR'. Entity 2: 'nan Manfrotto Befree Advanced Twist Tripod  479.99 NZD'.,Yes
"Do the two product descriptions refer to the same real-world product? Entity 1: 'nan Crucial BX500 2.5\"" 480 GB Serial ATA III 88.54 EUR'. Entity 2: 'nan Carbide Series 275R Tempered Glass Mid-Tower Gaming CaseWhite  94.38 EUR'.",No
Do the two product descriptions refer to the same real-world product? Entity 1: 'DADDARIO EJ16 - Acoustic Phosphor Bronze 12-53 7.9E0 EUR'. Entity 2: 'Elixir Elixir E16052 Nanoweb Phosphor Bronze Acoustic Guitar Strings Light Gauge 12-53  24.99 AUD'.,No
Do the two product descriptions refer to the same real-world product? Entity 1: 'nan Audio Technica ATH-M50xWH Professional Studio Monitor Headphones 1.69E2 USD'. Entity 2: 'nan TAG HEUER MONACO AUTOMATIC CHRONOGRAPH  5.9E3 USD'.,No
Do the two product descriptions refer to the same real-world product? Entity 1: 'nan Shimano R550 SPD-SL Pedals - Black 99.0 AUD'. Entity 2: 'nan Shimano PD-R550 SPD-SL Resin Pedal  120.99 NZD'.,Yes
Do the two product descriptions refer to the same real-world product? Entity 1: 'Daniel Wellington Daniel Wellington Unisex Classic Sheffield 36mm Rose Gold Black DW00100036 89.00 GBP'. Entity 2: 'nan LOGITECH Logitech USB Headset H390  90.90 BGN'.,No
Do the two product descriptions refer to the same real-world product? Entity 1: 'nan Fujifilm Instax Black Square Film (10 Pack) 28 AUD'. Entity 2: 'nan Hydro Flask Standard Mouth 621ml Insulated Bottle  4.995E1 AUD'.,No
"Do the two product descriptions refer to the same real-world product? Entity 1: 'nan TONER CANON CIAN CL707C 2.000 PAGINAS 73.63818 EUR'. Entity 2: 'nan EPSON S042091 premium glossy photo paper 255g/m², A2/25vel  nan nan'.",No
Do the two product descriptions refer to the same real-world product? Entity 1: 'nan Bosch KGN34NWEAG Free-standing fridge-freezer 489.00 GBP'. Entity 2: 'nan Samsung 970 EVO Plus 2TB SSD  4590.00 SEK'.,No
Do the two product descriptions refer to the same real-world product? Entity 1: 'nan Manfrotto MVK500AM Fluid Video System 412.00 EUR'. Entity 2: 'nan SanDisk CFast 2.0 64GB Extreme Pro Memory Card | Read 525 MB/s | Write 430MB/s | 4K Video  179.00 GBP'.,No
Do the two product descriptions refer to the same real-world product? Entity 1: 'nan SHIMANO XT CN-HG95 HG-X chain 20.62 EUR'. Entity 2: 'Shimano Shimano Shimano Cn-Hg901 11-Spd Chain Xtr / Dura Ace W/ Quick Link  69.99 AUD'.,No
"Do the two product descriptions refer to the same real-world product? Entity 1: 'nan Sony FE 24mm f/1.4 GM 1398.00 USD'. Entity 2: 'SHIMANO SHIMANO PD-R7000, 105, SPD-SL PEDAL.  170.00 AUD'.",No
"Do the two product descriptions refer to the same real-world product? Entity 1: 'nan 3M - Sekretessfilter 27\"" Widescreen 16:9 1237.50 DKK'. Entity 2: 'zebra Zebra ZXP Series 1Black Monochrome Ribbon K - 1000 Prints 800011-101  nan nan'.",No
Do the two product descriptions refer to the same real-world product? Entity 1: 'Epson Epson T7891 Black Cart - Compatible 12.93 GBP'. Entity 2: 'Samsung Samsung Portable SSD T7 Touch 2TB - Zwart  429.00 EUR'.,No
Do the two product descriptions refer to the same real-world product? Entity 1: 'Canon Boje Canon PG-545 BK 8ml 2300 ALL'. Entity 2: 'Canon Canon Multipack PGI-72multi1 (6403B007)  61.70 EUR'.,No
"Do the two product descriptions refer to the same real-world product? Entity 1: 'nan Lant Shimano CN-HG601-11, 11 Viteze 123.00 RON'. Entity 2: 'nan Ernie Ball Hybrid Slinky 9-46  6.00 GBP'.",No
"Do the two product descriptions refer to the same real-world product? Entity 1: 'nan SanDisk PLUS SSD Hard Drive 2.5´´ internal, 480 GB, SATA, Black 54.99 EUR'. Entity 2: 'nan Zebra 800015-301 (Eltron) Black (K) Resin Ribbon - 1500 Prints  16.00 USD'.",No
Do the two product descriptions refer to the same real-world product? Entity 1: 'nan Pokémon TCG Sword & Shield Darkness Ablaze 5.50 EUR'. Entity 2: 'nan POKÉMON TCG Sword and Shield- Darkness Ablaze Trainer Box  75 AUD'.,No
Do the two product descriptions refer to the same real-world product? Entity 1: 'Hydro Flask Hydro Flask 32 oz. Wide Mouth 2.0 Flex Cap Hibiscus 40.79 CAD'. Entity 2: 'nan 32 Oz Wide Mouth With Flex Cap W32BTS001  44.95 USD'.,No
"Do the two product descriptions refer to the same real-world product? Entity 1: 'Seagate Seagate IronWolf Pro ST8000NE001 - Hard drive - 8 TB - internal - 3.5\"" - SATA 6Gb/s - 7200 rpm - buffer_ 256 MB - with 2 years Rescue Data Recovery Service Plan 235.97 GBP'. Entity 2: 'nan 8TB - Seagate Enterprise Ironwolf Pro SATA - ST8000NE001  232.84 USD'.",Yes
Do the two product descriptions refer to the same real-world product? Entity 1: 'nan Sony FE 70-200mm f/4 OSS Lens 1.39999E3 USD'. Entity 2: 'nan Sony Alpha SEL50F18F FE 50mm f/1.8  nan nan'.,No
Do the two product descriptions refer to the same real-world product? Entity 1: 'nan Tag Heuer Carrera Quartz Chronograph Stainless Steel Watch CBG2A1Z.BA0658 4.2435E3 USD'. Entity 2: 'nan Tag Heuer Carrera Quartz Chronograph Stainless Steel Watch CBK2112.BA0715  2.407E3 USD'.,No
Do the two product descriptions refer to the same real-world product? Entity 1: 'nan D'Addario EJ16 Phosphor Bronze Light Acoustic Guitar Strings 6.99 USD'. Entity 2: 'D'addario D'addario XTAPB1356XT Acoustic strings set Phosphor Bronze Medium 13-56  16.25 EUR'.,No
"Do the two product descriptions refer to the same real-world product? Entity 1: 'nan Corsair Chassis, Carbide Series SPEC-OMEGA 151.01 USD'. Entity 2: 'Corsair Corsair Carbide SPEC-01 Tower Black  79 AUD'.",No
Do the two product descriptions refer to the same real-world product? Entity 1: 'NEW ERA Czapka New Era 39THIRTY New York Yankees - 10298279 136.41 PLN'. Entity 2: 'New Era NEW ERA ČIAPKA THE LEAGUE GM NY YANKEES  24.99 EUR'.,No
Do the two product descriptions refer to the same real-world product? Entity 1: 'nan Ubiquiti IR LED Range Extender 292 AED'. Entity 2: 'nan Audio Technica ATH-PRO7X DJ headphones  nan nan'.,No
Do the two product descriptions refer to the same real-world product? Entity 1: 'Canon Canon EF-S 18-135/3.5-5.6 IS USM 5818 SEK'. Entity 2: 'Tissot Tissot Seastar 1000 Powermatic 80 Silicium  1150.0 CAD'.,No
Do the two product descriptions refer to the same real-world product? Entity 1: 'nan Epson A3 Premium Glossy Photo Paper 255gsm (Pack of 20) C13S041315 37.04 nan'. Entity 2: 'nan Epson Premium Glossy Photo Paper 13x18cm  11.49 GBP'.,No
Do the two product descriptions refer to the same real-world product? Entity 1: 'nan WS-C2960-24TT-L Cisco Catalyst WS-C2960-24TT-L Switch nan nan'. Entity 2: 'nan WS-C2960-24TT-LCatalyst 2960 24 10/100 + 2 1000BT LAN Base Image  529.31 EUR'.,Yes
Do the two product descriptions refer to the same real-world product? Entity 1: 'nan SEAGATE SATA-3 2TB SSHD FIRECUDA nan nan'. Entity 2: 'nan Brother HL-L8360CDW Colour Wireless Laser Printer  609.00 AUD'.,No
"Do the two product descriptions refer to the same real-world product? Entity 1: 'nan APC APCrbc110 Replacement Battery Cartridge #110 67.94 USD'. Entity 2: 'nan Jabra BIZ 2400 II Duo - Mic. 82 NC, Wideband  400.00 AUD'.",No
"Do the two product descriptions refer to the same real-world product? Entity 1: 'nan Epson A4 Premium Glossy Photo Paper 181.00 NOK'. Entity 2: 'Epson Epson A4/Premium Semiglossy Photo, 20 sheets  18.28 GBP'.",No
Do the two product descriptions refer to the same real-world product? Entity 1: 'nan Epson Strawberry 29 (Prentar 175 síður) Claria Home blekhylki (blátt) 2055 ISK'. Entity 2: 'nan ASUS Radeon RX 5500 XT ROG Strix OC 8GB -Demo  0 NOK'.,No
Do the two product descriptions refer to the same real-world product? Entity 1: 'Cooler Master Cooler Master Hyper H411R CPU Cooler White LED 35 AUD'. Entity 2: 'Cooler Master Cooler Master Hyper H411R CPU Cooler RR-H411-20PW-R1 | PCByte  35.0 AUD'.,Yes
Do the two product descriptions refer to the same real-world product? Entity 1: 'Kingston Kingston 4GB DDR3 1600MHz HyperX Fury Black Series 8675.37 HUF'. Entity 2: 'nan Wireless TP-LINK Wireless Lan TL-WN781ND  9.91 EUR'.,No
"Do the two product descriptions refer to the same real-world product? Entity 1: 'Kingston HyperX Predator 16GB - PC4-26600 - DIMM 109.00 EUR'. Entity 2: 'nan Seagate Lacie 2TB 2.5 Rugged Portable Thunderbolt Type C  R4 199,98 incl tax ZAR'.",No
Do the two product descriptions refer to the same real-world product? Entity 1: 'nan APC APCrbc110 Replacement Battery Cartridge #110 67.94 USD'. Entity 2: 'nan APC APCRBC117 Replacement Battery Cartridge #117  539.00 AUD'.,No
"Do the two product descriptions refer to the same real-world product? Entity 1: 'Corsair Corsair 110R Tempered Glass Mid-Tower ATX Case 51.97 GBP'. Entity 2: 'nan Corsair 110R Tempered Glass Black ATX Case, Tempered Glass Side Window, No PSU, 2x USB 3.1, HD Audio, 120mm Fan pre-installed  109.00 AUD'.",Yes
Do the two product descriptions refer to the same real-world product? Entity 1: 'nan Jabra BIZ 2300 USB MS Mono - headset 158.99 CAD'. Entity 2: 'Swiss Military Hanowa Swiss Military Hanowa06-4226.30.003.03 Immersion Uhr  244.95 EUR'.,No
Do the two product descriptions refer to the same real-world product? Entity 1: 'Canon Canon EF-S 55-250mm f/4-5.6 IS STM 2.9999E2 EUR'. Entity 2: 'Canon Canon EF-S 10-18/4.5-5.6 IS STM  23126 EUR'.,No
Do the two product descriptions refer to the same real-world product? Entity 1: 'Daniel Wellington Daniel Wellington Classic Sheffield Men 40mm Quartz Watch 0206DW 119 USD'. Entity 2: 'nan UniFi AP ac HD ROW 5Pk  1679.00 USD'.,No
"Do the two product descriptions refer to the same real-world product? Entity 1: 'nan BenQ GW2480 23.8"" Full HD IPS Monitor nan nan'. Entity 2: 'nan PHILIPS MONITOR LED IPS 24\"" (23.8) 16:9 FULLHD VGA DVI HDMI 243V7QDSB  130.06 EUR'.",No
"Do the two product descriptions refer to the same real-world product? Entity 1: 'nan Apple AirPods Pro, Kopfhrer - EU nan nan'. Entity 2: 'nan APPLE - Airpods With Charging Case  2632.10 DKK'.",No
"Do the two product descriptions refer to the same real-world product? Entity 1: 'nan 0000012890| Sigma 50mm f/1.4 DG HSM Art for Canon 1,289.00 AUD'. Entity 2: 'Epson Epson S050189 Cyan, High Capacity Toner Cartridge  107.51 USD'.",No
Do the two product descriptions refer to the same real-world product? Entity 1: 'Audemars Piguet Audemars Piguet Royal Oak Offshore Selfwinding Chronograph Watch - 26470ST.OO.A099CR.01 25210.00 USD'. Entity 2: 'nan Cheap Replica Audemars Piguet Royal Oak Offshore Chronograph Watch 26470OR.OO.A125CR.01  nan nan'.,No
Do the two product descriptions refer to the same real-world product? Entity 1: 'nan LOGITECH C922 PRO STREAM FULL HD WEBCAM (960-001090)-WRTY 1YR W/BANLEONG 189.00 SGD'. Entity 2: 'nan Tissot Heritage Visodate Analog Swiss Quartz Sapphire Crystal Men's Watch  2.2E2 USD'.,No
Do the two product descriptions refer to the same real-world product? Entity 1: 'nan AAA Replica Audemars Piguet Royal Oak Chronograph Black Dail Watch 26331ST.OO.1220ST.02 nan nan'. Entity 2: 'nan Cheap Replica Audemars Piguet Royal Oak Chronograph White Dail Watch 26331ST.OO.1220ST.03  nan nan'.,No
"Do the two product descriptions refer to the same real-world product? Entity 1: 'Corsair Corsair 32GB DDR4 Vengeance LPX 2666MHz Memory Kit Black 112.76 GBP'. Entity 2: 'nan 16GB Vengeance LPX DDR4 2400MHz, CL14, Black, DIMM Memory  64.66 USD'.",No
"Do the two product descriptions refer to the same real-world product? Entity 1: 'Kingston HyperX Predator 16GB - PC4-26600 - DIMM 109.00 EUR'. Entity 2: 'nan Mouse Gaming RAZER Mamba Elite, 16000 dpi, negru  nan nan'.",No
Do the two product descriptions refer to the same real-world product? Entity 1: 'Sandisk SanDisk SSD Plus 120GB 240GB 530MB/s 480GB 1TB 535MB/sSolid State Drive (120GB) 178.0 MYR'. Entity 2: 'nan APC - Schneider SMART-UPS 1000VA LCD 230V  924.00 AUD'.,No
"Do the two product descriptions refer to the same real-world product? Entity 1: 'Epson Epson S050189 Cyan, High Capacity Toner Cartridge 107.51 USD'. Entity 2: 'nan Epson S050189 toner ciano ACULA.C1100 4k  147.54 EUR'.",Yes
Do the two product descriptions refer to the same real-world product? Entity 1: 'nan Omega Seamaster Planet Ocean 600m Co-Axial Master Ceramic 215.92.46.22.01.004 Black Dial Replica nan nan'. Entity 2: 'nan Shimano Ultegra Chain HG701 - 116L - with split  2495 EUR'.,No
"Do the two product descriptions refer to the same real-world product? Entity 1: 'Maxxis Reifen Maxxis 29x2.30 Minion DHR II DoubleDown 56.50 EUR'. Entity 2: 'Maxxis Maxxis Maxxis Minion DHR II Tire: 29 x 2.40"", Folding, 60tpi, 3C MaxxGrip 2- Ply, Tubeless Ready, Wide Trail, Black  90.00 USD'.",No
"Do the two product descriptions refer to the same real-world product? Entity 1: 'Maxxis Maxxis Maxxis High Roller II Tire: 27.5 x 2.50\"", Folding, 60tpi, 3C MaxxTerra, EXO, Tubeless Ready, Wide Trail, Black 85.00 USD'. Entity 2: 'nan Maxxis High Roller II Tire - 27.5 x 2.4, Tubeless, Folding, Black, 3C Maxx Terra, EXO  68.00 USD'.",No
"Do the two product descriptions refer to the same real-world product? Entity 1: 'nan SanDisk USB 3.0 Flash Drive Ultra Flair 32 GB Black, Silver 10.03 EUR'. Entity 2: 'nan DJI Mavic 2 Car Charger  69.99 USD'.",No
Do the two product descriptions refer to the same real-world product? Entity 1: 'Sigma Sigma 35mm F1.4 DG Art HSM EOS Mount Lens 1059 AUD'. Entity 2: 'nan Sigma 35mm f/1.4 DG HSM Art  719.95 USD'.,Yes
Do the two product descriptions refer to the same real-world product? Entity 1: 'nan OMEGA SEAMASTER DIVER 300 210.20.42.20.03.002 13900.00 CAD'. Entity 2: 'Omega OMEGA Seamaster Planet Ocean Chronograph Steel  18900.000001 AED'.,No
Do the two product descriptions refer to the same real-world product? Entity 1: 'nan Manfrotto MVH502AH Fluid Video Head with MT055XPRO3 Tripod 419.99 USD'. Entity 2: 'Manfrotto Manfrotto MHXPRO-2W 2-Way Head  99.99 GBP'.,No
"Do the two product descriptions refer to the same real-world product? Entity 1: 'nan Shimano R550 SPD-SL Pedals - Black 99.0 AUD'. Entity 2: 'nan Apple iPad Air Wi-Fi 256 GB Silver - 10.5\"" Tablet - A12 26.67cm-Display  754.9 EUR'.",No
Do the two product descriptions refer to the same real-world product? Entity 1: 'nan Traveler's Notebook Refill - Sketch Paper 10.00 AUD'. Entity 2: 'nan TRAVELER'S Notebook Blue // Passport  1.45E2 MYR'.,No
Do the two product descriptions refer to the same real-world product? Entity 1: 'nan Crucial 1x 8GB DDR3L 1600MHz ECC Unbuffered UDIMM RAM | Discount Computer Needs 269.00 AUD'. Entity 2: 'nan LOGITECH UC Corded Stereo USB Headset H570e (Leatherette Pad) - Business EMEA  0.001 nan'.,No
"Do the two product descriptions refer to the same real-world product? Entity 1: 'Manfrotto Manfrotto MHXPRO-2W 2-Way Head 99.99 GBP'. Entity 2: 'nan SanDisk 480GB SSD Plus int 2.5\"" SATA3 SSD (SDSSDA-480G-G26) (Local Warranty with 3years with Local Distributor)  88.00 SGD'.",No
Do the two product descriptions refer to the same real-world product? Entity 1: 'nan Brother HL-L8360CDW Colour Wireless Laser Printer 609.00 AUD'. Entity 2: 'Brother Brother HL-L5200DW Laser Printer  313.9 AUD'.,No
"Do the two product descriptions refer to the same real-world product? Entity 1: 'MITXPC 120GB Crucial BX500 3D NAND 2.5\"" SATA SSD 39.95 USD'. Entity 2: 'nan 0000010490| Samyang 24mm F1.4 Nikon AE Full Frame Lens  1,049.00 AUD'.",No
Do the two product descriptions refer to the same real-world product? Entity 1: 'nan Gigabyte GTX 1650 SUPER OC 4G 3690 EGP'. Entity 2: 'nan EVOLIS RCT023NAA BLACK MONOCHROME RIBBON (2000 PRINTS)  40.99 GBP'.,No
"Do the two product descriptions refer to the same real-world product? Entity 1: 'nan HyperX 8GB (2x4GB) 1600MHz CL10 Fury Blue 289 PLN'. Entity 2: 'Corsair Corsair Vengeance LPX 16GB(2x8GB)  €67,00 nan'.",No
"Do the two product descriptions refer to the same real-world product? Entity 1: 'nan Speed Dome IP, 2 MP, IR 150m, Hikvision DS-2DE5225IW-AE 1736 LEI'. Entity 2: 'nan HIKVISION DS-7208HQHI-K1 2 MEGAPIXEL HYBRID 8 CHANNEL (8CH) DVR  nan nan'.",No
"Do the two product descriptions refer to the same real-world product? Entity 1: 'nan Apple AirPods Pro, Kopfhrer - EU nan nan'. Entity 2: 'nan Mouse Gaming RAZER Mamba Elite, 16000 dpi, negru  nan nan'.",No
"Do the two product descriptions refer to the same real-world product? Entity 1: 'nan DDR4 Vengeance LPX 16GB/3200(2*8GB) CL16-18-18-36 BLACK 1,35VXMP 2.0 285 PLN'. Entity 2: 'Corsair Corsair Vengeance LPX 16GB(2x8GB)  €67,00 nan'.",Yes
Do the two product descriptions refer to the same real-world product? Entity 1: 'AMD AMD Ryzen 9 3900XT 12-Core 3.8 GHz Socket AM4 105W 100-100000277WOF Desktop Processor 476.99 USD'. Entity 2: 'nan AMD Ryzen 9 3900XT AM4 CPU  9.17304E3 ZAR'.,Yes
"Do the two product descriptions refer to the same real-world product? Entity 1: 'nan Corsair Vengeance LPX, 16GB, DDR4 memory module 2133 MHz 66.671001 EUR'. Entity 2: 'nan Tissot T-Sport Seastar 1000 Powermatic 80 Watch T1204071704100  nan nan'.",No
"Do the two product descriptions refer to the same real-world product? Entity 1: 'nan CORSAIR Crystal Series 570X RGB Tempered Glass,Premium ATX Mid-Tower Case, WHITE 282.99 CAD'. Entity 2: 'Corsair Corsair Crystal Series 570X RGB CC-9011098-WW Steel / Tempered Glass ATX Mid Tower Case  179.99 USD'.",No
"Do the two product descriptions refer to the same real-world product? Entity 1: 'EPSON Epson Seahorse Multipack 6-kleur T0487 189 EUR'. Entity 2: 'Epson Epson Fox Multipack \""Renard\"" (T1285) - Encre DURABrite Ultra N, C, M, J  61.89 EUR'.",No
Do the two product descriptions refer to the same real-world product? Entity 1: 'G.Skill G.Skill Trident Z Neo DDR4 3600MHz 16GB (2X8) Desktop Memory for AMD X570 F4-3600C16D-16GTZNC | PCByte 209.0 AUD'. Entity 2: 'G.Skill Memoire DDR4 G.Skill Trident Z F4-3600C16D-16GTZNC  156.99 EUR'.,Yes
Do the two product descriptions refer to the same real-world product? Entity 1: 'nan Lexmark - Toner cartridge -black - 3500 pages - LRPE260A11E 1.2403E2 EUR'. Entity 2: 'Lexmark Lexmark Toner Sort 3.5k - E360/E460 Return  949 DKK'.,Yes
Do the two product descriptions refer to the same real-world product? Entity 1: 'APC APC Replacement Battery Cartridges #117 381.13 USD'. Entity 2: 'nan Ryze Tech Tello Battery Charging Hub  25 SGD'.,No
Do the two product descriptions refer to the same real-world product? Entity 1: 'AMD AMD RYZEN 5 2400G Quad-Core 3.6 GHz (3.9 GHz Max Boost) Socket AM4 65W YD2400C5FBBOX Desktop Processor nan nan'. Entity 2: 'SanDisk SanDisk SSD PLUS 120GB Solid State Drive -SDSSDA-120G-G27  64.99 USD'.,No
"Do the two product descriptions refer to the same real-world product? Entity 1: 'nan Fujifilm XF 56mm f/1.2 R 879.00 EUR'. Entity 2: 'RAM Mount RAM Mount Torque™ 3/4"" - 1"" Diameter Handlebar/Rail Base with 1"" Ball and X-Grip®  74.95 EUR'.",No
Do the two product descriptions refer to the same real-world product? Entity 1: 'Kingston Kingston Technology SA400S37/240G A400 SSD Solid State Drive 2.5 Inch SATA-3 - 240GB nan nan'. Entity 2: 'nan Samsung Portable SSD T7 Touch - Black - 2TB  3076.00 DKK'.,No
"Do the two product descriptions refer to the same real-world product? Entity 1: 'nan TP-Link Archer T9UH Wireless AC1900 USB Adapter 99.00 AUD'. Entity 2: 'nan Intel Processor, Core i7-8700K 8th Gen  402.01 USD'.",No
"Do the two product descriptions refer to the same real-world product? Entity 1: 'nan BenQ GW2480 23.8"" Full HD IPS Monitor nan nan'. Entity 2: 'nan Crucial 500GB MX500 M.2 2880 SATA 6Gb/s SSD  54.39 GBP'.",No
Do the two product descriptions refer to the same real-world product? Entity 1: 'nan AAA Replica Audemars Piguet Royal Oak Offshore Chronograph Watch 26470OR.OO.1000OR.02 nan nan'. Entity 2: 'nan Basilisk V2 Ergonomic Gaming Mouse  91.19 EUR'.,No
Do the two product descriptions refer to the same real-world product? Entity 1: 'Audemars Piguet Audemars Piguet Royal Oak Offshore Selfwinding Chronograph Watch - 26470ST.OO.A099CR.01 25210.00 USD'. Entity 2: 'Garmin Garmin Fenix 5S Plus GPS Watch Silver with Black Band  529 GBP'.,No
"Do the two product descriptions refer to the same real-world product? Entity 1: 'nan Johnnie Walker - Blue Label 70cl 152.89 EUR'. Entity 2: 'nan ASUS GeForce® RTX 2080 SUPER™ Dual Evo OC 8GB (90YV0DJ0-M0NM00) (NVIDIA, Grafikkarte)  5.99E2 EUR'.",No
Do the two product descriptions refer to the same real-world product? Entity 1: 'Bosch Bosch KGN34NWEAG 60cm Frost Free Fridge Freezer 449.00 GBP'. Entity 2: 'nan TP-LINK EAP110 Access point - Wit  3.509E1 EUR'.,No
"Do the two product descriptions refer to the same real-world product? Entity 1: 'nan Philips Monitor LCD 243V7QDSB/00 94.1 EUR'. Entity 2: 'nan PHILIPS MONITOR LED IPS 24\"" (23.8) 16:9 FULLHD VGA DVI HDMI 243V7QDSB  130.06 EUR'.",Yes
Do the two product descriptions refer to the same real-world product? Entity 1: 'Ubiquiti Ubiquiti UniFi Dual-Band WiFi PoE Access Point UAP-AC-HD - 5 Pack 1365.99 GBP'. Entity 2: 'nan Ubiquiti Unifi AC In-Wall AP Wireless Access Point 5 Pack UAP-AC-IW-5 (No PoE Injector)  444.00 GBP'.,No
Do the two product descriptions refer to the same real-world product? Entity 1: 'Brother Brother HL-L5200DW Laser Printer 313.9 AUD'. Entity 2: 'Western Digital Western Digital Blue SSD 250GB SATA M.2 2280 WDS250G2B0B  220.50 PLN'.,No
Do the two product descriptions refer to the same real-world product? Entity 1: 'Canon Canon EF-S 10-18/4.5-5.6 IS STM 23126 EUR'. Entity 2: 'Canon Canon EF-S 18-135/3.5-5.6 IS USM  5818 SEK'.,No
Do the two product descriptions refer to the same real-world product? Entity 1: 'ASUS ASUS NVIDIA GeForce RTX 2060 6GB DUAL OC EVO Turing Graphics Card 323.99 GBP'. Entity 2: 'nan Carto de memria micro SD Kingston 64Gb XC1 classe 10 Canvas Select  0.00 BRL'.,No
Do the two product descriptions refer to the same real-world product? Entity 1: 'nan Epson - Premium Semi-Gloss Photo Paper - A4 - 20 Fogli - C13S041332 23.88 EUR'. Entity 2: 'nan Epson A4 Premium Glossy Photo Paper  181.00 NOK'.,No
Do the two product descriptions refer to the same real-world product? Entity 1: 'nan FUJIFILM Super EBC XF 23mm f/2 R WR Lens - Black 449.95 USD'. Entity 2: 'nan Elixir Phosphor Acoustic Strings - Extra Light  22.99 CAD'.,No
"Do the two product descriptions refer to the same real-world product? Entity 1: 'nan Canon PFI-101C Ink, 130 ml - Cyan 77.90 USD'. Entity 2: 'nan 0884B001 | Canon PFI-101 | Original Canon Ink Cartridge - Cyan  nan nan'.",Yes
Do the two product descriptions refer to the same real-world product? Entity 1: 'Jabra Jabra Evolve 20 SE Special Edition UC monaural USB 40.70 EUR'. Entity 2: 'Corsair Corsair Carbide SPEC-01 Tower Black  79 AUD'.,No
Do the two product descriptions refer to the same real-world product? Entity 1: 'Jabra Jabra Evolve 20 SE Special Edition UC monaural USB 40.70 EUR'. Entity 2: 'nan AF-S FX 24-85MM F3.5-4.5G ED VR  9.99E2 NZD'.,No
"Do the two product descriptions refer to the same real-world product? Entity 1: 'Maxxis Maxxis Maxxis High Roller II Tire: 27.5 x 2.50\"", Folding, 60tpi, 3C MaxxTerra, EXO, Tubeless Ready, Wide Trail, Black 85.00 USD'. Entity 2: 'nan Maxxis Assegai Tire - 27.5 x 2.5, Folding, Tubeless, Black, 3C Maxx Terra, EXO+, Wide Trail  80.00 USD'.",No
"Do the two product descriptions refer to the same real-world product? Entity 1: 'nan Intel Core i3 8300 Quad Core 3.7GHz Processor nan nan'. Entity 2: 'nan Processore Cpu INTEL Core i3-7100 1151 3,9GHz 3MB Cache Kaby Lake  151,94€ nan'.",No
Do the two product descriptions refer to the same real-world product? Entity 1: 'Tissot TISSOT SEASTAR 1000 POWERMATIC 80 695.0 USD'. Entity 2: 'nan Tissot Seastar 1000 Powermatic 80 T120.407.11.041.01  840.00 EUR'.,No
Do the two product descriptions refer to the same real-world product? Entity 1: 'nan Traveler's Notebook Refill - Sketch Paper 10.00 AUD'. Entity 2: 'nan Traveler's Notebook / Refill 001 / Lined Notebook  4.9E0 EUR'.,No
Do the two product descriptions refer to the same real-world product? Entity 1: 'Samsung Samsung Portable SSD T7 Touch 2TB - Zwart 429.00 EUR'. Entity 2: 'nan Sunflower 32oz. Wide Mouth Water Bottle  44.95 USD'.,No
"Do the two product descriptions refer to the same real-world product? Entity 1: 'nan 34\"" Blaze 3 Pro Cart 1,099.99 USD'. Entity 2: 'nan Blaze Grill Cart for 40\"" Gas Grill  635.00 USD'.",No
Do the two product descriptions refer to the same real-world product? Entity 1: 'D-Link Switch D-Link DGS-1210-24 20 p 10 / 100 / 1000 Mbps 4 x SFP 138.87 EUR'. Entity 2: 'nan Switch D-Link - Web smart - switch - 24 porte - gestito dgs-1210-24  2.9698E2 EUR'.,Yes
Do the two product descriptions refer to the same real-world product? Entity 1: 'nan AMD AM4-3400G RYZEN5 3.7GHz 239.95 CAD'. Entity 2: 'nan Ryze Tello Battery Charging Charger Hub (Part 9)  13.0 GBP'.,No
Do the two product descriptions refer to the same real-world product? Entity 1: 'nan Epson T7551 (Prentar 5000 síður) XL svart blekhylki (100ml) fyrir WorkForce WF-8XXX prentara 18617 ISK'. Entity 2: 'Epson Epson Blekk Svart T7031 L - WP4000/4500  445 NOK'.,No
Do the two product descriptions refer to the same real-world product? Entity 1: 'nan Samsung 970 EVO Plus MZ-V7S250BW / Solid state drive / encrypted / 250GB / internal / M.2 2280 / PCI Express 3.0 x4 (NVMe) / buffer: 512 MB / 256-bit AES / TCG Opal Encryption | MZ-V7S250BW 6.281E1 EUR'. Entity 2: 'LOGITECH LOGITECH AURICULARES H650E STEREO USB  78.00 EUR'.,No
"Do the two product descriptions refer to the same real-world product? Entity 1: 'Maxxis Maxxis Maxxis Aggressor Tire - 29 x 2.3, Folding, Tubeless, Black, Dual, EXO 64.99 USD'. Entity 2: 'nan 32 Oz Wide Mouth With Flex Cap W32BTS001  44.95 USD'.",No
"Do the two product descriptions refer to the same real-world product? Entity 1: 'RAM Mounts RAM Torque 28mm-38mm Handlebar & Rail Base 1.5\"" Ball 41.95 AUD'. Entity 2: 'RAM Mount RAM Mount Torque™ 3/4"" - 1"" Diameter Handlebar/Rail Base with 1"" Ball and X-Grip®  74.95 EUR'.",No
Do the two product descriptions refer to the same real-world product? Entity 1: 'TP-Link TP-Link Omada AC1200 Wireless Dual Band Gigabit Outdoor Access Point 144 AUD'. Entity 2: 'nan WD 1TB My Passport Portable Storage USB 3.2 Gen 1 - Black - WDBYVG0010BBK-WESN  22.857142857143 BHD'.,No
"Do the two product descriptions refer to the same real-world product? Entity 1: 'Epson Epson Tinte T6164 Yellow, 53 ml 61.40 EUR'. Entity 2: 'Epson Epson Tinte T6037 Light Black, 220 ml  97.10 EUR'.",No
Do the two product descriptions refer to the same real-world product? Entity 1: 'nan APC Smart-UPS RT192V RM Battery Pack 2 R 34990.00 NOK'. Entity 2: 'nan APC Smart-UPS RT 192V RM Battery Pack  23449.00 DKK'.,Yes
Do the two product descriptions refer to the same real-world product? Entity 1: 'Canon Canon EF-M 18-150mm f/3.5-6.3 IS STM Schwarz EU10 425.00 EUR'. Entity 2: 'nan Evolis RCT023NAA Black Monochrome Ribbon  22.00 USD'.,No
Do the two product descriptions refer to the same real-world product? Entity 1: 'nan Tissot T-Sport Seastar 1000 Chronograph Watch T1204171105100 nan nan'. Entity 2: 'Tissot Tissot Mens T-Sport Seastar 1000 Chronograph Black Dial Stainless Steel Bracelet Watch T120.417.11.051.00  450.00 GBP'.,Yes
"Do the two product descriptions refer to the same real-world product? Entity 1: 'sandisk SanDisk SDCZ60-064G-B35 Cruzer Glide USB Flash Drive USB 2.0 - 64 GB 14.99 GBP'. Entity 2: 'nan SANDISK FLASH CRUZER GLIDE 64GB  178,01zł PLN'.",Yes
"Do the two product descriptions refer to the same real-world product? Entity 1: 'Epson Epson Tinte T6935 Matt Black UltraChrome, 350 ml 134.10 EUR'. Entity 2: 'nan Pen Drive SanDisk 16GB Cruzer Force USB 2.0  4,65 EUR'.",No
"Do the two product descriptions refer to the same real-world product? Entity 1: 'nan Kingston Technology Canvas Select memory card 128 GB MicroSDXC Class 10 UHS-I 13.99 GBP'. Entity 2: 'Corsair Corsair Vengeance LPX 16GB(2x8GB)  €67,00 nan'.",No
Do the two product descriptions refer to the same real-world product? Entity 1: 'nan Kingston ValueRAM 4GB No Heatsink (1 x 4GB) DDR4 2400MHz SODIMM System Memory 892.00 MUR'. Entity 2: 'nan Kingston DataTraveler G4 - USB flash drive - 16 GB - USB 3.0 - blue  14.99 EUR'.,No
Do the two product descriptions refer to the same real-world product? Entity 1: 'nan Audio Technica Headphones Air Dynamic Series ATH-AD500X 529 MYR'. Entity 2: 'nan ADAPTADOR INALAMBRICO TP-LINK/USB 2.0/N300/QSS/TL-WN821N  175.5 MXN'.,No
Do the two product descriptions refer to the same real-world product? Entity 1: 'Brother Toner Brother original amarillo TN135Y nan nan'. Entity 2: 'BROTHER TONERBROTHER ORIGINALE GIALLO TN-135Y  120.327869 EUR'.,Yes
Do the two product descriptions refer to the same real-world product? Entity 1: 'FANABOX™ New York Yankees New Era Navy League 9FORTY Adjustable Hat - Men - Navy Blue 44.95 CAD'. Entity 2: 'SWISS MILITARY HANOWA Swiss Military Hanowa Navalus Day-Date 06-6278.04.001.07  7380.0000 UAH'.,No
"Do the two product descriptions refer to the same real-world product? Entity 1: 'Omega Seamaster Planet Ocean 600 M Omega Co-Axial Master Chronometer Chronograph 215.30.46.51.03.001 8,450.00 USD'. Entity 2: 'nan Buy Quality Replica Omega Seamaster Planet Ocean 600M Steel Chronometer Chronograph Watch 215.30.46.51.01.001  nan nan'.",No
Do the two product descriptions refer to the same real-world product? Entity 1: 'nan HyperX 8GB (2x4GB) 1600MHz CL10 Fury Blue 289 PLN'. Entity 2: 'nan Crucial 4GB (1x4GB) 2666MHz DDR4 Memory  1.601E1 GBP'.,No
Do the two product descriptions refer to the same real-world product? Entity 1: 'nan Jabra EVOLVE 80 MS Stereo (7899-823-109) 199.05 EUR'. Entity 2: 'nan JABRA EVOLVE 20 UC Stereo  73.86 SGD'.,No
Do the two product descriptions refer to the same real-world product? Entity 1: 'nan Omega Seamaster Planet Ocean Automatic Chronograph Two-Tone Rubber Watch 215.32.46.51.01.001 6.15425E3 USD'. Entity 2: 'Omega Omega Horloge Seamaster 46mm Planet Ocean 600M Co-Axial Master ChronometerChronograph 215.32.46.51.01.001  7600.00 EUR'.,Yes
Do the two product descriptions refer to the same real-world product? Entity 1: 'nan Sigma ART 50mm f/1.4 DG HSM Lens for Nikon 1099.99 CAD'. Entity 2: 'nan BIZ 2400 II Duo IP Flex  191.04 EUR'.,No
"Do the two product descriptions refer to the same real-world product? Entity 1: 'nan DS-7208HUHI-K2-P Hikvision 8 Channel 5MP / 1080P HD-TVI Hybrid DVR with Power over Coax (PoC / Turbo4.0) nan nan'. Entity 2: 'nan DVR 8 canale, Turbo HD, 6MP, PoC, Hikvision DS-7208HQHI-K2-P  687 LEI'.",No
"Do the two product descriptions refer to the same real-world product? Entity 1: 'nan Logitech 3.5 mm Analog Stereo Headset H151 with Boom Microphone - Black 966 ZAR'. Entity 2: 'Logitech Logitech H151 Wired Headset, Stereo Headphones with Rotating Noise-Cancelling Microphone, 3.5 mm Audio Jack  39.90 GBP'.",No
Do the two product descriptions refer to the same real-world product? Entity 1: 'Seiko Seiko Prospex Diver Sumo Green Mens Stainless Steel SPB103J1 740.00 GBP'. Entity 2: 'nan SEIKO Prospex Automatic Men's 45mm Diver Watch - SPB103J1 – Green Dial  7.4E2 GBP'.,Yes
Do the two product descriptions refer to the same real-world product? Entity 1: 'nan 32 Oz Wide Mouth With Flex Cap W32BTS001 44.95 USD'. Entity 2: 'Maxxis Maxxis High Roller II MaxxTerra Tire (WT) (3C/EXO/TR) (27.5 x 2.40) (Folding)  71.00 USD'.,No
"Do the two product descriptions refer to the same real-world product? Entity 1: 'nan 3M - Privacy filter framed lightweight 18,1\""\""-20\""\"" widescreen 1686.00 SEK'. Entity 2: 'nan 3M - DESKTOP LCD LW FRAMED FILTER  1931.25 DKK'.",No
Do the two product descriptions refer to the same real-world product? Entity 1: 'Samsung Samsung 970 EVO MZ-V7E1T0BW - Solid state drive - krypterat - 1 TB - inbyggd - M.2 2280 - PCI Express 3.0 x4 (NVMe) - 256 bitars AES - TCG Opal Encryption 2.0 1682 SEK'. Entity 2: 'Samsung Samsung 1TB SSD 970 EVO NVMe M.2  170.98 GBP'.,Yes
Do the two product descriptions refer to the same real-world product? Entity 1: 'nan Hikvision Wall Mount for AVPIR3 and 23x5G1-I range of Cameras 16.50 GBP'. Entity 2: 'LINOVISION DS-1273ZJ-140 Outdoor Indoor Wall Mount Bracket for Hikvision Dome Camera  31.99 USD'.,Yes
Do the two product descriptions refer to the same real-world product? Entity 1: 'nan APC - USV APC SMT1000RMI2UCSMARTUPS 1000VA LCD RM 2U 230V SmartC 8288.75 NOK'. Entity 2: 'nan Lexmark - Toner cartridge -black - 3500 pages - LRPE260A11E  1.2403E2 EUR'.,No
"Do the two product descriptions refer to the same real-world product? Entity 1: 'Razer RAZER MAMBA ELITE ERGONOMIC WIRED GAMING MOUSE 6649.00 INR'. Entity 2: 'nan Mouse Gaming RAZER Mamba Elite, 16000 dpi, negru  nan nan'.",Yes
Do the two product descriptions refer to the same real-world product? Entity 1: 'RAM Mounts RAM Twist-Lock Dual Suction Cup Base / RAM-B-189BU 36.00 EUR'. Entity 2: 'nan RAM Dual Suction Cup Base  26.49 USD'.,Yes
Do the two product descriptions refer to the same real-world product? Entity 1: 'Hikvision Hikvision DS-7216HUHI-K2 Turbo 1080p HD 16CH DVR - HD-TVI AHD IPC - HDMI COAX 395.00 GBP'. Entity 2: 'nan EPSON Ink bar WF-8xxx Series Ink Cartridge XL Yellow - 4000str. (39 ml)  1839.00 CZK'.,No
Do the two product descriptions refer to the same real-world product? Entity 1: 'nan Samsung 970 EVO Plus MZ-V7S250BW / Solid state drive / encrypted / 250GB / internal / M.2 2280 / PCI Express 3.0 x4 (NVMe) / buffer: 512 MB / 256-bit AES / TCG Opal Encryption | MZ-V7S250BW 6.281E1 EUR'. Entity 2: 'Samsung Samsung 970 EVO MZ-V7E1T0BW - Solid state drive - krypterat - 1 TB - inbyggd - M.2 2280 - PCI Express 3.0 x4 (NVMe) - 256 bitars AES - TCG Opal Encryption 2.0  1682 SEK'.,No
Do the two product descriptions refer to the same real-world product? Entity 1: 'nan Samsung 970 EVO Plus MZ-V7S250BW / Solid state drive / encrypted / 250GB / internal / M.2 2280 / PCI Express 3.0 x4 (NVMe) / buffer: 512 MB / 256-bit AES / TCG Opal Encryption | MZ-V7S250BW 6.281E1 EUR'. Entity 2: 'nan Samsung 970 EVO Plus 250GB SSD  949.00 NOK'.,Yes
"Do the two product descriptions refer to the same real-world product? Entity 1: 'nan Intel Processor, Core i7-8700K 8th Gen 402.01 USD'. Entity 2: 'Razer Razer Viper Ultimate & Mouse Dock  3550 MDL'.",No
"Do the two product descriptions refer to the same real-world product? Entity 1: 'nan Samsung 50\"" 4K UHD HDR QLED Smart TV (QN50Q60TAFXZC) 849.99 CAD'. Entity 2: 'Elite Home Store 43\"" 2020 Q60T 4K Smart QLED TV  0.0 CAD'.",Yes
Do the two product descriptions refer to the same real-world product? Entity 1: 'nan SANDISK EXTREME PRO SDXC 256GB 170MB/S C10 U3 3.1999E2 NZD'. Entity 2: 'nan 3M - PF230W9F EYE PROTECTION FILTER DESKTOPS FRAME STANDARD 23.0 ACCS  1737.50 DKK'.,No
Do the two product descriptions refer to the same real-world product? Entity 1: 'nan Shimano 11 SPD Chain RD/MTB Sil-Tec With Quick Link 94.99 NZD'. Entity 2: 'nan Evans EC2S 13'' Clear Batter - TT13EC2S  22.50 GBP'.,No
Do the two product descriptions refer to the same real-world product? Entity 1: 'nan Maintenance Unit Epson T6190 35000Pgs (C13T619000) 19.55 EUR'. Entity 2: 'nan maintenance kit EPSON Business Inkjet B300/310/B500DN/B510DN (´odpad. nadoba´)  22.23 EUR'.,Yes
Do the two product descriptions refer to the same real-world product? Entity 1: 'nan APC - Replacement battery cartridge 140 7217.50 SEK'. Entity 2: 'nan APC RBC140 Replacement Battery Cartridge  531.10 GBP'.,Yes
"Do the two product descriptions refer to the same real-world product? Entity 1: 'MikroTik Cloud Core Router CCR1036-12G-4S-EM 1148.65 USD'. Entity 2: 'nan MikroTikCloud Core Router 1036-12G-4S with Tilera Tile-Gx36 CPU (36-cores, 1.2Ghz per core), 16GB RAM, 4xSFP cage, 12xGbit LAN, RouterOS L6, 1U rackmount case, PSU, LCD panel  1602.55 CAD'.",Yes
Do the two product descriptions refer to the same real-world product? Entity 1: 'nan TP-Link T1700G-28TQ JetStream 24-Port Gigabit Stackable Smart Switch with 4 10GE SFP+ Slots 532.0000 NZD'. Entity 2: 'nan SWITCH TP-LINK 24 PORT GIGA  92.780111 EUR'.,No
"Do the two product descriptions refer to the same real-world product? Entity 1: 'nan 0000010490| Samyang 24mm F1.4 Nikon AE Full Frame Lens 1,049.00 AUD'. Entity 2: 'nan 0000006490| Canon EF-S 18-135mm f3.5-5.6 IS NANO USM Lens  649.00 AUD'.",No
"Do the two product descriptions refer to the same real-world product? Entity 1: 'Crucial Crucial Crucial Memory 4GB DDR3L 1600 1.35V SODIMM Retail CT51264BF160BJ 64.99 CAD'. Entity 2: 'nan Garmin fenix5 Gray Optic, Black band  13990.00 CZK'.",No
Do the two product descriptions refer to the same real-world product? Entity 1: 'nan RAM Dual Suction Cup Base 26.49 USD'. Entity 2: 'HP HP 900GB 6G SAS 10K 900 SAS 16 MB Cache 2.5-Inch Internal Bare or OEM Drives 619291-B21  170.00 USD'.,No
Do the two product descriptions refer to the same real-world product? Entity 1: 'nan Kingston Canvas Select Plus 128GB microSD - With Adaptor 17.19 GBP'. Entity 2: 'nan KINGSTON MICRO SD CARD CANVAS SELECT PLUS 128GB 100MB/S LIMITED LIFETIME  nan nan'.,Yes
"Do the two product descriptions refer to the same real-world product? Entity 1: 'nan Seagate Lacie 2TB 2.5 Rugged Portable Thunderbolt Type C R4 199,98 incl tax ZAR'. Entity 2: 'nan LACIE 2TB 2.5 MOBILE PORTABLE USB 3.0 MOON SILVER  2384.81 ZAR'.",No
"Do the two product descriptions refer to the same real-world product? Entity 1: 'nan Ubiquiti UniFi AP, AC, In Wall, 5-Pack 3768 HKD'. Entity 2: 'nan Cappello New Era Clean Trucker 2 NY Yankees Cap  2.19E1 EUR'.",No
Do the two product descriptions refer to the same real-world product? Entity 1: 'FUJIFILM FUJIFILM XF23/1.4 XF 23mm f/1.4 R 0.0 USD'. Entity 2: 'Fujifilm Fujifilm XF 80mm f2.8 R LM WR Macro Lens  1149.00 GBP'.,No
Do the two product descriptions refer to the same real-world product? Entity 1: 'Crucial Crucial BX500 480GB SSD Micron 3D NAND SATA III 6Gb/s 2.5 Internal Solid State Drive 59.99 USD'. Entity 2: 'Samsung Samsung 860 PRO 1TB SSD 2-bit MLC V-NAND SATA III 6Gb/s 2.5 Internal Solid State Drive  299.99 USD'.,No
"Do the two product descriptions refer to the same real-world product? Entity 1: 'CLARKS CLARKS Sram, PG-730, 7sp cassette, 12-32T 19.99 USD'. Entity 2: 'nan Sram PG 1130 11sp cassette 11-36T  129.99 CAD'.",No
"Do the two product descriptions refer to the same real-world product? Entity 1: 'nan 3M - Framed Privacy Filter for 19 Widescreen Monitor (16:10) 164.92 EUR'. Entity 2: 'nan 3M - PF27.0W9 PRIVACY FILTER BLACK FOR 27,0IN / 68,6 CM / 16:9IN ACCS  1663.75 DKK'.",No
Do the two product descriptions refer to the same real-world product? Entity 1: 'Epson Genuine Epson C13T616400 Yellow Ink Cartridge (T6164YOEM) 50.99 GBP'. Entity 2: 'nan Ubiquiti Unifi AC In-Wall AP Wireless Access Point 5 Pack UAP-AC-IW-5 (No PoE Injector)  444.00 GBP'.,No
Do the two product descriptions refer to the same real-world product? Entity 1: 'Swiss Military Hanowa Relógio Swiss Military Hanowa06-6278.04.001.07 Navalus 219.95 EUR'. Entity 2: 'Swiss Military Hanowa Relógio Swiss Military Hanowa06-4307.30.007 Undercover Multifunction  169.95 EUR'.,No
Do the two product descriptions refer to the same real-world product? Entity 1: 'nan Zebra 800015-301 (Eltron) Black (K) Resin Ribbon - 1500 Prints 16.00 USD'. Entity 2: 'nan DVR Hikvision TurboHD 4 canale DS-7204HQHI-K1  263.27 RON'.,No
"Do the two product descriptions refer to the same real-world product? Entity 1: 'nan Evans 14\"" TT14EC2S Clear Drum Head 18.99 USD'. Entity 2: 'nan FUJIFILM XF 8-16mm f/2.8 R LM WR Lens  1999.95 USD'.",No
Do the two product descriptions refer to the same real-world product? Entity 1: 'nan Daniel Wellington Classic Black Cornwall 125 EUR'. Entity 2: 'nan Daniel Wellington DW00100150 Classic Cornwall Rose 36mm Black  249 AUD'.,Yes
Do the two product descriptions refer to the same real-world product? Entity 1: 'nan Zebra 800015-301 (Eltron) Black (K) Resin Ribbon - 1500 Prints 16.00 USD'. Entity 2: 'nan Brother Monochrome Compact Laser All-in-One Printer with Duplex Printing and Wireless Networking  199.99 USD'.,No
Do the two product descriptions refer to the same real-world product? Entity 1: 'Brother Brother HL-L5200DW Laser Printer 313.9 AUD'. Entity 2: 'Brother Brother HL-L6200DW Business Laser Printer  229.99 USD'.,No
Do the two product descriptions refer to the same real-world product? Entity 1: 'nan No Break APC Smart-UPS 10Kva Mono230V - SRT10KXLI 23675.82 BRL'. Entity 2: 'nan APC Smart-UPS SRT 10000VA SRT10KXLI  19500.00 AED'.,Yes
"Do the two product descriptions refer to the same real-world product? Entity 1: 'nan TAG Heuer Formula 1 Calibre 5 Men's Watch 1.495E3 GBP'. Entity 2: 'nan RAM Handlebar Rail Mount 1.125 - 1.5\"" C (RAM-408-112-15U)  39.25 AUD'.",No
Do the two product descriptions refer to the same real-world product? Entity 1: 'nan SEAGATE SATA-3 2TB SSHD FIRECUDA nan nan'. Entity 2: 'nan Toner Brother - Nero - ricarica toner tn200  41 EUR'.,No
"Do the two product descriptions refer to the same real-world product? Entity 1: 'nan Garmin fenix5S Sapphire Black Optic, Black band 9790.00 CZK'. Entity 2: 'nan CORSAIR CRYSTAL 570X RGB Mid-Tower Case, 3 RGB Fans, Tempered Glass - White| CC-9011110-WW  775 AED'.",No
Do the two product descriptions refer to the same real-world product? Entity 1: 'Sandisk USB STICK SANDISK CRUZER GLIDE 32GB 16.08 EUR'. Entity 2: 'Sandisk Sandisk USB Flash 32GB Cruzer Glide 2.0/3.0  15.90 EUR'.,Yes
Do the two product descriptions refer to the same real-world product? Entity 1: 'nan LOGITECH UC Corded Stereo USB Headset H570e (Leatherette Pad) - Business EMEA 0.001 nan'. Entity 2: 'nan LOGITECH Logitech USB Headset H390  90.90 BGN'.,No
"Do the two product descriptions refer to the same real-world product? Entity 1: 'Maxxis Maxxis Maxxis High Roller II Tire: 27.5 x 2.50\"", Folding, 60tpi, 3C MaxxTerra, EXO, Tubeless Ready, Wide Trail, Black 85.00 USD'. Entity 2: 'Maxxis Maxxis Maxxis, Minion DHR2, Tire, 29''x2.40, Folding, Tubeless Ready, 3C Maxx Grip, 2-ply, Wide Trail, 60TPI, Black  90.00 USD'.",No
Do the two product descriptions refer to the same real-world product? Entity 1: 'nan HIKVISION DS-7208HQHI-K1 2 MEGAPIXEL HYBRID 8 CHANNEL (8CH) DVR nan nan'. Entity 2: 'nan DS-7204HQHI-K1 Turbo HD DVR  102.5233 EUR'.,No
Do the two product descriptions refer to the same real-world product? Entity 1: 'nan SMSH11 SPDSL CLEAT SET FLOATING MODE YELLOW 4.0E1 NZD'. Entity 2: 'nan Xerox Phaser 7760 Yellow Toner 106R01162  683.65 CAD'.,No
Do the two product descriptions refer to the same real-world product? Entity 1: 'Corsair Corsair Carbide SPEC-01 Tower Black 79 AUD'. Entity 2: 'nan Traveler's Notebook Refill - Sketch Paper  10.00 AUD'.,No
Do the two product descriptions refer to the same real-world product? Entity 1: 'BROTHER TONERBROTHER ORIGINALE GIALLO TN-135Y 120.327869 EUR'. Entity 2: 'Default Toner kompatibel zu Brother TN-200 Black  14.87 EUR'.,No
Do the two product descriptions refer to the same real-world product? Entity 1: 'Seiko Seiko Prospex Diver Sumo Green Mens Stainless Steel SPB103J1 740.00 GBP'. Entity 2: 'Seiko Seiko Mens Presage Automatic Blue Date Dial Stainless Steel Bracelet Watch SRPD41J1  428.00 GBP'.,No
Do the two product descriptions refer to the same real-world product? Entity 1: 'Dymo Dymo 40913 Black On White - 9mm 9.91 GBP'. Entity 2: 'Dymo Genuine Dymo D1 Standard Label Cassette Tape 9mm x 7m - Black on White  17.86 AUD'.,Yes
Do the two product descriptions refer to the same real-world product? Entity 1: 'nan Canon EF-M 18-150mm f/3.5-6.3 IS STM (Black) 7795.00 ZAR'. Entity 2: 'Xerox Xerox Phaser 6000/6010 Black Toner  nan nan'.,No
Do the two product descriptions refer to the same real-world product? Entity 1: 'nan Blaze 40-Inch 5-Burner LTE Built-In Liquid Propane Gas Grill With Rear Infrared Burner & Grill Lights 2.19999E3 USD'. Entity 2: 'nan Blaze 32 Inch 4-Burner LTE Gas Grill With Rear Burner and Built-in Lighting System - BLZ-4LTE2-NG/LP  1849.99 USD'.,No
"Do the two product descriptions refer to the same real-world product? Entity 1: 'nan 4GB ValueRAM DDR3, 1600MHz, Non-ECC, Unbuffered, CL11, 1.5V, 240-pin DIMM, Singl 37.99 CAD'. Entity 2: 'nan ADAPTADOR INALAMBRICO TP-LINK/USB 2.0/N300/QSS/TL-WN821N  175.5 MXN'.",No
Do the two product descriptions refer to the same real-world product? Entity 1: 'nan APC Smart-UPS RT 192V RM Battery Pack 23449.00 DKK'. Entity 2: 'nan APC Smart-UPS RT 20kVA RM 230V - SURT20KRMXLI  16299 SGD'.,No
"Do the two product descriptions refer to the same real-world product? Entity 1: 'nan Epson Ink Cartridge - Matte Black 700ml 262.17 GBP'. Entity 2: 'nan MONITOR SAMSUNG C27F390 27\"" 1920x1080 4MS USB HDMI CURVO NEGRO  187.46 EUR'.",No
Do the two product descriptions refer to the same real-world product? Entity 1: 'nan Fujifilm Instax Square Film (10 Pack) 23 AUD'. Entity 2: 'nan Fujifilm Instax Square Film Twin Pack 20 Shots  nan nan'.,No
Do the two product descriptions refer to the same real-world product? Entity 1: 'nan Hydro Flask 21 Oz- Black 5.0E1 AUD'. Entity 2: 'CANON Canon CLI-251BK XL High-Capacity Black Ink Tank  0.0 USD'.,No
"Do the two product descriptions refer to the same real-world product? Entity 1: 'nan Blaze Cart For Professional 3-Burner Grill, Cart Only 1.09999E3 USD'. Entity 2: 'Dymo Dymo 40913 Black On White - 9mm  9.91 GBP'.",No
Do the two product descriptions refer to the same real-world product? Entity 1: 'nan Traveler's Refills: Accessories - 008 / zipper pocket 9.0E0 USD'. Entity 2: 'nan Traveler's Notebook Refill - Sketch Paper  10.00 AUD'.,No
Do the two product descriptions refer to the same real-world product? Entity 1: 'nan Fenix 5X Plus GPS Black Smartwatch 550 GBP'. Entity 2: 'Audemars Piguet Audemars Piguet Royal Oak Offshore Selfwinding Chronograph Watch - 26470ST.OO.A099CR.01  25210.00 USD'.,No
Do the two product descriptions refer to the same real-world product? Entity 1: 'Cooler Master Cooler Master MasterBox TD500 ARGB Mesh ATX Case Black TG MCB-D500D-KGNN-S01 | PCByte 149.0 AUD'. Entity 2: 'nan Cooler Master MasterBox TD500 Mesh Triple ARGB Full Tower Gaming Cabinet with Dual 360mm Radiator Support and Crystalline Tempered Glass  8799.00 INR'.,Yes
Do the two product descriptions refer to the same real-world product? Entity 1: 'nan Xerox 106R01162 OEM Toner Cartridge For Phaser 7760 Yellow - 25K 651.95 CAD'. Entity 2: 'nan AMD Ryzen 5 1500X Wraith Spire Cooler  2597.00 ZAR'.,No
Do the two product descriptions refer to the same real-world product? Entity 1: 'nan Jabra EVOLVE 40 UC MONO USB Headset 6393-829-209 95.00 USD'. Entity 2: 'nan LaCie - Lacie Rugged USB-C Hard Drives - 2TB & 5TB  1.7249E2 USD'.,No
"Do the two product descriptions refer to the same real-world product? Entity 1: 'nan Razer Basilisk V2 Wired Ergonomic Gaming Mouse, 11 Programmable Buttons | RZ01-03160100-R3M1 340.73 AED'. Entity 2: 'Razer RAZER MAMBA ELITE ERGONOMIC WIRED GAMING MOUSE  6649.00 INR'.",No
"Do the two product descriptions refer to the same real-world product? Entity 1: 'nan Gigabyte GeForce RTX 2060 SUPER 8GB Aorus 5436.00 SEK'. Entity 2: 'nan ZOTAC Grafikkarte Gaming GeForce RTX 2060 SUPER AMP, 8 GB (ZT-T20610D-10P)  4.349E2 EUR'.",No
Do the two product descriptions refer to the same real-world product? Entity 1: 'nan Original Epson T1571 Photo Black Ink Cartridge 26.67 GBP'. Entity 2: 'Epson Epson Tinte schwarz-photo f. R3000  27.28 EUR'.,Yes
Do the two product descriptions refer to the same real-world product? Entity 1: 'Shimano Shimano XT M786 Direct Mount Shadow Plus SGS Long-Cage Rear Derailleur 10 Speed 84.99 USD'. Entity 2: 'SHIMANO Deore XT RD-M786-SGS - Shadow - rear derailleur  644.68 SEK'.,Yes
"Do the two product descriptions refer to the same real-world product? Entity 1: 'nan Seagate IronWolf 6TB NAS Internal Hard Drive (3.5"") 33500 PKR'. Entity 2: 'nan Seagate IronWolf PRO 16TB NAS Professional  3914.00 DKK'.",No
"Do the two product descriptions refer to the same real-world product? Entity 1: 'Ubiquiti Ubiquiti UniFi Full HD IRNV Indoor Micro Security Camera 189.98 GBP'. Entity 2: 'nan 3M - Privacy Filter 23.0\""\"" Framed  2400.00 DKK'.",No
"Do the two product descriptions refer to the same real-world product? Entity 1: 'nan Maxxis High Roller II Tire - 27.5 x 2.4, Tubeless, Folding, Black, 3C Maxx Terra, EXO 68.00 USD'. Entity 2: 'Maxxis Maxxis High Roller II MaxxTerra Tire (WT) (3C/EXO/TR) (27.5 x 2.40) (Folding)  71.00 USD'.",Yes
Do the two product descriptions refer to the same real-world product? Entity 1: 'Canon Canon 24-70mm f/2.8L II USM EF Lens nan nan'. Entity 2: 'Canon Canon EF 100mm F2.8 L IS USM Macro Lens  1399 AUD'.,No
"Do the two product descriptions refer to the same real-world product? Entity 1: 'nan D-Link DGS-1210-28P 24-port 1Gb Smart Switch, 4x SFP, PoE 296.6 EUR'. Entity 2: 'nan Switch D-Link - Web smart - switch - 24 porte - gestito dgs-1210-24  2.9698E2 EUR'.",No
Do the two product descriptions refer to the same real-world product? Entity 1: 'nan RAM® Composite Double Socket Arm 9.49 USD'. Entity 2: 'nan Kappe New Era NY Yankees MLB 9Fifty Cap  3.19E1 EUR'.,No
Do the two product descriptions refer to the same real-world product? Entity 1: 'WD WD Blue 3D - 2048 GB - M.2 - 560 MB/s - 6 Gbit/s WDS200T2B0B 101419 nan'. Entity 2: 'Jabra Evolve 20 Special Edition Mono MS  nan nan'.,No
Do the two product descriptions refer to the same real-world product? Entity 1: 'nan 652589-B21 HP G8 G9 900-GB 6G 10K 2.5 SAS SC 183 CAD'. Entity 2: 'HP HP 900GB 6G SAS 10K 900 SAS 16 MB Cache 2.5-Inch Internal Bare or OEM Drives 619291-B21  170.00 USD'.,No
"Do the two product descriptions refer to the same real-world product? Entity 1: 'Corsair Corsair DDR4 Vengeance LPX 16GB/2133(2*8GB) CL13-15-15-28 1,20V XMP2.0 0 nan'. Entity 2: 'Intel Intel Core i7 9700F 9th Gen Desktop Processor/CPU Retail - No iGPU  292.99 GBP'.",No
"Do the two product descriptions refer to the same real-world product? Entity 1: 'nan ASUS Scheda Madre ROG STRIX B550-F GAMING € 229,00 EUR'. Entity 2: 'nan Audio Technica ATH-M50x Professional Monitor Audiophile Headphones - Black  369 NZD'.",No
Do the two product descriptions refer to the same real-world product? Entity 1: 'nan AF-S FX 24-85MM F3.5-4.5G ED VR 9.99E2 NZD'. Entity 2: 'nan Nikon AF-S NIKKOR 24-85mm f/3.5-4.5 G ED VR Lens  679.99 CAD'.,Yes
"Do the two product descriptions refer to the same real-world product? Entity 1: 'nan Sandisk Extreme Pro 64GB CFast 2.0 4,660.00 ZAR'. Entity 2: 'Brother Brother HL-L5200DW S/W- Laserdrucker  432.10 EUR'.",No
Do the two product descriptions refer to the same real-world product? Entity 1: 'nan SANDISK EXTREME PRO SDXC 256GB V30 UHS-I U3 - SDSDXXY-256G-GN4IN nan nan'. Entity 2: 'SanDisk SanDisk SD Extreme V30 U3 UHS-I C10 - 128GB  57.00 SGD'.,No
Do the two product descriptions refer to the same real-world product? Entity 1: 'Corsair Corsair Vengeance RGB Pro DDR4 3000MHz 16GB (2x8) Desktop Memory White CMW16GX4M2C3000C15W | PCByte 165.0 AUD'. Entity 2: 'nan Carbide Series 275R Tempered Glass Mid-Tower Gaming CaseWhite  94.38 EUR'.,No
"Do the two product descriptions refer to the same real-world product? Entity 1: 'nan Tag Heuer Carrera Quartz Chronograph Stainless Steel Watch CBK2112.BA0715 2.407E3 USD'. Entity 2: 'nan Elixir Phosphor Bronze Acoustic Guitar Strings with NANOWEB Coating, Extra Light (.010-.047)  17.99 USD'.",No
Do the two product descriptions refer to the same real-world product? Entity 1: 'nan Cappello New Era Clean Trucker 2 NY Yankees Cap 2.19E1 EUR'. Entity 2: 'nan Gorra New Era NY Yankees MLB 9Fifty Cap  3.19E1 EUR'.,No
Do the two product descriptions refer to the same real-world product? Entity 1: 'nan CS-M8000 CASSETTE 11-40 XT 11-SPEED 1.49E2 NZD'. Entity 2: 'Razer RAZER MAMBA ELITE ERGONOMIC WIRED GAMING MOUSE  6649.00 INR'.,No
"Do the two product descriptions refer to the same real-world product? Entity 1: 'nan Life Extension Super Ubiquinol COQ10 with Enhanced Mitochondrial Support 100 mg, 60 Count 46.50 USD'. Entity 2: 'Life Extension Super Ubiquinol CoQ10 with Enhanced Mitochondrial Support 100 mg  46.50 USD'.",Yes
"Do the two product descriptions refer to the same real-world product? Entity 1: 'nan Elixir 11152 Strings Acoustic 80/20 Bronze NANOWEB 12 String, Light 25.99 USD'. Entity 2: 'nan Elixir 12-String Light 80/20 Bronze Nanoweb Acoustic  23.99 USD'.",Yes
Do the two product descriptions refer to the same real-world product? Entity 1: 'nan Samsung T7 Portable SSD [2TB] (Indigo Blue) 629 AUD'. Entity 2: 'nan Omega Seamaster Planet Ocean 600m Co-Axial Master Ceramic 215.92.46.22.01.004 Black Dial Replica  nan nan'.,No
Do the two product descriptions refer to the same real-world product? Entity 1: 'ASUS ASUS Prime X570-P ATX Motherboard - Socket AM4 - AMD X570 - USB 3.2 Gen 3 163.97 GBP'. Entity 2: 'ASUS ASUS PRIME X570-PRO (AM4) (D) (90MB11B0-M0EAY0)  87700 nan'.,Yes
Do the two product descriptions refer to the same real-world product? Entity 1: 'nan Garmin fenix 6X Sapphire Black Silicone Strap Smart Watch 749.99 GBP'. Entity 2: 'nan RAM Mount Base UBolt Mount - Requires RAM Cradle [RAM-B-149ZU]  30.99 USD'.,No
Do the two product descriptions refer to the same real-world product? Entity 1: 'nan Epson Ink Cartridge - Matte Black 700ml 262.17 GBP'. Entity 2: 'nan Oakley Jawbreaker MTB Solglsasögon Matte Black w/ Prizm Road  2.419E3 SEK'.,No
"Do the two product descriptions refer to the same real-world product? Entity 1: 'nan BenQ SW271 Pro 27in IPS LCD Monitor 4K UHD 969.0 GBP'. Entity 2: 'nan BenQ GW2480 23.8"" Full HD IPS Monitor  nan nan'.",No
Do the two product descriptions refer to the same real-world product? Entity 1: 'nan Fujifilm Instax Mini Rainbow (10 sheets) Film 1.295E1 EUR'. Entity 2: 'FUJIFILM Fujifilm Instax Mini Film (Monochrome 10's)  39.0 MYR'.,No
"Do the two product descriptions refer to the same real-world product? Entity 1: 'SRAM SRAM Sram Level Ultimate, Level TLM Disc Brake Pads 25.00 USD'. Entity 2: 'SRAM SRAM Disc Brake Pad Organic Hrd  1390.0 INR'.",Yes
Do the two product descriptions refer to the same real-world product? Entity 1: 'nan Cisco Catalyst 2960-Plus 48TC-L - switch - 48 ports - managed - rack-mounta 2379.99 CAD'. Entity 2: 'TP-Link TP-Link Omada AC1200 Wireless Dual Band Gigabit Outdoor Access Point  144 AUD'.,No
Do the two product descriptions refer to the same real-world product? Entity 1: 'nan WD 1TB My Passport Portable Hard Drive 8500.00 KES'. Entity 2: 'nan EPSON Ink bar WF-8xxx Series Ink Cartridge XL Yellow - 4000str. (39 ml)  1839.00 CZK'.,No
Do the two product descriptions refer to the same real-world product? Entity 1: 'Epson Epson T7551 XL Black High Yield Ink Cartridge C13T755140 / T7551 EP53959 67.32 GBP'. Entity 2: 'Epson Epson WP4000/4500 Inkjet Cartridge High Yield Magenta. (Eiffel Tower) OEM: C13T70234010 EP48715  37.30 GBP'.,No
Do the two product descriptions refer to the same real-world product? Entity 1: 'nan Samsung PORTABLE SSD T7 Touch 1TB Mobile External Solid State 1.8331E2 GBP'. Entity 2: 'Samsung Samsung T7 Touch Black 1TB Portable SSD with Fingerprint ID  217.10 GBP'.,Yes
Do the two product descriptions refer to the same real-world product? Entity 1: 'nan instax square film 10pk black 25.99 NZD'. Entity 2: 'nan Tissot T-Sport Seastar 1000 Chronograph Watch T1204171105100  nan nan'.,No
Do the two product descriptions refer to the same real-world product? Entity 1: 'nan SWITCH TP-LINK 24 PORT GIGA 92.780111 EUR'. Entity 2: 'nan Kingston Pendrive DataTraveler 100 G3 256GB USB 3.0  191.99 PLN'.,No
"Do the two product descriptions refer to the same real-world product? Entity 1: 'nan ASUS Scheda Madre ROG STRIX B550-F GAMING € 229,00 EUR'. Entity 2: 'nan TP-Link 150Mbit-WLAN-Lite -N-PCI Express x1 Adapter  127.20 SEK'.",No
Do the two product descriptions refer to the same real-world product? Entity 1: 'nan Samsung 970 EVO 500GB - NVMe PCIe M.2 2280 SSD | MZ-V7E500BW 5.1975E2 AED'. Entity 2: 'nan Samsung SSD 970 EVO Plus NVMe M.2 PCIe 2TB  353.10 EUR'.,No
"Do the two product descriptions refer to the same real-world product? Entity 1: 'nan Mouse Gaming RAZER Mamba Elite, 16000 dpi, negru nan nan'. Entity 2: 'nan Gigabyte GTX 1650 SUPER OC 4G  3690 EGP'.",No
"Do the two product descriptions refer to the same real-world product? Entity 1: 'Fuji Fuji Fuji Instax Square Film 1-Pack 16.99 USD'. Entity 2: 'nan Evans 8\"" TT08EC2S Clear Drum Head  14.99 USD'.",No
Do the two product descriptions refer to the same real-world product? Entity 1: 'nan Sony SEL20F18G.SYX - Sony E-Mount FE 20mm F1.8 G 1048.28 CHF'. Entity 2: 'Sony Sony E-Mount FE 20mm f/1.8 Ultra Wide Angle G Lens  1499 AUD'.,Yes
Do the two product descriptions refer to the same real-world product? Entity 1: 'nan Hydro Flask Standard Mouth 621ml Insulated Bottle 4.995E1 AUD'. Entity 2: 'HYDRO FLASK HYDRO FLASK HYDRO FLASK 21OZ STANDARD MOUTH BOTTLE-OLIVE  33.00 USD'.,No
"Do the two product descriptions refer to the same real-world product? Entity 1: 'nan LACIE 2TB 2.5 MOBILE PORTABLE USB 3.0 MOON SILVER 2384.81 ZAR'. Entity 2: 'nan LaCie Mobile Drive 2,5"" 5 TB Moon Silver USB 3.1 Gen 2  199.00 EUR'.",No
Do the two product descriptions refer to the same real-world product? Entity 1: 'G.Skill Memoire DDR4 G.Skill Trident Z F4-3600C16D-16GTZNC 156.99 EUR'. Entity 2: 'nan Zebra 800015-301 (Eltron) Black (K) Resin Ribbon - 1500 Prints  16.00 USD'.,No
"Do the two product descriptions refer to the same real-world product? Entity 1: 'nan Corsair ML140 PRO LED Rød, 140mm Vifte 299.00 NOK'. Entity 2: 'nan Corsair ML140 Pro LED, Red, 140mm Premium Magnetic Levitation Fan  77.96 AUD'.",Yes
Do the two product descriptions refer to the same real-world product? Entity 1: 'nan Transcend 128GB Internal SSD 2.5″ SATA3 6800 KES'. Entity 2: 'nan SSD TRANSCEND SSD230S 128Gb 3D NAND SATA 3 Aluminium (TS128GSSD230S)  188 RON'.,Yes
Do the two product descriptions refer to the same real-world product? Entity 1: 'HP HP Color LaserJet Professional CP5225dn 33435 CZK'. Entity 2: 'nan RAM® Composite Double Socket Arm  9.49 USD'.,No
Do the two product descriptions refer to the same real-world product? Entity 1: 'nan SANDISK EXTREME SDXC 128GB 150MB/S C10 U3 1.0999E2 NZD'. Entity 2: 'nan SANDISK EXTREME PRO SDXC 256GB 170MB/S C10 U3  3.1999E2 NZD'.,No
Do the two product descriptions refer to the same real-world product? Entity 1: 'nan 215.30.46.51.01.001 Omega Seamaster Planet Ocean Chronograph 45.5mm 6370 GBP'. Entity 2: 'nan SEIKO Prospex Automatic Men's 45mm Diver Watch - SPB103J1 – Green Dial  7.4E2 GBP'.,No
Do the two product descriptions refer to the same real-world product? Entity 1: 'nan AAA Replica Audemars Piguet Royal Oak Chronograph Black Dail Watch 26331ST.OO.1220ST.02 nan nan'. Entity 2: 'Samsung Samsung 860 PRO 1TB SSD 2-bit MLC V-NAND SATA III 6Gb/s 2.5 Internal Solid State Drive  299.99 USD'.,No
"Do the two product descriptions refer to the same real-world product? Entity 1: 'nan D1-TAPE 24MM X 7M BLACK ON WHITE IN 0 EUR'. Entity 2: 'Maxxis Maxxis High Roller II 650b 27.5\"" Dual Compound EXO Folding Tubeless Ready Mountain Bike Tyre  £40.00 GBP'.",No
"Do the two product descriptions refer to the same real-world product? Entity 1: 'nan Catalyst 2960-X 24 GigE PoE 370W, 2 x 10G SFP+, LAN Base 33099.85 HKD'. Entity 2: 'nan Asus PRIME B450-PLUS AM4 DDR4 ATX Motherboard  84.99 GBP'.",No
Do the two product descriptions refer to the same real-world product? Entity 1: 'nan APPLE - Apple AirPods 2 with Wireless Charging Case MRXJ2ZM/A - White 2396.00 NOK'. Entity 2: 'SWISS MILITARY HANOWA Swiss Military Hanowa Navalus Day-Date 06-6278.04.001.07  7380.0000 UAH'.,No
Do the two product descriptions refer to the same real-world product? Entity 1: 'nan Epson Ink Cartridge - Matte Black 700ml 262.17 GBP'. Entity 2: 'nan Epson - Ink Cartridge Black 10K  3905.00 CZK'.,No
"Do the two product descriptions refer to the same real-world product? Entity 1: 'nan Ram Mount 2\"" Double Socket Arm for 1\"" Balls 1.399E1 USD'. Entity 2: 'LINOVISION DS-1273ZJ-140 Outdoor Indoor Wall Mount Bracket for Hikvision Dome Camera  31.99 USD'.",No
Do the two product descriptions refer to the same real-world product? Entity 1: 'Ubiquiti Networks (UBNT) Ubiquiti UniFi G3 Bullet Video Camera 167.42 GBP'. Entity 2: 'nan Razer DeathAdder V2 Ergonomic Wired Gaming Mouse (RZ01-03210100-R3M1) (Warranty 2years with Ban Leong)  99.00 SGD'.,No
"Do the two product descriptions refer to the same real-world product? Entity 1: 'nan Sram Force22 PG-1170, 11sp cassette 130.00 CAD'. Entity 2: 'SRAM SRAM PG-1170 11-Speed Cassette (11-25T)  90.99 USD'.",Yes
"Do the two product descriptions refer to the same real-world product? Entity 1: 'Traveler's Traveler's Zip Pocket - Regular Size 9.0 USD'. Entity 2: 'nan Evans EMAD2 Clear Bass Drum Head, 22 Inch  4.699E1 USD'.",No
Do the two product descriptions refer to the same real-world product? Entity 1: 'Xerox Xerox Phaser 6000/6010 Black Toner nan nan'. Entity 2: 'nan Shimano Cassette 11s 11-46 CS-M8000  569.00 DKK'.,No
Do the two product descriptions refer to the same real-world product? Entity 1: 'nan POKÉMON TCG Sword and Shield- Darkness Ablaze Trainer Box 75 AUD'. Entity 2: 'nan SanDisk Extreme PRO SD UHS-II USB 3.0  99 PLN'.,No
Do the two product descriptions refer to the same real-world product? Entity 1: 'nan SANDISK EXTREME PRO SDXC 256GB 170MB/S C10 U3 3.1999E2 NZD'. Entity 2: 'SanDisk SanDisk 32GB Extreme Pro SDSDXPK-032G-GN4IN SDHC Memory Card C10  54.85 USD'.,No
"Do the two product descriptions refer to the same real-world product? Entity 1: 'RAM Mounts RAM Mounts short arm for 1\"" ball 9.63 eur'. Entity 2: 'Jabra Jabra EVOLVE 65 UC Mono Bluetooth Headset  189 USD'.",No
"Do the two product descriptions refer to the same real-world product? Entity 1: 'nan CORSAIR - Crystal 680X RGB White High Airflow, Tempered Glass 3199.00 SEK'. Entity 2: 'nan Obudowa Corsair Crystal 680X RGB High Airflow TG White (CC-9011169-WW)  1299.00 PLN'.",Yes
"Do the two product descriptions refer to the same real-world product? Entity 1: 'nan RAM Long Length Double Socket Arm for 1.5\"" Balls 7.395E1 AUD'. Entity 2: 'Maxxis Maxxis Maxxis, High Roller II, Tire, 27.5''x2.30, Folding, Tubeless Ready, Dual, EXO, 60TPI, Black  88.00 CAD'.",No
"Do the two product descriptions refer to the same real-world product? Entity 1: 'nan Ubiquiti UniFi Video Camera G3 MICRO € 210,– EUR'. Entity 2: 'Ubiquiti Ubiquiti UniFi Full HD IRNV Indoor Micro Security Camera  189.98 GBP'.",Yes
Do the two product descriptions refer to the same real-world product? Entity 1: 'nan Audio Technica ATH-M50xWH Professional Studio Monitor Headphones 1.69E2 USD'. Entity 2: 'nan Kingston Canvas Select Plus 128GB microSD - With Adaptor  17.19 GBP'.,No
"Do the two product descriptions refer to the same real-world product? Entity 1: 'nan Western Digital My Passport 1TB 2,5"" USB 3.0 71.00 EUR'. Entity 2: 'nan WD 1TB My Passport Portable Storage USB 3.2 Gen 1 - Black - WDBYVG0010BBK-WESN  22.857142857143 BHD'.",Yes
Do the two product descriptions refer to the same real-world product? Entity 1: 'nan Canon EF-M 18-150mm f/3.5-6.3 IS STM (Black) 7795.00 ZAR'. Entity 2: 'Canon Canon EF-S 55-250mm f/4-5.6 IS STM  2.9999E2 EUR'.,No
Do the two product descriptions refer to the same real-world product? Entity 1: 'Shimano Shimano Shimano Cs-R9100 Cassette 11-25 Dura-Ace 11-Speed 339.99 AUD'. Entity 2: 'nan APC Smart-UPS RT 192V RM Battery Pack  23449.00 DKK'.,No
"Do the two product descriptions refer to the same real-world product? Entity 1: 'nan Samsung T5 external SSD Black 2TB, USB-C 4396.00 SEK'. Entity 2: 'Canon Boje Canon PG-545 BK 8ml  2300 ALL'.",No
Do the two product descriptions refer to the same real-world product? Entity 1: 'nan Asus TUF X470-Plus Gaming Socket AM4 ATX AMD 185.00 EUR'. Entity 2: 'nan ASUS TUF X470 Plus Gaming with Aura Sync RGB LED lighting AM4 DDR4 HDMI DVI M.2 ATX Motherboard  81.32 OMR'.,Yes
Do the two product descriptions refer to the same real-world product? Entity 1: 'nan Fujifilm Instax Square Film 20 Pack 39.0 NZD'. Entity 2: 'nan Fujifilm Instax Square Film (10 Pack)  23 AUD'.,No
Do the two product descriptions refer to the same real-world product? Entity 1: 'Western Digital Western Digital Blue SSD 250GB SATA M.2 2280 WDS250G2B0B 220.50 PLN'. Entity 2: 'nan Wd Blue 3D Nand 250Gb Pc Ssd - Sata Iii 6Gb/S M.2 2280 Solid State Drive  75.90 AUD'.,Yes
Do the two product descriptions refer to the same real-world product? Entity 1: 'RAM Mounts RAM Motorcycle Brake/Clutch Reservoir & Handlebar Ball Base / B Size / RAM-B-309-7U 27.00 EUR'. Entity 2: 'nan Seagate Ironwolf Pro 6TB (ST6000NE000)  nan nan'.,No
"Do the two product descriptions refer to the same real-world product? Entity 1: 'nan Asus ROG STRIX Z390-I Gaming (ROG STRIX Z390-I GAMING) 76985 HUF'. Entity 2: 'nan ASUS Scheda Madre ROG STRIX Z390-I GAMING Intel Z390  € 286,00 EUR'.",Yes
Do the two product descriptions refer to the same real-world product? Entity 1: 'Ubiquiti Ubiquiti UniFi CloudKey Gen2 Plus 245.00 EUR'. Entity 2: 'nan Ubiquiti IR LED Range Extender  292 AED'.,No
Do the two product descriptions refer to the same real-world product? Entity 1: 'nan TAG Heuer Formula 1 Calibre 5 Men's Watch 1.495E3 GBP'. Entity 2: 'nan TAG Heuer Formula 1 43mm Mens Watch WAZ2011.BA0842  1550.0 GBP'.,Yes
Do the two product descriptions refer to the same real-world product? Entity 1: 'nan Logitech C922 Pro Stream webcam + Tripod (price includes delivery) 285.00 AUD'. Entity 2: 'nan Logitech HD Pro Webcam C920 - webkamera  nan nan'.,No
Do the two product descriptions refer to the same real-world product? Entity 1: 'HP HP 900GB 6G SAS 10K 900 SAS 16 MB Cache 2.5-Inch Internal Bare or OEM Drives 619291-B21 170.00 USD'. Entity 2: 'nan Asus PRIME B450-PLUS(PRIME B450-PLUS)  32585 HUF'.,No
Do the two product descriptions refer to the same real-world product? Entity 1: 'nan Shimano 105 RD-R7000 GS Rear Derailleur 57.99 USD'. Entity 2: 'nan Garmin fenix 6X Sapphire Black Silicone Strap Smart Watch  749.99 GBP'.,No
Do the two product descriptions refer to the same real-world product? Entity 1: 'nan Logitech HD Pro Webcam C920 - webkamera nan nan'. Entity 2: 'nan WEBCAM LOGITECH C270 HD 720P  nan nan'.,No
"Do the two product descriptions refer to the same real-world product? Entity 1: 'RAM Mounts RAM-B-149ZU - RAM Handlebar Rail Mount with Zinc Coated U-Bolt Base for Rails from 0.5\"" to 1.25\"" in Diameter nan nan'. Entity 2: 'nan Logitech HD Pro Webcam C920 - webkamera  nan nan'.",No
"Do the two product descriptions refer to the same real-world product? Entity 1: 'nan Elixir Guitar Strings Phosphor Bronze Nanoweb Light 12 - 53 22.81 USD'. Entity 2: 'nan Elixir Phosphor Bronze Acoustic Guitar Strings with NANOWEB Coating, Extra Light (.010-.047)  17.99 USD'.",No
"Do the two product descriptions refer to the same real-world product? Entity 1: 'EC Offroad MultiPlus Inverter/Charger C 12/2000/80-30 1,699.99 AUD'. Entity 2: 'nan Victron MultiPlus Compact 12/2000/80-30 230V VE.Bus  19997.1 ZAR'.",Yes
Do the two product descriptions refer to the same real-world product? Entity 1: 'Crucial Memoire DDR3 Crucial 4GB DDR3 1600 MT/S (PC3-12800) 26.99 EUR'. Entity 2: 'nan Crucial CT51264BD160BJ 4GB DDR3L-1600 UDIMM Memory Module  35.96 USD'.,Yes
"Do the two product descriptions refer to the same real-world product? Entity 1: 'nan Hard disk server HP Hot-Plug SC Enterprise SAS 6G 900GB 10000 RPM 2.5"" 1616.8100 RON'. Entity 2: 'SRAM SRAM AM BRAKE PAD GUIDE/TRL STLSIN 1 SET  25.00 USD'.",No
"Do the two product descriptions refer to the same real-world product? Entity 1: 'Shimano Shimano Shimano M05 Resin Disc Brake Pads and Spring for Deore BR-M515, BR- M515LA and Nexave BR-C601 Calipers 11.99 USD'. Entity 2: 'Samsung Samsung T7 Blue 2TB Portable SSD USB-C/A Gen2  341.99 GBP'.",No
"Do the two product descriptions refer to the same real-world product? Entity 1: 'nan 4GB ValueRAM DDR3, 1600MHz, Non-ECC, Unbuffered, CL11, 1.5V, 240-pin DIMM, Singl 37.99 CAD'. Entity 2: 'Audemars Piguet Pre-Owned Audemars Piguet Royal Oak Chronograph 26331ST.OO.1220ST.03  33900.00 USD'.",No
Do the two product descriptions refer to the same real-world product? Entity 1: 'nan Samsung 970 EVO Plus MZ-V7S250BW / Solid state drive / encrypted / 250GB / internal / M.2 2280 / PCI Express 3.0 x4 (NVMe) / buffer: 512 MB / 256-bit AES / TCG Opal Encryption | MZ-V7S250BW 6.281E1 EUR'. Entity 2: 'Crucial Memoire DDR3 So Dimm Crucial 4GB DDR3 1600 MT/S (PC3-12800)  26.99 EUR'.,No
Do the two product descriptions refer to the same real-world product? Entity 1: 'nan Garmin fenix 6X Sapphire Black Silicone Strap Smart Watch 749.99 GBP'. Entity 2: 'nan Garmin fenix 5s Sapphire Black  649.99 EUR'.,No
"Do the two product descriptions refer to the same real-world product? Entity 1: 'nan AMD AM4-3400G RYZEN5 3.7GHz 239.95 CAD'. Entity 2: 'RAM RAM 2.25\"" Ball with 2 U-Bolts (RAM-D-235U)  67.00 AUD'.",No
Do the two product descriptions refer to the same real-world product? Entity 1: 'nan HP 300GB 6G SAS 15K rpm SFF (2.5-inch) SC Enterprise nan nan'. Entity 2: 'nan HP 300GB 6G SAS 10K rpm SFF (2.5-inch) SC Enterprise  nan nan'.,No
Do the two product descriptions refer to the same real-world product? Entity 1: 'Garmin Orologio Garmin Fenix 6 010-02157-11 Fēnix 6X Sapphire 849.99 EUR'. Entity 2: 'nan Garmin fenix 6X Sapphire Black Silicone Strap Smart Watch  749.99 GBP'.,Yes
Do the two product descriptions refer to the same real-world product? Entity 1: 'Epson Epson Cartouche d'encre C13T865140 (T8651) 136.24 EUR'. Entity 2: 'nan Epson - Ink Cartridge Black 10K  3905.00 CZK'.,Yes
Do the two product descriptions refer to the same real-world product? Entity 1: 'Cisco Cisco Catalyst WS-C2960X-24PD-L 24 Ports ManagedRack Mountable Switch 0.00 GBP'. Entity 2: 'nan Gigabyte GeForce RTX 2060 SUPER 8GB Aorus  5436.00 SEK'.,No
"Do the two product descriptions refer to the same real-world product? Entity 1: 'nan WEBCAM LOGITECH C270 HD 720P nan nan'. Entity 2: 'Logitech Logitech BRIO 4K Ultra HD webcamweb camera  195,96 EUR'.",No
Do the two product descriptions refer to the same real-world product? Entity 1: 'Crucial Crucial MX500 M.2 2280 500GB Internal SSD 560MB/s CT500MX500SSD4 | PCByte 85.0 AUD'. Entity 2: 'Tissot Tissot T-Touch Expert Solar Men's Watch - T0914204605101  960.00 USD'.,No
"Do the two product descriptions refer to the same real-world product? Entity 1: 'Corsair Corsair Vengeance LPX 16GB(2x8GB) €67,00 nan'. Entity 2: 'nan Corsair Vengeance LPX 16GB DDR4 2400MHz(CMK16GX4M1A2400C14)  23375 HUF'.",No
Do the two product descriptions refer to the same real-world product? Entity 1: 'Logitech Logitech H151 Stereo Headset On Ear Kabelgebunden nan nan'. Entity 2: 'nan Wd Blue 3D Nand 250Gb Pc Ssd - Sata Iii 6Gb/S M.2 2280 Solid State Drive  75.90 AUD'.,No
Do the two product descriptions refer to the same real-world product? Entity 1: 'Jabra Evolve 20 Special Edition Mono MS nan nan'. Entity 2: 'nan FUJIFILM Aspherical Super EBC XF 80mm f/2.8 R LM OIS WR Macro Lens  1199.95 USD'.,No
Do the two product descriptions refer to the same real-world product? Entity 1: 'nan SRAM Guide Trail Brake Pad 34.95 AUD'. Entity 2: 'SRAM SRAM Disc Brake Pad Organic Hrd  1390.0 INR'.,No
Do the two product descriptions refer to the same real-world product? Entity 1: 'Dymo Dymo 53713 Black On White - 24mm 15.14 GBP'. Entity 2: 'Dymo Dymo 53718 Black On Yellow - 24mm  15.70 GBP'.,No
"Do the two product descriptions refer to the same real-world product? Entity 1: 'nan WD 1TB Blue SN550 NVME M.2 SSD (WDS100T2B0C) (Warranty 5years with WD SG) 208.00 SGD'. Entity 2: 'nan Ceas Garmin Garmin fenix5S Plus Silver, Black Band  2132 RON'.",No
Do the two product descriptions refer to the same real-world product? Entity 1: 'TP-LINK USA TP-Link | AC1900 High Gain Dual Band Wifi Adapter | Wireless WiFi Network Adapter for PC (Archer T9UH) 49.99 USD'. Entity 2: 'Ubiquiti Ubiquiti UniFi Dual-Band WiFi PoE Access Point UAP-AC-HD - 5 Pack  1365.99 GBP'.,No
"Do the two product descriptions refer to the same real-world product? Entity 1: 'Maxxis Maxxis Maxxis Aggressor Tire - 29 x 2.3, Folding, Tubeless, Black, Dual, EXO 64.99 USD'. Entity 2: 'Maxxis Maxxis Maxxis, High Roller II, Tire, 29''x2.30, Folding, Tubeless Ready, Dual, EXO, 60TPI, Black  88.00 CAD'.",No
Do the two product descriptions refer to the same real-world product? Entity 1: 'nan Razer DeathAdder V2 mouse USB Type-A Right-hand 1388641.00 IDR'. Entity 2: 'nan Canon Ink Jet Cartridge PGI-72 PBK/GY/PM/PC/CO Multipack 40433  55.99 nan'.,No
Do the two product descriptions refer to the same real-world product? Entity 1: 'nan HIKVISION DS-7208HUHI-K1 5 MEGAPIXEL (5MP) HYBRID 8 CHANNEL DVR nan nan'. Entity 2: 'Hikvision DVR 8 canale Hikvision TurboHD 5MP 4 canale alarma audio DS-7208HUHI-K1 H.265  603.000013 RON'.,Yes
Do the two product descriptions refer to the same real-world product? Entity 1: 'nan Jabra BIZ 2400 II 3-in-1 Mono IP Headset top only 148.30 GBP'. Entity 2: 'Shimano Dura-Ace 9100 11-Speed Cassette 11-25T  199 GBP'.,No
Do the two product descriptions refer to the same real-world product? Entity 1: 'Tissot Tissot Seastar 1000 Powermatic 80 Silicium 1150.0 CAD'. Entity 2: 'Tissot TISSOT SEASTAR 1000 POWERMATIC 80  695.0 USD'.,No
Do the two product descriptions refer to the same real-world product? Entity 1: 'HP HP Color LaserJet Professional CP5225dn 33435 CZK'. Entity 2: 'HP HP printer Color LaserJet Professional CP5225dn (CE712A#B19)  1403.60 EUR'.,Yes
Do the two product descriptions refer to the same real-world product? Entity 1: 'nan Pokémon TCG Sword & Shield Darkness Ablaze 5.50 EUR'. Entity 2: 'Pokemon Pokemon Pokemon: Darkness Ablaze Bstr  4.00 USD'.,Yes
Do the two product descriptions refer to the same real-world product? Entity 1: 'MikroTik Cloud Core Router CCR1036-12G-4S-EM 1148.65 USD'. Entity 2: 'Epson Epson WP4000/4500 Inkjet Cartridge High Yield Magenta. (Eiffel Tower) OEM: C13T70234010 EP48715  37.30 GBP'.,No
Do the two product descriptions refer to the same real-world product? Entity 1: 'nan Disco SSD Crucial BX500 120GB 3D TLC SATA III 28.66 EUR'. Entity 2: 'nan Karta VGA Gigabyte GeForce GTX 1650 OC 4GB GDDR6 128bit DVI+HDMI+DP PCIe3.0  693.00 PLN'.,No
"Do the two product descriptions refer to the same real-world product? Entity 1: 'CANON Canon CLI-251BK XL High-Capacity Black Ink Tank 0.0 USD'. Entity 2: 'nan Canon 6448B001 (CLI-251XL) Ink Cartridge, HY Black, OEM  29.99 USD'.",Yes
Do the two product descriptions refer to the same real-world product? Entity 1: 'nan Wd Blue 3D Nand 250Gb Pc Ssd - Sata Iii 6Gb/S M.2 2280 Solid State Drive 75.90 AUD'. Entity 2: 'WD WD Blue 3D - 2048 GB - M.2 - 560 MB/s - 6 Gbit/s WDS200T2B0B  101419 nan'.,No
"Do the two product descriptions refer to the same real-world product? Entity 1: 'nan 16TB IronWolf Pro ST16000NE000, 7200 RPM, SATA 6Gb/s, 256MB cache, 3.5-Inch HDD 555.21 USD'. Entity 2: 'nan BenQ LCD SW2700PT 27\"" W/IPS LED/2560x1440/5ms/DVI-DL/HDMI/2xUSB3.0/Flicker-free/VESA 9H.LDKLB.QBE  695.64 EUR'.",No
"Do the two product descriptions refer to the same real-world product? Entity 1: 'nan Fujifilm Instax mini Rainbow film 10 pack 149.95 ZAR'. Entity 2: 'Logitech Logitech BRIO 4K Ultra HD webcam  €289,00 nan'.",No
Do the two product descriptions refer to the same real-world product? Entity 1: 'nan Audio Technica ATH-M50xWH Professional Studio Monitor Headphones 1.69E2 USD'. Entity 2: 'nan Audio Technica ATH-M50x Professional Monitor Audiophile Headphones - Black  369 NZD'.,No
"Do the two product descriptions refer to the same real-world product? Entity 1: 'nan DVR 8 canale, Turbo HD, 6MP, PoC, Hikvision DS-7208HQHI-K2-P 687 LEI'. Entity 2: 'Hikvision DVR HDTVI 32 canale Turbo HD Full HD Hikvision DS-7332HQHI-K4 HD-TVI / AHD / CVI + 8 canale IP de pana la 6MP, 4xSATA  2389.99005 RON'.",No
Do the two product descriptions refer to the same real-world product? Entity 1: 'nan TAG HEUER MONACO AUTOMATIC CHRONOGRAPH 5.9E3 USD'. Entity 2: 'nan TAG Heuer Automatic Chronograph Watch CBG2A1Z.BA0658  6550 USD'.,No
Do the two product descriptions refer to the same real-world product? Entity 1: 'nan KINGSTON ValueRAM RAM Module - 4 GB (1 x 4 GB) - DDR4 SDRAM 0 AUD'. Entity 2: 'Kingston Kingston HyperX Fury 16GB DDR4 3200MHz CL16 Ram  655.92 TRY'.,No
"Do the two product descriptions refer to the same real-world product? Entity 1: 'nan TP-Link EAP225-Outdoor AC1200 Wireless MU-MIMO Gigabit Indoor/Outdoor Access Point 30290 HUF'. Entity 2: 'nan Samsung T5 external SSD Black 2TB, USB-C  4396.00 SEK'.",No
Do the two product descriptions refer to the same real-world product? Entity 1: 'nan Kingston Technology DataTraveler microDuo 3C 128GB USB flash drive USB Type-A / USB Type-C 3.0 (3.1 Gen 1) Silver 23.99 GBP'. Entity 2: 'Canon Canon EF-S 10-18/4.5-5.6 IS STM  23126 EUR'.,No
Do the two product descriptions refer to the same real-world product? Entity 1: 'TP-Link TP-Link EAP225 Outdoor Access Point 949 SEK'. Entity 2: 'nan TP-Link AC1200 Wireless MU-MIMO Gigabit Indoor/Outdoor Access Point (EAP225-Outdoor) AC1200 Outdoor  2771 ZAR'.,No
"Do the two product descriptions refer to the same real-world product? Entity 1: 'RAM Mount RAM Mount Double Socket Clamp Arm - SHORT - for 1.5\"" C Size Balls 45.00 AUD'. Entity 2: 'Epson Epson T7551 XL Black High Yield Ink Cartridge C13T755140 / T7551 EP53959  67.32 GBP'.",No
"Do the two product descriptions refer to the same real-world product? Entity 1: 'Shimano Shimano Shimano M05 Resin Disc Brake Pads and Spring for Deore BR-M515, BR- M515LA and Nexave BR-C601 Calipers 11.99 USD'. Entity 2: 'nan D'Addario EJ16 Phosphor Bronze Light Acoustic Guitar Strings  6.99 USD'.",No
Do the two product descriptions refer to the same real-world product? Entity 1: 'Sony Sony E-Mount FE 20mm f/1.8 Ultra Wide Angle G Lens 1499 AUD'. Entity 2: 'Gigabyte Gigabyte GeForce GTX 1650 Super OC  159.99 USD'.,No
Do the two product descriptions refer to the same real-world product? Entity 1: 'nan Tissot T-Sport Seastar 1000 Powermatic 80 Watch T1204071704100 nan nan'. Entity 2: 'Tissot TISSOT SEASTAR 1000 POWERMATIC 80  695.0 USD'.,Yes
Do the two product descriptions refer to the same real-world product? Entity 1: 'nan Samsung 970 EVO Plus 250GB SSD 949.00 NOK'. Entity 2: 'nan Samsung SSD 970 EVO Plus NVMe M.2 PCIe 2TB  353.10 EUR'.,No
"Do the two product descriptions refer to the same real-world product? Entity 1: 'nan Western Digital Blue PC SSD 2.5\"" 7mm 250GB 470 MYR'. Entity 2: 'Western Digital Western Digital Blue SSD 250GB SATA M.2 2280 WDS250G2B0B  220.50 PLN'.",No
"Do the two product descriptions refer to the same real-world product? Entity 1: 'nan UBIQUITI - UVC G3 Bullet Camera, 3-pack 4715.00 NOK'. Entity 2: 'nan Ubiquiti UniFi Video Camera G3 FLEX 3-Pack UVC-G3-FLEX-3 Ubiquiti  200.00 EUR'.",No
"Do the two product descriptions refer to the same real-world product? Entity 1: 'Evans Evans - Clear EMAD Bass Batter, 20\"" 69.00 CAD'. Entity 2: 'Brother Brother HL-L5200DW Laser Printer  313.9 AUD'.",No
Do the two product descriptions refer to the same real-world product? Entity 1: 'nan 2012 SRAM Red XG-1090 10-Speed X-Dome 11-23 Cassette 295.00 USD'. Entity 2: 'Shimano Shimano - CLEATS SH-10 FIXED RED  35.00 AUD'.,No
Do the two product descriptions refer to the same real-world product? Entity 1: 'nan Cheap Replica Audemars Piguet Royal Oak Offshore Chronograph Watch 26470OR.OO.A125CR.01 nan nan'. Entity 2: 'nan Buy Quality Replica Audemars Piguet Royal Oak Offshore Chronograph Watch 26470OR.OO.1000OR.02  nan nan'.,No
"Do the two product descriptions refer to the same real-world product? Entity 1: 'Crucial Crucial BX500 480GB SSD Micron 3D NAND SATA III 6Gb/s 2.5 Internal Solid State Drive 59.99 USD'. Entity 2: 'Crucial Crucial MX500 250GB SATA 2.5-inch, SATA 6.0Gb/s 7mm Solid State Drive  44.988 GBP'.",No
"Do the two product descriptions refer to the same real-world product? Entity 1: 'nan Corsair Carbide 175R RGB Black Mid Tower ATX Case, Tempered Glass Side Window, No PSU, 2x USB 3.0, HD Audio, 1x 120mm Fan included 105.00 AUD'. Entity 2: 'Corsair Carbide 175R RGB Windowed Mid-Tower Case Tempered Glass  69.90 EUR'.",Yes
Do the two product descriptions refer to the same real-world product? Entity 1: 'nan Logitech H540 USB Headset With High-Definition sound and on-ear controls - Black | 981-000480 1.575E2 AED'. Entity 2: 'nan Audemars Piguet-Audemars Piguet Royal Oak Chronograph 41mm Mens Watch-26331ST.OO.1220ST.02  25000 USD'.,No
Do the two product descriptions refer to the same real-world product? Entity 1: 'nan Samsung SSD 970 EVO Plus NVMe M.2 PCIe 2TB 353.10 EUR'. Entity 2: 'nan Buy Quality Replica Tag Heuer Monaco Steve McQueen Chronograph Watch CAW211P.FC6356  nan nan'.,No
"Do the two product descriptions refer to the same real-world product? Entity 1: 'Garmin Garmin Fenix 5S Plus GPS Watch Silver with Black Band 529 GBP'. Entity 2: 'nan Ceas Garmin Garmin fenix5S Plus Silver, Black Band  2132 RON'.",Yes
Do the two product descriptions refer to the same real-world product? Entity 1: 'nan Jabra Biz 2400 II Mono 3-1 NC IP 2486-820-209 189.00 USD'. Entity 2: 'nan BIZ 2400 II Duo IP Flex  191.04 EUR'.,No
Do the two product descriptions refer to the same real-world product? Entity 1: 'nan Epson Singlepack UltraChrome XD MagentaT692300(110ml) 52.40 GBP'. Entity 2: 'Razer Razer Viper Mini Optical Ambidextrous RGB Gaming Mouse  37.49 GBP'.,No
"Do the two product descriptions refer to the same real-world product? Entity 1: 'Maxxis Maxxis Minion DHR II 29\"" DD/3C/TR £69.99 GBP'. Entity 2: 'nan Maxxis High Roller II 29"" WideTrail Tire - 3C MT DD / 2.5""  75.00 USD'.",No
Do the two product descriptions refer to the same real-world product? Entity 1: 'DJI DJI Mavic Pro automobilinis įkroviklis / Car Charger 55.00 EUR'. Entity 2: 'nan Traveler's Notebook Starter Kit (Passport Size) - Blue  49.90 SGD'.,No
Do the two product descriptions refer to the same real-world product? Entity 1: 'nan DDR3 8GB PC1600 CL9 Kingston Hypk 41.16 nan'. Entity 2: 'nan Logitech 3.5 mm Analog Stereo Headset H151 with Boom Microphone - Black  966 ZAR'.,No
Do the two product descriptions refer to the same real-world product? Entity 1: 'nan Epson A4 Premium Glossy Photo Paper 181.00 NOK'. Entity 2: 'nan Epson Premium Glossy Photo Paper 13x18cm  11.49 GBP'.,No
"Do the two product descriptions refer to the same real-world product? Entity 1: 'Maxxis Maxxis Maxxis, High Roller II, Tire, 29''x2.30, Folding, Tubeless Ready, Dual, EXO, 60TPI, Black 88.00 CAD'. Entity 2: 'nan LOGITECH - HD WEBCAM C310 - USB - EMEAIN  762.50 SEK'.",No
Do the two product descriptions refer to the same real-world product? Entity 1: 'Swiss Military Hanowa Swiss Military Hanowa06-4226.30.003.03 Immersion Uhr 244.95 EUR'. Entity 2: 'nan SHIMANO XT CN-HG95 HG-X chain  20.62 EUR'.,No
"Do the two product descriptions refer to the same real-world product? Entity 1: 'nan Blaze 40-Inch Cart For 5-Burner Grill, Cart Only 5.1499E2 USD'. Entity 2: 'nan Blaze Cart For Professional 3-Burner Grill, Cart Only  1.09999E3 USD'.",No
Do the two product descriptions refer to the same real-world product? Entity 1: 'nan JABRA Evolve 40 UC USB - Mono 1267.00 ZAR'. Entity 2: 'nan JABRA Evolve 20 UC USB - Mono  717.00 ZAR'.,No
Do the two product descriptions refer to the same real-world product? Entity 1: 'nan TURBO HD DVRDS-7216HQHI-K1 1080P 610000 TZS'. Entity 2: 'nan DS-7204HQHI-K1 Turbo HD DVR  102.5233 EUR'.,No
Do the two product descriptions refer to the same real-world product? Entity 1: 'Daniel Wellington Daniel Wellington Mens Classic Sheffield 40mm Rose Gold Black DW00100007 140.83 GBP'. Entity 2: 'Daniel Wellington horloges Daniel Wellington Horloge Classic Sheffield Rose DW00100036  135.20 EUR'.,No
Do the two product descriptions refer to the same real-world product? Entity 1: 'nan Corsair 8GB (1x8GB) 2666MHz CL16 Vengeance LPX Black 169 PLN'. Entity 2: 'Daniel Wellington Daniel Wellington Unisex Classic Sheffield 36mm Rose Gold Black DW00100036  89.00 GBP'.,No
Do the two product descriptions refer to the same real-world product? Entity 1: 'NEW ERA Czapka New Era 39THIRTY New York Yankees - 10298279 136.41 PLN'. Entity 2: 'nan Gorra New Era Clean Trucker 2 NY Yankees Cap  2.19E1 EUR'.,No
"Do the two product descriptions refer to the same real-world product? Entity 1: 'nan Sony FE 24mm F1.4 GM Lens + Bonus $1,899.99 nan'. Entity 2: 'nan Sony FE 70-200mm f/4 OSS Lens  1.39999E3 USD'.",No
"Do the two product descriptions refer to the same real-world product? Entity 1: 'nan Corsair ML120 Pro LED, Red, 120mm Premium Magnetic Levitation Fan 72.40 AUD'. Entity 2: 'Corsair Corsair ML140 PRO RGB LED 140MM PWM Premium Magnetic Levitation Fan - Single Pack  32.98 GBP'.",No
Do the two product descriptions refer to the same real-world product? Entity 1: 'nan Shimano 105 R7000 Rear Derailleur - 11 Speed 54.99 GBP'. Entity 2: 'nan Shimano 105 RD-R7000 GS Rear Derailleur  57.99 USD'.,Yes
Do the two product descriptions refer to the same real-world product? Entity 1: 'nan 21 oz Standard Mouth With Standard S21SX306 32.95 USD'. Entity 2: 'SanDisk SanDisk Extreme PRO SD UHS-II Card Reader/Writer  36.00 SGD'.,No
Do the two product descriptions refer to the same real-world product? Entity 1: 'nan Asus Radeon ROG Strix RX5500 XT 8gb Gddr6 Version OC 6290 MXN'. Entity 2: 'nan APC RBC140 Replacement Battery Cartridge  531.10 GBP'.,No
Do the two product descriptions refer to the same real-world product? Entity 1: 'nan Sigma ART 50mm f/1.4 DG HSM Lens for Nikon 1099.99 CAD'. Entity 2: 'nan Sigma 105mm f1.4 DG HSM Art Lens for Canon  1599.95 USD'.,No
Do the two product descriptions refer to the same real-world product? Entity 1: 'Samsung Samsung Portable SSD T7 Touch 2TB - Zwart 429.00 EUR'. Entity 2: 'Samsung Samsung T7 Blue 2TB Portable SSD USB-C/A Gen2  341.99 GBP'.,No
Do the two product descriptions refer to the same real-world product? Entity 1: 'nan WS-C2960X-24TD-L Cisco Catalyst 2960X Network Switch (New) 6.77E2 USD'. Entity 2: 'Cisco Cisco Catalyst WS-C2960X-24PD-L 24 Ports ManagedRack Mountable Switch  0.00 GBP'.,No
Do the two product descriptions refer to the same real-world product? Entity 1: 'Razer Razer Viper Mini Ultra-Lightweight USB RGB Optical Gaming Mouse (RZ01-03250100-R3M1) 44.952 GBP'. Entity 2: 'nan GARMIN FENIX 5 GRAY BLACK 010-01688-00  499.99 EUR'.,No
Do the two product descriptions refer to the same real-world product? Entity 1: 'nan SSD TRANSCEND SSD230S 128Gb 3D NAND SATA 3 Aluminium (TS128GSSD230S) 188 RON'. Entity 2: 'Epson Epson T7891 Black Cart - Compatible  12.93 GBP'.,No
Do the two product descriptions refer to the same real-world product? Entity 1: 'nan Tag Heuer Carrera Quartz Chronograph Stainless Steel Watch CBK2112.BA0715 2.407E3 USD'. Entity 2: 'nan TAG Heuer Automatic Chronograph Watch CBG2A1Z.BA0658  6550 USD'.,No
"Do the two product descriptions refer to the same real-world product? Entity 1: 'nan 3M - DESKTOP LCD LW FRAMED FILTER 1931.25 DKK'. Entity 2: 'nan 3M - Lightweight 300 Privacy Filter PF322WSkjermfilter mot innsyn, m/ramme 20\""-23\""W (30,7 x 48,5)  3266.25 NOK'.",Yes
Do the two product descriptions refer to the same real-world product? Entity 1: 'nan Genuine SanDiskiXpand Flash Drive 64GB - iPhone lightning connector nan nan'. Entity 2: 'nan Canon PFI107C Cyan Laser Toner Cartridge Remanufactured  59.95 USD'.,No
"Do the two product descriptions refer to the same real-world product? Entity 1: 'D-Link Switch D-Link DGS-1210-24 20 p 10 / 100 / 1000 Mbps 4 x SFP 138.87 EUR'. Entity 2: 'nan D-Link DGS-1210-28P 24-port 1Gb Smart Switch, 4x SFP, PoE  296.6 EUR'.",No
"Do the two product descriptions refer to the same real-world product? Entity 1: 'nan RAM® Composite Double Socket Arm 9.49 USD'. Entity 2: 'RAM Mounts RAM Mounts short arm for 1\"" ball  9.63 eur'.",Yes
"Do the two product descriptions refer to the same real-world product? Entity 1: 'nan WD 1TB My Passport Portable Hard Drive 8500.00 KES'. Entity 2: 'nan Hard Disk Drive WD My Passport WDBYNN0010BRD, 1TB, USB 3.0, rosu  nan nan'.",No
"Do the two product descriptions refer to the same real-world product? Entity 1: 'nan ASUS Radeon RX 5500 XT DUAL EVO 8GB 2849.00 NOK'. Entity 2: 'nan Apple iPad Air Wi-Fi 256 GB Silver - 10.5\"" Tablet - A12 26.67cm-Display  754.9 EUR'.",No
"Do the two product descriptions refer to the same real-world product? Entity 1: 'nan D-Link DGS-1210-28P 24-port 1Gb Smart Switch, 4x SFP, PoE 296.6 EUR'. Entity 2: 'NEW ERA Czapka New Era 39THIRTY New York Yankees - 10298279  136.41 PLN'.",No
Do the two product descriptions refer to the same real-world product? Entity 1: 'Ubiquiti Ubiquiti UniFi Video Camera G4 Pro (UVC-G4-PRO) 418.6000 USD'. Entity 2: 'nan Ubiquiti UniFi Video Camera G3 FLEX 3-Pack UVC-G3-FLEX-3 Ubiquiti  200.00 EUR'.,No
"Do the two product descriptions refer to the same real-world product? Entity 1: 'Life Extension Super Ubiquinol CoQ10 with Enhanced Mitochondrial Support 100 mg 46.50 USD'. Entity 2: 'nan Cartus toner Epson Discproducer PP-100AP, magenta  280.73 RON'.",No
Do the two product descriptions refer to the same real-world product? Entity 1: 'Kingston Digital Kingston Digital Canvas Select 128GB microSD Card w/ Adapter (SDCS-128GB) nan nan'. Entity 2: 'nan Kingston SDCS Canvas Select Class10 microSD Memory Card - 64GB With Adapter  1990 PKR'.,No
Do the two product descriptions refer to the same real-world product? Entity 1: 'nan Seagate 6TB 7200rpm SATA-600 256MB NAS HDD ST6000NE000 81096 HUF'. Entity 2: 'nan HIKVISION DS-7208HQHI-K1 2 MEGAPIXEL HYBRID 8 CHANNEL (8CH) DVR  nan nan'.,No
Do the two product descriptions refer to the same real-world product? Entity 1: 'nan TONER CANON CIAN CL707C 2.000 PAGINAS 73.63818 EUR'. Entity 2: 'Znaka: Originlne Originlny toner CANON CRG-707 C (Azrov)  77.9 EUR'.,Yes
Do the two product descriptions refer to the same real-world product? Entity 1: 'Hydro Flask Hydro Flask 32oz Wide Mouth Flex Cap Hibiscus 44.95 USD'. Entity 2: 'Hydro Flask Hydro Flask 32 oz. Wide Mouth 2.0 Flex Cap Hibiscus  40.79 CAD'.,Yes
Do the two product descriptions refer to the same real-world product? Entity 1: 'nan Tissot T-Sport Seastar 1000 Chronograph Watch T1204171105100 nan nan'. Entity 2: 'nan Tissot Seastar 1000 Men's Black Rubber Strap Watch  430 GBP'.,No
Do the two product descriptions refer to the same real-world product? Entity 1: 'TP-Link TP-Link AC600 T2U Wireless USB Nano Adapter 12.95 EUR'. Entity 2: 'TP-Link TP-Link TL-WN725N Nano Wireless USB Adapter  682 EUR'.,No
"Do the two product descriptions refer to the same real-world product? Entity 1: 'nan Intel Core i3-7100 Dual-Core 3.9GHz LGA1151 (BX80677I37100) 31660 HUF'. Entity 2: 'Iiyama iiyama ProLite XUB2792QSU-B1 27\"" LED LCD Monitor - 16:9 - 5 ms  272.98 GBP'.",No
"Do the two product descriptions refer to the same real-world product? Entity 1: 'Canon Boje Canon PG-545 BK 8ml 2300 ALL'. Entity 2: 'nan Ubiquiti UniFi AP, AC, In Wall, 5-Pack  3768 HKD'.",No
Do the two product descriptions refer to the same real-world product? Entity 1: 'HP HP printer Color LaserJet Professional CP5225dn (CE712A#B19) 1403.60 EUR'. Entity 2: 'nan APC Smart-UPS RT 192V RM Battery Pack  23449.00 DKK'.,No
Do the two product descriptions refer to the same real-world product? Entity 1: 'nan D-Link DGS-1210-28P 344.63 GBP'. Entity 2: 'Omega OMEGA Seamaster Planet Ocean Chronograph Steel  18900.000001 AED'.,No
Do the two product descriptions refer to the same real-world product? Entity 1: 'Samsung Samsung CLT-K406S Black Original Standard Yield Toner Cartridge 72.71 USD'. Entity 2: 'nan Cartus compatibil Samsung CLT-K406S  89.25 RON'.,Yes
Do the two product descriptions refer to the same real-world product? Entity 1: 'Ubiquiti Networks (UBNT) Ubiquiti UniFi G3 Bullet Video Camera 167.42 GBP'. Entity 2: 'Ubiquiti Ubiquiti UniFi CloudKey Gen2 Plus  245.00 EUR'.,No
Do the two product descriptions refer to the same real-world product? Entity 1: 'Daniel Wellington Daniel Wellington Mens Classic Sheffield 40mm Rose Gold Black DW00100007 140.83 GBP'. Entity 2: 'sandisk SanDisk SDCZ60-064G-B35 Cruzer Glide USB Flash Drive USB 2.0 - 64 GB  14.99 GBP'.,No
"Do the two product descriptions refer to the same real-world product? Entity 1: 'nan EPSON S042091 premium glossy photo paper 255g/m², A2/25vel nan nan'. Entity 2: 'nan Epson - Ink Cartridge Black 10K  3905.00 CZK'.",No
Do the two product descriptions refer to the same real-world product? Entity 1: 'Corsair Corsair ML140 140mm PWM Premium Magnetic Levitation Fan - Twin Pack 33.97 GBP'. Entity 2: 'nan AMD Ryzen 9 3900XT AM4 CPU  9.17304E3 ZAR'.,No
Do the two product descriptions refer to the same real-world product? Entity 1: 'nan Omega Seamaster DIVER 300MOMEGA CO-AXIAL MASTER CHRONOMETER 42 MM 219000 MXN'. Entity 2: 'nan OMEGA SEAMASTER DIVER 300 210.20.42.20.03.002  13900.00 CAD'.,Yes
Do the two product descriptions refer to the same real-world product? Entity 1: 'Shimano Shimano Shimano Cs-R8000 Cassette 11-28t Ultegra 11-Speed 117.99 AUD'. Entity 2: 'Shimano Shimano Dura-Ace CS-R9100 11-28T 11sp Cassette  296.99 AUD'.,No
Do the two product descriptions refer to the same real-world product? Entity 1: 'nan APC Smart-UPS SRT 6000VA RM 230V 59990.00 SEK'. Entity 2: 'Asus ASUS Dual GeForce GTX 1660 6GB OC Edition EVO 192Bit GDDR5  nan nan'.,No
Do the two product descriptions refer to the same real-world product? Entity 1: 'nan RAM® Composite Double Socket Arm 9.49 USD'. Entity 2: 'nan HPE 300GB SERVER SMART MEMORY 6G 15K SAS 2.5 652611-B21  90000.00 NGN'.,No
Do the two product descriptions refer to the same real-world product? Entity 1: 'Life Extension Super Ubiquinol CoQ10 with Enhanced Mitochondrial Support 100 mg 46.50 USD'. Entity 2: 'nan TAG Heuer Formula 1 Calibre 5 Men's Watch  1.495E3 GBP'.,No
Do the two product descriptions refer to the same real-world product? Entity 1: 'nan Tissot Seastar 1000 Powermatic 80 T120.407.11.041.01 840.00 EUR'. Entity 2: 'nan Epson C13T603100 T6031 Black Ink 220ml  nan nan'.,No
Do the two product descriptions refer to the same real-world product? Entity 1: 'nan Kingston Technology DataTraveler microDuo 3C 128GB USB flash drive USB Type-A / USB Type-C 3.0 (3.1 Gen 1) Silver 23.99 GBP'. Entity 2: 'nan HP 300GB 6G SAS 15K rpm SFF (2.5-inch) SC Enterprise  nan nan'.,No
"Do the two product descriptions refer to the same real-world product? Entity 1: 'nan Garmin fenix5 Gray Optic, Black band 13990.00 CZK'. Entity 2: 'nan Garmin fenix5S Sapphire Black Optic, Black band  9790.00 CZK'.",No
Do the two product descriptions refer to the same real-world product? Entity 1: 'nan Jabra EVOLVE 80 MS Stereo (7899-823-109) 199.05 EUR'. Entity 2: 'nan Epson - Premium Semi-Gloss Photo Paper - A4 - 20 Fogli - C13S041332  23.88 EUR'.,No
Do the two product descriptions refer to the same real-world product? Entity 1: 'nan Gorra New Era NY Yankees MLB 9Fifty Cap 3.19E1 EUR'. Entity 2: 'Epson Epson Papir Photo Premium Glossy 13X18cm 30-ark 255G  85 DKK'.,No
Do the two product descriptions refer to the same real-world product? Entity 1: 'nan 3M - DESKTOP LCD LW FRAMED FILTER 1931.25 DKK'. Entity 2: 'nan Sigma 35mm f/1.4 DG HSM Art  719.95 USD'.,No
"Do the two product descriptions refer to the same real-world product? Entity 1: 'nan Corsair iCUE 465X RGB Mid-Tower White ATX Case, T/G Window, No PSU 249.00 AUD'. Entity 2: 'nan Corsair ML140 Pro LED Blue 140mm Magnetic Levitation Fan | Discount Computer Needs  75.00 AUD'.",No
Do the two product descriptions refer to the same real-world product? Entity 1: 'nan Tissot Heritage Visodate Analog Swiss Quartz Sapphire Crystal Men's Watch 2.2E2 USD'. Entity 2: 'nan HIKVISION DS-7216HUHI-K2 (Turbo HD 4.0) 8MP/5MP/4MP  1363.00 AED'.,No
Do the two product descriptions refer to the same real-world product? Entity 1: 'nan DJI Mavic 2 Car Charger 69.99 USD'. Entity 2: 'DJI DJI Mavic 2 Pro Drone Quadcopter with Hasselblad Camera HDR Video UAV Adjustable Aperture 20MP 1  1719.99 USD'.,No
"Do the two product descriptions refer to the same real-world product? Entity 1: 'nan Maxxis Assegai Tire - 27.5 x 2.5, Folding, Tubeless, Black, 3C Maxx Terra, EXO+, Wide Trail 80.00 USD'. Entity 2: 'Sigma Sigma Sigma 35mm F1.4 ART DG HSM - Nikon AF mount  899.99 USD'.",No
Do the two product descriptions refer to the same real-world product? Entity 1: 'nan Intel Core i3-7100 Dual-Core 3.9GHz LGA1151 (BX80677I37100) 31660 HUF'. Entity 2: 'Intel Intel Core i7-8700K Coffee Lake 6-Core 3.7 GHz (4.7 GHz Turbo) LGA 1151 (300 Series) 95W BX80684I78700K Desktop Processor Intel UHD Graphics 630  489.96 CAD'.,No
Do the two product descriptions refer to the same real-world product? Entity 1: 'Corsair Corsair 32GB DDR4 Vengeance LPX 2666MHz Memory Kit Black 112.76 GBP'. Entity 2: 'nan Fujifilm Instax Square Film (10 Pack)  23 AUD'.,No
"Do the two product descriptions refer to the same real-world product? Entity 1: 'Cooler Master Cooler Master MasterCase H500 IRON GREY ATX Mid-Tower, Tempered Glass Panel, two 200mm RGB fans with Controller and Case Handle for Transport 9949.00 INR'. Entity 2: 'nan Maintenance Unit Epson T6190 35000Pgs (C13T619000)  19.55 EUR'.",No
Do the two product descriptions refer to the same real-world product? Entity 1: 'Garmin Garmin Fenix 5X Plus Sapphire Black Rubber Strap 010-01989-01 569.00 GBP'. Entity 2: 'nan Fenix 5X Plus GPS Black Smartwatch  550 GBP'.,Yes
"Do the two product descriptions refer to the same real-world product? Entity 1: 'nan Cooler Master MasterBox Lite 5 ATX Black Case, Window, NO PSU, 2x USB 3.0, HD Audio, Dark Mirror Front Panel, No External 5.25\"" Drive Bay 89.00 AUD'. Entity 2: 'Cooler Master Cooler Master MasterBox Lite 5 Mid Tower Case  89 AUD'.",Yes
Do the two product descriptions refer to the same real-world product? Entity 1: 'nan EPSON Magenta ink cartridge Discproducer 77.58 BGN'. Entity 2: 'Samsung Samsung 970 EVO MZ-V7E1T0BW - Solid state drive - krypterat - 1 TB - inbyggd - M.2 2280 - PCI Express 3.0 x4 (NVMe) - 256 bitars AES - TCG Opal Encryption 2.0  1682 SEK'.,No
"Do the two product descriptions refer to the same real-world product? Entity 1: 'nan Jabra Biz 2400 II Mono 3-1, NC, 82 mic, QD 12500 PHP'. Entity 2: 'nan Jabra BIZ 2400 II Duo - Mic. 82 NC, Wideband  400.00 AUD'.",No
"Do the two product descriptions refer to the same real-world product? Entity 1: 'nan Ram Mount Motorcycle Fork Stem Mount with 1 Ball 2.399E1 GBP'. Entity 2: 'nan RAM Motorcycle Fork Stem Base w 1\"" Ball (RAM-B-342U)  30.45 AUD'.",Yes
Do the two product descriptions refer to the same real-world product? Entity 1: 'nan AAA Replica Audemars Piguet Royal Oak Chronograph Black Dail Watch 26331ST.OO.1220ST.02 nan nan'. Entity 2: 'nan Audemars Piguet-Audemars Piguet Royal Oak Chronograph 41mm Mens Watch-26331ST.OO.1220ST.02  25000 USD'.,Yes
Do the two product descriptions refer to the same real-world product? Entity 1: 'nan Apple - AirPods with Wireless Charging Case (Latest Model) - White 159 USD'. Entity 2: 'Apple Apple AirPods with Wireless Charging Case (2nd Generation) - White  139.99 USD'.,Yes
"Do the two product descriptions refer to the same real-world product? Entity 1: 'Evans Evans EC2 Clear Drum Head, 8 Inch $13.99 USD'. Entity 2: 'nan Evans EC2 Clear Drum Head, 14 Inch  2.399E1 USD'.",No
"Do the two product descriptions refer to the same real-world product? Entity 1: 'SAMSUNG SAMSUNG 970 EVO PLUS M.2 2280 500GB PCIe Gen 3.0 x4, NVMe 1.3 V-NAND 3-bit MLC Internal Solid State Drive (SSD) MZ-V7S500B/AM 89.99 USD'. Entity 2: 'nan Samsung 970 EVO 500GB - NVMe PCIe M.2 2280 SSD | MZ-V7E500BW  5.1975E2 AED'.",No
Do the two product descriptions refer to the same real-world product? Entity 1: 'nan Apple 10.5-inch iPad Air Wi‑Fi 256GB - Silver - MUUR2FD/A 719 EUR'. Entity 2: 'Gigabyte Gigabyte AMD Radeon RX 5500 XT OC 8GB GDDR6 RDNA PCIe 4.0 Graphics Card  186.048 GBP'.,No
Do the two product descriptions refer to the same real-world product? Entity 1: 'nan Cooler master ventola master liquid ML120R rgb lga 775>2066 amd AM2>FM1 97.54 EUR'. Entity 2: 'Cooler Master Cooler Master MasterLiquid ML120R ARGB AIO Cooler  129 AUD'.,Yes
Do the two product descriptions refer to the same real-world product? Entity 1: 'Shimano Shimano Shimano PD-R7000 105 SPD-SL PEDAL W/O REFLECTOR W/CLEAT 149.99 USD'. Entity 2: 'SHIMANO SPD-SL-CLEAT-SET-SM-SH11-(YELLOW)-[6DEGREE]  12.0 OMR'.,No
Do the two product descriptions refer to the same real-world product? Entity 1: 'nan Shimano 105 R7000 Rear Derailleur - 11 Speed 54.99 GBP'. Entity 2: 'nan SSD TRANSCEND SSD230S 128Gb 3D NAND SATA 3 Aluminium (TS128GSSD230S)  188 RON'.,No
Do the two product descriptions refer to the same real-world product? Entity 1: 'nan Traveler's Notebook Starter Kit (Passport Size) - Blue 49.90 SGD'. Entity 2: 'Pokemon Pokemon Pokemon: Darkness Ablaze Bstr  4.00 USD'.,No
Do the two product descriptions refer to the same real-world product? Entity 1: 'nan BIZ 2400 II Duo IP Flex 191.04 EUR'. Entity 2: 'nan New Era 39THIRTY MLB New York Yankees Fullcap - 10298279  19.77 EUR'.,No
Do the two product descriptions refer to the same real-world product? Entity 1: 'nan Mens Daniel Wellington St Mawes 40mm Watch DW00100006 169.00 GBP'. Entity 2: 'Daniel Wellington Daniel Wellington Classic Sheffield Men 40mm Quartz Watch 0206DW  119 USD'.,No
Do the two product descriptions refer to the same real-world product? Entity 1: 'Sony Sony E 30mm f/3.5 Macro Lens 6395.00 ZAR'. Entity 2: 'nan Full Frame E-Mount FE 24-240mm F3.5-6.3 OSS Lens  1589.0 NZD'.,No
Do the two product descriptions refer to the same real-world product? Entity 1: 'nan Epson - Premium Semi-Gloss Photo Paper - A4 - 20 Fogli - C13S041332 23.88 EUR'. Entity 2: 'nan Garmin fenix 5s Sapphire Black  649.99 EUR'.,No
"Do the two product descriptions refer to the same real-world product? Entity 1: 'Crucial Crucial 8GB (1x8GB) DDR3 1600MHz SODIMM 65 AUD'. Entity 2: 'Jabra Jabra Evolve 80 UC stereo SKype for Business  € 230,35 EUR'.",No
"Do the two product descriptions refer to the same real-world product? Entity 1: 'nan Intel Processor, Core i7-8700K 8th Gen 402.01 USD'. Entity 2: 'Intel Intel Core i7-8700K Coffee Lake 6-Core 3.7 GHz (4.7 GHz Turbo) LGA 1151 (300 Series) 95W BX80684I78700K Desktop Processor Intel UHD Graphics 630  489.96 CAD'.",Yes
Do the two product descriptions refer to the same real-world product? Entity 1: 'Cooler Master Cooler Master Hyper H411R CPU Cooler White LED 35 AUD'. Entity 2: 'Swiss Military Hanowa Swiss Military Hanowa06-4226.30.003.03 Immersion Uhr  244.95 EUR'.,No
"Do the two product descriptions refer to the same real-world product? Entity 1: 'nan APC Replacement Battery Cartridge #133 (APCRBC133) 29910 RUB'. Entity 2: 'APC APC Replacement Battery Cartridge #133UPS battery - Lead Acid  312,12 EUR'.",Yes
"Do the two product descriptions refer to the same real-world product? Entity 1: 'nan Ram Mout Triple Ball Adapter €46,95 EUR'. Entity 2: 'nan Audio Technica DJ kõrvaklapid ATH-PRO7X On-ear, Must  200.04 EUR'.",No
Do the two product descriptions refer to the same real-world product? Entity 1: 'Tissot Tissot Mens T-Sport Seastar 1000 Chronograph Black Dial Stainless Steel Bracelet Watch T120.417.11.051.00 450.00 GBP'. Entity 2: 'nan Seagate LaCie 4TB 2.5' USB 3 to USB-C Diamond Cut External HDD. STHG4000400. 2 Years Warranty  219.00 AUD'.,No
"Do the two product descriptions refer to the same real-world product? Entity 1: 'Adata XPG SX6000 Lite internal solid state drive 1000 GB PCI Express 3.0 3D TLC NVMe M.2 SSD 129.95 EUR'. Entity 2: 'nan ADATA SX8200 Pro 256GB M.2 NVMe SSD ultra-fast PCIe Gen3x4 interface ,sustained peak read/write speeds of 3500/1200MB per second  92 NZD'.",No
"Do the two product descriptions refer to the same real-world product? Entity 1: 'RAM Mounts RAM-B-149ZU - RAM Handlebar Rail Mount with Zinc Coated U-Bolt Base for Rails from 0.5\"" to 1.25\"" in Diameter nan nan'. Entity 2: 'RAM Mount RAM Mount Torque™ 3/4"" - 1"" Diameter Handlebar/Rail Base with 1"" Ball and X-Grip®  74.95 EUR'.",No
"Do the two product descriptions refer to the same real-world product? Entity 1: 'nan Garmin fenix 5s Sapphire Black 649.99 EUR'. Entity 2: 'nan MikroTikCloud Core Router 1036-12G-4S with Tilera Tile-Gx36 CPU (36-cores, 1.2Ghz per core), 16GB RAM, 4xSFP cage, 12xGbit LAN, RouterOS L6, 1U rackmount case, PSU, LCD panel  1602.55 CAD'.",No
Do the two product descriptions refer to the same real-world product? Entity 1: 'Traveler's Traveler's Zip Pocket - Regular Size 9.0 USD'. Entity 2: 'nan Traveler's Refills: Accessories - 008 / zipper pocket  9.0E0 USD'.,Yes
"Do the two product descriptions refer to the same real-world product? Entity 1: 'nan Tissot Seastar 1000 Men's Black Rubber Strap Watch 430 GBP'. Entity 2: 'nan TP-Link TL-SG1024DE 24-Port Gigabit Easy Smart Switch, 24 10/100/1000Mbps RJ45 ports,MTU/Port/Tag-based VLAN, QoS, IGMP Snooping  9.999E1 USD'.",No
Do the two product descriptions refer to the same real-world product? Entity 1: 'Garmin Orologio Garmin Venu 010-02173-12 Venu 379.99 EUR'. Entity 2: 'Garmin Orologio Garmin Fenix 6 010-02157-11 Fēnix 6X Sapphire  849.99 EUR'.,No
Do the two product descriptions refer to the same real-world product? Entity 1: 'nan Adata XPG SX6000 Lite 1TB M.2 PCIe GEN3x4 SSD ASX6000LNP-1TT-C 219.00 AUD'. Entity 2: 'nan Monitor 27 SW271 LED 5ms/QHD/IPS/HDMI/DP/USB  5697.05 PLN'.,No
Do the two product descriptions refer to the same real-world product? Entity 1: 'Classic Daniel Wellington - Classic Sheffield Silver - 40mm 1899.00 NOK'. Entity 2: 'nan Samsung Portable SSD T5 - 2TB  3236.00 SEK'.,No
Do the two product descriptions refer to the same real-world product? Entity 1: 'nan Manfrotto MVK500AM Fluid Video System 412.00 EUR'. Entity 2: 'nan MVH500AH FLUID VIDEO HEAD W/FLAT BASE  3.590001E2 NZD'.,No
Do the two product descriptions refer to the same real-world product? Entity 1: 'Jabra Jabra Evolve 20 SE Special Edition UC monaural USB 40.70 EUR'. Entity 2: 'Jabra Evolve 20 Special Edition Mono MS  nan nan'.,Yes
Do the two product descriptions refer to the same real-world product? Entity 1: 'nan 502HD PRO VIDEO HEAD WITH FLAT BASE 5.189995999999999E2 NZD'. Entity 2: 'nan Manfrotto MVH502AH Fluid Video Head with MT055XPRO3 Tripod  419.99 USD'.,Yes
Do the two product descriptions refer to the same real-world product? Entity 1: 'nan Epson Cartuccia 79xl Magenta Originale per WF-5620 WF-5690 WF-4630 C13T79034010 31.90 EUR'. Entity 2: 'Epson Epson WF4630/5110/5690 Magenta INK 17ML EP53600  33.38 GBP'.,Yes
Do the two product descriptions refer to the same real-world product? Entity 1: 'nan Shimano Ultegra Chain HG701 - 116L - with split 2495 EUR'. Entity 2: 'nan Shimano HG701 Ultegra R8000 XT M8000 11 Speed Chain with Quick Link  5.5E1 SGD'.,Yes
Do the two product descriptions refer to the same real-world product? Entity 1: 'nan SMSH11 SPDSL CLEAT SET FLOATING MODE YELLOW 4.0E1 NZD'. Entity 2: 'SHIMANO SPD-SL-CLEAT-SET-SM-SH11-(YELLOW)-[6DEGREE]  12.0 OMR'.,Yes
"Do the two product descriptions refer to the same real-world product? Entity 1: 'RAM MOUNTS RAM Triple 1\"" Ball Adapter - RAM-B-289U 37.99 USD'. Entity 2: 'Epson Epson A4/Premium Semiglossy Photo, 20 sheets  18.28 GBP'.",No
Do the two product descriptions refer to the same real-world product? Entity 1: 'Shimano Shimano Dura-Ace CS-R9100 11-28T 11sp Cassette 296.99 AUD'. Entity 2: 'nan 002 Traveler's Notebook Regular- Refill - Grid Notebook  6.0 USD'.,No
"Do the two product descriptions refer to the same real-world product? Entity 1: 'RAM Mounts RAM Motorcycle Combination Base for Handlebar or Brake/Clutch Reservoir with 1\"" ... $27.00 CAD'. Entity 2: 'nan Ram Mount Motorcycle Fork Stem Mount with 1 Ball  2.399E1 GBP'.",No
"Do the two product descriptions refer to the same real-world product? Entity 1: 'nan Samsung 860 PRO 2.5\"" 1000 GB Serial ATA III 3D MLC 579.75 EUR'. Entity 2: 'Samsung Samsung 860 PRO 1TB SSD 2-bit MLC V-NAND SATA III 6Gb/s 2.5 Internal Solid State Drive  299.99 USD'.",Yes
Do the two product descriptions refer to the same real-world product? Entity 1: 'nan Cheap Replica Audemars Piguet Royal Oak Offshore Chronograph Watch 26470OR.OO.A125CR.01 nan nan'. Entity 2: 'nan TAG Heuer Monaco Men's Blue Leather Strap Watch  5250 GBP'.,No
"Do the two product descriptions refer to the same real-world product? Entity 1: 'nan Basilisk V2 Ergonomic Gaming Mouse 91.19 EUR'. Entity 2: 'nan Razer Basilisk V2 Wired Ergonomic Gaming Mouse, 11 Programmable Buttons | RZ01-03160100-R3M1  340.73 AED'.",Yes
Do the two product descriptions refer to the same real-world product? Entity 1: 'SRAM SRAM Disc Brake Pad Organic Hrd 1390.0 INR'. Entity 2: 'nan Logitech 3.5 mm Analog Stereo Headset H151 with Boom Microphone - Black  966 ZAR'.,No
"Do the two product descriptions refer to the same real-world product? Entity 1: 'nan Seagate IronWolf PRO 16TB NAS Professional 3914.00 DKK'. Entity 2: 'nan 16TB IronWolf Pro ST16000NE000, 7200 RPM, SATA 6Gb/s, 256MB cache, 3.5-Inch HDD  555.21 USD'.",Yes
Do the two product descriptions refer to the same real-world product? Entity 1: 'Cooler Master Cooler Master MasterBox Lite 5 Mid Tower Case 89 AUD'. Entity 2: 'Razer Razer Viper Mini Optical Ambidextrous RGB Gaming Mouse  37.49 GBP'.,No
Do the two product descriptions refer to the same real-world product? Entity 1: 'nan HP 300GB 6G SAS 10K rpm SFF (2.5-inch) SC Enterprise nan nan'. Entity 2: 'nan 619291-B21 HP 900GB 6G SAS 10K rpm SFF (2.5-inch) Enterprise Hard Drive  264 CAD'.,No
Do the two product descriptions refer to the same real-world product? Entity 1: 'Epson Epson Premium Glossy A3 20 sheets 39.95 EUR'. Entity 2: 'nan Audio Technica ATH-M40x Professional Monitor Audiophile Headphones  229 NZD'.,No
"Do the two product descriptions refer to the same real-world product? Entity 1: 'nan AMD AM4-3400G RYZEN5 3.7GHz 239.95 CAD'. Entity 2: 'nan SanDisk PLUS SSD Hard Drive 2.5´´ internal, 480 GB, SATA, Black  54.99 EUR'.",No
"Do the two product descriptions refer to the same real-world product? Entity 1: 'Corsair Corsair ML140 Magnetic Levitation 140mm Case Fan - Twin Pack 44.99 USD'. Entity 2: 'nan Corsair ML140 Pro 14cm PWM RGB Case Fan, Magnetic Levitation Bearing  3.699E1 GBP'.",No
Do the two product descriptions refer to the same real-world product? Entity 1: 'nan TP-Link Archer T9UH Wireless AC1900 USB Adapter 99.00 AUD'. Entity 2: 'nan TP-Link 150Mbit-WLAN-Lite -N-PCI Express x1 Adapter  127.20 SEK'.,No
"Do the two product descriptions refer to the same real-world product? Entity 1: 'nan Seagate IronWolf 6TB NAS Internal Hard Drive (3.5"") 33500 PKR'. Entity 2: 'nan Gorra New Era NY Yankees MLB 9Fifty Cap  3.19E1 EUR'.",No
Do the two product descriptions refer to the same real-world product? Entity 1: 'nan Full Frame E-Mount FE 24-240mm F3.5-6.3 OSS Lens 1589.0 NZD'. Entity 2: 'HIKVISION 8CH HIKVISION 4MP DVR HDMI TURBO 1080P DS-7208HQHI-K1  0.00 GBP'.,No
Do the two product descriptions refer to the same real-world product? Entity 1: 'nan Buy Quality Replica Omega Seamaster Planet Ocean 600M Steel Chronometer Chronograph Watch 215.30.46.51.01.001 nan nan'. Entity 2: 'nan APC Smart-UPS SRT 6000VA RM 230V  59990.00 SEK'.,No
"Do the two product descriptions refer to the same real-world product? Entity 1: 'Evans Evans - Clear EMAD Bass Batter, 20\"" 69.00 CAD'. Entity 2: 'nan Evans 20” EMAD Clear Bass Drum Head  47.99 USD'.",Yes
Do the two product descriptions refer to the same real-world product? Entity 1: 'nan Philips Monitor LCD 243V7QDSB/00 94.1 EUR'. Entity 2: 'nan Evans 20” EMAD Clear Bass Drum Head  47.99 USD'.,No
"Do the two product descriptions refer to the same real-world product? Entity 1: 'Sigma Sigma 35mm F1.4 DG Art HSM EOS Mount Lens 1059 AUD'. Entity 2: 'nan Life Extension Super Ubiquinol COQ10 with Enhanced Mitochondrial Support 100 mg, 60 Count  46.50 USD'.",No
Do the two product descriptions refer to the same real-world product? Entity 1: 'nan Shimano BR-M9000 J04C Metal Finned Disc Pad 41.99 NZD'. Entity 2: 'nan Buy Quality Replica Audemars Piguet Royal Oak Offshore Chronograph Watch 26470OR.OO.1000OR.02  nan nan'.,No
Do the two product descriptions refer to the same real-world product? Entity 1: 'nan Lacie 5TB USB-C Mobile Drive prenosni disk nan nan'. Entity 2: 'nan Ext. HDD LaCie Mobile Drive 2TB USB-C  3113.00 CZK'.,No
"Do the two product descriptions refer to the same real-world product? Entity 1: 'nan Western Digital 2.5\"" Red 1To SATA 6 nan nan'. Entity 2: 'Razer RAZER MAMBA ELITE ERGONOMIC WIRED GAMING MOUSE  6649.00 INR'.",No
Do the two product descriptions refer to the same real-world product? Entity 1: 'nan Impresora brother laser monocromo hl - l6300dw a4 477.99 EUR'. Entity 2: 'Brother Brother HL-L8360CDW Laser Printer  588.76 AUD'.,No
Do the two product descriptions refer to the same real-world product? Entity 1: 'nan DVR Hikvision TurboHD 4 canale DS-7204HQHI-K1 263.27 RON'. Entity 2: 'HIKVISION 8CH HIKVISION 4MP DVR HDMI TURBO 1080P DS-7208HQHI-K1  0.00 GBP'.,No
Do the two product descriptions refer to the same real-world product? Entity 1: 'Adata XPG SX6000 Lite internal solid state drive 1000 GB PCI Express 3.0 3D TLC NVMe M.2 SSD 129.95 EUR'. Entity 2: 'SanDisk SanDisk SD Extreme V30 U3 UHS-I C10 - 128GB  57.00 SGD'.,No
Do the two product descriptions refer to the same real-world product? Entity 1: 'DJI DJI DJI | Mavic Mini Drone Fly More Combo 649.99 CAD'. Entity 2: 'nan Kingston Technology Canvas Select memory card 128 GB MicroSDXC Class 10 UHS-I  13.99 GBP'.,No
Do the two product descriptions refer to the same real-world product? Entity 1: 'nan Shimano Dura-Ace CS-R9100 Cassette 11-speed 22265 JPY'. Entity 2: 'nan 3M - DESKTOP LCD LW FRAMED FILTER  1931.25 DKK'.,No
Do the two product descriptions refer to the same real-world product? Entity 1: 'nan HyperX 16GB (1x16GB) 3200MHz CL16 Fury 345 PLN'. Entity 2: 'Epson Epson oryginalny tusz T2982 29 cyan  53.28 PLN'.,No
Do the two product descriptions refer to the same real-world product? Entity 1: 'Kingston Digital Kingston Digital Canvas Select 128GB microSD Card w/ Adapter (SDCS-128GB) nan nan'. Entity 2: 'nan Kingston Canvas Select Plus 128GB microSD - With Adaptor  17.19 GBP'.,No
Do the two product descriptions refer to the same real-world product? Entity 1: 'nan SANDISK EXTREME PRO SDXC 256GB V30 UHS-I U3 - SDSDXXY-256G-GN4IN nan nan'. Entity 2: 'nan Epson T6923 Ultrachrome XD rautt Ink 110ml  16371 ISK'.,No
"Do the two product descriptions refer to the same real-world product? Entity 1: 'Seagate Seagate IronWolf 6TB 3,5'' 256MB ST6000VN0033 0 nan'. Entity 2: 'nan 16TB IronWolf Pro ST16000NE000, 7200 RPM, SATA 6Gb/s, 256MB cache, 3.5-Inch HDD  555.21 USD'.",No
Do the two product descriptions refer to the same real-world product? Entity 1: 'Daniel Wellington Daniel Wellington Mens Classic Sheffield 40mm Rose Gold Black DW00100007 140.83 GBP'. Entity 2: 'nan Seiko Presage Watch Zen Gardens Mens  450.00 GBP'.,No
"Do the two product descriptions refer to the same real-world product? Entity 1: 'nan Elixir 11152 Strings Acoustic 80/20 Bronze NANOWEB 12 String, Light 25.99 USD'. Entity 2: 'nan Elixir Guitar Strings Phosphor Bronze Nanoweb Light 12 - 53  22.81 USD'.",No
Do the two product descriptions refer to the same real-world product? Entity 1: 'nan Samsung 970 EVO Plus 2TB SSD 4590.00 SEK'. Entity 2: 'Samsung Samsung 1TB SSD 970 EVO NVMe M.2  170.98 GBP'.,No
Do the two product descriptions refer to the same real-world product? Entity 1: 'Dymo Dymo 53713 Black On White - 24mm 15.14 GBP'. Entity 2: 'nan GENUINE Dymo 24mm x 7m Black on Yellow Label Tape Roll SD53718  30.14 AUD'.,No
Do the two product descriptions refer to the same real-world product? Entity 1: 'Samsung Samsung 1TB SSD 970 EVO NVMe M.2 170.98 GBP'. Entity 2: 'nan Samsung SSD 970 EVO Plus NVMe M.2 PCIe 2TB  353.10 EUR'.,No
Do the two product descriptions refer to the same real-world product? Entity 1: 'nan DS-7216HQHI-K1 Hikvision 16 cs. TurboHD DVR nan nan'. Entity 2: 'nan TURBO HD DVRDS-7216HQHI-K1 1080P  610000 TZS'.,Yes
"Do the two product descriptions refer to the same real-world product? Entity 1: 'EC Offroad MultiPlus Inverter/Charger C 12/2000/80-30 1,699.99 AUD'. Entity 2: 'nan 2222 HYBRID SLINKY 9/46 Ernie Ball  6.90 EUR'.",No
Do the two product descriptions refer to the same real-world product? Entity 1: 'nan Hikvision MP Outdoor IR DS-2DE5225IW-AE 846.00 USD'. Entity 2: 'nan Corsair 8GB (1x8GB) 2666MHz CL16 Vengeance LPX Black  169 PLN'.,No
Do the two product descriptions refer to the same real-world product? Entity 1: 'nan Razer DeathAdder V2 Ergonomic Wired Gaming Mouse (RZ01-03210100-R3M1) (Warranty 2years with Ban Leong) 99.00 SGD'. Entity 2: 'nan Intel Core i3-7100 Dual-Core 3.9GHz LGA1151 (BX80677I37100)  31660 HUF'.,No
Do the two product descriptions refer to the same real-world product? Entity 1: 'nan Genuine SanDiskiXpand Flash Drive 64GB - iPhone lightning connector nan nan'. Entity 2: 'nan Bosch KGN34NWEAG Free-standing fridge-freezer  489.00 GBP'.,No
Do the two product descriptions refer to the same real-world product? Entity 1: 'nan Sony SEL20F18G.SYX - Sony E-Mount FE 20mm F1.8 G 1048.28 CHF'. Entity 2: 'nan Sony SEL 30mm 3.5 Makro E-Mount  232.97 EUR'.,No
Do the two product descriptions refer to the same real-world product? Entity 1: 'nan BenQ SW2700PT 27in QHD Professional AdobeRGB Monitor 1099.00 AUD'. Entity 2: 'Tissot Tissot Seastar 1000 Powermatic 80 Silicium  1150.0 CAD'.,No
Do the two product descriptions refer to the same real-world product? Entity 1: 'nan Zebra Black Monochrome Ribbon 800033-801 - 1000 Prints 11.40 GBP'. Entity 2: 'nan Zebra TrueColours ix Series Monochrome - 1 - black - print ribbon  28.99 CAD'.,Yes
"Do the two product descriptions refer to the same real-world product? Entity 1: 'nan Ubiquiti UniFi AP, AC, In Wall, 5-Pack 3768 HKD'. Entity 2: 'Tissot TISSOT SEASTAR 1000 POWERMATIC 80  695.0 USD'.",No
Do the two product descriptions refer to the same real-world product? Entity 1: 'nan Shimano R550 SPD-SL Pedals - Black 99.0 AUD'. Entity 2: 'nan SHIMANO RS500 SPD-SL road pedals  39.16 EUR'.,No
"Do the two product descriptions refer to the same real-world product? Entity 1: 'nan Ubiquiti UniFi Video Camera G3 MICRO € 210,– EUR'. Entity 2: 'nan HyperX FURY - DDR3 - 8 GB: 2 x 4 GB - DIMM 240-pin - unbuffered  115.99 CAD'.",No
Do the two product descriptions refer to the same real-world product? Entity 1: 'nan GENUINE Dymo 24mm x 7m Black on Yellow Label Tape Roll SD53718 30.14 AUD'. Entity 2: 'Dymo Genuine Dymo D1 Standard Label Cassette Tape 9mm x 7m - Black on White  17.86 AUD'.,No
Do the two product descriptions refer to the same real-world product? Entity 1: 'nan LOGITECH - HD WEBCAM C310 - USB - EMEAIN 762.50 SEK'. Entity 2: 'nan Logitech C920 USB HD Pro Webcam with Auto-Focus and Microphone  61.25 GBP'.,No
Do the two product descriptions refer to the same real-world product? Entity 1: 'nan BenQ SW271 Pro 27in IPS LCD Monitor 4K UHD 969.0 GBP'. Entity 2: 'nan BenQ SW2700PT 27in QHD Professional AdobeRGB Monitor  1099.00 AUD'.,No
Do the two product descriptions refer to the same real-world product? Entity 1: 'nan Epson Stylus Pro 9880 Black Photo Ink 93.88 GBP'. Entity 2: 'nan SEIKO Prospex Automatic Men's 45mm Diver Watch - SPB103J1 – Green Dial  7.4E2 GBP'.,No
Do the two product descriptions refer to the same real-world product? Entity 1: 'nan Crucial 500GB MX500 M.2 2880 SATA 6Gb/s SSD 54.39 GBP'. Entity 2: 'Crucial Crucial MX500 M.2 2280 500GB Internal SSD 560MB/s CT500MX500SSD4 | PCByte  85.0 AUD'.,Yes
Do the two product descriptions refer to the same real-world product? Entity 1: 'nan Blaze 40-Inch 5-Burner LTE Built-In Liquid Propane Gas Grill With Rear Infrared Burner & Grill Lights 2.19999E3 USD'. Entity 2: 'nan Crucial MX500 2TB 3D NAND SATA 2.5 Inch Internal SSD  440 BMD'.,No
Do the two product descriptions refer to the same real-world product? Entity 1: 'FUJIFILM Fujifilm Instax Mini Film (Monochrome 10's) 39.0 MYR'. Entity 2: 'nan Fujifilm INSTAX Mini Monochrome Instant Film (10 Exposures)  9.95 USD'.,Yes
"Do the two product descriptions refer to the same real-world product? Entity 1: 'nan Corsair Vengeance LPX CMK8GX4M1A2666C16 8GB (1x8GB) 2666Mhz DDR4 59.00 AUD'. Entity 2: 'Corsair Corsair DDR4 Vengeance LPX 16GB/2133(2*8GB) CL13-15-15-28 1,20V XMP2.0  0 nan'.",No
"Do the two product descriptions refer to the same real-world product? Entity 1: 'Intel Intel Core i7-8700K Coffee Lake 6-Core 3.7 GHz (4.7 GHz Turbo) LGA 1151 (300 Series) 95W BX80684I78700K Desktop Processor Intel UHD Graphics 630 489.96 CAD'. Entity 2: 'Intel Intel Core i3-8300 (Coffee Lake) 3.7 GHz, LGA1151, Intel UHD 630, 8MB, 14nm, 62W, Box  nan nan'.",No
Do the two product descriptions refer to the same real-world product? Entity 1: 'nan MVH500AH FLUID VIDEO HEAD W/FLAT BASE 3.590001E2 NZD'. Entity 2: 'nan HyperX 8GB (2x4GB) 1600MHz CL10 Fury Blue  289 PLN'.,No
Do the two product descriptions refer to the same real-world product? Entity 1: 'nan LOGITECH Logitech USB Headset H390 90.90 BGN'. Entity 2: 'nan Logitech H650e USB PC Headset  2871.460 THB'.,No
"Do the two product descriptions refer to the same real-world product? Entity 1: 'nan BROTHER HL-L6200DW WIRELESSMONO LASER PRINTER WITH2-Sided PRINTING(46 PPM, 520 Sheets Paper... 511.00 AUD'. Entity 2: 'Brother Brother HL-L6200DW Business Laser Printer  229.99 USD'.",Yes
Do the two product descriptions refer to the same real-world product? Entity 1: 'Samsung Samsung 970 Evo 500GB NVME M.2 High Speed Solid State Drive with V-Nand 10399.00 INR'. Entity 2: 'nan Samsung 970 EVO 500GB - NVMe PCIe M.2 2280 SSD | MZ-V7E500BW  5.1975E2 AED'.,Yes
Do the two product descriptions refer to the same real-world product? Entity 1: 'nan Toner Original Oki Ciano (44844507) 234.55 EUR'. Entity 2: 'Znaka: Originln Originln toner OKI 44992402 (ern)  2149 CZK'.,No
Do the two product descriptions refer to the same real-world product? Entity 1: 'nan Garmin VENU Smartwatch Black 010-02173-12 Leather Strap 329.99 GBP'. Entity 2: 'Garmin Garmin Fenix 5X Plus Sapphire Black Rubber Strap 010-01989-01  569.00 GBP'.,No
"Do the two product descriptions refer to the same real-world product? Entity 1: 'nan Seagate 6TB 7200rpm SATA-600 256MB NAS HDD ST6000NE000 81096 HUF'. Entity 2: 'Seagate Seagate IronWolf 6TB 3,5'' 256MB ST6000VN0033  0 nan'.",No
"Do the two product descriptions refer to the same real-world product? Entity 1: 'nan Ram Mout Triple Ball Adapter €46,95 EUR'. Entity 2: 'Maxxis Maxxis High Roller II 27.5 x 2.5 Wide Trail 3C Maxx Terra EXO/TR Folding Mountainbike Tyre  £48.00 GBP'.",No
Do the two product descriptions refer to the same real-world product? Entity 1: 'nan 3M - Privacy filter PF19 |30.2 cm x 37.7 cm| 1229.91 SEK'. Entity 2: 'Hydro Flask Hydro Flask 32oz Wide Mouth Flex Cap Hibiscus  44.95 USD'.,No
"Do the two product descriptions refer to the same real-world product? Entity 1: 'nan 3M - Lightweight 300 Privacy Filter PF322WSkjermfilter mot innsyn, m/ramme 20\""-23\""W (30,7 x 48,5) 3266.25 NOK'. Entity 2: 'APC APC Replacement Battery Cartridges #117  381.13 USD'.",No
Do the two product descriptions refer to the same real-world product? Entity 1: 'Samsung Samsung 970 Evo 500GB NVME M.2 High Speed Solid State Drive with V-Nand 10399.00 INR'. Entity 2: 'nan Cappello New Era Clean Trucker Chicago Bulls Cap  2.59E1 EUR'.,No
"Do the two product descriptions refer to the same real-world product? Entity 1: 'Intel Intel Core i7 9700F 9th Gen Desktop Processor/CPU Retail - No iGPU 292.99 GBP'. Entity 2: 'nan Intel Processor, Core i7-8700K 8th Gen  402.01 USD'.",No
Do the two product descriptions refer to the same real-world product? Entity 1: 'nan Tag Heuer Carrera Quartz Chronograph Stainless Steel Watch CBG2A1Z.BA0658 4.2435E3 USD'. Entity 2: 'nan Zebra 800011-101 ZXP Series 1 Ribbon ZXP Series 1 Load-N-Go Black Monochrome Ribbon  19 USD'.,No
Do the two product descriptions refer to the same real-world product? Entity 1: 'nan Samsung C27F390FHU - Full HD Curved Monitor 180.99 EUR'. Entity 2: 'Atomos Atomos Coiled Full HDMI to Full HDMI Cable (30cm) - ATOMCAB010  29.00 nan'.,No
"Do the two product descriptions refer to the same real-world product? Entity 1: 'nan Ubiquiti UVC-G3-FLEX-3 UniFi Protect G3 FLEX Camera 3-Pack $‎234.95 USD'. Entity 2: 'nan D-Link DGS-1210-28P 24-port 1Gb Smart Switch, 4x SFP, PoE  296.6 EUR'.",No
Do the two product descriptions refer to the same real-world product? Entity 1: 'nan Router wifi archer c60 ac1350 dual nan nan'. Entity 2: 'nan Ubiquiti Unifi AC In-Wall AP Wireless Access Point 5 Pack UAP-AC-IW-5 (No PoE Injector)  444.00 GBP'.,No
"Do the two product descriptions refer to the same real-world product? Entity 1: 'nan Maxxis High Roller II 29"" WideTrail Tire - 3C MT DD / 2.5"" 75.00 USD'. Entity 2: 'Corsair CORSAIR Vengeance RGB Pro 16GB (2 x 8GB) 288-Pin DDR4 DRAM DDR4 3000 (PC4 24000) Desktop Memory Model CMW16GX4M2C3000C15W  83.99 USD'.",No
Do the two product descriptions refer to the same real-world product? Entity 1: 'nan Logitech HD Pro Webcam C920 - webkamera nan nan'. Entity 2: 'nan Fujifilm Instax Square Film 20 Pack  39.0 NZD'.,No
Do the two product descriptions refer to the same real-world product? Entity 1: 'nan DJI Drone Accessory CP.PT.00000120.01 Mavic Air Part 4 Car Charger Retail 65.00 USD'. Entity 2: 'nan APPLE - AIRPODS WITH CHARGING CASEIN  nan nan'.,No
"Do the two product descriptions refer to the same real-world product? Entity 1: 'Cooler Master Cooler Master MasterLiquid ML120L V2 RGB All In One Liquid CPU Cooler 59.99 GBP'. Entity 2: 'Logitech Logitech BRIO 4K Ultra HD webcam  €289,00 nan'.",No
Do the two product descriptions refer to the same real-world product? Entity 1: 'nan Epson T6923 Ultrachrome XD rautt Ink 110ml 16371 ISK'. Entity 2: 'nan Kingston 256GB DataTraveler 100 G3 (USB 3.0)  1.8999E2 PLN'.,No
Do the two product descriptions refer to the same real-world product? Entity 1: 'nan Ubiquiti UniFi AP AC Pro Indoor / Outdoor Access Point 5 Pack 543.15 GBP'. Entity 2: 'Corsair CORSAIR 8Gbx1 DDR4 3000Mhz Ram CMK8GX4M1D3000C16 VENGEANCE LPX Gaming RAM  0 TRY'.,No
Do the two product descriptions refer to the same real-world product? Entity 1: 'nan OKI 44992402 Style Black Compatible Toner 21.49 GBP'. Entity 2: 'Znaka: Originln Originln toner OKI 44992402 (ern)  2149 CZK'.,Yes
"Do the two product descriptions refer to the same real-world product? Entity 1: 'nan Cartus toner Epson Discproducer PP-100AP, magenta 280.73 RON'. Entity 2: 'nan EPSON Magenta ink cartridge Discproducer  77.58 BGN'.",Yes
Do the two product descriptions refer to the same real-world product? Entity 1: 'nan Kingston Technology DataTraveler microDuo 3C 128GB USB flash drive USB Type-A / USB Type-C 3.0 (3.1 Gen 1) Silver 23.99 GBP'. Entity 2: 'nan Kingston DataTraveler microDuo 128GB USB 3.0  28.59 GBP'.,Yes
Do the two product descriptions refer to the same real-world product? Entity 1: 'Brother Toner Brother original amarillo TN135Y nan nan'. Entity 2: 'Default Toner kompatibel zu Brother TN-200 Black  14.87 EUR'.,No
"Do the two product descriptions refer to the same real-world product? Entity 1: 'GIGABYTE Gigabyte AORUS GeForce RTX™ 2080 Ti XTREME 11G 108000 INR'. Entity 2: 'Cisco Cisco Catalyst 2960-X | WS-C2960X-24TD-L Catalyst 2960X 24 port 10/100/1000, 2 x 10G SFP+, LAN Base  66720 THB'.",No
Do the two product descriptions refer to the same real-world product? Entity 1: 'Tissot Seastar 1000 Powermatic 80 - T120.407.11.051.00 629.00 CHF'. Entity 2: 'nan Carto de memria micro SD Kingston 64Gb XC1 classe 10 Canvas Select  0.00 BRL'.,No
Do the two product descriptions refer to the same real-world product? Entity 1: 'nan APC UPS 1KVA Tower UPS SMT1000I 411 GBP'. Entity 2: 'nan Samsung T7 Touch Portable SSD Drive [1TB](Silver)  319 AUD'.,No
Do the two product descriptions refer to the same real-world product? Entity 1: 'nan Crucial 500GB MX500 M.2 2880 SATA 6Gb/s SSD 54.39 GBP'. Entity 2: 'nan TP-Link EAP225-Outdoor AC1200 Wireless MU-MIMO Gigabit Indoor/Outdoor Access Point  30290 HUF'.,No
"Do the two product descriptions refer to the same real-world product? Entity 1: 'SHIMANO SHIMANO PD-R7000, 105, SPD-SL PEDAL. 170.00 AUD'. Entity 2: 'nan Shimano 105 RD-R7000 GS Rear Derailleur  57.99 USD'.",No
Do the two product descriptions refer to the same real-world product? Entity 1: 'SRAM SRAM Disc Brake Pad Set Organic Compound 24.99 USD'. Entity 2: 'Sram Sram/Avid Road Disc Brake Pads - Road/Level (Organic/Steel Back)  19.99 USD'.,Yes
Do the two product descriptions refer to the same real-world product? Entity 1: 'nan Sigma 105mm f1.4 DG HSM Art Lens for Canon 1599.95 USD'. Entity 2: 'Sigma Sigma 105mm F1.4 Art DG HSM EOS Mount Lens  2595 AUD'.,Yes
"Do the two product descriptions refer to the same real-world product? Entity 1: 'nan Ram Mount 2\"" Double Socket Arm for 1\"" Balls 1.399E1 USD'. Entity 2: 'RAM Mount RAM Double Socket Clamp Arm SHORT  32.00 AUD'.",Yes
Do the two product descriptions refer to the same real-world product? Entity 1: 'nan SHIMANO XT CN-HG95 HG-X chain 20.62 EUR'. Entity 2: 'nan Shimano CN-HG95 116 links chain  24.03 EUR'.,Yes
Do the two product descriptions refer to the same real-world product? Entity 1: 'nan Zebra 800015-301 (Eltron) Black (K) Resin Ribbon - 1500 Prints 16.00 USD'. Entity 2: 'nan Zebra 800015-101 Black Monochrome Ribbon - 1000 Prints  9.54 GBP'.,No
Do the two product descriptions refer to the same real-world product? Entity 1: 'Canon Canon EF-S 10-18/4.5-5.6 IS STM 23126 EUR'. Entity 2: 'Kingston Kingston HyperX Fury 4GB DDR3 1600MHz CL10 Ram  248.51 TRY'.,No
"Do the two product descriptions refer to the same real-world product? Entity 1: 'nan Corsair Carbide 175R RGB Black Mid Tower ATX Case, Tempered Glass Side Window, No PSU, 2x USB 3.0, HD Audio, 1x 120mm Fan included 105.00 AUD'. Entity 2: 'nan Cooler Master MasterBox Lite 5 ATX Black Case, Window, NO PSU, 2x USB 3.0, HD Audio, Dark Mirror Front Panel, No External 5.25\"" Drive Bay  89.00 AUD'.",No
Do the two product descriptions refer to the same real-world product? Entity 1: 'nan APC Smart-UPS RT192V RM Battery Pack 2 R 34990.00 NOK'. Entity 2: 'nan APC Smart-UPS RT 20kVA RM 230V - SURT20KRMXLI  16299 SGD'.,No
"Do the two product descriptions refer to the same real-world product? Entity 1: 'nan RAM Long Length Double Socket Arm for 1.5\"" Balls 7.395E1 AUD'. Entity 2: 'nan Ram Mount 2\"" Double Socket Arm for 1\"" Balls  1.399E1 USD'.",No
Do the two product descriptions refer to the same real-world product? Entity 1: 'nan AMD Ryzen 5 3400G Desktop Processor 4 Cores up to 4.2GHz 6MB Cache AM4 Socket (YD3400C5FHBOX) 13949.00 INR'. Entity 2: 'AMD AMD Ryzen 5 2600X - 4.25 GHz - 6-core - 12 threads - 19 MB cache - Socket AM4 - Box  296.39 EUR'.,No
Do the two product descriptions refer to the same real-world product? Entity 1: 'Brother Brother HL-L5200DW Laser Printer 313.9 AUD'. Entity 2: 'nan Brother MFC-L2710DW - multifunction printer - B/W  199.99 USD'.,No
"Do the two product descriptions refer to the same real-world product? Entity 1: 'nan SANDISK FLASH CRUZER GLIDE 64GB 178,01zł PLN'. Entity 2: 'nan Sandisk Ixpand 64GB USB3.0 Flash Drive for Iphone, Ipad  31.99 GBP'.",No
Do the two product descriptions refer to the same real-world product? Entity 1: 'Epson Epson Tinte schwarz-photo f. R3000 27.28 EUR'. Entity 2: 'nan Kingston SDCS Canvas Select Class10 microSD Memory Card - 64GB With Adapter  1990 PKR'.,No
Do the two product descriptions refer to the same real-world product? Entity 1: 'nan Gorra New Era NY Yankees MLB 9Fifty Cap 3.19E1 EUR'. Entity 2: 'nan Tag Heuer Carrera Quartz Chronograph Stainless Steel Watch CBK2112.BA0715  2.407E3 USD'.,No
"Do the two product descriptions refer to the same real-world product? Entity 1: 'AMD AMD Ryzen 5 2600X - 4.25 GHz - 6-core - 12 threads - 19 MB cache - Socket AM4 - Box 296.39 EUR'. Entity 2: 'AMD YD260XBCAFBOX - AMD AM4 Ryzen 5 2600X, 6x 3.60GHz, boxed  1.3305E2 CHF'.",Yes
"Do the two product descriptions refer to the same real-world product? Entity 1: 'Epson Genuine Epson C13T616400 Yellow Ink Cartridge (T6164YOEM) 50.99 GBP'. Entity 2: 'nan Evans EC2 Clear Drum Head, 14 Inch  2.399E1 USD'.",No
Do the two product descriptions refer to the same real-world product? Entity 1: 'nan Traveler's Notebook / Refill 001 / Lined Notebook 4.9E0 EUR'. Entity 2: 'Traveler's Company Traveler's Company 001. LINED REFILL MIDORI TRAVELER'S NOTEBOOK  3.50 GBP'.,Yes
"Do the two product descriptions refer to the same real-world product? Entity 1: 'nan Pokémon TCG: Sword & Shield-Rebel Clash 3 Booster Packs, Coin & Rayquaza Promo Card 11.99 USD'. Entity 2: 'nan Zebra 800015-101 1000 Prints Black Resin Ribbon for P310i P420i P520i  5.949999E1 AUD'.",No
Do the two product descriptions refer to the same real-world product? Entity 1: 'Znaka: Originlne Originlny toner CANON CRG-707 C (Azrov) 77.9 EUR'. Entity 2: 'nan LOGITECH UC Corded Stereo USB Headset H570e (Leatherette Pad) - Business EMEA  0.001 nan'.,No
Do the two product descriptions refer to the same real-world product? Entity 1: 'nan SANDISK EXTREME PRO SDXC 256GB V30 UHS-I U3 - SDSDXXY-256G-GN4IN nan nan'. Entity 2: 'SanDisk SanDisk Ultra SDXC Memory Card 100MBs Class 10 UHS-I 256GB  52.59 GBP'.,No
Do the two product descriptions refer to the same real-world product? Entity 1: 'nan Carbide Series 275R Tempered Glass Mid-Tower Gaming CaseWhite 94.38 EUR'. Entity 2: 'nan Nikon AF-S NIKKOR FX 50mm F1.8G Lens  1.9695E2 USD'.,No
Do the two product descriptions refer to the same real-world product? Entity 1: 'Jabra Jabra BIZ 2400 Mark II - 3-in-1 Mono Headset 204.18 USD'. Entity 2: 'nan Jabra BIZ 2400 II 3-in-1 Mono IP Headset top only  148.30 GBP'.,No
"Do the two product descriptions refer to the same real-world product? Entity 1: 'nan Disco Seagate Ironwolf Nas 10Tb Sata3 (St10000vn0008) 296.37 EUR'. Entity 2: 'SEAGATE Seagate NAS HDD IronWolf - 3.5\"" - 10000 GB - 7200 RPM ST10000VN0008  131127 nan'.",Yes
Do the two product descriptions refer to the same real-world product? Entity 1: 'nan HyperX FURY Blue 4GB (1x4GB) 1600MHz DDR3 Memory 2.134E1 GBP'. Entity 2: 'nan Garmin VENU Smartwatch Black 010-02173-12 Leather Strap  329.99 GBP'.,No
Do the two product descriptions refer to the same real-world product? Entity 1: 'nan 502HD PRO VIDEO HEAD WITH FLAT BASE 5.189995999999999E2 NZD'. Entity 2: 'Manfrotto Manfrotto MVH500AH Lightweight Video Head with Flat Base  115 GBP'.,No
"Do the two product descriptions refer to the same real-world product? Entity 1: 'nan 3M - PF230W9F EYE PROTECTION FILTER DESKTOPS FRAME STANDARD 23.0 ACCS 1737.50 DKK'. Entity 2: 'nan 3M - Privacy Filter 23.0\""\"" Framed  2400.00 DKK'.",Yes
Do the two product descriptions refer to the same real-world product? Entity 1: 'Western Digital Western Digital Western Digital 2TB Blue 79.00 EUR'. Entity 2: 'Dymo Genuine Dymo D1 Standard Label Cassette Tape 9mm x 7m - Black on White  17.86 AUD'.,No
Do the two product descriptions refer to the same real-world product? Entity 1: 'Crucial Crucial 8GB DDR3 1600MHz CT102464BF160B Notebook Ram 414.14 TRY'. Entity 2: 'nan Crucial 1x 8GB DDR3L 1600MHz ECC Unbuffered UDIMM RAM | Discount Computer Needs  269.00 AUD'.,No
Do the two product descriptions refer to the same real-world product? Entity 1: 'Intel Intel Core i7-8700K Coffee Lake 6-Core 3.7 GHz (4.7 GHz Turbo) LGA 1151 (300 Series) 95W BX80684I78700K Desktop Processor Intel UHD Graphics 630 489.96 CAD'. Entity 2: 'Cooler Master Cooler Master MasterBox TD500 ARGB Mesh ATX Case Black TG MCB-D500D-KGNN-S01 | PCByte  149.0 AUD'.,No
Do the two product descriptions refer to the same real-world product? Entity 1: 'nan Omega Seamaster DIVER 300MOMEGA CO-AXIAL MASTER CHRONOMETER 42 MM 219000 MXN'. Entity 2: 'nan ADAPTADOR INALAMBRICO TP-LINK/USB 2.0/N300/QSS/TL-WN821N  175.5 MXN'.,No
Do the two product descriptions refer to the same real-world product? Entity 1: 'nan Xerox Phaser 7760 Yellow Toner 106R01162 683.65 CAD'. Entity 2: 'Xerox Xerox Phaser 6000/6010 Black Toner  nan nan'.,No
"Do the two product descriptions refer to the same real-world product? Entity 1: 'Maxxis Maxxis Maxxis Minion DHR II Tire: 29 x 2.40"", Folding, 60tpi, 3C MaxxGrip 2- Ply, Tubeless Ready, Wide Trail, Black 90.00 USD'. Entity 2: 'Maxxis Maxxis Maxxis, Minion DHR2, Tire, 29''x2.40, Folding, Tubeless Ready, 3C Maxx Grip, 2-ply, Wide Trail, 60TPI, Black  90.00 USD'.",Yes
Do the two product descriptions refer to the same real-world product? Entity 1: 'nan Asus Dual GeForce GTX 1660 6GB OC Edition GDDR5 EVO Graphics Card | 90YV0D11-M0NA00 1149.50 AED'. Entity 2: 'nan ASUS GeForce GTX 1660 SUPER DUAL EVO OC  1989.00 DKK'.,No
Do the two product descriptions refer to the same real-world product? Entity 1: 'nan Asus PRIME B450-PLUS(PRIME B450-PLUS) 32585 HUF'. Entity 2: 'nan DYMO 4500 TAPE BLACK/RED 45017  11.49 GBP'.,No
"Do the two product descriptions refer to the same real-world product? Entity 1: 'nan Seagate Ironwolf Pro 6TB (ST6000NE000) nan nan'. Entity 2: 'Seagate Seagate IronWolf 6TB 3,5'' 256MB ST6000VN0033  0 nan'.",No
"Do the two product descriptions refer to the same real-world product? Entity 1: 'nan Shimano 11 SPD Chain RD/MTB Sil-Tec With Quick Link 94.99 NZD'. Entity 2: 'nan Shimano CN-HG601 105 5800 / SLX M7000 Chain With Quick Link 11-Speed - 116 Links, SIL-TEC  31.99 GBP'.",No
Do the two product descriptions refer to the same real-world product? Entity 1: 'Cooler Master Cooler Master MasterCase H500 Mid Tower PC Case 99.98 GBP'. Entity 2: 'Cooler Master Cooler Master MasterBox Lite 5 Mid Tower Case  89 AUD'.,No
Do the two product descriptions refer to the same real-world product? Entity 1: 'nan APPLE - AIRPODS WITH WIRELESS CHARGING CASE IN 3940.00 SEK'. Entity 2: 'nan EPSON cartridge T7891 black (WorkForce5)  1805.00 CZK'.,No
Do the two product descriptions refer to the same real-world product? Entity 1: 'nan Audio Technica ATH-M50xWH Professional Studio Monitor Headphones 1.69E2 USD'. Entity 2: 'nan Shimano PD-R550 SPD-SL Resin Pedal  120.99 NZD'.,No
Do the two product descriptions refer to the same real-world product? Entity 1: 'FANABOX™ New York Yankees New Era Navy League 9FORTY Adjustable Hat - Men - Navy Blue 44.95 CAD'. Entity 2: 'NEW ERA Czapka New Era 39THIRTY New York Yankees - 10298279  136.41 PLN'.,No
Do the two product descriptions refer to the same real-world product? Entity 1: 'nan KINGSTON ValueRAM RAM Module - 4 GB (1 x 4 GB) - DDR4 SDRAM 0 AUD'. Entity 2: 'nan Kingston ValueRAM 4GB No Heatsink (1 x 4GB) DDR4 2400MHz SODIMM System Memory  892.00 MUR'.,Yes
Do the two product descriptions refer to the same real-world product? Entity 1: 'nan Kingston 16GB DataTraveler microDuo USB 3.0 OTG Flash Drive 19.99 CAD'. Entity 2: 'nan Kingston DataTraveler G4 - USB flash drive - 16 GB - USB 3.0 - blue  14.99 EUR'.,No
Do the two product descriptions refer to the same real-world product? Entity 1: 'nan Toner Original Oki Ciano (44844507) 234.55 EUR'. Entity 2: 'Oki OKI C831/841 Cyan Toner 10K  219.74 GBP'.,Yes
"Do the two product descriptions refer to the same real-world product? Entity 1: 'nan 215.30.46.51.01.001 Omega Seamaster Planet Ocean Chronograph 45.5mm 6370 GBP'. Entity 2: 'Epson Epson T0487 Multipack (Black, Cyan, Magenta, Yellow, Light Cyan, Light Magenta)  111.22 GBP'.",No
Do the two product descriptions refer to the same real-world product? Entity 1: 'nan Kappe New Era NFL New Orleans Saints 9Fifty Cap 3.99E1 EUR'. Entity 2: 'Cooler Master Cooler Master MasterCase H500 Mid Tower PC Case  99.98 GBP'.,No
Do the two product descriptions refer to the same real-world product? Entity 1: 'nan HP 300GB 6G SAS 15K rpm SFF (2.5-inch) SC Enterprise nan nan'. Entity 2: 'nan HPE 300GB SERVER SMART MEMORY 6G 15K SAS 2.5 652611-B21  90000.00 NGN'.,Yes
Do the two product descriptions refer to the same real-world product? Entity 1: 'nan Canon PFI 107C Ink Cartridge Cyan 0.00 AUD'. Entity 2: 'Canon Canon PGI-29 Ink Tank Grey 4871B001AA CO68194  23.81 GBP'.,No
Do the two product descriptions refer to the same real-world product? Entity 1: 'nan Cooler master ventola master liquid ML120R rgb lga 775>2066 amd AM2>FM1 97.54 EUR'. Entity 2: 'nan Manfrotto Befree Advanced Twist Tripod  479.99 NZD'.,No
"Do the two product descriptions refer to the same real-world product? Entity 1: 'nan Blaze 40\"" Stainless Steel 5 Burner LTE Built-In Gas Grill w/ Rear Burner BLZ-5LTE2 2199.99 USD'. Entity 2: 'nan Blaze 40-Inch Cart For 5-Burner Grill, Cart Only  5.1499E2 USD'.",No
"Do the two product descriptions refer to the same real-world product? Entity 1: 'Shimano Shimano - CLEATS SH-10 FIXED RED 35.00 AUD'. Entity 2: 'nan ShimanoSm-Sh10 Spd-Sl Cleats, Fixed  1.999E1 GBP'.",Yes
Do the two product descriptions refer to the same real-world product? Entity 1: 'nan Šilterica New Era Clean Trucker Chicago Bulls Cap 1.941E2 HRK'. Entity 2: 'nan Cappello New Era Clean Trucker 2 NY Yankees Cap  2.19E1 EUR'.,No
Do the two product descriptions refer to the same real-world product? Entity 1: 'Apple Apple AirPods with Wireless Charging Case (2nd Generation) - White 139.99 USD'. Entity 2: 'nan APPLE - Apple AirPods 2 with Wireless Charging Case MRXJ2ZM/A - White  2396.00 NOK'.,No
Do the two product descriptions refer to the same real-world product? Entity 1: 'nan EPSON Magenta ink cartridge Discproducer 77.58 BGN'. Entity 2: 'nan Epson - Ink Cartridge Black 10K  3905.00 CZK'.,No
"Do the two product descriptions refer to the same real-world product? Entity 1: 'Seiko Seiko Prospex Diver Sumo Green Mens Stainless Steel SPB103J1 740.00 GBP'. Entity 2: 'nan Apple AirPods Pro Bluetooth Earbuds w/ Wireless Charging Case, White (MWP22AM/A)  249 USD'.",No
Do the two product descriptions refer to the same real-world product? Entity 1: 'nan Kingston 32GB DDR4 3000MHz Kit(2x16GB) HyperX Predator Intel XMP 75490 HUF'. Entity 2: 'Kingston Kingston HyperX Predator 32 GB - PC4-24000 - DIMM  199.00 EUR'.,Yes
Do the two product descriptions refer to the same real-world product? Entity 1: 'nan Carbide Series 275R Tempered Glass Mid-Tower Gaming CaseWhite 94.38 EUR'. Entity 2: 'Corsair Carbide 175R RGB Windowed Mid-Tower Case Tempered Glass  69.90 EUR'.,No
Do the two product descriptions refer to the same real-world product? Entity 1: 'nan ASUS ROG STRIX B550-E GAMING Presa AM4 ATX AMD B550 329.69 EUR'. Entity 2: 'nan Fujifilm Instax mini Rainbow film 10 pack  149.95 ZAR'.,No
"Do the two product descriptions refer to the same real-world product? Entity 1: 'nan Ram Mount 2\"" Double Socket Arm for 1\"" Balls 1.399E1 USD'. Entity 2: 'nan RAM Double Socket Arm MC201C LONG  2.899E1 GBP'.",No
"Do the two product descriptions refer to the same real-world product? Entity 1: 'Corsair Corsair Vengeance LPX 16GB(2x8GB) €67,00 nan'. Entity 2: 'nan APC (APCRBC110) REPLACEMENT BATTERY CATRIDGE #110  176.4 AUD'.",No
"Do the two product descriptions refer to the same real-world product? Entity 1: 'nan Corsair ML120 Pro LED, Red, 120mm Premium Magnetic Levitation Fan 72.40 AUD'. Entity 2: 'nan Corsair ML140 Pro LED, Red, 140mm Premium Magnetic Levitation Fan  77.96 AUD'.",No
Do the two product descriptions refer to the same real-world product? Entity 1: 'nan Audio Technica ATH-M50xWH Professional Studio Monitor Headphones 1.69E2 USD'. Entity 2: 'nan Audio-Technica ATH-M50x Monitor Headphones - White  249 AUD'.,Yes
Do the two product descriptions refer to the same real-world product? Entity 1: 'nan Asus ROG STRIX Z390-I Gaming (ROG STRIX Z390-I GAMING) 76985 HUF'. Entity 2: 'Ubiquiti Ubiquiti UniFi Dual-Band WiFi PoE Access Point UAP-AC-HD - 5 Pack  1365.99 GBP'.,No
Do the two product descriptions refer to the same real-world product? Entity 1: 'nan LOGITECH | G402 Hyperion Fury FPS Gaming Mouse | 910-004068 199 QAR'. Entity 2: 'nan Basilisk V2 Ergonomic Gaming Mouse  91.19 EUR'.,No
"Do the two product descriptions refer to the same real-world product? Entity 1: 'nan Pokemon SWSH3: Darkness Ablaze Elite Trainer Box 49.95 EUR'. Entity 2: 'Elite Home Store 43\"" 2020 Q60T 4K Smart QLED TV  0.0 CAD'.",No
Do the two product descriptions refer to the same real-world product? Entity 1: 'nan WEBCAM LOGITECH C270 HD 720P nan nan'. Entity 2: 'nan LOGITECH - HD WEBCAM C310 - USB - EMEAIN  762.50 SEK'.,No
"Do the two product descriptions refer to the same real-world product? Entity 1: 'nan SEIKO Prospex Automatic Men's 45mm Diver Watch - SPB103J1 – Green Dial 7.4E2 GBP'. Entity 2: 'nan APC Smart-UPS SMT1000RMI2UC Noodstroomvoeding - 4x C13, USB, Rack Mountable, SmartConnect, 1000VA  751.00 EUR'.",No
"Do the two product descriptions refer to the same real-world product? Entity 1: 'nan CORSAIR 275R (ATX) MID TOWER CABINET - WITH TEMPERED GLASS SIDE PANEL (WHITE) CC-9011133-WW 8050 INR'. Entity 2: 'nan Crucial 2TB MX500 2.5"" 7mm SATA 6Gb/s SSD  206.46 GBP'.",No
Do the two product descriptions refer to the same real-world product? Entity 1: 'nan Karta VGA Gigabyte GeForce GTX 1650 OC 4GB GDDR6 128bit DVI+HDMI+DP PCIe3.0 693.00 PLN'. Entity 2: 'nan Asus GeForce GTX 1660 Super Phoenix OC 6GB GDDR6 DVI/HDMI/DP PCi Ex 3.0 x16  311.00 EUR'.,No
Do the two product descriptions refer to the same real-world product? Entity 1: 'Omega Omega Horloge Seamaster 46mm Planet Ocean 600M Co-Axial Master ChronometerChronograph 215.32.46.51.01.001 7600.00 EUR'. Entity 2: 'nan Omega Seamaster Planet Ocean 600m Co-Axial Master Chronometer GMT 45.5mm (215.92.46.22.01.004) ETNZ Deep Black  1.12E4 USD'.,No
"Do the two product descriptions refer to the same real-world product? Entity 1: 'nan RAM Motorcycle Fork Stem Base w 1\"" Ball (RAM-B-342U) 30.45 AUD'. Entity 2: 'RAM Mounts RAM Motorcycle Brake/Clutch Reservoir & Handlebar Ball Base / B Size / RAM-B-309-7U  27.00 EUR'.",No
"Do the two product descriptions refer to the same real-world product? Entity 1: 'nan RAM® 3\"" Double Ball Arm for 1.5\"" Ball 19.49 USD'. Entity 2: 'RAM Mounts RAM Mounts short arm for 1\"" ball  9.63 eur'.",No
"Do the two product descriptions refer to the same real-world product? Entity 1: 'nan SanDisk PLUS SSD Hard Drive 2.5´´ internal, 480 GB, SATA, Black 54.99 EUR'. Entity 2: 'Dymo Dymo 53718 Black On Yellow - 24mm  15.70 GBP'.",No
"Do the two product descriptions refer to the same real-world product? Entity 1: 'Epson Epson Tinte T6164 Yellow, 53 ml 61.40 EUR'. Entity 2: 'nan Sunflower 32oz. Wide Mouth Water Bottle  44.95 USD'.",No
Do the two product descriptions refer to the same real-world product? Entity 1: 'nan Razer DeathAdder V2 Ergonomic Wired Gaming Mouse (RZ01-03210100-R3M1) (Warranty 2years with Ban Leong) 99.00 SGD'. Entity 2: 'nan Razer DeathAdder V2 mouse USB Type-A Right-hand  1388641.00 IDR'.,Yes
"Do the two product descriptions refer to the same real-world product? Entity 1: 'TP-LINK Access Point TP-LINK Wireless N 300Mbs B/G/N - 3 Antenas 29,75 EUR'. Entity 2: 'TP-Link Access Point TP-Link 450MBPS TL-WA901ND Wireless  0.0 BRL'.",Yes
Do the two product descriptions refer to the same real-world product? Entity 1: 'Maxxis Maxxis High Roller II MaxxTerra Tire (WT) (3C/EXO/TR) (27.5 x 2.40) (Folding) 71.00 USD'. Entity 2: 'nan Cheap Replica Audemars Piguet Royal Oak Offshore Chronograph Watch 26470ST.OO.A099CR.01  nan nan'.,No
Do the two product descriptions refer to the same real-world product? Entity 1: 'nan Epson Premium Glossy Photo Paper 13x18cm 11.49 GBP'. Entity 2: 'EPSON Epson Premium Glossy Photo Paperphoto paper - 25 sheet(s) - A2  31.19 GBP'.,No
Do the two product descriptions refer to the same real-world product? Entity 1: 'GN Netcom Jabra EVOLVE 20 Wired Stereo Headset - Over-the-head - Supra-aural 35.93 GBP'. Entity 2: 'Cooler Master Cooler Master MasterCase H500 ARGB Mesh Mid Tower ATX Case TG MCM-H500-IGNN-S01 | PCByte  169.0 AUD'.,No
Do the two product descriptions refer to the same real-world product? Entity 1: 'nan Nikon AF-S NIKKOR 24-85mm f/3.5-4.5 G ED VR Lens 679.99 CAD'. Entity 2: 'Kingston Kingston StorageDataTraveler SEG G2 64GB USB 3.0 Metal  25.95 EUR'.,No
Do the two product descriptions refer to the same real-world product? Entity 1: 'nan TISSOT T1204071105100 Seastar Powermatic 80 15490 CZK'. Entity 2: 'nan Tissot T-Sport Seastar 1000 Powermatic 80 Watch T1204071704100  nan nan'.,No
Do the two product descriptions refer to the same real-world product? Entity 1: 'nan Daniel Wellington Classic Sheffield Rose 40mm -rannekello DW00100007 189 EUR'. Entity 2: 'Daniel Wellington Daniel Wellington Classic Sheffield Men 40mm Quartz Watch 0206DW  119 USD'.,No
Do the two product descriptions refer to the same real-world product? Entity 1: 'Fujifilm Fujifilm XF 56mm F/1.2 R APD Lens 23995 ZAR'. Entity 2: 'nan Fujifilm XF 56mm f/1.2 R  879.00 EUR'.,No
"Do the two product descriptions refer to the same real-world product? Entity 1: 'Corsair Corsair ML140 PRO RGB LED 140MM PWM Premium Magnetic Levitation Fan - Single Pack 32.98 GBP'. Entity 2: 'Epson Epson Tinte T6935 Matt Black UltraChrome, 350 ml  134.10 EUR'.",No
Do the two product descriptions refer to the same real-world product? Entity 1: 'Cooler Master Cooler Master MasterBox TD500 ARGB Mesh ATX Case Black TG MCB-D500D-KGNN-S01 | PCByte 149.0 AUD'. Entity 2: 'Cooler Master Cooler Master N300 Mesh ATX Case Black NSE-300-KKN1 | PCByte  79.0 AUD'.,No
Do the two product descriptions refer to the same real-world product? Entity 1: 'Corsair Corsair ML120 Pro LED 120mm Premium Mag-Lev Fan Red 39 AUD'. Entity 2: 'Canon Canon 24-70mm f/2.8L II USM EF Lens  nan nan'.,No
Do the two product descriptions refer to the same real-world product? Entity 1: 'ASUS ASUS PRIME X570-PRO (AM4) (D) (90MB11B0-M0EAY0) 87700 nan'. Entity 2: 'SRAM SRAM Disc Brake Pad Set Organic Compound  24.99 USD'.,No
Do the two product descriptions refer to the same real-world product? Entity 1: 'nan Western Digital My Book 3 To - Noir 124.99 EUR'. Entity 2: 'Samsung Samsung 970 EVO MZ-V7E1T0BW - Solid state drive - krypterat - 1 TB - inbyggd - M.2 2280 - PCI Express 3.0 x4 (NVMe) - 256 bitars AES - TCG Opal Encryption 2.0  1682 SEK'.,No
Do the two product descriptions refer to the same real-world product? Entity 1: 'nan Transcend 128GB Internal SSD 2.5″ SATA3 6800 KES'. Entity 2: 'nan Omega Seamaster Planet Ocean 600m Co-Axial Master Ceramic 215.92.46.22.01.004 Black Dial Replica  nan nan'.,No
Do the two product descriptions refer to the same real-world product? Entity 1: 'nan TAG Heuer Automatic Chronograph Watch CBG2A1Z.BA0658 6550 USD'. Entity 2: 'Swiss Military Hanowa Swiss Military Hanowa Swiss Military Hanowa Undercover Multifunction 06-4307.30.007  249.00 EUR'.,No
Do the two product descriptions refer to the same real-world product? Entity 1: 'nan APPLE - Airpods With Charging Case 2632.10 DKK'. Entity 2: 'Cooler Master Cooler Master MasterLiquid ML120R ARGB AIO Cooler  129 AUD'.,No
Do the two product descriptions refer to the same real-world product? Entity 1: 'nan DDR3 8GB PC1600 CL9 Kingston Hypk 41.16 nan'. Entity 2: 'nan Ubiquiti UniFi Mesh AP OUT AC1750 5 PACK  6829.03 RON'.,No
"Do the two product descriptions refer to the same real-world product? Entity 1: 'nan ASUS GeForce RTX 2080 SUPER 8GB DUAL OC EVO 9596.00 SEK'. Entity 2: 'nan ASUS GeForce® RTX 2080 SUPER™ Dual Evo OC 8GB (90YV0DJ0-M0NM00) (NVIDIA, Grafikkarte)  5.99E2 EUR'.",Yes
Do the two product descriptions refer to the same real-world product? Entity 1: 'Fujifilm Fujifilm XF 56mm F/1.2 R APD Lens 23995 ZAR'. Entity 2: 'nan Apple - AirPods with Wireless Charging Case (Latest Model) - White  159 USD'.,No
Do the two product descriptions refer to the same real-world product? Entity 1: 'Garmin Garmin Fenix 5S Plus GPS Watch Silver with Black Band 529 GBP'. Entity 2: 'nan Fenix 5X Plus GPS Black Smartwatch  550 GBP'.,No
Do the two product descriptions refer to the same real-world product? Entity 1: 'Corsair CORSAIR 8Gbx1 DDR4 3000Mhz Ram CMK8GX4M1D3000C16 VENGEANCE LPX Gaming RAM 0 TRY'. Entity 2: 'NEW ERA Czapka New Era 39THIRTY New York Yankees - 10298279  136.41 PLN'.,No
Do the two product descriptions refer to the same real-world product? Entity 1: 'nan Intel Core i7-10700KF Prosessor 4399.00 NOK'. Entity 2: 'nan INTEL CPU 10TH GEN COMET LAKE I7-10700KF 3.80GHZ LGA1200 16.00MB CACHE BOXED  476.90 EUR'.,Yes
"Do the two product descriptions refer to the same real-world product? Entity 1: 'nan DDR4 Vengeance LPX 16GB/3200(2*8GB) CL16-18-18-36 BLACK 1,35VXMP 2.0 285 PLN'. Entity 2: 'nan Jabra BIZ 2300 USB MS Duo  149.00 USD'.",No
Do the two product descriptions refer to the same real-world product? Entity 1: 'nan Obiectiv foto CANON EF-S 10-18mm f/4.5-5.6 IS STM nan nan'. Entity 2: 'Canon Canon EF-S 10-18/4.5-5.6 IS STM  23126 EUR'.,Yes
Do the two product descriptions refer to the same real-world product? Entity 1: 'nan LOGITECH - HD WEBCAM C310 - USB - EMEAIN 762.50 SEK'. Entity 2: 'Logitech Logitech® HD Webcam C310 - USB  39.948 GBP'.,Yes
"Do the two product descriptions refer to the same real-world product? Entity 1: 'Crucial Crucial MX500 250GB SATA 2.5-inch, SATA 6.0Gb/s 7mm Solid State Drive 44.988 GBP'. Entity 2: 'Shimano Shimano Shimano PD-R7000 105 SPD-SL PEDAL W/O REFLECTOR W/CLEAT  149.99 USD'.",No
Do the two product descriptions refer to the same real-world product? Entity 1: 'Atomos Atomos Coiled Full HDMI to Full HDMI Cable (30cm) - ATOMCAB010 29.00 nan'. Entity 2: 'nan Atomos ATOM-CAB010 Full To Full Hdmi Coiled Cable  32.99 CAD'.,Yes
"Do the two product descriptions refer to the same real-world product? Entity 1: 'nan Western Digital My Passport 1TB 2,5"" USB 3.0 71.00 EUR'. Entity 2: 'nan Western Digital My Book 3 To - Noir  124.99 EUR'.",No
Do the two product descriptions refer to the same real-world product? Entity 1: 'nan TP-Link Archer T9UH Wireless AC1900 USB Adapter 99.00 AUD'. Entity 2: 'Logitech Logitech H570e Monaural USB Headset  nan nan'.,No
Do the two product descriptions refer to the same real-world product? Entity 1: 'nan Western Digital My Book Micro-USB B 3.0 (3.1 Gen 1) 3000GB N 143.443635 EUR'. Entity 2: 'nan Maintenance Unit Epson T6190 35000Pgs (C13T619000)  19.55 EUR'.,No
"Do the two product descriptions refer to the same real-world product? Entity 1: 'nan Corsair Carbide SPEC-OMEGA RGB Black ATX Cube Case, Tempered Glass Window, No PSU, 2x USB 3.0, HD Audio, 2x HD120 RGB Fan / Lighting Node PRO pre-installed 269.00 AUD'. Entity 2: 'SRAM SRAM Disc Brake Pad Set Organic Compound  24.99 USD'.",No
Do the two product descriptions refer to the same real-world product? Entity 1: 'nan Shimano HG701 Ultegra R8000 XT M8000 11 Speed Chain with Quick Link 5.5E1 SGD'. Entity 2: 'Shimano Shimano Cassette Ultegra R8000 11 Speed 11-28T  150.00 AUD'.,No
Do the two product descriptions refer to the same real-world product? Entity 1: 'Daniel Wellington Daniel Wellington Mens Classic Sheffield 40mm Rose Gold Black DW00100007 140.83 GBP'. Entity 2: 'Kingston Kingston 4GB DDR3 1600MHz HyperX Fury Black Series  8675.37 HUF'.,No
Do the two product descriptions refer to the same real-world product? Entity 1: 'nan 32 Oz Wide Mouth With Flex Cap W32BTS001 44.95 USD'. Entity 2: 'EPSON Epson Seahorse Multipack 6-kleur T0487  189 EUR'.,No
Do the two product descriptions refer to the same real-world product? Entity 1: 'D-Link Switch D-Link DGS-1210-24 20 p 10 / 100 / 1000 Mbps 4 x SFP 138.87 EUR'. Entity 2: 'WD WD Blue 3D - 2048 GB - M.2 - 560 MB/s - 6 Gbit/s WDS200T2B0B  101419 nan'.,No
"Do the two product descriptions refer to the same real-world product? Entity 1: 'nan SDS2/32GB, 32GB SDHC Canvas Select Plus 100R C10 UHS-I U1 V10 nan nan'. Entity 2: 'nan Manfrotto MVK500AM Fluid Video System  412.00 EUR'.",No
Do the two product descriptions refer to the same real-world product? Entity 1: 'TP-Link TP-Link Omada AC1200 Wireless Dual Band Gigabit Outdoor Access Point 144 AUD'. Entity 2: 'nan TP-Link AC1200 Wireless MU-MIMO Gigabit Indoor/Outdoor Access Point (EAP225-Outdoor) AC1200 Outdoor  2771 ZAR'.,Yes
"Do the two product descriptions refer to the same real-world product? Entity 1: 'nan 507125-B21 HP 146-GB 6G 10K 2.5 DP SAS HDD 2436850 VND'. Entity 2: 'nan Hewlett Packard Enterprise HDD 146GB 10K SAS 2,5INCH (507125-B21)  168.136033 EUR'.",Yes
"Do the two product descriptions refer to the same real-world product? Entity 1: 'nan Razer Basilisk V2 Wired Ergonomic Gaming Mouse, 11 Programmable Buttons | RZ01-03160100-R3M1 340.73 AED'. Entity 2: 'nan Razer DeathAdder V2 Ergonomic Wired Gaming Mouse (RZ01-03210100-R3M1) (Warranty 2years with Ban Leong)  99.00 SGD'.",No
Do the two product descriptions refer to the same real-world product? Entity 1: 'nan ASUS GeForce GTX 1660 SUPER DUAL EVO OC 1989.00 DKK'. Entity 2: 'Asus ASUS Dual GeForce GTX 1660 6GB OC Edition EVO 192Bit GDDR5  nan nan'.,No
Do the two product descriptions refer to the same real-world product? Entity 1: 'nan SRAM XG-1090 PowerDome-X 10sp Cassette 328.0 USD'. Entity 2: 'Epson Epson oryginalny tusz T2982 29 cyan  53.28 PLN'.,No
"Do the two product descriptions refer to the same real-world product? Entity 1: 'nan Corsair ML140 Pro LED, Red, 140mm Premium Magnetic Levitation Fan 77.96 AUD'. Entity 2: 'Corsair Corsair ML120 Pro LED 120mm Premium Mag-Lev Fan Red  39 AUD'.",No
"Do the two product descriptions refer to the same real-world product? Entity 1: 'zebra Zebra ZXP Series 1Black Monochrome Ribbon K - 1000 Prints 800011-101 nan nan'. Entity 2: 'Western Digital Western Digital My PassPort, 4TB, BLACK3 Years - WDBYFT0040BBK-WESN  437.00 AED'.",No
"Do the two product descriptions refer to the same real-world product? Entity 1: 'nan SDS2/32GB, 32GB SDHC Canvas Select Plus 100R C10 UHS-I U1 V10 nan nan'. Entity 2: 'Kingston Kingston Canvas Select Plus SDHC Memory Card UHS-I 4K FULL HD 100MB/s - 32GB  nan nan'.",Yes
"Do the two product descriptions refer to the same real-world product? Entity 1: 'Maxxis Maxxis Maxxis Minion DHR II Tire: 29 x 2.40"", Folding, 60tpi, 3C MaxxGrip 2- Ply, Tubeless Ready, Wide Trail, Black 90.00 USD'. Entity 2: 'Maxxis Maxxis Maxxis High Roller II Tire: 27.5 x 2.50\"", Folding, 60tpi, 3C MaxxTerra, EXO, Tubeless Ready, Wide Trail, Black  85.00 USD'.",No
"Do the two product descriptions refer to the same real-world product? Entity 1: 'Intel Intel Core i3-8300 (Coffee Lake) 3.7 GHz, LGA1151, Intel UHD 630, 8MB, 14nm, 62W, Box nan nan'. Entity 2: 'nan Intel Core i3-7100 Dual-Core 3.9GHz LGA1151 (BX80677I37100)  31660 HUF'.",No
Do the two product descriptions refer to the same real-world product? Entity 1: 'Tissot Seastar 1000 Powermatic 80 - T120.407.11.051.00 629.00 CHF'. Entity 2: 'nan TISSOT T1204071105100 Seastar Powermatic 80  15490 CZK'.,Yes
"Do the two product descriptions refer to the same real-world product? Entity 1: 'Brother Brother HL-L6200DW Business Laser Printer 229.99 USD'. Entity 2: 'nan UCK-G2-PlusUbiquiti Unifi Cloud Key, G2, with HDD  1.15 GHS'.",No
Do the two product descriptions refer to the same real-world product? Entity 1: 'Tissot TISSOT SEASTAR 1000 POWERMATIC 80 695.0 USD'. Entity 2: 'nan TISSOT T1204071105100 Seastar Powermatic 80  15490 CZK'.,No
Do the two product descriptions refer to the same real-world product? Entity 1: 'nan Cheap Replica Audemars Piguet Royal Oak Chronograph White Dail Watch 26331ST.OO.1220ST.03 nan nan'. Entity 2: 'nan Cheap Replica Audemars Piguet Royal Oak Offshore Chronograph Watch 26470ST.OO.A099CR.01  nan nan'.,No
"Do the two product descriptions refer to the same real-world product? Entity 1: 'nan Evans 14\"" TT14EC2S Clear Drum Head 18.99 USD'. Entity 2: 'nan Evans EC2 Clear Drum Head, 14 Inch  2.399E1 USD'.",Yes
Do the two product descriptions refer to the same real-world product? Entity 1: 'nan Kingston 256GB DataTraveler 100 G3 (USB 3.0) 1.8999E2 PLN'. Entity 2: 'nan Kingston Pendrive DataTraveler 100 G3 256GB USB 3.0  191.99 PLN'.,Yes
"Do the two product descriptions refer to the same real-world product? Entity 1: 'nan Lant Shimano CN-HG601-11, 11 Viteze 123.00 RON'. Entity 2: 'nan Access Point|TP-LINK|300 Mbps|IEEE 802.3af|IEEE 802.11b|IEEE 802.11g|IEEE 802.11n|1xRJ45|Number of antennas 2|EAP115  33.65 EUR'.",No
Do the two product descriptions refer to the same real-world product? Entity 1: 'nan APPLE - AIRPODS WITH CHARGING CASEIN nan nan'. Entity 2: 'nan APPLE - AIRPODS WITH WIRELESS CHARGING CASE IN  3940.00 SEK'.,No
Do the two product descriptions refer to the same real-world product? Entity 1: 'nan FUJIFILM Aspherical Super EBC XF 80mm f/2.8 R LM OIS WR Macro Lens 1199.95 USD'. Entity 2: 'Fujifilm Fujifilm XF 80mm f2.8 R LM WR Macro Lens  1149.00 GBP'.,Yes
"Do the two product descriptions refer to the same real-world product? Entity 1: 'nan Memoria USB Kingston Technology - Color blanco, 16 GB, USB 3.0 104.00 MXN'. Entity 2: 'nan Epson - Premium Semi-Gloss Photo Paper - A4 - 20 Fogli - C13S041332  23.88 EUR'.",No
"Do the two product descriptions refer to the same real-world product? Entity 1: 'nan Epson T6923 Ultrachrome XD rautt Ink 110ml 16371 ISK'. Entity 2: 'nan DDR4 Vengeance LPX 16GB/3200(2*8GB) CL16-18-18-36 BLACK 1,35VXMP 2.0  285 PLN'.",No
Do the two product descriptions refer to the same real-world product? Entity 1: 'nan Audio Technica Headphones Air Dynamic Series ATH-AD500X 529 MYR'. Entity 2: 'nan BenQ SW271 Pro 27in IPS LCD Monitor 4K UHD  969.0 GBP'.,No
"Do the two product descriptions refer to the same real-world product? Entity 1: 'nan Audio Technica DJ kõrvaklapid ATH-PRO7X On-ear, Must 200.04 EUR'. Entity 2: 'nan TP-Link T1700G-28TQ JetStream 24-Port Gigabit Stackable Smart Switch with 4 10GE SFP+ Slots  532.0000 NZD'.",No
"Do the two product descriptions refer to the same real-world product? Entity 1: 'Omega Seamaster Planet Ocean 600 M Omega Co-Axial Master Chronometer Chronograph 215.30.46.51.03.001 8,450.00 USD'. Entity 2: 'nan 3M - Lightweight 300 Privacy Filter PF322WSkjermfilter mot innsyn, m/ramme 20\""-23\""W (30,7 x 48,5)  3266.25 NOK'.",No
Do the two product descriptions refer to the same real-world product? Entity 1: 'Western Digital Western Digital WD My Passport Portable HDD 4TB Black 179 AUD'. Entity 2: 'nan APC - Schneider SMART-UPS 1000VA LCD 230V  924.00 AUD'.,No
"Do the two product descriptions refer to the same real-world product? Entity 1: 'nan TP-Link 300Mbps Wireless N Ceiling Mount Access Point with Passive PoE (EAP115) 75 AUD'. Entity 2: 'TP-LINK Access Point TP-LINK Wireless N 300Mbs B/G/N - 3 Antenas  29,75 EUR'.",No
Do the two product descriptions refer to the same real-world product? Entity 1: 'nan ADAPTADOR INALAMBRICO TP-LINK/USB 2.0/N300/QSS/TL-WN821N 175.5 MXN'. Entity 2: 'nan TP-Link TL-WN821 wifi 300Mbps USB adapter TL-WN821N  9.47 EUR'.,Yes
Do the two product descriptions refer to the same real-world product? Entity 1: 'Daniel Wellington Daniel Wellington Classic Sheffield Men 40mm Quartz Watch 0206DW 119 USD'. Entity 2: 'nan TAG Heuer Automatic Chronograph Watch CBL2111.FC6453  6350 USD'.,No
Do the two product descriptions refer to the same real-world product? Entity 1: 'nan EPSON Ink bar WF-8xxx Series Ink Cartridge XL Yellow - 4000str. (39 ml) 1839.00 CZK'. Entity 2: 'Cooler Master Cooler Master MasterBox Lite 5 Mid Tower Case  89 AUD'.,No
Do the two product descriptions refer to the same real-world product? Entity 1: 'sandisk SanDisk SDCZ60-064G-B35 Cruzer Glide USB Flash Drive USB 2.0 - 64 GB 14.99 GBP'. Entity 2: 'nan Sandisk Cruzer Force 16GB USB 2.0 Flash Drive - SDCZ71-016G-B35  2.60 KWD'.,No
Do the two product descriptions refer to the same real-world product? Entity 1: 'The Pokemon Company Pokemon Sword & Shield Booster pack 3.99 GBP'. Entity 2: 'nan Pokémon TCG Sword & Shield Darkness Ablaze  5.50 EUR'.,No
Do the two product descriptions refer to the same real-world product? Entity 1: 'Kingston Kingston HyperX Fury 4GB DDR3 1600MHz CL10 Ram 248.51 TRY'. Entity 2: 'Kingston Kingston 4GB DDR3 1600MHz HyperX Fury Black Series  8675.37 HUF'.,Yes
"Do the two product descriptions refer to the same real-world product? Entity 1: 'nan Seagate IronWolf 6TB NAS Internal Hard Drive (3.5"") 33500 PKR'. Entity 2: 'nan Crucial MX500 2TB 3D NAND SATA 2.5 Inch Internal SSD  440 BMD'.",No
Do the two product descriptions refer to the same real-world product? Entity 1: 'nan Zebra Black Monochrome Ribbon 800033-801 - 1000 Prints 11.40 GBP'. Entity 2: 'nan Zebra 800015-101 Black Monochrome Ribbon - 1000 Prints  9.54 GBP'.,No
Do the two product descriptions refer to the same real-world product? Entity 1: 'Tissot Tissot T-Touch Expert Solar Men's Watch - T0914204605101 960.00 USD'. Entity 2: 'nan Tissot T-Sport Seastar 1000 Chronograph Watch T1204171105100  nan nan'.,No
"Do the two product descriptions refer to the same real-world product? Entity 1: 'nan CS-M8000 CASSETTE 11-40 XT 11-SPEED 1.49E2 NZD'. Entity 2: 'Shimano Shimano Deore XT CS-M8000 Cassette 11-speed, silver/grey  78.99 EUR'.",Yes
Do the two product descriptions refer to the same real-world product? Entity 1: 'Crucial Crucial Crucial Memory 4GB DDR3L 1600 1.35V SODIMM Retail CT51264BF160BJ 64.99 CAD'. Entity 2: 'Crucial Memoire DDR3 So Dimm Crucial 4GB DDR3 1600 MT/S (PC3-12800)  26.99 EUR'.,Yes
Do the two product descriptions refer to the same real-world product? Entity 1: 'nan Kappe New Era NY Yankees MLB 9Fifty Cap 3.19E1 EUR'. Entity 2: 'nan New Era 39THIRTY MLB New York Yankees Fullcap - 10298279  19.77 EUR'.,No
"Do the two product descriptions refer to the same real-world product? Entity 1: 'nan Cartus toner Epson Discproducer PP-100AP, magenta 280.73 RON'. Entity 2: 'nan Garmin fenix5 Gray Optic, Black band  13990.00 CZK'.",No
"Do the two product descriptions refer to the same real-world product? Entity 1: 'nan Nobreak APC Smart-UPS SURT 20kVA/16kW, 230V 0 BRL'. Entity 2: 'nan RAM-201U-D RAM Mounts C-Size Double-Socket Long Arm with 1.5-Inch Sockets  39.49 USD'.",No
Do the two product descriptions refer to the same real-world product? Entity 1: 'nan TP-LINK EAP110 Access point - Wit 3.509E1 EUR'. Entity 2: 'TP-Link TP-Link EAP110 Auranet Access Point 300Mps  28.29 EUR'.,Yes
Do the two product descriptions refer to the same real-world product? Entity 1: 'Shimano Shimano M05 Disc Brake Pads (Deore) (Resin) 12.99 USD'. Entity 2: 'nan Shimano 11 SPD Chain RD/MTB Sil-Tec With Quick Link  94.99 NZD'.,No
Do the two product descriptions refer to the same real-world product? Entity 1: 'Swiss Military Hanowa Relógio Swiss Military Hanowa06-6278.04.001.07 Navalus 219.95 EUR'. Entity 2: 'Brother Brother HL-L6300DW Business Laser Printer for Mid-Size Workgroups -HL-L6300DW  479.98 USD'.,No
Do the two product descriptions refer to the same real-world product? Entity 1: 'nan Canon EF-S 18-200mm f/3.5-5.6 IS 699.99 USD'. Entity 2: 'nan SANDISK EXTREME PRO SDXC 256GB 170MB/S C10 U3  3.1999E2 NZD'.,No
"Do the two product descriptions refer to the same real-world product? Entity 1: 'nan CORSAIR CRYSTAL 570X RGB Mid-Tower Case, 3 RGB Fans, Tempered Glass - White| CC-9011110-WW 775 AED'. Entity 2: 'nan CORSAIR Crystal Series 570X RGB Tempered Glass,Premium ATX Mid-Tower Case, WHITE  282.99 CAD'.",Yes
"Do the two product descriptions refer to the same real-world product? Entity 1: 'nan Corsair ML140 Pro LED, Red, 140mm Premium Magnetic Levitation Fan 77.96 AUD'. Entity 2: 'nan Corsair ML140 Pro LED Blue 140mm Magnetic Levitation Fan | Discount Computer Needs  75.00 AUD'.",No
"Do the two product descriptions refer to the same real-world product? Entity 1: 'nan 16GB Vengeance LPX DDR4 2400MHz, CL14, Black, DIMM Memory 64.66 USD'. Entity 2: 'nan Carto de memria micro SD Kingston 64Gb XC1 classe 10 Canvas Select  0.00 BRL'.",No
Do the two product descriptions refer to the same real-world product? Entity 1: 'Shimano Shimano Pedal PD-RS500 SL Black 99.99 AUD'. Entity 2: 'SanDisk SanDisk Extreme PRO SD UHS-II Card Reader/Writer  36.00 SGD'.,No
Do the two product descriptions refer to the same real-world product? Entity 1: 'APC APC Replacement Battery Cartridge #124 995 NOK'. Entity 2: 'nan DYMO 4500 TAPE BLACK/RED 45017  11.49 GBP'.,No
Do the two product descriptions refer to the same real-world product? Entity 1: 'Epson Epson Papir Photo Premium Glossy 13X18cm 30-ark 255G 85 DKK'. Entity 2: 'Epson Epson oryginalny tusz T2982 29 cyan  53.28 PLN'.,No
Do the two product descriptions refer to the same real-world product? Entity 1: 'nan Traveler's Notebook Refill - Sketch Paper 10.00 AUD'. Entity 2: 'Tissot TISSOT SEASTAR 1000 POWERMATIC 80  695.0 USD'.,No
"Do the two product descriptions refer to the same real-world product? Entity 1: 'nan WD My Passport 4TB USB 3.0 + Etui 459 PLN'. Entity 2: 'nan Hard Disk Drive WD My Passport WDBYNN0010BRD, 1TB, USB 3.0, rosu  nan nan'.",No
Do the two product descriptions refer to the same real-world product? Entity 1: 'nan Dron DJI Mavic 2 Pro 53599.00 MXN'. Entity 2: 'DJI DJI Mavic 2 Pro Drone Quadcopter with Hasselblad Camera HDR Video UAV Adjustable Aperture 20MP 1  1719.99 USD'.,Yes
"Do the two product descriptions refer to the same real-world product? Entity 1: 'nan Hard disk server HP Hot-Plug SC Enterprise SAS 6G 900GB 10000 RPM 2.5"" 1616.8100 RON'. Entity 2: 'nan HP 300GB 6G SAS 15K rpm SFF (2.5-inch) SC Enterprise  nan nan'.",No
"Do the two product descriptions refer to the same real-world product? Entity 1: 'AMD YD260XBCAFBOX - AMD AM4 Ryzen 5 2600X, 6x 3.60GHz, boxed 1.3305E2 CHF'. Entity 2: 'nan CRUCIAL - DDR3 8GB 1600Hz CL11 Unbuffered CT102472BD160B  131.99 EUR'.",No
"Do the two product descriptions refer to the same real-world product? Entity 1: 'nan HD 3,5 4TB 7200RPM IRONWOLF PRO 128 MB SATA3 SEAGATE 153.99 EUR'. Entity 2: 'nan Kingston Technology Canvas Select memory card 128 GB MicroSDXC Class 10 UHS-I  13.99 GBP'.",No
Do the two product descriptions refer to the same real-world product? Entity 1: 'nan Sony - FE 50mm F1.8 Standard Lens (SEL50F18F) 8.4065E2 SAR'. Entity 2: 'nan Sony Alpha SEL50F18F FE 50mm f/1.8  nan nan'.,Yes
Do the two product descriptions refer to the same real-world product? Entity 1: 'nan 2012 SRAM Red XG-1090 10-Speed X-Dome 11-23 Cassette 295.00 USD'. Entity 2: 'nan RAM Double Socket Arm MC201C LONG  2.899E1 GBP'.,No
"Do the two product descriptions refer to the same real-world product? Entity 1: 'nan Sandisk 128gb Extreme Pro USB 3.1 Solid State Flash Drive, 420MB/s 48.99 GBP'. Entity 2: 'SanDisk SanDisk SSD PLUS 120GB Solid State Drive -SDSSDA-120G-G27  64.99 USD'.",No
"Do the two product descriptions refer to the same real-world product? Entity 1: 'nan 619291-B21 HP 900GB 6G SAS 10K rpm SFF (2.5-inch) Enterprise Hard Drive 264 CAD'. Entity 2: 'Maxxis Maxxis Maxxis, High Roller II, Tire, 29''x2.30, Folding, Tubeless Ready, Dual, EXO, 60TPI, Black  88.00 CAD'.",No
Do the two product descriptions refer to the same real-world product? Entity 1: 'nan Gigabyte GeForce RTX 2060 SUPER 8GB Aorus 5436.00 SEK'. Entity 2: 'GIGABYTE Gigabyte AORUS GeForce RTX™ 2080 Ti XTREME 11G  108000 INR'.,No
"Do the two product descriptions refer to the same real-world product? Entity 1: 'nan Ram Mount 2\"" Double Socket Arm for 1\"" Balls 1.399E1 USD'. Entity 2: 'nan Crucial CT51264BD160BJ 4GB DDR3L-1600 UDIMM Memory Module  35.96 USD'.",No
Do the two product descriptions refer to the same real-world product? Entity 1: 'nan Omega Seamaster Planet Ocean Automatic Chronograph Two-Tone Rubber Watch 215.32.46.51.01.001 6.15425E3 USD'. Entity 2: 'nan RAM-B-408-75-1-UN7U RAM Mounts X-Grip® Phone Mount with RAM® Torque™ Medium Rail Base  55.49 USD'.,No
"Do the two product descriptions refer to the same real-world product? Entity 1: 'nan LaCie Mobile Drive 2,5"" 5 TB Moon Silver USB 3.1 Gen 2 199.00 EUR'. Entity 2: 'nan Lacie 5TB USB-C Mobile Drive prenosni disk  nan nan'.",Yes
Do the two product descriptions refer to the same real-world product? Entity 1: 'nan Shimano Ultegra Chain HG701 - 116L - with split 2495 EUR'. Entity 2: 'KINGSTON Cle Usb KINGSTON 16GB DT MicroDuo USB 3.0 micro USB OTG  7.99 EUR'.,No
"Do the two product descriptions refer to the same real-world product? Entity 1: 'nan Cooler Master MasterBox TD500 Mesh Triple ARGB Full Tower Gaming Cabinet with Dual 360mm Radiator Support and Crystalline Tempered Glass 8799.00 INR'. Entity 2: 'Cooler Master Cooler Master MasterCase H500 IRON GREY ATX Mid-Tower, Tempered Glass Panel, two 200mm RGB fans with Controller and Case Handle for Transport  9949.00 INR'.",No
Do the two product descriptions refer to the same real-world product? Entity 1: 'nan 507125-B21 HP 146-GB 6G 10K 2.5 DP SAS HDD 2436850 VND'. Entity 2: 'nan 652589-B21 HP G8 G9 900-GB 6G 10K 2.5 SAS SC  183 CAD'.,No
"Do the two product descriptions refer to the same real-world product? Entity 1: 'nan ADATA SX8200 Pro 256GB M.2 NVMe SSD ultra-fast PCIe Gen3x4 interface ,sustained peak read/write speeds of 3500/1200MB per second 92 NZD'. Entity 2: 'nan ASUS GeForce® RTX 2080 SUPER™ Dual Evo OC 8GB (90YV0DJ0-M0NM00) (NVIDIA, Grafikkarte)  5.99E2 EUR'.",No
"Do the two product descriptions refer to the same real-world product? Entity 1: 'nan Hikvision MP Outdoor IR DS-2DE5225IW-AE 846.00 USD'. Entity 2: 'nan Speed Dome IP, 2 MP, IR 150m, Hikvision DS-2DE5225IW-AE  1736 LEI'.",Yes
"Do the two product descriptions refer to the same real-world product? Entity 1: 'nan ASUS AMD ATX ROG STRIX B550 F Gaming Motherboard AM4 Dual DDR4, HDMI, Dual M.2 270.00 AUD'. Entity 2: 'Epson Epson Fox Multipack \""Renard\"" (T1285) - Encre DURABrite Ultra N, C, M, J  61.89 EUR'.",No
Do the two product descriptions refer to the same real-world product? Entity 1: 'nan Manfrotto MVH502AH Fluid Video Head with MT055XPRO3 Tripod 419.99 USD'. Entity 2: 'G.Skill Memoire DDR4 G.Skill Trident Z F4-3600C16D-16GTZNC  156.99 EUR'.,No
"Do the two product descriptions refer to the same real-world product? Entity 1: 'nan Blaze 40-Inch Cart For 5-Burner Grill, Cart Only 5.1499E2 USD'. Entity 2: 'nan Blaze Grill Cart for 40\"" Gas Grill  635.00 USD'.",Yes
Do the two product descriptions refer to the same real-world product? Entity 1: 'AMD YD150XBBAEBOX AMD Ryzen 5 1500X Quad Core 3.50GHz 16MB L3 Cache Socket AM4 Processor. New Retail Factory Sealed With Full Manufacturer Warranty. 220 USD'. Entity 2: 'Asus ASUS Dual GeForce GTX 1660 6GB OC Edition EVO 192Bit GDDR5  nan nan'.,No
Do the two product descriptions refer to the same real-world product? Entity 1: 'nan Cappello New Era Clean Trucker 2 NY Yankees Cap 2.19E1 EUR'. Entity 2: 'nan Gorra New Era Clean Trucker 2 NY Yankees Cap  2.19E1 EUR'.,Yes
"Do the two product descriptions refer to the same real-world product? Entity 1: 'nan Kingston Technology A400 2.5 \""240 GB Serial ATA III TLC 39.68 EUR'. Entity 2: 'Kingston Kingston Technology SA400S37/240G A400 SSD Solid State Drive 2.5 Inch SATA-3 - 240GB  nan nan'.",Yes
"Do the two product descriptions refer to the same real-world product? Entity 1: 'nan Shimano CN-HG95 116 links chain 24.03 EUR'. Entity 2: 'nan Shimano CN-HG601 105 5800 / SLX M7000 Chain With Quick Link 11-Speed - 116 Links, SIL-TEC  31.99 GBP'.",No
Do the two product descriptions refer to the same real-world product? Entity 1: 'nan SANDISK EXTREME PRO SDXC 256GB 170MB/S C10 U3 3.1999E2 NZD'. Entity 2: 'Kingston Kingston Canvas Select Plus SDHC Memory Card UHS-I 4K FULL HD 100MB/s - 32GB  nan nan'.,No
"Do the two product descriptions refer to the same real-world product? Entity 1: 'nan Crucial CT51264BD160BJ 4GB DDR3L-1600 UDIMM Memory Module 35.96 USD'. Entity 2: 'nan Johnnie Walker Blue Label 0,7 ltr.  139.95 EUR'.",No
Do the two product descriptions refer to the same real-world product? Entity 1: 'nan Samsung MLT-D103L must toonerikassett 37.60 EUR'. Entity 2: 'nan Omega Seamaster Planet Ocean Automatic Chronograph Two-Tone Rubber Watch 215.32.46.51.01.001  6.15425E3 USD'.,No
Do the two product descriptions refer to the same real-world product? Entity 1: 'Canon Canon EF 100mm F2.8 L IS USM Macro Lens 1399 AUD'. Entity 2: 'nan Logitech 3.5 mm Analog Stereo Headset H151 with Boom Microphone - Black  966 ZAR'.,No
"Do the two product descriptions refer to the same real-world product? Entity 1: 'nan HIKVISION DS-7208HQHI-K1 2 MEGAPIXEL HYBRID 8 CHANNEL (8CH) DVR nan nan'. Entity 2: 'LaCie LaCie Rugged USB 3.1C 4 TB 2,5'' STFS4000800  1176.11 PLN'.",No
Do the two product descriptions refer to the same real-world product? Entity 1: 'nan Logitech HD Pro Webcam C920 - webkamera nan nan'. Entity 2: 'nan Logitech H650e USB PC Headset  2871.460 THB'.,No
Do the two product descriptions refer to the same real-world product? Entity 1: 'nan Omega Seamaster DIVER 300MOMEGA CO-AXIAL MASTER CHRONOMETER 42 MM 219000 MXN'. Entity 2: 'Jabra Evolve 20 Special Edition Mono MS  nan nan'.,No
"Do the two product descriptions refer to the same real-world product? Entity 1: 'Samsung Samsung T7 Blue 2TB Portable SSD USB-C/A Gen2 341.99 GBP'. Entity 2: 'nan Samsung T5 external SSD Black 2TB, USB-C  4396.00 SEK'.",No
Do the two product descriptions refer to the same real-world product? Entity 1: 'SHIMANO SPD-SL-CLEAT-SET-SM-SH11-(YELLOW)-[6DEGREE] 12.0 OMR'. Entity 2: 'Apple Apple AirPods with Wired Charging Case (2nd Generation)  144.98 USD'.,No
Do the two product descriptions refer to the same real-world product? Entity 1: 'Kingston Kingston HyperX Fury 4GB DDR3 1600MHz CL10 Ram 248.51 TRY'. Entity 2: 'nan HyperX 4GB (1x4GB) 1866MHz CL10 Fury Black  154 PLN'.,No
"Do the two product descriptions refer to the same real-world product? Entity 1: 'nan Ram Mout Triple Ball Adapter €46,95 EUR'. Entity 2: 'Canon Canon Multipack PGI-72multi1 (6403B007)  61.70 EUR'.",No
Do the two product descriptions refer to the same real-world product? Entity 1: 'Maxxis Maxxis High Roller II 27.5 x 2.5 Wide Trail 3C Maxx Terra EXO/TR Folding Mountainbike Tyre £48.00 GBP'. Entity 2: 'nan Shimano BR-M9000 J04C Metal Finned Disc Pad  41.99 NZD'.,No
"Do the two product descriptions refer to the same real-world product? Entity 1: 'TP-LINK Access Point TP-LINK Wireless N 300Mbs B/G/N - 3 Antenas 29,75 EUR'. Entity 2: 'nan WD Blue 1TB 2.5"" SATA Internal Solid State Drive SSD 550MB/s HDD | Discount Computer Needs  209.95 AUD'.",No
Do the two product descriptions refer to the same real-world product? Entity 1: 'nan Epson S050189 toner ciano ACULA.C1100 4k 147.54 EUR'. Entity 2: 'nan Toner Original Oki Ciano (44844507)  234.55 EUR'.,No
Do the two product descriptions refer to the same real-world product? Entity 1: 'Fujifilm Fujifilm FUJINON XF-56mm f1.2 879.00 GBP'. Entity 2: 'FujiFilm Fujinon Lens XF 23mm F1.4 R  1319 AUD'.,No
"Do the two product descriptions refer to the same real-world product? Entity 1: 'nan Western Digital Blue PC SSD 2.5\"" 7mm 250GB 470 MYR'. Entity 2: 'Western Digital (WDC) Western Digital (WDC) 250GB 2.5\"" SATA SSD Blue 7mm Cased  95.59 EUR'.",Yes
Do the two product descriptions refer to the same real-world product? Entity 1: 'Kingston KINGSTON 8GB 1600MHz DDR3 CL10 DIMM (Kit of 2) HyperX Fury Series 41.65 EUR'. Entity 2: 'nan DDR3 8GB PC1600 CL9 Kingston Hypk  41.16 nan'.,No
Do the two product descriptions refer to the same real-world product? Entity 1: 'nan Gigabyte Radeon RX 5500 XT OC 4GB GDDR6 859 PLN'. Entity 2: 'nan SEAGATE SATA-3 2TB SSHD FIRECUDA  nan nan'.,No
"Do the two product descriptions refer to the same real-world product? Entity 1: 'nan Evans 8\"" TT08EC2S Clear Drum Head 14.99 USD'. Entity 2: 'HP HP Color LaserJet Professional CP5225dn  33435 CZK'.",No
Do the two product descriptions refer to the same real-world product? Entity 1: 'Crucial Crucial 8GB (1x8GB) DDR3 1600MHz SODIMM 65 AUD'. Entity 2: 'Crucial Crucial 8GB DDR3 1600MHz CT102464BF160B Notebook Ram  414.14 TRY'.,Yes
Do the two product descriptions refer to the same real-world product? Entity 1: 'Samsung Samsung Portable SSD T7 Touch 2TB - Zwart 429.00 EUR'. Entity 2: 'nan Samsung T7 Portable SSD [2TB] (Indigo Blue)  629 AUD'.,No
Do the two product descriptions refer to the same real-world product? Entity 1: 'nan Cappello New Era Clean Trucker Chicago Bulls Cap 2.59E1 EUR'. Entity 2: 'Cooler Master Cooler Master MasterCase H500 Mid Tower PC Case  99.98 GBP'.,No
Do the two product descriptions refer to the same real-world product? Entity 1: 'nan Corsair Crystal 460X RGB ATX Mid Tower Case - Black 929.00 QAR'. Entity 2: 'Corsair Corsair Crystal Series 570X RGB ATX Mid-Tower Case Tempered Glass Black  293 AUD'.,No
Do the two product descriptions refer to the same real-world product? Entity 1: 'nan Pokemon SWSH3: Darkness Ablaze Elite Trainer Box 49.95 EUR'. Entity 2: 'Pokemon Pokemon Pokemon: Darkness Ablaze Bstr  4.00 USD'.,No
"Do the two product descriptions refer to the same real-world product? Entity 1: 'Western Digital (WDC) Western Digital (WDC) 250GB 2.5\"" SATA SSD Blue 7mm Cased 95.59 EUR'. Entity 2: 'nan APPLE - AIRPODS WITH CHARGING CASEIN  nan nan'.",No
"Do the two product descriptions refer to the same real-world product? Entity 1: 'nan Ubiquiti UniFi Video Camera G3 1080P 802.3af IP UVC-G3-BULLET-3 3 Pack (No PoE Injectors) 406.80 GBP'. Entity 2: 'nan UBIQUITI - UVC G3 Bullet Camera, 3-pack  4715.00 NOK'.",Yes
Do the two product descriptions refer to the same real-world product? Entity 1: 'SanDisk SanDisk Extreme microSDHC 32GB 100/60 MB/s A1 V30 GoPro 0 nan'. Entity 2: 'sandisk 64GB SanDisk Extreme micro SD XC Memory Card V-Class 30 U3 4K Video A1 100MB/s  9.50 GBP'.,Yes
"Do the two product descriptions refer to the same real-world product? Entity 1: 'nan 34\"" Blaze 3 Pro Cart 1,099.99 USD'. Entity 2: 'nan APC Smart-UPS RT 20kVA RM 230V - SURT20KRMXLI  16299 SGD'.",No
Do the two product descriptions refer to the same real-world product? Entity 1: 'nan Xerox Toner 106R01634 black Phaser 6000 2000str. 67.19 EUR'. Entity 2: 'ASUS Asus ROG Strix X570-F Gaming ATX - motherboard  nan nan'.,No
Do the two product descriptions refer to the same real-world product? Entity 1: 'Epson Epson Blekk Svart T7031 L - WP4000/4500 445 NOK'. Entity 2: 'nan TISSOT T091.420.46.051.01 T-TOUCH Expert Solar  26170.00 CZK'.,No
Do the two product descriptions refer to the same real-world product? Entity 1: 'nan Sigma 50mm F1.4 DG HSM Canon [ART] 4407.00 PLN'. Entity 2: 'Sigma Sigma 50mm F1.4 Art DG HSM Nikon Mount Lens  1249 AUD'.,No
"Do the two product descriptions refer to the same real-world product? Entity 1: 'nan Impresora brother laser monocromo hl - l6300dw a4 477.99 EUR'. Entity 2: 'Evans Evans - Clear EMAD Bass Batter, 20\""  69.00 CAD'.",No
Do the two product descriptions refer to the same real-world product? Entity 1: 'Samsung Samsung Portable SSD T7 Touch 2TB - Zwart 429.00 EUR'. Entity 2: 'nan Samsung Portable SSD T5 - 2TB  3236.00 SEK'.,No
Do the two product descriptions refer to the same real-world product? Entity 1: 'nan DYMO D1 Labelling Tape 45803 Black on White 19 mm x 7 m 21.77 EUR'. Entity 2: 'nan Dymo Label Casette D1 (19mm x 7m - Black On White)  6.95 AUD'.,Yes
Do the two product descriptions refer to the same real-world product? Entity 1: 'SRAM SRAM Disc Brake Pad Set Organic Compound 24.99 USD'. Entity 2: 'nan Sigma 50mm F1.4 DG HSM Canon [ART]  4407.00 PLN'.,No
"Do the two product descriptions refer to the same real-world product? Entity 1: 'nan DVR 8 canale, Turbo HD, 6MP, PoC, Hikvision DS-7208HQHI-K2-P 687 LEI'. Entity 2: 'nan Apple AirPods Pro Bluetooth Earbuds w/ Wireless Charging Case, White (MWP22AM/A)  249 USD'.",No
Do the two product descriptions refer to the same real-world product? Entity 1: 'nan ASUS Turbo -RTX2060S-8G-EVO NVIDIA GeForce RTX 2060 SUPER 8 GB GDDR6 395.44 EUR'. Entity 2: 'nan No Break APC Smart-UPS 10Kva Mono230V - SRT10KXLI  23675.82 BRL'.,No
Do the two product descriptions refer to the same real-world product? Entity 1: 'nan Sigma 105mm f1.4 DG HSM Art Lens for Canon 1599.95 USD'. Entity 2: 'nan 3M - PF230W9F EYE PROTECTION FILTER DESKTOPS FRAME STANDARD 23.0 ACCS  1737.50 DKK'.,No
"Do the two product descriptions refer to the same real-world product? Entity 1: 'Traveler's Traveler's Zip Pocket - Regular Size 9.0 USD'. Entity 2: 'nan Blaze 40\"" Stainless Steel 5 Burner LTE Built-In Gas Grill w/ Rear Burner BLZ-5LTE2  2199.99 USD'.",No
Do the two product descriptions refer to the same real-world product? Entity 1: 'nan DS-7204HQHI-K1 Turbo HD DVR 102.5233 EUR'. Entity 2: 'Logitech Logitech G G402 Hyperion Fury Oyuncu Mouse 910-004068  389.90 TRY'.,No
Do the two product descriptions refer to the same real-world product? Entity 1: 'nan Carto de memria micro SD Kingston 32Gb classe 10 Canvas Select 0.00 BRL'. Entity 2: 'nan TP-Link AC1200 Wireless MU-MIMO Gigabit Indoor/Outdoor Access Point (EAP225-Outdoor) AC1200 Outdoor  2771 ZAR'.,No
"Do the two product descriptions refer to the same real-world product? Entity 1: 'nan Apple iPad Air Wi-Fi 256 GB Silver - 10.5\"" Tablet - A12 26.67cm-Display 754.9 EUR'. Entity 2: 'nan Obiectiv foto CANON EF-S 10-18mm f/4.5-5.6 IS STM  nan nan'.",No
Do the two product descriptions refer to the same real-world product? Entity 1: 'nan Intel Core i3 8300 Quad Core 3.7GHz Processor nan nan'. Entity 2: 'nan TP-Link TL-WN821 wifi 300Mbps USB adapter TL-WN821N  9.47 EUR'.,No
Do the two product descriptions refer to the same real-world product? Entity 1: 'nan XPG SX8200 Pro M.2 256 GB PCI Express 3.0 3D TLC NVMe 66.83 EUR'. Entity 2: 'nan Jabra Biz 2400 II Mono 3-1 NC IP 2486-820-209  189.00 USD'.,No
Do the two product descriptions refer to the same real-world product? Entity 1: 'nan ASUS GeForce RTX 2080 SUPER 8GB DUAL OC EVO 9596.00 SEK'. Entity 2: 'nan TAG Heuer Carrera Automatic Blue Dial Men's CBK2112.BA0715  151 USD'.,No
Do the two product descriptions refer to the same real-world product? Entity 1: 'nan ASUS Radeon RX 5700 XT TUF OC 8GB GDDR6 1899 PLN'. Entity 2: 'nan Gigabyte Radeon RX 5500 XT OC 4GB GDDR6  859 PLN'.,No
Do the two product descriptions refer to the same real-world product? Entity 1: 'nan Cheap Replica Audemars Piguet Royal Oak Offshore Chronograph Watch 26470ST.OO.A099CR.01 nan nan'. Entity 2: 'nan Cheap Replica Audemars Piguet Royal Oak Offshore Chronograph Watch 26470OR.OO.A125CR.01  nan nan'.,No
"Do the two product descriptions refer to the same real-world product? Entity 1: 'nan ASUS AMD ATX ROG STRIX B550 F Gaming Motherboard AM4 Dual DDR4, HDMI, Dual M.2 270.00 AUD'. Entity 2: 'nan ASUS Scheda Madre ROG STRIX B550-F GAMING  € 229,00 EUR'.",Yes
"Do the two product descriptions refer to the same real-world product? Entity 1: 'RAM Mount RAM Mount 3.5\"" Twist Lock Suction Cup Base with 1\"" Ball 35.00 AUD'. Entity 2: 'Razer Razer Viper Ultimate & Mouse Dock  3550 MDL'.",No
Do the two product descriptions refer to the same real-world product? Entity 1: 'SRAM SRAM PG-1170 11-Speed Cassette (11-25T) 90.99 USD'. Entity 2: 'Shimano Dura-Ace 9100 11-Speed Cassette 11-25T  199 GBP'.,No
Do the two product descriptions refer to the same real-world product? Entity 1: 'nan Epson atrament SPro 7880/9880/7800/9800 light black 220ml C13T603700 94.13 EUR'. Entity 2: 'nan Epson C13T603100 T6031 Black Ink 220ml  nan nan'.,No
Do the two product descriptions refer to the same real-world product? Entity 1: 'nan Kingston DataTraveler microDuo 128GB USB 3.0 28.59 GBP'. Entity 2: 'KINGSTON Cle Usb KINGSTON 16GB DT MicroDuo USB 3.0 micro USB OTG  7.99 EUR'.,No
"Do the two product descriptions refer to the same real-world product? Entity 1: 'nan Catalyst 2960-X 24 GigE PoE 370W, 2 x 10G SFP+, LAN Base 33099.85 HKD'. Entity 2: 'nan WS-C2960L-16TS-LLCatalyst 2960L 16 port GigE, 2 x 1G SFP, LAN Lite  476.80 CHF'.",No
Do the two product descriptions refer to the same real-world product? Entity 1: 'nan APC - Schneider SMART-UPS 1000VA LCD 230V 924.00 AUD'. Entity 2: 'Corsair Corsair ML140 140mm PWM Premium Magnetic Levitation Fan - Twin Pack  33.97 GBP'.,No
Do the two product descriptions refer to the same real-world product? Entity 1: 'nan Fujifilm XF 56mm f/1.2 R 879.00 EUR'. Entity 2: 'Garmin Orologio Garmin Venu 010-02173-12 Venu  379.99 EUR'.,No
Do the two product descriptions refer to the same real-world product? Entity 1: 'nan Garmin fenix 5s Sapphire Black 649.99 EUR'. Entity 2: 'nan Fenix 5X Plus GPS Black Smartwatch  550 GBP'.,No
"Do the two product descriptions refer to the same real-world product? Entity 1: 'Maxxis Maxxis Minion DHR II 29\"" DD/3C/TR £69.99 GBP'. Entity 2: 'APC APC Replacement Battery Cartridge #133UPS battery - Lead Acid  312,12 EUR'.",No
Do the two product descriptions refer to the same real-world product? Entity 1: 'nan Audio Technica ATH-M50x Professional Monitor Audiophile Headphones - Black 369 NZD'. Entity 2: 'nan Audio-Technica ATH-M50x Monitor Headphones - White  249 AUD'.,No
"Do the two product descriptions refer to the same real-world product? Entity 1: 'Cooler Master Cooler Master MasterBox Lite 5 Mid Tower Case 89 AUD'. Entity 2: 'nan Blaze 40\"" Stainless Steel 5 Burner LTE Built-In Gas Grill w/ Rear Burner BLZ-5LTE2  2199.99 USD'.",No
Do the two product descriptions refer to the same real-world product? Entity 1: 'Cooler Master Cooler Master Hyper H411R CPU Cooler RR-H411-20PW-R1 | PCByte 35.0 AUD'. Entity 2: 'Cooler Master Cooler Master MasterLiquid ML120L V2 RGB All In One Liquid CPU Cooler  59.99 GBP'.,No
Do the two product descriptions refer to the same real-world product? Entity 1: 'SanDisk SanDisk SD Extreme V30 U3 UHS-I C10 - 128GB 57.00 SGD'. Entity 2: 'nan SANDISK EXTREME SDXC 128GB 150MB/S C10 U3  1.0999E2 NZD'.,Yes
Do the two product descriptions refer to the same real-world product? Entity 1: 'nan Kingston DataTraveler microDuo 128GB USB 3.0 28.59 GBP'. Entity 2: 'nan Kingston 16GB DataTraveler microDuo USB 3.0 OTG Flash Drive  19.99 CAD'.,No
"Do the two product descriptions refer to the same real-world product? Entity 1: 'nan SanDisk CFast 2.0 64GB Extreme Pro Memory Card | Read 525 MB/s | Write 430MB/s | 4K Video 179.00 GBP'. Entity 2: 'nan Sandisk Extreme Pro 64GB CFast 2.0  4,660.00 ZAR'.",Yes
"Do the two product descriptions refer to the same real-world product? Entity 1: 'nan Speed Dome IP, 2 MP, IR 150m, Hikvision DS-2DE5225IW-AE 1736 LEI'. Entity 2: 'Corsair Corsair Crystal Series 570X RGB CC-9011098-WW Steel / Tempered Glass ATX Mid Tower Case  179.99 USD'.",No
Do the two product descriptions refer to the same real-world product? Entity 1: 'nan Transcend 128GB Internal SSD 2.5″ SATA3 6800 KES'. Entity 2: 'nan Crucial MX500 2TB 3D NAND SATA 2.5 Inch Internal SSD  440 BMD'.,No
Do the two product descriptions refer to the same real-world product? Entity 1: 'nan APC Smart UPS SRT 6000VA / 230V On Line / Web Card - SRT6KRMXLI 4695.00 EUR'. Entity 2: 'nan APC Smart-UPS SRT 6000VA RM 230V  59990.00 SEK'.,Yes
Do the two product descriptions refer to the same real-world product? Entity 1: 'nan instax square film 10pk black 25.99 NZD'. Entity 2: 'nan Fujifilm Instax Black Square Film (10 Pack)  28 AUD'.,Yes
Do the two product descriptions refer to the same real-world product? Entity 1: 'nan HyperX FURY - DDR3 - 8 GB: 2 x 4 GB - DIMM 240-pin - unbuffered 115.99 CAD'. Entity 2: 'nan EPSON Magenta ink cartridge Discproducer  77.58 BGN'.,No
"Do the two product descriptions refer to the same real-world product? Entity 1: 'nan Sandisk 128gb Extreme Pro USB 3.1 Solid State Flash Drive, 420MB/s 48.99 GBP'. Entity 2: 'Sandisk SanDisk SSD Plus 120GB 240GB 530MB/s 480GB 1TB 535MB/sSolid State Drive (120GB)  178.0 MYR'.",No
"Do the two product descriptions refer to the same real-world product? Entity 1: 'ASUS ASUS PRIME X570-PRO (AM4) (D) (90MB11B0-M0EAY0) 87700 nan'. Entity 2: 'nan Asus ROG Strix X570-F GAMING Motherboard,DDR4, 3x PCIe x16, SATA III RAID, USB 3.2, GLAN, M.2, DisplayPort, HDMI, 8ch audio, ATX, scAM4, Ryzen | 90MB1160-M0EAY0  1210.00 AED'.",No
Do the two product descriptions refer to the same real-world product? Entity 1: 'nan Ext. HDD LaCie Mobile Drive 2TB USB-C 3113.00 CZK'. Entity 2: 'nan Corsair Vengeance LPX 16GB DDR4 2400MHz(CMK16GX4M1A2400C14)  23375 HUF'.,No
"Do the two product descriptions refer to the same real-world product? Entity 1: 'nan RAM 2.75\"" Diameter Suction Cup Base with 1\"" Ball 12.99 USD'. Entity 2: 'nan RAP-B-224-1U RAM Mounts 3.3\"" Diameter Suction Cup Base with 1\"" Composite Ball  16.49 USD'.",Yes
"Do the two product descriptions refer to the same real-world product? Entity 1: 'nan 3M - Lightweight 300 Privacy Filter PF322WSkjermfilter mot innsyn, m/ramme 20\""-23\""W (30,7 x 48,5) 3266.25 NOK'. Entity 2: 'nan 3M - Privacy filter PF19 |30.2 cm x 37.7 cm|  1229.91 SEK'.",No
"Do the two product descriptions refer to the same real-world product? Entity 1: 'nan Blaze Cart For Professional 3-Burner Grill, Cart Only 1.09999E3 USD'. Entity 2: 'nan Blaze Grill Cart for 40\"" Gas Grill  635.00 USD'.",No
Do the two product descriptions refer to the same real-world product? Entity 1: 'nan Evolis RCT023NAA Black Monochrome Ribbon 22.00 USD'. Entity 2: 'nan Zebra 800015-101 Black Monochrome Ribbon - 1000 Prints  9.54 GBP'.,No
Do the two product descriptions refer to the same real-world product? Entity 1: 'nan Asus GeForce GTX 1660 Super Phoenix OC 6GB GDDR6 DVI/HDMI/DP PCi Ex 3.0 x16 311.00 EUR'. Entity 2: 'ASUS PH-GTX1660S-O6G 6 GB Geforce GTX 1660 Super Overclocked Phoenix Fan Edition Hdmi DP Dvi Graphics Card  nan nan'.,Yes
Do the two product descriptions refer to the same real-world product? Entity 1: 'nan Canon EF-M 18-150mm f/3.5-6.3 IS STM (Black) 7795.00 ZAR'. Entity 2: 'Canon Canon EF-M 18-150mm f/3.5-6.3 IS STM Schwarz EU10  425.00 EUR'.,Yes
Do the two product descriptions refer to the same real-world product? Entity 1: 'nan TP-LINK EAP110 Access point - Wit 3.509E1 EUR'. Entity 2: 'nan TP-Link 300Mbps Wireless N Ceiling Mount Access Point with Passive PoE (EAP115)  75 AUD'.,No
Do the two product descriptions refer to the same real-world product? Entity 1: 'Crucial Crucial 8GB DDR3 1600MHz CT102464BF160B Notebook Ram 414.14 TRY'. Entity 2: 'Crucial Crucial Crucial Memory 4GB DDR3L 1600 1.35V SODIMM Retail CT51264BF160BJ  64.99 CAD'.,No
Do the two product descriptions refer to the same real-world product? Entity 1: 'Zotac ZOTAC GeForce RTX 2060 SUPER AMP! 8GB 256Bit GDDR6 4344.28 TRY'. Entity 2: 'nan Gigabyte GeForce RTX 2060 SUPER 8GB Aorus  5436.00 SEK'.,No
"Do the two product descriptions refer to the same real-world product? Entity 1: 'RAM RAM 3.3\"" DIA. SUCT CUP W 1\"" BALL 23.80 EUR'. Entity 2: 'nan RAM 2.75\"" Diameter Suction Cup Base with 1\"" Ball  12.99 USD'.",No
Do the two product descriptions refer to the same real-world product? Entity 1: 'Swiss Military Hanowa Relógio Swiss Military Hanowa06-6278.04.001.07 Navalus 219.95 EUR'. Entity 2: 'SWISS MILITARY HANOWA Swiss Military Hanowa Navalus Day-Date 06-6278.04.001.07  7380.0000 UAH'.,Yes
Do the two product descriptions refer to the same real-world product? Entity 1: 'nan Mavic Mini Drone by DJI - Fly More Combo 499.00 USD'. Entity 2: 'DJI DJI DJI | Mavic Mini Drone Fly More Combo  649.99 CAD'.,Yes
Do the two product descriptions refer to the same real-world product? Entity 1: 'nan DS-7208HUHI-K2-P Hikvision 8 Channel 5MP / 1080P HD-TVI Hybrid DVR with Power over Coax (PoC / Turbo4.0) nan nan'. Entity 2: 'nan maintenance kit EPSON Business Inkjet B300/310/B500DN/B510DN (´odpad. nadoba´)  22.23 EUR'.,No
Do the two product descriptions refer to the same real-world product? Entity 1: 'nan Asus Radeon Dual Evo RX5500 XT 8gb Gddr6 Version OC 6456.56 MXN'. Entity 2: 'nan ASUS Radeon RX 5500 XT DUAL EVO 8GB  2849.00 NOK'.,Yes
Do the two product descriptions refer to the same real-world product? Entity 1: 'Maxxis Maxxis High Roller II 29er Dual Compound Folding Tubeless Ready Mountain Bike £54.99 GBP'. Entity 2: 'nan Brother Monochrome Compact Laser All-in-One Printer with Duplex Printing and Wireless Networking  199.99 USD'.,No
"Do the two product descriptions refer to the same real-world product? Entity 1: 'nan Evans EC2S 13'' Clear Batter - TT13EC2S 22.50 GBP'. Entity 2: 'nan EPSON S042091 premium glossy photo paper 255g/m², A2/25vel  nan nan'.",No
"Do the two product descriptions refer to the same real-world product? Entity 1: 'nan Carto de memria micro SD Kingston 32Gb classe 10 Canvas Select 0.00 BRL'. Entity 2: 'nan ShimanoSm-Sh10 Spd-Sl Cleats, Fixed  1.999E1 GBP'.",No
Do the two product descriptions refer to the same real-world product? Entity 1: 'nan Samsung MLT-D103L must toonerikassett 37.60 EUR'. Entity 2: 'nan JABRA Evolve 40 UC USB - Mono  1267.00 ZAR'.,No
"Do the two product descriptions refer to the same real-world product? Entity 1: 'nan Elixir Phosphor Bronze Acoustic Guitar Strings with NANOWEB Coating, Extra Light (.010-.047) 17.99 USD'. Entity 2: 'nan Elixir Phosphor Acoustic Strings - Extra Light  22.99 CAD'.",Yes
Do the two product descriptions refer to the same real-world product? Entity 1: 'nan Gorra New Era NY Yankees MLB 9Fifty Cap 3.19E1 EUR'. Entity 2: 'nan Daniel Wellington DW00100150 Classic Cornwall Rose 36mm Black  249 AUD'.,No
"Do the two product descriptions refer to the same real-world product? Entity 1: 'MAXXIS MAXXIS AGGRESSOR 29X2.3 EXO/TR 70.00 AUD'. Entity 2: 'Maxxis Maxxis Maxxis Aggressor Tire - 29 x 2.3, Folding, Tubeless, Black, Dual, EXO  64.99 USD'.",Yes
Do the two product descriptions refer to the same real-world product? Entity 1: 'nan Switch D-Link - Web smart - switch - 24 porte - gestito dgs-1210-24 2.9698E2 EUR'. Entity 2: 'nan D-Link DGS-1210-28P  344.63 GBP'.,No
Do the two product descriptions refer to the same real-world product? Entity 1: 'Swiss Military Hanowa Swiss Military Hanowa06-4226.30.003.03 Immersion Uhr 244.95 EUR'. Entity 2: 'Swiss Military Hanowa Relógio Swiss Military Hanowa06-4307.30.007 Undercover Multifunction  169.95 EUR'.,No
Do the two product descriptions refer to the same real-world product? Entity 1: 'G.Skill G.Skill Trident Z Neo DDR4 3600MHz 16GB (2X8) Desktop Memory for AMD X570 F4-3600C16D-16GTZNC | PCByte 209.0 AUD'. Entity 2: 'nan CRUCIAL - DDR3 8GB 1600Hz CL11 Unbuffered CT102472BD160B  131.99 EUR'.,No
Do the two product descriptions refer to the same real-world product? Entity 1: 'nan Hikvision 32 Turbo HD/CVI / AHD / CVBS Ref: DS-7332HQHI-K4 652.890815 EUR'. Entity 2: 'nan Epson T7551 (Prentar 5000 síður) XL svart blekhylki (100ml) fyrir WorkForce WF-8XXX prentara  18617 ISK'.,No
Do the two product descriptions refer to the same real-world product? Entity 1: 'nan EVOLIS RCT023NAA BLACK MONOCHROME RIBBON (2000 PRINTS) 40.99 GBP'. Entity 2: 'nan Zebra 800015-101 Black Monochrome Ribbon - 1000 Prints  9.54 GBP'.,No
"Do the two product descriptions refer to the same real-world product? Entity 1: 'RAM Mount RAM Mount Double Socket Clamp Arm - SHORT - for 1.5\"" C Size Balls 45.00 AUD'. Entity 2: 'nan RAM-201U-D RAM Mounts C-Size Double-Socket Long Arm with 1.5-Inch Sockets  39.49 USD'.",No
Do the two product descriptions refer to the same real-world product? Entity 1: 'nan Canon Ink Jet Cartridge PGI-72 PBK/GY/PM/PC/CO Multipack 40433 55.99 nan'. Entity 2: 'Dymo Dymo 40913 Black On White - 9mm  9.91 GBP'.,No
Do the two product descriptions refer to the same real-world product? Entity 1: 'SWISS MILITARY HANOWA Swiss Military Hanowa Immersion 06-4226.30.003.03 9847.0000 UAH'. Entity 2: 'nan Crucial 4GB DDR4-2666 SODIMM | CT4G4SFS8266 | Crucial UK  15.59 GBP'.,No
Do the two product descriptions refer to the same real-world product? Entity 1: 'nan 002 Traveler's Notebook Regular- Refill - Grid Notebook 6.0 USD'. Entity 2: 'nan 014 Traveler's Notebook Regular- Refill - Kraft Paper Notebook  8.0 USD'.,No
"Do the two product descriptions refer to the same real-world product? Entity 1: 'nan RAM Motorcycle Fork Stem Base w 1\"" Ball (RAM-B-342U) 30.45 AUD'. Entity 2: 'nan Omega Seamaster Planet Ocean Automatic Chronograph Stainless Steel Watch 232.30.46.51.01.002  7.15799E3 USD'.",No
"Do the two product descriptions refer to the same real-world product? Entity 1: 'DJI DJI Mavic Air Car Charger 649 SEK'. Entity 2: 'Logitech Logitech H151 Wired Headset, Stereo Headphones with Rotating Noise-Cancelling Microphone, 3.5 mm Audio Jack  39.90 GBP'.",No
"Do the two product descriptions refer to the same real-world product? Entity 1: 'Crucial Crucial MX500 250GB SATA 2.5-inch, SATA 6.0Gb/s 7mm Solid State Drive 44.988 GBP'. Entity 2: 'nan RAM-B-408-75-1-UN7U RAM Mounts X-Grip® Phone Mount with RAM® Torque™ Medium Rail Base  55.49 USD'.",No
Do the two product descriptions refer to the same real-world product? Entity 1: 'QBP Park Tool PH-1.2 P-Handle Hex Set with Holder 76.95 USD'. Entity 2: 'nan Tissot T-Sport Seastar 1000 Chronograph Watch T1204171105100  nan nan'.,No
Do the two product descriptions refer to the same real-world product? Entity 1: 'nan Seiko Presage Watch Zen Gardens Mens 450.00 GBP'. Entity 2: 'Seiko Seiko Mens Presage Automatic Blue Date Dial Stainless Steel Bracelet Watch SRPD41J1  428.00 GBP'.,Yes
"Do the two product descriptions refer to the same real-world product? Entity 1: 'Shimano Shimano Deore XT CS-M8000 Cassette 11-speed, silver/grey 78.99 EUR'. Entity 2: 'nan Corsair Vengeance LPX, 16GB, DDR4 memory module 2133 MHz  66.671001 EUR'.",No
Do the two product descriptions refer to the same real-world product? Entity 1: 'nan DS-7216HQHI-K1 Hikvision 16 cs. TurboHD DVR nan nan'. Entity 2: 'nan WD MY PASSPORT- 1TB RED WORLDWIDE  770000 LBP'.,No
Do the two product descriptions refer to the same real-world product? Entity 1: 'nan SEAGATE SATA-3 2TB SSHD FIRECUDA nan nan'. Entity 2: 'nan 8TB - Seagate Enterprise Ironwolf Pro SATA - ST8000NE001  232.84 USD'.,No
Do the two product descriptions refer to the same real-world product? Entity 1: 'Canon Canon EF-S 10-18/4.5-5.6 IS STM 23126 EUR'. Entity 2: 'Audio Technica Audio Technica ATH-M40x Professional Monitor Headphones  79.00 GBP'.,No
"Do the two product descriptions refer to the same real-world product? Entity 1: 'nan Samsung MZ-V7S500B/AM 970 EVO Plus M.2 Internal SSD, 500GB 189.99 CAD'. Entity 2: 'SAMSUNG SAMSUNG 970 EVO PLUS M.2 2280 500GB PCIe Gen 3.0 x4, NVMe 1.3 V-NAND 3-bit MLC Internal Solid State Drive (SSD) MZ-V7S500B/AM  89.99 USD'.",Yes
Do the two product descriptions refer to the same real-world product? Entity 1: 'nan Epson C13T603100 T6031 Black Ink 220ml nan nan'. Entity 2: 'nan Epson Stylus Pro 9880 Black Photo Ink  93.88 GBP'.,Yes
Do the two product descriptions refer to the same real-world product? Entity 1: 'nan TAG Heuer Automatic Chronograph Watch CBL2111.FC6453 6350 USD'. Entity 2: 'nan TAG Heuer Automatic Chronograph Watch CBG2A1Z.BA0658  6550 USD'.,No
"Do the two product descriptions refer to the same real-world product? Entity 1: 'nan Lant Shimano CN-HG601-11, 11 Viteze 123.00 RON'. Entity 2: 'SRAM SRAM Cassette Sram PG 1130 11 vitesses 11-36  115.99 CAD'.",No
Do the two product descriptions refer to the same real-world product? Entity 1: 'nan Evans EC2S 13'' Clear Batter - TT13EC2S 22.50 GBP'. Entity 2: 'nan Evans EMAD2 Clear Bass Batter  4.699E1 USD'.,No
Do the two product descriptions refer to the same real-world product? Entity 1: 'nan Omega Seamaster Planet Ocean 600m Co-Axial Master Chronometer GMT 45.5mm (215.92.46.22.01.004) ETNZ Deep Black 1.12E4 USD'. Entity 2: 'nan Omega Seamaster Planet Ocean 600m Co-Axial Master Ceramic 215.92.46.22.01.004 Black Dial Replica  nan nan'.,Yes
Do the two product descriptions refer to the same real-world product? Entity 1: 'nan LOGITECH UC Corded Stereo USB Headset H570e (Leatherette Pad) - Business EMEA 0.001 nan'. Entity 2: 'nan LOGITECH Corded USB Headset H540 - USB - EMEA  0.001 nan'.,No
Do the two product descriptions refer to the same real-world product? Entity 1: 'nan Corsair 8GB (1x8GB) 2666MHz CL16 Vengeance LPX Black 169 PLN'. Entity 2: 'nan Corsair 8GB (1x8GB) 3000MHz CL16 Vengeance LPX Black  159 PLN'.,No
Do the two product descriptions refer to the same real-world product? Entity 1: 'Epson Epson T7891 Black Cart - Compatible 12.93 GBP'. Entity 2: 'nan JABRA Evolve 20 UC USB - Mono  717.00 ZAR'.,No
"Do the two product descriptions refer to the same real-world product? Entity 1: 'nan Memoria USB Kingston Technology - Color blanco, 16 GB, USB 3.0 104.00 MXN'. Entity 2: 'nan Jabra BIZ 2300 Mono USB MS Lync Headset  101.30 GBP'.",No
Do the two product descriptions refer to the same real-world product? Entity 1: 'Hikvision DVR 8 canale Hikvision TurboHD 5MP 4 canale alarma audio DS-7208HUHI-K1 H.265 603.000013 RON'. Entity 2: 'nan DVR Hikvision TurboHD 4 canale DS-7204HQHI-K1  263.27 RON'.,No
Do the two product descriptions refer to the same real-world product? Entity 1: 'nan APC Smart UPS SRT 6000VA / 230V On Line / Web Card - SRT6KRMXLI 4695.00 EUR'. Entity 2: 'nan Ilford FP4 Plus 125 120  12.9 NZD'.,No
"Do the two product descriptions refer to the same real-world product? Entity 1: 'Shimano Shimano M05 Disc Brake Pads (Deore) (Resin) 12.99 USD'. Entity 2: 'Shimano Shimano Shimano M05 Resin Disc Brake Pads and Spring for Deore BR-M515, BR- M515LA and Nexave BR-C601 Calipers  11.99 USD'.",Yes
Do the two product descriptions refer to the same real-world product? Entity 1: 'nan Manfrotto Befree Advanced Twist Tripod 479.99 NZD'. Entity 2: 'AMD AMD Ryzen 9 3900XT 12-Core 3.8 GHz Socket AM4 105W 100-100000277WOF Desktop Processor  476.99 USD'.,No
Do the two product descriptions refer to the same real-world product? Entity 1: 'nan APC Smart UPS RM 3000VA 2835.03 EUR'. Entity 2: 'nan APC Smart-UPS SRT 6000VA RM 230V  59990.00 SEK'.,No
Do the two product descriptions refer to the same real-world product? Entity 1: 'Kingston KINGSTON 8GB 1600MHz DDR3 CL10 DIMM (Kit of 2) HyperX Fury Series 41.65 EUR'. Entity 2: 'Kingston Kingston HyperX Fury 4GB DDR3 1600MHz CL10 Ram  248.51 TRY'.,No
"Do the two product descriptions refer to the same real-world product? Entity 1: 'nan Headset Audio-Technica ATH-M50X 146.95 EUR'. Entity 2: 'Elite Home Store 43\"" 2020 Q60T 4K Smart QLED TV  0.0 CAD'.",No
"Do the two product descriptions refer to the same real-world product? Entity 1: 'nan Garmin fenix5S Sapphire Black Optic, Black band 9790.00 CZK'. Entity 2: 'nan Gorra New Era Clean Trucker 2 NY Yankees Cap  2.19E1 EUR'.",No
Do the two product descriptions refer to the same real-world product? Entity 1: 'Kingston Kingston 4GB DDR3 1600MHz HyperX Fury Black Series 8675.37 HUF'. Entity 2: 'nan Asus GeForce GTX 1660 Super Phoenix OC 6GB GDDR6 DVI/HDMI/DP PCi Ex 3.0 x16  311.00 EUR'.,No
Do the two product descriptions refer to the same real-world product? Entity 1: 'nan Logitech 3.5 mm Analog Stereo Headset H151 with Boom Microphone - Black 966 ZAR'. Entity 2: 'Logitech Logitech H151 Stereo Headset On Ear Kabelgebunden  nan nan'.,No
Do the two product descriptions refer to the same real-world product? Entity 1: 'Traveler's Company Traveler's Company 002. GRID REFILL MIDORI TRAVELER'S NOTEBOOK 3.50 GBP'. Entity 2: 'Traveler's Company Traveler's Company 001. LINED REFILL MIDORI TRAVELER'S NOTEBOOK  3.50 GBP'.,No
Do the two product descriptions refer to the same real-world product? Entity 1: 'nan TAG Heuer Formula 1 Calibre 5 Men's Watch 1.495E3 GBP'. Entity 2: 'nan TAG Heuer Carrera Automatic Blue Dial Men's CBK2112.BA0715  151 USD'.,No
Do the two product descriptions refer to the same real-world product? Entity 1: 'nan Samsung 970 EVO Plus 2TB SSD 4590.00 SEK'. Entity 2: 'nan Samsung SSD 970 EVO Plus NVMe M.2 PCIe 2TB  353.10 EUR'.,Yes
"Do the two product descriptions refer to the same real-world product? Entity 1: 'Shimano Shimano Shimano M05 Resin Disc Brake Pads and Spring for Deore BR-M515, BR- M515LA and Nexave BR-C601 Calipers 11.99 USD'. Entity 2: 'Canon Canon EF-S 55-250mm f/4-5.6 IS STM  2.9999E2 EUR'.",No
Do the two product descriptions refer to the same real-world product? Entity 1: 'Samsung Samsung 970 Evo 500GB NVME M.2 High Speed Solid State Drive with V-Nand 10399.00 INR'. Entity 2: 'nan 619291-B21 HP 900GB 6G SAS 10K rpm SFF (2.5-inch) Enterprise Hard Drive  264 CAD'.,No
Do the two product descriptions refer to the same real-world product? Entity 1: 'nan Sigma 35mm f1.4 EX DG HSM A Nikon 619.00 nan'. Entity 2: 'Sigma Sigma Sigma 35mm F1.4 ART DG HSM - Nikon AF mount  899.99 USD'.,Yes
Do the two product descriptions refer to the same real-world product? Entity 1: 'nan Tissot Seastar 1000 Powermatic 80 T120.407.11.041.01 840.00 EUR'. Entity 2: 'Canon Canon EF-S 55-250mm f/4-5.6 IS STM  2.9999E2 EUR'.,No
Do the two product descriptions refer to the same real-world product? Entity 1: 'nan 21 oz Standard Mouth With Standard S21SX306 32.95 USD'. Entity 2: 'nan SSD TRANSCEND SSD230S 128Gb 3D NAND SATA 3 Aluminium (TS128GSSD230S)  188 RON'.,No
Do the two product descriptions refer to the same real-world product? Entity 1: 'nan Atomos ATOM-CAB010 Full To Full Hdmi Coiled Cable 32.99 CAD'. Entity 2: 'Fujifilm Fujifilm FUJINON XF-56mm f1.2  879.00 GBP'.,No
Do the two product descriptions refer to the same real-world product? Entity 1: 'Omega Omega Horloge Seamaster 46mm Planet Ocean 600M Co-Axial Master ChronometerChronograph 215.32.46.51.01.001 7600.00 EUR'. Entity 2: 'nan Audio Technica Headphones Air Dynamic Series ATH-AD500X  529 MYR'.,No
"Do the two product descriptions refer to the same real-world product? Entity 1: 'Corsair Corsair Vengeance LPX 16GB(2x8GB) €67,00 nan'. Entity 2: 'nan Corsair 8GB (1x8GB) 3000MHz CL16 Vengeance LPX Black  159 PLN'.",No
Do the two product descriptions refer to the same real-world product? Entity 1: 'nan Elixir Phosphor Acoustic Strings - Extra Light 22.99 CAD'. Entity 2: 'nan HK DVR TURBOHD 8ch DS-7208HQHI-K2/P  651.22 RON'.,No
Do the two product descriptions refer to the same real-world product? Entity 1: 'nan Daniel Wellington Classic Sheffield Rose 40mm -rannekello DW00100007 189 EUR'. Entity 2: 'Classic Daniel Wellington - Classic Sheffield Silver - 40mm  1899.00 NOK'.,No
"Do the two product descriptions refer to the same real-world product? Entity 1: 'CLARKS CLARKS Sram, PG-730, 7sp cassette, 12-32T 19.99 USD'. Entity 2: 'nan DYMO D1 Labelling Tape 45803 Black on White 19 mm x 7 m  21.77 EUR'.",No
Do the two product descriptions refer to the same real-world product? Entity 1: 'nan Xerox Phaser 7760 Yellow Toner 106R01162 683.65 CAD'. Entity 2: 'nan Xerox 106R01162 OEM Toner Cartridge For Phaser 7760 Yellow - 25K  651.95 CAD'.,Yes
Do the two product descriptions refer to the same real-world product? Entity 1: 'nan Wd Blue 3D Nand 250Gb Pc Ssd - Sata Iii 6Gb/S M.2 2280 Solid State Drive 75.90 AUD'. Entity 2: 'Crucial Crucial BX500 480GB SSD Micron 3D NAND SATA III 6Gb/s 2.5 Internal Solid State Drive  59.99 USD'.,No
Do the two product descriptions refer to the same real-world product? Entity 1: 'nan Gorra New Era Clean Trucker 2 NY Yankees Cap 2.19E1 EUR'. Entity 2: 'nan Gorra New Era NFL New Orleans Saints 9Fifty Cap  3.99E1 EUR'.,No
Do the two product descriptions refer to the same real-world product? Entity 1: 'nan Kingston 16GB/3333MHz DDR-4 HyperX Predator XMP (Kit! 2db 8GB) (HX433C16PB3K2/16) memória 36890 HUF'. Entity 2: 'nan Kingston 32GB DDR4 3000MHz Kit(2x16GB) HyperX Predator Intel XMP  75490 HUF'.,No
Do the two product descriptions refer to the same real-world product? Entity 1: 'SanDisk SanDisk Extreme Pro SD Card 32GB 300MB/s UHS-II 56.45 EUR'. Entity 2: 'nan CS-M8000 CASSETTE 11-40 XT 11-SPEED  1.49E2 NZD'.,No
"Do the two product descriptions refer to the same real-world product? Entity 1: 'RAM Mounts RAM Torque 28mm-38mm Handlebar & Rail Base 1.5\"" Ball 41.95 AUD'. Entity 2: 'nan Seagate Ironwolf Pro 6TB (ST6000NE000)  nan nan'.",No
"Do the two product descriptions refer to the same real-world product? Entity 1: 'nan Maxxis High Roller II 29"" WideTrail Tire - 3C MT DD / 2.5"" 75.00 USD'. Entity 2: 'nan High Roller II Bike Tire: 29 x 2.50\"", Folding, 120tpi, 3C MaxxTerra, Double Down, Tubeless Ready, Wide Trail  9.1E1 USD'.",Yes
Do the two product descriptions refer to the same real-world product? Entity 1: 'nan Zebra 800015-101 Black Monochrome Ribbon - 1000 Prints 9.54 GBP'. Entity 2: 'nan Zebra 800015-101 1000 Prints Black Resin Ribbon for P310i P420i P520i  5.949999E1 AUD'.,Yes
Do the two product descriptions refer to the same real-world product? Entity 1: 'Corsair Corsair 110R Tempered Glass Mid-Tower ATX Case 51.97 GBP'. Entity 2: 'Ubiquiti Ubiquiti UniFi Dual-Band WiFi PoE Access Point UAP-AC-HD - 5 Pack  1365.99 GBP'.,No
Do the two product descriptions refer to the same real-world product? Entity 1: 'nan TP-Link 150Mbit-WLAN-Lite -N-PCI Express x1 Adapter 127.20 SEK'. Entity 2: 'Garmin Garmin Fenix 5S Plus GPS Watch Silver with Black Band  529 GBP'.,No
"Do the two product descriptions refer to the same real-world product? Entity 1: 'SanDisk SanDisk SSD PLUS 120GB Solid State Drive -SDSSDA-120G-G27 64.99 USD'. Entity 2: 'nan SanDisk PLUS SSD Hard Drive 2.5´´ internal, 480 GB, SATA, Black  54.99 EUR'.",No
"Do the two product descriptions refer to the same real-world product? Entity 1: 'Epson Epson A4/Premium Semiglossy Photo, 20 sheets 18.28 GBP'. Entity 2: 'Epson Epson Premium Glossy A3 20 sheets  39.95 EUR'.",No
Do the two product descriptions refer to the same real-world product? Entity 1: 'Jabra Evolve 20 Special Edition Mono MS nan nan'. Entity 2: 'nan Midori Traveler's Notebook - 012 Sketch Paper Notebook  4.88 EUR'.,No
Do the two product descriptions refer to the same real-world product? Entity 1: 'nan Ryze Tello Battery Charging Charger Hub (Part 9) 13.0 GBP'. Entity 2: 'nan Victron MultiPlus Compact 12/2000/80-30 230V VE.Bus  19997.1 ZAR'.,No
"Do the two product descriptions refer to the same real-world product? Entity 1: 'nan Memoria USB Kingston Technology - Color blanco, 16 GB, USB 3.0 104.00 MXN'. Entity 2: 'nan Kingston DataTraveler microDuo 128GB USB 3.0  28.59 GBP'.",No
"Do the two product descriptions refer to the same real-world product? Entity 1: 'RAM RAM 3.3\"" DIA. SUCT CUP W 1\"" BALL 23.80 EUR'. Entity 2: 'RAM Mount RAM Mount 3.5\"" Twist Lock Suction Cup Base with 1\"" Ball  35.00 AUD'.",Yes
Do the two product descriptions refer to the same real-world product? Entity 1: 'nan Logitech C922 Pro Stream webcam + Tripod (price includes delivery) 285.00 AUD'. Entity 2: 'nan LOGITECH C922 PRO STREAM FULL HD WEBCAM (960-001090)-WRTY 1YR W/BANLEONG  189.00 SGD'.,Yes
"Do the two product descriptions refer to the same real-world product? Entity 1: 'nan ASUS Scheda Madre TUF GAMING X570-PLUS AMD € 259,00 EUR'. Entity 2: 'nan TP-Link AC1200 Wireless MU-MIMO Gigabit Indoor/Outdoor Access Point (EAP225-Outdoor) AC1200 Outdoor  2771 ZAR'.",No
Do the two product descriptions refer to the same real-world product? Entity 1: 'Tissot Tissot Mens T-Sport Seastar 1000 Chronograph Black Dial Stainless Steel Bracelet Watch T120.417.11.051.00 450.00 GBP'. Entity 2: 'Hikvision DVR 8 canale Hikvision TurboHD 5MP 4 canale alarma audio DS-7208HUHI-K1 H.265  603.000013 RON'.,No
Do the two product descriptions refer to the same real-world product? Entity 1: 'New Era NEW ERA ČIAPKA THE LEAGUE GM NY YANKEES 24.99 EUR'. Entity 2: 'nan Philips Monitor LCD 243V7QDSB/00  94.1 EUR'.,No
"Do the two product descriptions refer to the same real-world product? Entity 1: 'nan Canon PFI107C Cyan Laser Toner Cartridge Remanufactured 59.95 USD'. Entity 2: 'nan Canon PFI-101C Ink, 130 ml - Cyan  77.90 USD'.",No
Do the two product descriptions refer to the same real-world product? Entity 1: 'nan Access Point|TP-LINK|300 Mbps|IEEE 802.3af|IEEE 802.11b|IEEE 802.11g|IEEE 802.11n|1xRJ45|Number of antennas 2|EAP115 33.65 EUR'. Entity 2: 'nan TP-Link 300Mbps Wireless N Ceiling Mount Access Point with Passive PoE (EAP115)  75 AUD'.,Yes
Do the two product descriptions refer to the same real-world product? Entity 1: 'nan Mavic Mini Drone by DJI - Fly More Combo 499.00 USD'. Entity 2: 'DJI DJI Mavic Air Car Charger  649 SEK'.,No
Do the two product descriptions refer to the same real-world product? Entity 1: 'nan TAG Heuer Formula 1 43mm Mens Watch WAZ2011.BA0842 1550.0 GBP'. Entity 2: 'nan TAG Heuer Automatic Chronograph Watch CBG2A1Z.BA0658  6550 USD'.,No
"Do the two product descriptions refer to the same real-world product? Entity 1: 'nan BenQ LCD SW2700PT 27\"" W/IPS LED/2560x1440/5ms/DVI-DL/HDMI/2xUSB3.0/Flicker-free/VESA 9H.LDKLB.QBE 695.64 EUR'. Entity 2: 'nan APC Replacement Battery Cartridge #133 (APCRBC133)  29910 RUB'.",No
Do the two product descriptions refer to the same real-world product? Entity 1: 'nan Jabra BIZ 2400 II 3-in-1 Mono IP Headset top only 148.30 GBP'. Entity 2: 'nan Omega Seamaster Planet Ocean Automatic Chronograph Two-Tone Rubber Watch 215.32.46.51.01.001  6.15425E3 USD'.,No
Do the two product descriptions refer to the same real-world product? Entity 1: 'nan DYMO 4500 TAPE BLACK/RED 45017 11.49 GBP'. Entity 2: 'HP HP 900GB 6G SAS 10K 900 SAS 16 MB Cache 2.5-Inch Internal Bare or OEM Drives 619291-B21  170.00 USD'.,No
Do the two product descriptions refer to the same real-world product? Entity 1: 'Elixir Elixir E16052 Nanoweb Phosphor Bronze Acoustic Guitar Strings Light Gauge 12-53 24.99 AUD'. Entity 2: 'nan maintenance kit EPSON Business Inkjet B300/310/B500DN/B510DN (´odpad. nadoba´)  22.23 EUR'.,No
Do the two product descriptions refer to the same real-world product? Entity 1: 'nan Router wifi archer c60 ac1350 dual nan nan'. Entity 2: 'Logitech Logitech® HD Webcam C310 - USB  39.948 GBP'.,No
Do the two product descriptions refer to the same real-world product? Entity 1: 'CANON Canon CLI-251BK XL High-Capacity Black Ink Tank 0.0 USD'. Entity 2: 'nan Pokemon TCG Rebel Clash Booster Pack  5.31 CAD'.,No
Do the two product descriptions refer to the same real-world product? Entity 1: 'The Pokemon Company Pokemon Sword & Shield Booster pack 3.99 GBP'. Entity 2: 'nan Pokemon TCG Rebel Clash Booster Pack  5.31 CAD'.,No
"Do the two product descriptions refer to the same real-world product? Entity 1: 'nan ASUS AMD ATX ROG STRIX B550 F Gaming Motherboard AM4 Dual DDR4, HDMI, Dual M.2 270.00 AUD'. Entity 2: 'Asus Motherboard Asus TUF B450M-PLUS GAMING, AM4, USB 3.1, SATA 6GB/S  102.00 EUR'.",No
Do the two product descriptions refer to the same real-world product? Entity 1: 'EPSON Cartucho tinta negro l epson t7031 - 24ml - big ben - para wp-4595 dnf/dtwf/ 4535dwf / 4525dnf / 4515dn / 4095dn / 4025dw / 36.5 EUR'. Entity 2: 'nan Canon PFI 107C Ink Cartridge Cyan  0.00 AUD'.,No
"Do the two product descriptions refer to the same real-world product? Entity 1: 'RAM Mount RAM Mount Double Socket Clamp Arm - SHORT - for 1.5\"" C Size Balls 45.00 AUD'. Entity 2: 'nan RAM® 3\"" Double Ball Arm for 1.5\"" Ball  19.49 USD'.",Yes
Do the two product descriptions refer to the same real-world product? Entity 1: 'nan Crucial 1x 8GB DDR3L 1600MHz ECC Unbuffered UDIMM RAM | Discount Computer Needs 269.00 AUD'. Entity 2: 'nan Monitor 27 SW271 LED 5ms/QHD/IPS/HDMI/DP/USB  5697.05 PLN'.,No
Do the two product descriptions refer to the same real-world product? Entity 1: 'Brother Brother HL-L6300DW Business Laser Printer for Mid-Size Workgroups -HL-L6300DW 479.98 USD'. Entity 2: 'Brother Brother HL-L6200DW Business Laser Printer  229.99 USD'.,No
Do the two product descriptions refer to the same real-world product? Entity 1: 'nan Zebra Black Ribbon True Colours Brand i-series 800015-301 16.95 USD'. Entity 2: 'Kingston HyperX Predator 16GB - PC4-26600 - DIMM  109.00 EUR'.,No
Do the two product descriptions refer to the same real-world product? Entity 1: 'SanDisk SanDisk Extreme Pro SD Card 32GB 300MB/s UHS-II 56.45 EUR'. Entity 2: 'nan SanDisk SDHC Ultra UHS-I 256GB Class 10 90MB/S  351.00 DKK'.,No
Do the two product descriptions refer to the same real-world product? Entity 1: 'nan Asus TUF X470-Plus Gaming Socket AM4 ATX AMD 185.00 EUR'. Entity 2: 'nan TUF GAMING X570-PLUS Desktop Motherboard - AMD Chipset - Socket AM4  181.69 USD'.,No
"Do the two product descriptions refer to the same real-world product? Entity 1: 'nan Canon PFI-101C Ink, 130 ml - Cyan 77.90 USD'. Entity 2: 'nan GARMIN FENIX 5 GRAY BLACK 010-01688-00  499.99 EUR'.",No
Do the two product descriptions refer to the same real-world product? Entity 1: 'nan Laser Toner Cartridge compatible with Samsung MLT-D103L/ELS High Capacity 19.87 GBP'. Entity 2: 'nan ADATT. WIFI TP-LINK AC600 NANO WRLS USB  24 EUR'.,No
Do the two product descriptions refer to the same real-world product? Entity 1: 'nan DDR3 8GB PC1600 CL9 Kingston Hypk 41.16 nan'. Entity 2: 'nan Sony SEL20F18G.SYX - Sony E-Mount FE 20mm F1.8 G  1048.28 CHF'.,No
Do the two product descriptions refer to the same real-world product? Entity 1: 'Logitech Logitech G G402 Hyperion Fury Oyuncu Mouse 910-004068 389.90 TRY'. Entity 2: 'DADDARIO EJ16 - Acoustic Phosphor Bronze 12-53  7.9E0 EUR'.,No
Do the two product descriptions refer to the same real-world product? Entity 1: 'Shimano Shimano Dura-Ace CS-R9100 11-28T 11sp Cassette 296.99 AUD'. Entity 2: 'Shimano Shimano Cassette Ultegra R8000 11 Speed 11-28T  150.00 AUD'.,No
"Do the two product descriptions refer to the same real-world product? Entity 1: 'nan Apple AirPods Pro Bluetooth Earbuds w/ Wireless Charging Case, White (MWP22AM/A) 249 USD'. Entity 2: 'nan APPLE - Apple AirPods 2 with Wireless Charging Case MRXJ2ZM/A - White  2396.00 NOK'.",No
Do the two product descriptions refer to the same real-world product? Entity 1: 'nan Jabra BIZ 2300 USB MS Mono - headset 158.99 CAD'. Entity 2: 'Jabra Jabra BIZ2300 2399-823-109 DUO USB Headset MS  160.0 USD'.,No
"Do the two product descriptions refer to the same real-world product? Entity 1: 'nan BenQ SW2700PT 27in QHD Professional AdobeRGB Monitor 1099.00 AUD'. Entity 2: 'nan BenQ LCD SW2700PT 27\"" W/IPS LED/2560x1440/5ms/DVI-DL/HDMI/2xUSB3.0/Flicker-free/VESA 9H.LDKLB.QBE  695.64 EUR'.",Yes
"Do the two product descriptions refer to the same real-world product? Entity 1: 'nan Corsair 8GB (1x8GB) 3000MHz CL16 Vengeance LPX Black 159 PLN'. Entity 2: 'nan Sony FE 24mm F1.4 GM Lens + Bonus  $1,899.99 nan'.",No
Do the two product descriptions refer to the same real-world product? Entity 1: 'nan Epson A4 Premium Glossy Photo Paper 181.00 NOK'. Entity 2: 'nan Brother Monochrome Compact Laser All-in-One Printer with Duplex Printing and Wireless Networking  199.99 USD'.,No
Do the two product descriptions refer to the same real-world product? Entity 1: 'nan Cheap Replica Audemars Piguet Royal Oak Offshore Chronograph Watch 26470OR.OO.A125CR.01 nan nan'. Entity 2: 'nan Audemars Piguet-Audemars Piguet Royal Oak Offshore Chronograph 42mm Mens Watch-26470OR.OO.A125CR.01  38000 USD'.,Yes
"Do the two product descriptions refer to the same real-world product? Entity 1: 'nan ASUS GeForce® RTX 2080 SUPER™ Dual Evo OC 8GB (90YV0DJ0-M0NM00) (NVIDIA, Grafikkarte) 5.99E2 EUR'. Entity 2: 'ASUS ASUS NVIDIA GeForce RTX 2060 6GB DUAL OC EVO Turing Graphics Card  323.99 GBP'.",No
"Do the two product descriptions refer to the same real-world product? Entity 1: 'nan ASUS Scheda Madre TUF GAMING X570-PLUS AMD € 259,00 EUR'. Entity 2: 'SRAM SRAM Disc Brake Pad Set Organic Compound  24.99 USD'.",No
Do the two product descriptions refer to the same real-world product? Entity 1: 'Traveler's Traveler's Zip Pocket - Regular Size 9.0 USD'. Entity 2: 'nan Jabra BIZ 2300 USB MS Duo  149.00 USD'.,No
Do the two product descriptions refer to the same real-world product? Entity 1: 'nan Tag Heuer Carrera Quartz Chronograph Stainless Steel Watch CBK2112.BA0715 2.407E3 USD'. Entity 2: 'nan TAG Heuer Carrera Automatic Blue Dial Men's CBK2112.BA0715  151 USD'.,Yes
Do the two product descriptions refer to the same real-world product? Entity 1: 'nan ASUS GeForce RTX 2080 SUPER 8GB DUAL OC EVO 9596.00 SEK'. Entity 2: 'nan Crucial 500GB MX500 M.2 2880 SATA 6Gb/s SSD  54.39 GBP'.,No
Do the two product descriptions refer to the same real-world product? Entity 1: 'Epson Epson Papir Photo Premium Glossy 13X18cm 30-ark 255G 85 DKK'. Entity 2: 'G.Skill G.Skill Trident Z Neo DDR4 3600MHz 16GB (2X8) Desktop Memory for AMD X570 F4-3600C16D-16GTZNC | PCByte  209.0 AUD'.,No
Do the two product descriptions refer to the same real-world product? Entity 1: 'nan Manfrotto MVH502AH Fluid Video Head with MT055XPRO3 Tripod 419.99 USD'. Entity 2: 'nan Manfrotto XPRO Fluid Tripod Head with Fluidity Selector  138.00 EUR'.,No
Do the two product descriptions refer to the same real-world product? Entity 1: 'nan Asus PRIME B450-PLUS(PRIME B450-PLUS) 32585 HUF'. Entity 2: 'Asus Asus MBTUF B450M-Plus Gaming / AM4 / B450 / m.2 / mATX  111.95 EUR'.,No
Do the two product descriptions refer to the same real-world product? Entity 1: 'nan Kingston Technology Canvas Select memory card 128 GB MicroSDXC Class 10 UHS-I 13.99 GBP'. Entity 2: 'BROTHER TONERBROTHER ORIGINALE GIALLO TN-135Y  120.327869 EUR'.,No
"Do the two product descriptions refer to the same real-world product? Entity 1: 'nan Hikvision Wall Mount for AVPIR3 and 23x5G1-I range of Cameras 16.50 GBP'. Entity 2: 'nan RAM Handlebar Rail Mount 1.125 - 1.5\"" C (RAM-408-112-15U)  39.25 AUD'.",No
Do the two product descriptions refer to the same real-world product? Entity 1: 'nan AF-S FX 24-85MM F3.5-4.5G ED VR 9.99E2 NZD'. Entity 2: 'nan Nikon AF-S NIKKOR FX 50mm F1.8G Lens  1.9695E2 USD'.,No
"Do the two product descriptions refer to the same real-world product? Entity 1: 'nan Catalyst 2960 Plus 48 10/100 + 1875.282618 EUR'. Entity 2: 'nan Crucial BX500 2.5\"" 480 GB Serial ATA III  88.54 EUR'.",No
Do the two product descriptions refer to the same real-world product? Entity 1: 'nan Logitech C922 Pro Stream webcam + Tripod (price includes delivery) 285.00 AUD'. Entity 2: 'TP-Link Access Point TP-Link 450MBPS TL-WA901ND Wireless  0.0 BRL'.,No
Do the two product descriptions refer to the same real-world product? Entity 1: 'nan OKI 44992402 Style Black Compatible Toner 21.49 GBP'. Entity 2: 'nan Zebra 800015-301 (Eltron) Black (K) Resin Ribbon - 1500 Prints  16.00 USD'.,No
Do the two product descriptions refer to the same real-world product? Entity 1: 'nan Omega Seamaster Planet Ocean Automatic Chronograph Stainless Steel Watch 232.30.46.51.01.002 7.15799E3 USD'. Entity 2: 'nan Buy Quality Replica Omega Seamaster Planet Ocean 600M Steel Chronometer Chronograph Watch 215.30.46.51.01.001  nan nan'.,No
Do the two product descriptions refer to the same real-world product? Entity 1: 'nan Zebra TrueColours ix Series Monochrome - 1 - black - print ribbon 28.99 CAD'. Entity 2: 'nan 652589-B21 HP G8 G9 900-GB 6G 10K 2.5 SAS SC  183 CAD'.,No
"Do the two product descriptions refer to the same real-world product? Entity 1: 'nan Elixir 11152 Strings Acoustic 80/20 Bronze NANOWEB 12 String, Light 25.99 USD'. Entity 2: 'Elixir Elixir E16052 Nanoweb Phosphor Bronze Acoustic Guitar Strings Light Gauge 12-53  24.99 AUD'.",No
Do the two product descriptions refer to the same real-world product? Entity 1: 'nan DJI Accessory CP.PT.000562 Mavic Part 6 Car Charger Retail 65.00 USD'. Entity 2: 'DJI DJI Mavic Pro automobilinis įkroviklis / Car Charger  55.00 EUR'.,Yes
Do the two product descriptions refer to the same real-world product? Entity 1: 'nan Zebra 800015-301 (Eltron) Black (K) Resin Ribbon - 1500 Prints 16.00 USD'. Entity 2: 'nan WD HDD 4TB My Passport Black  338.40 BAM'.,No
"Do the two product descriptions refer to the same real-world product? Entity 1: 'SRAM SRAM AM BRAKE PAD GUIDE/TRL STLSIN 1 SET 25.00 USD'. Entity 2: 'nan Shimano CN-HG601 105 5800 / SLX M7000 Chain With Quick Link 11-Speed - 116 Links, SIL-TEC  31.99 GBP'.",No
"Do the two product descriptions refer to the same real-world product? Entity 1: 'nan ASUS TUF X470 Plus Gaming with Aura Sync RGB LED lighting AM4 DDR4 HDMI DVI M.2 ATX Motherboard 81.32 OMR'. Entity 2: 'nan ASUS AMD ATX ROG STRIX B550 F Gaming Motherboard AM4 Dual DDR4, HDMI, Dual M.2  270.00 AUD'.",No
Do the two product descriptions refer to the same real-world product? Entity 1: 'nan Carbide Series 275R Tempered Glass Mid-Tower Gaming CaseWhite 94.38 EUR'. Entity 2: 'nan Dymo Label Casette D1 (19mm x 7m - Black On White)  6.95 AUD'.,No
Do the two product descriptions refer to the same real-world product? Entity 1: 'nan LACIE 2TB 2.5 MOBILE PORTABLE USB 3.0 MOON SILVER 2384.81 ZAR'. Entity 2: 'nan Seagate IronWolf PRO 16TB NAS Professional  3914.00 DKK'.,No
Do the two product descriptions refer to the same real-world product? Entity 1: 'Traveler's Company Traveler's Company 002. GRID REFILL MIDORI TRAVELER'S NOTEBOOK 3.50 GBP'. Entity 2: 'nan Midori Traveler's Notebook - 012 Sketch Paper Notebook  4.88 EUR'.,No
Do the two product descriptions refer to the same real-world product? Entity 1: 'nan Hikvision Wall Mount for AVPIR3 and 23x5G1-I range of Cameras 16.50 GBP'. Entity 2: 'SRAM SRAM SRAM NX Eagle PG-1230 12-Speed Cassette  129.95 CAD'.,No
Do the two product descriptions refer to the same real-world product? Entity 1: 'nan Epson Premium Glossy Photo Paper 13x18cm 11.49 GBP'. Entity 2: 'Epson Epson Papir Photo Premium Glossy 13X18cm 30-ark 255G  85 DKK'.,Yes
"Do the two product descriptions refer to the same real-world product? Entity 1: 'nan Elixir Phosphor Bronze Acoustic Guitar Strings with NANOWEB Coating, Extra Light (.010-.047) 17.99 USD'. Entity 2: 'Elixir Elixir E16052 Nanoweb Phosphor Bronze Acoustic Guitar Strings Light Gauge 12-53  24.99 AUD'.",No
Do the two product descriptions refer to the same real-world product? Entity 1: 'nan Samsung PORTABLE SSD T7 Touch 1TB Mobile External Solid State 1.8331E2 GBP'. Entity 2: 'nan OMEGA SEAMASTER DIVER 300 210.20.42.20.03.002  13900.00 CAD'.,No
"Do the two product descriptions refer to the same real-world product? Entity 1: 'nan ASUS GeForce® RTX 2080 SUPER™ Dual Evo OC 8GB (90YV0DJ0-M0NM00) (NVIDIA, Grafikkarte) 5.99E2 EUR'. Entity 2: 'nan Samsung T7 Touch Portable SSD Drive [1TB](Silver)  319 AUD'.",No
"Do the two product descriptions refer to the same real-world product? Entity 1: 'nan Asus Radeon Dual Evo RX5500 XT 8gb Gddr6 Version OC 6456.56 MXN'. Entity 2: 'Epson Epson Tinte T6037 Light Black, 220 ml  97.10 EUR'.",No
Do the two product descriptions refer to the same real-world product? Entity 1: 'nan APC Smart-UPS SRT 6000VA RM 230V 59990.00 SEK'. Entity 2: 'nan Crucial 4GB DDR4-2666 SODIMM | CT4G4SFS8266 | Crucial UK  15.59 GBP'.,No
Do the two product descriptions refer to the same real-world product? Entity 1: 'Corsair CORSAIR Vengeance RGB Pro 16GB (2 x 8GB) 288-Pin DDR4 DRAM DDR4 3000 (PC4 24000) Desktop Memory Model CMW16GX4M2C3000C15W 83.99 USD'. Entity 2: 'Corsair Corsair Vengeance RGB Pro DDR4 3000MHz 16GB (2x8) Desktop Memory White CMW16GX4M2C3000C15W | PCByte  165.0 AUD'.,Yes
"Do the two product descriptions refer to the same real-world product? Entity 1: 'Maxxis Maxxis Maxxis, High Roller II, Tire, 27.5''x2.30, Folding, Tubeless Ready, Dual, EXO, 60TPI, Black 88.00 CAD'. Entity 2: 'Maxxis Maxxis High Roller II 650b 27.5\"" Dual Compound EXO Folding Tubeless Ready Mountain Bike Tyre  £40.00 GBP'.",Yes
Do the two product descriptions refer to the same real-world product? Entity 1: 'SRAM SRAM Disc Brake Pad Organic Hrd 1390.0 INR'. Entity 2: 'Sram Sram/Avid Road Disc Brake Pads - Road/Level (Organic/Steel Back)  19.99 USD'.,No
Do the two product descriptions refer to the same real-world product? Entity 1: 'nan Canon EF-M 18-150mm f/3.5-6.3 IS STM (Black) 7795.00 ZAR'. Entity 2: 'nan Sigma 105mm f1.4 DG HSM Art Lens for Canon  1599.95 USD'.,No
Do the two product descriptions refer to the same real-world product? Entity 1: 'nan Corsair Crystal 460X RGB ATX Mid Tower Case - Black 929.00 QAR'. Entity 2: 'Corsair Corsair Carbide SPEC-01 Tower Black  79 AUD'.,No
Do the two product descriptions refer to the same real-world product? Entity 1: 'Dymo Dymo 12mm Black On Red D1 Tape (45017) 11.69 GBP'. Entity 2: 'nan DYMO 4500 TAPE BLACK/RED 45017  11.49 GBP'.,Yes
Do the two product descriptions refer to the same real-world product? Entity 1: 'Swiss Military Hanowa Relógio Swiss Military Hanowa06-4307.30.007 Undercover Multifunction 169.95 EUR'. Entity 2: 'Samsung Samsung Portable SSD T7 Touch 1TB - Zilver  249.00 EUR'.,No
Do the two product descriptions refer to the same real-world product? Entity 1: 'nan Fujifilm XF 56mm f/1.2 R 879.00 EUR'. Entity 2: 'nan D'Addario XT Acoustic Phosphor Bronze Medium Guitar Strings 13-56  19.50 CAD'.,No
"Do the two product descriptions refer to the same real-world product? Entity 1: 'Corsair Corsair DDR4 Vengeance LPX 16GB/2133(2*8GB) CL13-15-15-28 1,20V XMP2.0 0 nan'. Entity 2: 'nan Wd Blue 3D Nand 250Gb Pc Ssd - Sata Iii 6Gb/S M.2 2280 Solid State Drive  75.90 AUD'.",No
"Do the two product descriptions refer to the same real-world product? Entity 1: 'nan DDR4 Vengeance LPX 16GB/3200(2*8GB) CL16-18-18-36 BLACK 1,35VXMP 2.0 285 PLN'. Entity 2: 'Corsair Corsair DDR4 Vengeance LPX 16GB/2133(2*8GB) CL13-15-15-28 1,20V XMP2.0  0 nan'.",No
Do the two product descriptions refer to the same real-world product? Entity 1: 'Corsair 8GB Corsair ValueSelect DDR4-2133 DIMM CL15 Single 33.99 nan'. Entity 2: 'Corsair Corsair Value Select 8GB PC4-17000 - 8 GB - 1 x 8 GB - DDR4 - 2133 MHz - 288-pin DIMM  37.71 EUR'.,Yes
Do the two product descriptions refer to the same real-world product? Entity 1: 'nan SANDISK EXTREME PRO SDXC 256GB V30 UHS-I U3 - SDSDXXY-256G-GN4IN nan nan'. Entity 2: 'nan SANDISK EXTREME PRO SDXC 256GB 170MB/S C10 U3  3.1999E2 NZD'.,Yes
Do the two product descriptions refer to the same real-world product? Entity 1: 'nan WD 1TB Blue SN550 NVME M.2 SSD (WDS100T2B0C) (Warranty 5years with WD SG) 208.00 SGD'. Entity 2: 'nan WD BLUE 1TB SN550 NVME M.2 2280 SSD (WDS100T2B0C)  11100.00 INR'.,Yes
"Do the two product descriptions refer to the same real-world product? Entity 1: 'nan 16GB Vengeance LPX DDR4 2400MHz, CL14, Black, DIMM Memory 64.66 USD'. Entity 2: 'nan Corsair Vengeance LPX 16GB DDR4 2400MHz(CMK16GX4M1A2400C14)  23375 HUF'.",Yes
Do the two product descriptions refer to the same real-world product? Entity 1: 'nan Kappe New Era NY Yankees MLB 9Fifty Cap 3.19E1 EUR'. Entity 2: 'nan APC APCrbc110 Replacement Battery Cartridge #110  67.94 USD'.,No
Do the two product descriptions refer to the same real-world product? Entity 1: 'Sigma Sigma 105mm F1.4 Art DG HSM EOS Mount Lens 2595 AUD'. Entity 2: 'Sigma Sigma 35mm F1.4 DG Art HSM EOS Mount Lens  1059 AUD'.,No
Do the two product descriptions refer to the same real-world product? Entity 1: 'ASUS ASUS NVIDIA GeForce RTX 2060 SUPER 8GB TURBO EVO Turing Graphics Card 99999.99 GBP'. Entity 2: 'nan Gigabyte GeForce RTX 2060 SUPER 8GB Aorus  5436.00 SEK'.,No
Do the two product descriptions refer to the same real-world product? Entity 1: 'nan Traveler's Notebook Refill - Sketch Paper 10.00 AUD'. Entity 2: 'Hydro Flask Hydro Flask 32 oz Wide Mouth Flex Cap Bottle in Sunflower  48.00 CAD'.,No
Do the two product descriptions refer to the same real-world product? Entity 1: 'Intel Intel Core i7 9700F 9th Gen Desktop Processor/CPU Retail - No iGPU 292.99 GBP'. Entity 2: 'nan TAG Heuer Monaco Men's Blue Leather Strap Watch  5250 GBP'.,No
Do the two product descriptions refer to the same real-world product? Entity 1: 'nan APC APCRBC117 Replacement Battery Cartridge #117 539.00 AUD'. Entity 2: 'Logitech Diadema Logitech H390 USB Computer ...  149000.00 COP'.,No
Do the two product descriptions refer to the same real-world product? Entity 1: 'nan Nikon AF-S NIKKOR 24-85mm f/3.5-4.5 G ED VR Lens 679.99 CAD'. Entity 2: 'nan Access Point|TP-LINK|300 Mbps|IEEE 802.3af|IEEE 802.11b|IEEE 802.11g|IEEE 802.11n|1xRJ45|Number of antennas 2|EAP115  33.65 EUR'.,No
Do the two product descriptions refer to the same real-world product? Entity 1: 'nan Zebra 800015-301 (Eltron) Black (K) Resin Ribbon - 1500 Prints 16.00 USD'. Entity 2: 'nan Traveler's Notebook Refill - Sketch Paper  10.00 AUD'.,No
"Do the two product descriptions refer to the same real-world product? Entity 1: 'RAM Mount RAM Mount Double Socket Clamp Arm - SHORT - for 1.5\"" C Size Balls 45.00 AUD'. Entity 2: 'RAM Mount RAM Double Socket Clamp Arm SHORT  32.00 AUD'.",No
Do the two product descriptions refer to the same real-world product? Entity 1: 'DJI Mavic 2 Part11 Car Charger 1248 ZAR'. Entity 2: 'DJI DJI Mavic Air Car Charger  649 SEK'.,No
Do the two product descriptions refer to the same real-world product? Entity 1: 'nan Šilterica New Era Clean Trucker Chicago Bulls Cap 1.941E2 HRK'. Entity 2: 'nan Cappello New Era Clean Trucker Chicago Bulls Cap  2.59E1 EUR'.,Yes
"Do the two product descriptions refer to the same real-world product? Entity 1: 'nan BROTHER HL-L6200DW WIRELESSMONO LASER PRINTER WITH2-Sided PRINTING(46 PPM, 520 Sheets Paper... 511.00 AUD'. Entity 2: 'nan Dymo Label Casette D1 (19mm x 7m - Black On White)  6.95 AUD'.",No
"Do the two product descriptions refer to the same real-world product? Entity 1: 'nan Life Extension Super Ubiquinol COQ10 with Enhanced Mitochondrial Support 100 mg, 60 Count 46.50 USD'. Entity 2: 'nan Kappe New Era NFL New Orleans Saints 9Fifty Cap  3.99E1 EUR'.",No
"Do the two product descriptions refer to the same real-world product? Entity 1: 'UBIQUITI Ubiquiti UVC-G3-BULLET (Formerly UVC-G3-AF) UniFi Video Camera G3 1080p PoE IP Camera 118.20 GBP'. Entity 2: 'nan 3M - Privacy Filter 23.0\""\"" Framed  2400.00 DKK'.",No
Do the two product descriptions refer to the same real-world product? Entity 1: 'nan APC Smart-UPS SRT 3000VA RM 230V SRT3000RMXLI 2524.55 GBP'. Entity 2: 'nan APC Smart UPS RM 3000VA  2835.03 EUR'.,Yes
"Do the two product descriptions refer to the same real-world product? Entity 1: 'nan Corsair Vengeance LPX, 16GB, DDR4 memory module 2133 MHz 66.671001 EUR'. Entity 2: 'nan Samsung 970 EVO 500GB - NVMe PCIe M.2 2280 SSD | MZ-V7E500BW  5.1975E2 AED'.",No
"Do the two product descriptions refer to the same real-world product? Entity 1: 'nan BenQ GW2480 23.8 inch LED IPS Monitor - Full HD, 5ms, Speakers 1.595E2 GBP'. Entity 2: 'nan PHILIPS MONITOR LED IPS 24\"" (23.8) 16:9 FULLHD VGA DVI HDMI 243V7QDSB  130.06 EUR'.",No
"Do the two product descriptions refer to the same real-world product? Entity 1: 'nan APC RBC140 Replacement Battery Cartridge 531.10 GBP'. Entity 2: 'APC APC Replacement Battery Cartridge #133UPS battery - Lead Acid  312,12 EUR'.",No
Do the two product descriptions refer to the same real-world product? Entity 1: 'nan Buy Quality Replica Omega Seamaster Planet Ocean 600M Steel Chronometer Chronograph Watch 215.30.46.51.01.001 nan nan'. Entity 2: 'nan AAA Replica Omega Seamaster Planet Ocean 600M Chronograph Stainless Steel Blue Watch 215.30.46.51.03.001  nan nan'.,No
Do the two product descriptions refer to the same real-world product? Entity 1: 'nan Kingston Pendrive DataTraveler 100 G3 256GB USB 3.0 191.99 PLN'. Entity 2: 'nan ASUS TUF X470 Plus Gaming with Aura Sync RGB LED lighting AM4 DDR4 HDMI DVI M.2 ATX Motherboard  81.32 OMR'.,No
Do the two product descriptions refer to the same real-world product? Entity 1: 'Hydro Flask Hydro Flask 32 oz Wide Mouth Flex Cap Bottle in Sunflower 48.00 CAD'. Entity 2: 'Hydro Flask Hydro Flask 32 oz. Wide Mouth 2.0 Flex Cap Hibiscus  40.79 CAD'.,No
Do the two product descriptions refer to the same real-world product? Entity 1: 'nan Šilterica New Era Clean Trucker Chicago Bulls Cap 1.941E2 HRK'. Entity 2: 'nan Epson T7551 (Prentar 5000 síður) XL svart blekhylki (100ml) fyrir WorkForce WF-8XXX prentara  18617 ISK'.,No
Do the two product descriptions refer to the same real-world product? Entity 1: 'Kingston Kingston HyperX Fury 16GB DDR4 3200MHz CL16 Ram 655.92 TRY'. Entity 2: 'ASUS PH-GTX1660S-O6G 6 GB Geforce GTX 1660 Super Overclocked Phoenix Fan Edition Hdmi DP Dvi Graphics Card  nan nan'.,No
Do the two product descriptions refer to the same real-world product? Entity 1: 'nan TURBO HD DVRDS-7216HQHI-K1 1080P 610000 TZS'. Entity 2: 'nan Cisco Catalyst 2960-Plus 48TC-L - switch - 48 ports - managed - rack-mounta  2379.99 CAD'.,No
Do the two product descriptions refer to the same real-world product? Entity 1: 'nan Bosch KGN34NWEAG Free-standing fridge-freezer 489.00 GBP'. Entity 2: 'nan Ram Mount Motorcycle Fork Stem Mount with 1 Ball  2.399E1 GBP'.,No
"Do the two product descriptions refer to the same real-world product? Entity 1: 'nan Kingston Technology DataTraveler microDuo 3C 128GB USB flash drive USB Type-A / USB Type-C 3.0 (3.1 Gen 1) Silver 23.99 GBP'. Entity 2: 'nan Maxxis High Roller II 29"" WideTrail Tire - 3C MT DD / 2.5""  75.00 USD'.",No
Do the two product descriptions refer to the same real-world product? Entity 1: 'nan Epson Stylus Pro 9880 Black Photo Ink 93.88 GBP'. Entity 2: 'nan Crucial 500GB MX500 M.2 2880 SATA 6Gb/s SSD  54.39 GBP'.,No
Do the two product descriptions refer to the same real-world product? Entity 1: 'Hydro Flask Hydro Flask 32oz Wide Mouth Flex Cap Hibiscus 44.95 USD'. Entity 2: 'Hydro Flask Hydro Flask 32 oz Wide Mouth Flex Cap Bottle in Sunflower  48.00 CAD'.,No
"Do the two product descriptions refer to the same real-world product? Entity 1: 'nan Apple 10.5-inch iPad Air Wi‑Fi 256GB - Silver - MUUR2FD/A 719 EUR'. Entity 2: 'nan Blaze 40-Inch Cart For 5-Burner Grill, Cart Only  5.1499E2 USD'.",No
Do the two product descriptions refer to the same real-world product? Entity 1: 'HIKVISION 8CH HIKVISION 4MP DVR HDMI TURBO 1080P DS-7208HQHI-K1 0.00 GBP'. Entity 2: 'nan Original Epson T1571 Photo Black Ink Cartridge  26.67 GBP'.,No
"Do the two product descriptions refer to the same real-world product? Entity 1: 'nan 32 Oz Wide Mouth With Flex Cap W32BTS001 44.95 USD'. Entity 2: 'nan Jabra Biz 2400 II Mono 3-1, NC, 82 mic, QD  12500 PHP'.",No
Do the two product descriptions refer to the same real-world product? Entity 1: 'nan Garmin VENU Smartwatch Black 010-02173-12 Leather Strap 329.99 GBP'. Entity 2: 'D-Link Switch D-Link DGS-1210-24 20 p 10 / 100 / 1000 Mbps 4 x SFP  138.87 EUR'.,No
"Do the two product descriptions refer to the same real-world product? Entity 1: 'nan SanDisk Extreme PRO SD UHS-II USB 3.0 99 PLN'. Entity 2: 'nan Sandisk 128gb Extreme Pro USB 3.1 Solid State Flash Drive, 420MB/s  48.99 GBP'.",No
Do the two product descriptions refer to the same real-world product? Entity 1: 'nan TAG Heuer Automatic Chronograph Watch CBL2111.FC6453 6350 USD'. Entity 2: 'Canon Genuine Canon PGI-29 Grey Ink Cartridge (PGI29GOEM)  26.99 GBP'.,No
Do the two product descriptions refer to the same real-world product? Entity 1: 'nan Midori Traveler's Notebook - 012 Sketch Paper Notebook 4.88 EUR'. Entity 2: 'nan Traveler's Notebook Refill - Sketch Paper  10.00 AUD'.,Yes
Do the two product descriptions refer to the same real-world product? Entity 1: 'BROTHER TONERBROTHER ORIGINALE GIALLO TN-135Y 120.327869 EUR'. Entity 2: 'nan TRAVELERS REFILL KRAFT PAPER NOTEBOOK 14365006-014  4.87603 EUR'.,No
Do the two product descriptions refer to the same real-world product? Entity 1: 'D-LINK D-Link Switch 24 Puertos- Red 316.5 nan'. Entity 2: 'nan D-LINK DGS-1210-24P 24-port Gig PoE Switch 4x Combo  1392.31 PLN'.,Yes
Do the two product descriptions refer to the same real-world product? Entity 1: 'HYDRO FLASK HYDRO FLASK HYDRO FLASK 32OZ WIDE MOUTH BOTTLE-BLACK 44.95 USD'. Entity 2: 'Kingston Kingston Canvas Select Plus SDHC Memory Card UHS-I 4K FULL HD 100MB/s - 32GB  nan nan'.,No
"Do the two product descriptions refer to the same real-world product? Entity 1: 'Fujifilm Fujifilm XF 56mm F/1.2 R APD Lens 23995 ZAR'. Entity 2: 'Iiyama iiyama ProLite XUB2792QSU-B1 27\"" LED LCD Monitor - 16:9 - 5 ms  272.98 GBP'.",No
Do the two product descriptions refer to the same real-world product? Entity 1: 'Garmin Garmin Fenix 5X Plus Sapphire Black Rubber Strap 010-01989-01 569.00 GBP'. Entity 2: 'HIKVISION 8CH HIKVISION 4MP DVR HDMI TURBO 1080P DS-7208HQHI-K1  0.00 GBP'.,No
Do the two product descriptions refer to the same real-world product? Entity 1: 'SRAM SRAM SRAM NX Eagle PG-1230 12-Speed Cassette 129.95 CAD'. Entity 2: 'nan SRAM NX Eagle PG-1230 Cassetta Pignoni 11-50T 12v 2019  89.90003 EUR'.,Yes
Do the two product descriptions refer to the same real-world product? Entity 1: 'nan SWITCH TP-LINK 24 PORT GIGA 92.780111 EUR'. Entity 2: 'nan TISSOT HERITAGE VISODATE QUARTZ T118.410.11.057.00 (T118.410.11.057.00)  292.50 EUR'.,No
Do the two product descriptions refer to the same real-world product? Entity 1: 'nan Sony - FE 50mm F1.8 Standard Lens (SEL50F18F) 8.4065E2 SAR'. Entity 2: 'nan Sony SEL20F18G.SYX - Sony E-Mount FE 20mm F1.8 G  1048.28 CHF'.,No
Do the two product descriptions refer to the same real-world product? Entity 1: 'nan Fujifilm XF 56mm f/1.2 R 879.00 EUR'. Entity 2: 'nan SEIKO Prospex Automatic Men's 45mm Diver Watch - SPB103J1 – Green Dial  7.4E2 GBP'.,No
Do the two product descriptions refer to the same real-world product? Entity 1: 'nan Tissot T-Sport Seastar 1000 Powermatic 80 Watch T1204071704100 nan nan'. Entity 2: 'nan Victron MultiPlus Compact 12/2000/80-30 230V VE.Bus  19997.1 ZAR'.,No
"Do the two product descriptions refer to the same real-world product? Entity 1: 'Seagate Seagate IronWolf 6TB 3,5'' 256MB ST6000VN0033 0 nan'. Entity 2: 'Sony Sony SEL-70200G FE 70-200 mm F4 Lens  7699 TRY'.",No
"Do the two product descriptions refer to the same real-world product? Entity 1: 'nan Swiss Military Hanowa FLAGSHIP 06-5161.2.04.003 Herrenuhr 378,00 лв BGN'. Entity 2: 'SWISS MILITARY HANOWA Swiss Military Hanowa Flagship 06-5161.2.04.003  6145.0000 UAH'.",Yes
"Do the two product descriptions refer to the same real-world product? Entity 1: 'nan Corsair Carbide SPEC-OMEGA RGB Black ATX Cube Case, Tempered Glass Window, No PSU, 2x USB 3.0, HD Audio, 2x HD120 RGB Fan / Lighting Node PRO pre-installed 269.00 AUD'. Entity 2: 'nan Corsair Chassis, Carbide Series SPEC-OMEGA  151.01 USD'.",Yes
Do the two product descriptions refer to the same real-world product? Entity 1: 'Garmin Garmin Fenix 5X Plus Sapphire Black Rubber Strap 010-01989-01 569.00 GBP'. Entity 2: 'nan SWITCH TP-LINK 24 PORT GIGA  92.780111 EUR'.,No
Do the two product descriptions refer to the same real-world product? Entity 1: 'Xerox Xerox Phaser 6000/6010 Black Toner nan nan'. Entity 2: 'nan OKI 44992402 Style Black Compatible Toner  21.49 GBP'.,No
Do the two product descriptions refer to the same real-world product? Entity 1: 'nan Shimano 105 R7000 Rear Derailleur - 11 Speed 54.99 GBP'. Entity 2: 'Shimano Shimano XT M786 Direct Mount Shadow Plus SGS Long-Cage Rear Derailleur 10 Speed  84.99 USD'.,No
Do the two product descriptions refer to the same real-world product? Entity 1: 'nan KINGSTON MICRO SD CARD CANVAS SELECT PLUS 128GB 100MB/S LIMITED LIFETIME nan nan'. Entity 2: 'Cooler Master Cooler Master MasterBox Lite 5 Mid Tower Case  89 AUD'.,No
"Do the two product descriptions refer to the same real-world product? Entity 1: 'nan Corsair ML120 Pro LED, Red, 120mm Premium Magnetic Levitation Fan 72.40 AUD'. Entity 2: 'nan Pokemon TCG:Sword and Shield Rebel Clash Three Booster Blister- Dural  20.0 AUD'.",No
Do the two product descriptions refer to the same real-world product? Entity 1: 'nan Evans EC2S 13'' Clear Batter - TT13EC2S 22.50 GBP'. Entity 2: 'nan Evans EC2 SST Clear Batter Drumhead 13 in.  17.99 USD'.,Yes
"Do the two product descriptions refer to the same real-world product? Entity 1: 'nan Mouse Gaming RAZER Mamba Elite, 16000 dpi, negru nan nan'. Entity 2: 'Razer Razer Viper Mini Optical Ambidextrous RGB Gaming Mouse  37.49 GBP'.",No
Do the two product descriptions refer to the same real-world product? Entity 1: 'Sram Sram/Avid Road Disc Brake Pads - Road/Level (Organic/Steel Back) 19.99 USD'. Entity 2: 'DJI DJI Mavic 2 Pro Drone Quadcopter with Hasselblad Camera HDR Video UAV Adjustable Aperture 20MP 1  1719.99 USD'.,No
"Do the two product descriptions refer to the same real-world product? Entity 1: 'nan TP-Link EAP225-Outdoor AC1200 Wireless MU-MIMO Gigabit Indoor/Outdoor Access Point 30290 HUF'. Entity 2: 'TP-LINK Access Point TP-LINK Wireless N 300Mbs B/G/N - 3 Antenas  29,75 EUR'.",No
"Do the two product descriptions refer to the same real-world product? Entity 1: 'Canon Boje Canon PG-545 BK 8ml 2300 ALL'. Entity 2: 'Canon Canon PG-545 Black Original Ink Cartridge, E Zezë  2600 ALL'.",Yes
Do the two product descriptions refer to the same real-world product? Entity 1: 'nan Logitech HD Pro Webcam C920 - webkamera nan nan'. Entity 2: 'nan LOGITECH C922 PRO STREAM FULL HD WEBCAM (960-001090)-WRTY 1YR W/BANLEONG  189.00 SGD'.,No
Do the two product descriptions refer to the same real-world product? Entity 1: 'nan TUF GAMING X570-PLUS Desktop Motherboard - AMD Chipset - Socket AM4 181.69 USD'. Entity 2: 'nan Nikon AF-S NIKKOR FX 50mm F1.8G Lens  1.9695E2 USD'.,No
"Do the two product descriptions refer to the same real-world product? Entity 1: 'nan Corsair 110R Tempered Glass Black ATX Case, Tempered Glass Side Window, No PSU, 2x USB 3.1, HD Audio, 120mm Fan pre-installed 109.00 AUD'. Entity 2: 'nan Corsair Carbide SPEC-OMEGA RGB Black ATX Cube Case, Tempered Glass Window, No PSU, 2x USB 3.0, HD Audio, 2x HD120 RGB Fan / Lighting Node PRO pre-installed  269.00 AUD'.",No
Do the two product descriptions refer to the same real-world product? Entity 1: 'Znaka: Originln Originln toner OKI 44992402 (ern) 2149 CZK'. Entity 2: 'nan Ernie Ball Hybrid Slinky 9-46  6.00 GBP'.,No
Do the two product descriptions refer to the same real-world product? Entity 1: 'SRAM SRAM Disc Brake Pad Set Organic Compound 24.99 USD'. Entity 2: 'SRAM SRAM AM BRAKE PAD GUIDE/TRL STLSIN 1 SET  25.00 USD'.,No
Do the two product descriptions refer to the same real-world product? Entity 1: 'Asus Asus MBTUF B450M-Plus Gaming / AM4 / B450 / m.2 / mATX 111.95 EUR'. Entity 2: 'nan Asus PRIME B450-PLUS AM4 DDR4 ATX Motherboard  84.99 GBP'.,No
"Do the two product descriptions refer to the same real-world product? Entity 1: 'Maxxis Maxxis High Roller II 29er Dual Compound Folding Tubeless Ready Mountain Bike £54.99 GBP'. Entity 2: 'Epson Epson S050189 Cyan, High Capacity Toner Cartridge  107.51 USD'.",No
Do the two product descriptions refer to the same real-world product? Entity 1: 'nan Asus TUF X470-Plus Gaming Socket AM4 ATX AMD 185.00 EUR'. Entity 2: 'nan Cheap Replica Audemars Piguet Royal Oak Offshore Chronograph Watch 26470ST.OO.A099CR.01  nan nan'.,No
"Do the two product descriptions refer to the same real-world product? Entity 1: 'nan D-Link DGS-1210-28P 344.63 GBP'. Entity 2: 'nan D-Link DGS-1210-28P 24-port 1Gb Smart Switch, 4x SFP, PoE  296.6 EUR'.",Yes
"Do the two product descriptions refer to the same real-world product? Entity 1: 'nan Sandisk 128gb Extreme Pro USB 3.1 Solid State Flash Drive, 420MB/s 48.99 GBP'. Entity 2: 'nan Manfrotto MVK500AM Fluid Video System  412.00 EUR'.",No
"Do the two product descriptions refer to the same real-world product? Entity 1: 'nan WD Blue 1TB 2.5"" SATA Internal Solid State Drive SSD 550MB/s HDD | Discount Computer Needs 209.95 AUD'. Entity 2: 'nan WD Wds100t2b0a 1tb Blue 3d Nand SSD  129.98 USD'.",Yes
Do the two product descriptions refer to the same real-world product? Entity 1: 'nan GARMIN FENIX 5 GRAY BLACK 010-01688-00 499.99 EUR'. Entity 2: 'nan Lacie 5TB USB-C Mobile Drive prenosni disk  nan nan'.,No
Do the two product descriptions refer to the same real-world product? Entity 1: 'nan EPSON Ink bar WF-8xxx Series Ink Cartridge XL Yellow - 4000str. (39 ml) 1839.00 CZK'. Entity 2: 'nan Epson C13T755440 T7554 Yellow Ink 39ml  nan nan'.,Yes
"Do the two product descriptions refer to the same real-world product? Entity 1: 'Hikvision DS-7208HUHI-k2-P 8 Channel DVR Turbo 4.0 PoC 5MP 0.00 GBP'. Entity 2: 'nan DVR 8 canale, Turbo HD, 6MP, PoC, Hikvision DS-7208HQHI-K2-P  687 LEI'.",No
"Do the two product descriptions refer to the same real-world product? Entity 1: 'nan Jabra Biz 2400 II Mono 3-1 NC IP 2486-820-209 189.00 USD'. Entity 2: 'nan Jabra Biz 2400 II Mono 3-1, NC, 82 mic, QD  12500 PHP'.",No
Do the two product descriptions refer to the same real-world product? Entity 1: 'nan AMD AM4-3400G RYZEN5 3.7GHz 239.95 CAD'. Entity 2: 'nan AMD Ryzen 5 3400G Desktop Processor 4 Cores up to 4.2GHz 6MB Cache AM4 Socket (YD3400C5FHBOX)  13949.00 INR'.,Yes
Do the two product descriptions refer to the same real-world product? Entity 1: 'Cooler Master Cooler Master MasterBox TD500 ARGB Mesh ATX Case Black TG MCB-D500D-KGNN-S01 | PCByte 149.0 AUD'. Entity 2: 'Epson Epson Tinte schwarz-photo f. R3000  27.28 EUR'.,No
Do the two product descriptions refer to the same real-world product? Entity 1: 'The Pokemon Company Pokemon Sword & Shield Booster pack 3.99 GBP'. Entity 2: 'nan Pokemon TCG: Sword & Shield Boosters  4.00 GBP'.,Yes
Do the two product descriptions refer to the same real-world product? Entity 1: 'Daniel Wellington Daniel Wellington Unisex Classic Sheffield 36mm Rose Gold Black DW00100036 89.00 GBP'. Entity 2: 'nan Daniel Wellington DW00100150 Classic Cornwall Rose 36mm Black  249 AUD'.,No
Do the two product descriptions refer to the same real-world product? Entity 1: 'nan Audio Technica ATH-M50xWH Professional Studio Monitor Headphones 1.69E2 USD'. Entity 2: 'Audio Technica Audio Technica ATH-M40x Professional Monitor Headphones  79.00 GBP'.,No
"Do the two product descriptions refer to the same real-world product? Entity 1: 'nan Ubiquiti Networks UVC-G3-LED security camera accessory 139.26 EUR'. Entity 2: 'nan UBIQUITI - UVC G3 Bullet Camera, 3-pack  4715.00 NOK'.",No
Do the two product descriptions refer to the same real-world product? Entity 1: 'nan Sony SEL 30mm 3.5 Makro E-Mount 232.97 EUR'. Entity 2: 'nan ADAPTADOR INALAMBRICO TP-LINK/USB 2.0/N300/QSS/TL-WN821N  175.5 MXN'.,No
"Do the two product descriptions refer to the same real-world product? Entity 1: 'Epson Epson Tinte T6935 Matt Black UltraChrome, 350 ml 134.10 EUR'. Entity 2: 'nan Miška Razer Viper Ultimate Wireless  169.95 EUR'.",No
Do the two product descriptions refer to the same real-world product? Entity 1: 'Epson Epson Tinte matte schwarz 700ml f. 7900/9900 258.32 EUR'. Entity 2: 'ASUS ASUS PRIME X570-PRO (AM4) (D) (90MB11B0-M0EAY0)  87700 nan'.,No
Do the two product descriptions refer to the same real-world product? Entity 1: 'Sony Sony SEL24240 FE 24-240mm f/3.5-6.3 OSS Zoom Lens for Mirrorless Cameras 998.00 USD'. Entity 2: 'Ubiquiti Ubiquiti UniFi Full HD IRNV Indoor Micro Security Camera  189.98 GBP'.,No
Do the two product descriptions refer to the same real-world product? Entity 1: 'nan Nikon AF-S NIKKOR 24-85mm f/3.5-4.5 G ED VR Lens 679.99 CAD'. Entity 2: 'Samyang Samyang 24mm f1.4 ED AS IF UMC Lens - Nikon Fit  315.83 GBP'.,No
Do the two product descriptions refer to the same real-world product? Entity 1: 'Razer Razer Viper Mini Optical Ambidextrous RGB Gaming Mouse 37.49 GBP'. Entity 2: 'nan Ext. HDD LaCie Mobile Drive 2TB USB-C  3113.00 CZK'.,No
"Do the two product descriptions refer to the same real-world product? Entity 1: 'Canon Canon Multipack PGI-72multi1 (6403B007) 61.70 EUR'. Entity 2: 'nan CORSAIR CRYSTAL 570X RGB Mid-Tower Case, 3 RGB Fans, Tempered Glass - White| CC-9011110-WW  775 AED'.",No
Do the two product descriptions refer to the same real-world product? Entity 1: 'SRAM SRAM Disc Brake Pad Organic Hrd 1390.0 INR'. Entity 2: 'zebra Zebra ZXP Series 1Black Monochrome Ribbon K - 1000 Prints 800011-101  nan nan'.,No
Do the two product descriptions refer to the same real-world product? Entity 1: 'nan Catalyst 2960 Plus 48 10/100 + 1875.282618 EUR'. Entity 2: 'nan SanDisk Extreme PRO SD UHS-II USB 3.0  99 PLN'.,No
Do the two product descriptions refer to the same real-world product? Entity 1: 'Canon Canon PGI-29 Ink Tank Grey 4871B001AA CO68194 23.81 GBP'. Entity 2: 'Canon Genuine Canon PGI-29 Grey Ink Cartridge (PGI29GOEM)  26.99 GBP'.,Yes
"Do the two product descriptions refer to the same real-world product? Entity 1: 'SEAGATE Seagate NAS HDD IronWolf - 3.5\"" - 10000 GB - 7200 RPM ST10000VN0008 131127 nan'. Entity 2: 'nan Manfrotto MVH502AH Fluid Video Head with MT055XPRO3 Tripod  419.99 USD'.",No
"Do the two product descriptions refer to the same real-world product? Entity 1: 'nan Traveler's Notebook Starter Kit (Passport Size) - Blue 49.90 SGD'. Entity 2: 'RAM RAM 3.3\"" DIA. SUCT CUP W 1\"" BALL  23.80 EUR'.",No
Do the two product descriptions refer to the same real-world product? Entity 1: 'Western Digital Western Digital Western Digital 2TB Blue 79.00 EUR'. Entity 2: 'nan Traveler's Notebook Starter Kit (Passport Size) - Blue  49.90 SGD'.,No
"Do the two product descriptions refer to the same real-world product? Entity 1: 'Samsung Samsung 970 Evo 500GB NVME M.2 High Speed Solid State Drive with V-Nand 10399.00 INR'. Entity 2: 'SAMSUNG SAMSUNG 970 EVO PLUS M.2 2280 500GB PCIe Gen 3.0 x4, NVMe 1.3 V-NAND 3-bit MLC Internal Solid State Drive (SSD) MZ-V7S500B/AM  89.99 USD'.",No
"Do the two product descriptions refer to the same real-world product? Entity 1: 'Samsung Samsung Portable SSD T7 Touch 1TB - Zilver 249.00 EUR'. Entity 2: 'EC Offroad MultiPlus Inverter/Charger C 12/2000/80-30  1,699.99 AUD'.",No
"Do the two product descriptions refer to the same real-world product? Entity 1: 'nan Omega Seamaster DIVER 300MOMEGA CO-AXIAL MASTER CHRONOMETER 42 MM 219000 MXN'. Entity 2: 'Omega Seamaster Planet Ocean 600 M Omega Co-Axial Master Chronometer Chronograph 215.30.46.51.03.001  8,450.00 USD'.",No
Do the two product descriptions refer to the same real-world product? Entity 1: 'nan Seiko Presage Watch Zen Gardens Mens 450.00 GBP'. Entity 2: 'nan Mens Daniel Wellington St Mawes 40mm Watch DW00100006  169.00 GBP'.,No
Do the two product descriptions refer to the same real-world product? Entity 1: 'nan Samsung 970 EVO 500GB - NVMe PCIe M.2 2280 SSD | MZ-V7E500BW 5.1975E2 AED'. Entity 2: 'Znaka: Originlne Originlny toner CANON CRG-707 C (Azrov)  77.9 EUR'.,No
Do the two product descriptions refer to the same real-world product? Entity 1: 'SRAM SRAM Disc Brake Pad Set Organic Compound 24.99 USD'. Entity 2: 'nan EPSON Premium Glossy Photo Paper A4/30ks  17.49 nan'.,No
"Do the two product descriptions refer to the same real-world product? Entity 1: 'nan BenQ GW2480 23.8"" Full HD IPS Monitor nan nan'. Entity 2: 'nan Jabra BIZ 2300 USB MS Duo  149.00 USD'.",No
Do the two product descriptions refer to the same real-world product? Entity 1: 'HYDRO FLASK HYDRO FLASK HYDRO FLASK 21OZ STANDARD MOUTH BOTTLE-OLIVE 33.00 USD'. Entity 2: 'nan 21 oz Standard Mouth With Standard S21SX306  32.95 USD'.,Yes
Do the two product descriptions refer to the same real-world product? Entity 1: 'nan HIKVISION DS-7208HQHI-K1 2 MEGAPIXEL HYBRID 8 CHANNEL (8CH) DVR nan nan'. Entity 2: 'nan HIKVISION DS-7208HUHI-K1 5 MEGAPIXEL (5MP) HYBRID 8 CHANNEL DVR  nan nan'.,No
Do the two product descriptions refer to the same real-world product? Entity 1: 'SanDisk SanDisk Extreme PRO SD UHS-II Card Reader/Writer 36.00 SGD'. Entity 2: 'SanDisk SanDisk Extreme Pro SD Card 32GB 300MB/s UHS-II  56.45 EUR'.,No
Do the two product descriptions refer to the same real-world product? Entity 1: 'nan TP-Link TL-WN725N 150MbpsWireless USB NANO adapter 2490 HUF'. Entity 2: 'nan SANDISK EXTREME SDXC 128GB 150MB/S C10 U3  1.0999E2 NZD'.,No
Do the two product descriptions refer to the same real-world product? Entity 1: 'nan TP-LINK EAP110 Access point - Wit 3.509E1 EUR'. Entity 2: 'TP-Link TP-Link EAP225 Outdoor Access Point  949 SEK'.,No
Do the two product descriptions refer to the same real-world product? Entity 1: 'nan Tissot T-Sport Seastar 1000 Chronograph Watch T1204171105100 nan nan'. Entity 2: 'nan CANON EF 100mm/2.8L macro IS USME67  nan nan'.,No
"Do the two product descriptions refer to the same real-world product? Entity 1: 'TP-LINK Access Point TP-LINK Wireless N 300Mbs B/G/N - 3 Antenas 29,75 EUR'. Entity 2: 'nan Maxxis High Roller II Tire - 27.5 x 2.4, Tubeless, Folding, Black, 3C Maxx Terra, EXO  68.00 USD'.",No
"Do the two product descriptions refer to the same real-world product? Entity 1: 'nan Corsair ML140 Pro LED Blue 140mm Magnetic Levitation Fan | Discount Computer Needs 75.00 AUD'. Entity 2: 'nan Corsair ML140 Pro LED, Blue, 140mm Premium Magnetic Levitation Cooling Fan CO-9050048-WW  43.45 USD'.",Yes
"Do the two product descriptions refer to the same real-world product? Entity 1: 'nan Memoria USB Kingston Technology - Color blanco, 16 GB, USB 3.0 104.00 MXN'. Entity 2: 'nan Kingston DataTraveler G4 - USB flash drive - 16 GB - USB 3.0 - blue  14.99 EUR'.",Yes
Do the two product descriptions refer to the same real-world product? Entity 1: 'nan ASUS TUF Gaming TUF 3-RX5700XT-O8G-GAMING Radeon RX 5700 XT 8 GB GDDR6 550.21 EUR'. Entity 2: 'nan ASUS Radeon RX 5700 XT TUF OC 8GB GDDR6  1899 PLN'.,Yes
Do the two product descriptions refer to the same real-world product? Entity 1: 'nan Corsair 8GB (1x8GB) 3000MHz CL16 Vengeance LPX Black 159 PLN'. Entity 2: 'nan Corsair Vengeance LPX CMK8GX4M1A2666C16 8GB (1x8GB) 2666Mhz DDR4  59.00 AUD'.,No
Do the two product descriptions refer to the same real-world product? Entity 1: 'Corsair Corsair Carbide SPEC-01 Tower Black 79 AUD'. Entity 2: 'nan Corsair Carbide Spec-01 Red LED Mid-Tower Case  nan nan'.,Yes
Do the two product descriptions refer to the same real-world product? Entity 1: 'nan Epson - Ink Cartridge Black 10K 3905.00 CZK'. Entity 2: 'nan EPSON cartridge T7891 black (WorkForce5)  1805.00 CZK'.,No
Do the two product descriptions refer to the same real-world product? Entity 1: 'nan Kingston 16GB/3333MHz DDR-4 HyperX Predator XMP (Kit! 2db 8GB) (HX433C16PB3K2/16) memória 36890 HUF'. Entity 2: 'Kingston HyperX Predator 16GB - PC4-26600 - DIMM  109.00 EUR'.,Yes
Do the two product descriptions refer to the same real-world product? Entity 1: 'nan Atomos ATOM-CAB010 Full To Full Hdmi Coiled Cable 32.99 CAD'. Entity 2: 'nan Ubiquiti IR LED Range Extender  292 AED'.,No
Do the two product descriptions refer to the same real-world product? Entity 1: 'nan Razer DeathAdder V2 mouse USB Type-A Right-hand 1388641.00 IDR'. Entity 2: 'Razer Razer Viper Ultimate & Mouse Dock  3550 MDL'.,No
Do the two product descriptions refer to the same real-world product? Entity 1: 'nan Fujifilm Instax Square Film Twin Pack 20 Shots nan nan'. Entity 2: 'nan Fujifilm Instax Square Film 20 Pack  39.0 NZD'.,Yes
Do the two product descriptions refer to the same real-world product? Entity 1: 'nan LaCie - Lacie Rugged USB-C Hard Drives - 2TB & 5TB 1.7249E2 USD'. Entity 2: 'nan Lacie 5TB USB-C Mobile Drive prenosni disk  nan nan'.,No
"Do the two product descriptions refer to the same real-world product? Entity 1: 'RAM Mount RAM Mount 3.5\"" Twist Lock Suction Cup Base with 1\"" Ball 35.00 AUD'. Entity 2: 'nan RAM 2.75\"" Diameter Suction Cup Base with 1\"" Ball  12.99 USD'.",No
"Do the two product descriptions refer to the same real-world product? Entity 1: 'nan SanDisk Ultra Flair 32GB USB 3.0 Pen Drive 613.6 INR'. Entity 2: 'nan SanDisk USB 3.0 Flash Drive Ultra Flair 32 GB Black, Silver  10.03 EUR'.",Yes
Do the two product descriptions refer to the same real-world product? Entity 1: 'nan Jabra EVOLVE 65 UC Mono (6593-829-409) 93.77 EUR'. Entity 2: 'nan JABRA EVOLVE 20 UC Mono  66.76 SGD'.,No
Do the two product descriptions refer to the same real-world product? Entity 1: 'Corsair Corsair Crystal Series 570X RGB ATX Mid-Tower Case Tempered Glass Black 293 AUD'. Entity 2: 'Corsair Corsair Crystal Series 570X RGB CC-9011098-WW Steel / Tempered Glass ATX Mid Tower Case  179.99 USD'.,Yes
Do the two product descriptions refer to the same real-world product? Entity 1: 'nan Fujifilm XF 56mm f/1.2 R 879.00 EUR'. Entity 2: 'Fujifilm Fujifilm FUJINON XF-56mm f1.2  879.00 GBP'.,Yes
Do the two product descriptions refer to the same real-world product? Entity 1: 'nan Laser Toner Cartridge compatible with Samsung MLT-D103L/ELS High Capacity 19.87 GBP'. Entity 2: 'nan Cartus compatibil Samsung CLT-K406S  89.25 RON'.,No
"Do the two product descriptions refer to the same real-world product? Entity 1: 'nan 3M - Lightweight 300 Privacy Filter PF322WSkjermfilter mot innsyn, m/ramme 20\""-23\""W (30,7 x 48,5) 3266.25 NOK'. Entity 2: 'Oakley Oakley Jawbreaker 31 Mm Matte Black Sunglasses  10890.0 INR'.",No
"Do the two product descriptions refer to the same real-world product? Entity 1: 'Maxxis Maxxis Minion DHR II 29\"" DD/3C/TR £69.99 GBP'. Entity 2: 'Maxxis Reifen Maxxis 29x2.30 Minion DHR II DoubleDown  56.50 EUR'.",Yes
"Do the two product descriptions refer to the same real-world product? Entity 1: 'nan RAP-B-224-1U RAM Mounts 3.3\"" Diameter Suction Cup Base with 1\"" Composite Ball 16.49 USD'. Entity 2: 'RAM RAM 3.3\"" DIA. SUCT CUP W 1\"" BALL  23.80 EUR'.",No
"Do the two product descriptions refer to the same real-world product? Entity 1: 'nan Razer Basilisk V2 Wired Ergonomic Gaming Mouse, 11 Programmable Buttons | RZ01-03160100-R3M1 340.73 AED'. Entity 2: 'Razer Razer Viper Mini Ultra-Lightweight USB RGB Optical Gaming Mouse (RZ01-03250100-R3M1)  44.952 GBP'.",No
Do the two product descriptions refer to the same real-world product? Entity 1: 'nan Omega Seamaster Planet Ocean Automatic Chronograph Two-Tone Rubber Watch 215.32.46.51.01.001 6.15425E3 USD'. Entity 2: 'nan 215.30.46.51.01.001 Omega Seamaster Planet Ocean Chronograph 45.5mm  6370 GBP'.,No
"Do the two product descriptions refer to the same real-world product? Entity 1: 'nan Maxxis Tire Assegai 3C MAXXTERRA/EXO+/TR Foldable 27.5x2.50WT nan nan'. Entity 2: 'nan Maxxis Assegai Tire - 27.5 x 2.5, Folding, Tubeless, Black, 3C Maxx Terra, EXO+, Wide Trail  80.00 USD'.",Yes
Do the two product descriptions refer to the same real-world product? Entity 1: 'nan Ubiquiti IR LED Range Extender 292 AED'. Entity 2: 'nan Ubiquiti Networks UVC-G3-LED security camera accessory  139.26 EUR'.,Yes
Do the two product descriptions refer to the same real-world product? Entity 1: 'Jabra Jabra Evolve 20 SE Special Edition UC monaural USB 40.70 EUR'. Entity 2: 'nan Pokemon TCG:Sword and Shield Rebel Clash Three Booster Blister- Dural  20.0 AUD'.,No
"Do the two product descriptions refer to the same real-world product? Entity 1: 'nan Sigma 50mm F1.4 DG HSM Canon [ART] 4407.00 PLN'. Entity 2: 'nan 0000012890| Sigma 50mm f/1.4 DG HSM Art for Canon  1,289.00 AUD'.",Yes
Do the two product descriptions refer to the same real-world product? Entity 1: 'Cooler Master Cooler Master MasterBox TD500 ARGB Mesh ATX Case Black TG MCB-D500D-KGNN-S01 | PCByte 149.0 AUD'. Entity 2: 'Cooler Master Cooler Master MasterBox Lite 5 Mid Tower Case  89 AUD'.,No
Do the two product descriptions refer to the same real-world product? Entity 1: 'Canon Canon EF 100mm F2.8 L IS USM Macro Lens 1399 AUD'. Entity 2: 'nan CANON EF 100mm/2.8L macro IS USME67  nan nan'.,Yes
"Do the two product descriptions refer to the same real-world product? Entity 1: 'Sony Sony SEL-70200G FE 70-200 mm F4 Lens 7699 TRY'. Entity 2: 'nan Sony FE 24mm F1.4 GM Lens + Bonus  $1,899.99 nan'.",No
"Do the two product descriptions refer to the same real-world product? Entity 1: 'nan Kingston DataTraveler G4 - USB flash drive - 16 GB - USB 3.0 - blue 14.99 EUR'. Entity 2: 'nan SanDisk USB 3.0 Flash Drive Ultra Flair 32 GB Black, Silver  10.03 EUR'.",No
"Do the two product descriptions refer to the same real-world product? Entity 1: 'nan Intel Processor, Core i7-8700K 8th Gen 402.01 USD'. Entity 2: 'nan Kingston 16GB/3333MHz DDR-4 HyperX Predator XMP (Kit! 2db 8GB) (HX433C16PB3K2/16) memória  36890 HUF'.",No
Do the two product descriptions refer to the same real-world product? Entity 1: 'Logitech Logitech G G402 Hyperion Fury Oyuncu Mouse 910-004068 389.90 TRY'. Entity 2: 'nan LOGITECH | G402 Hyperion Fury FPS Gaming Mouse | 910-004068  199 QAR'.,Yes
"Do the two product descriptions refer to the same real-world product? Entity 1: 'nan Corsair Vengeance LPX 16GB DDR4 2400MHz(CMK16GX4M1A2400C14) 23375 HUF'. Entity 2: 'nan Corsair Vengeance LPX, 16GB, DDR4 memory module 2133 MHz  66.671001 EUR'.",No
Do the two product descriptions refer to the same real-world product? Entity 1: 'nan KINGSTON MICRO SD CARD CANVAS SELECT PLUS 128GB 100MB/S LIMITED LIFETIME nan nan'. Entity 2: 'nan Lexmark - Toner cartridge -black - 3500 pages - LRPE260A11E  1.2403E2 EUR'.,No
"Do the two product descriptions refer to the same real-world product? Entity 1: 'nan Monitor 27 SW271 LED 5ms/QHD/IPS/HDMI/DP/USB 5697.05 PLN'. Entity 2: 'nan BenQ LCD SW2700PT 27\"" W/IPS LED/2560x1440/5ms/DVI-DL/HDMI/2xUSB3.0/Flicker-free/VESA 9H.LDKLB.QBE  695.64 EUR'.",No
Do the two product descriptions refer to the same real-world product? Entity 1: 'nan Epson Ink Cartridge - Matte Black 700ml 262.17 GBP'. Entity 2: 'Epson Epson Tinte matte schwarz 700ml f. 7900/9900  258.32 EUR'.,Yes
Do the two product descriptions refer to the same real-world product? Entity 1: 'Life Extension Super Ubiquinol CoQ10 with Enhanced Mitochondrial Support 100 mg 46.50 USD'. Entity 2: 'nan CRUCIAL - DDR3 8GB 1600Hz CL11 Unbuffered CT102472BD160B  131.99 EUR'.,No
Do the two product descriptions refer to the same real-world product? Entity 1: 'Shimano Shimano M05 Disc Brake Pads (Deore) (Resin) 12.99 USD'. Entity 2: 'KINGSTON KINGSTON 64GB USB 3.0 DataTraveler SE9 G2 (Kovový) DTSE9G2/64GB  369.00 czk'.,No
Do the two product descriptions refer to the same real-world product? Entity 1: 'nan Logitech H650e USB PC Headset 2871.460 THB'. Entity 2: 'LOGITECH LOGITECH AURICULARES H650E STEREO USB  78.00 EUR'.,Yes
Do the two product descriptions refer to the same real-world product? Entity 1: 'nan GIGABYTE Radeon RX 5500 XT OC - 4GB GDDR6 RAM - Grafikkort 2322.00 NOK'. Entity 2: 'nan Gigabyte Radeon RX 5500 XT OC 4GB GDDR6  859 PLN'.,Yes
"Do the two product descriptions refer to the same real-world product? Entity 1: 'nan AMD Ryzen 5 1500X Wraith Spire Cooler 2597.00 ZAR'. Entity 2: 'nan 0000012890| Sigma 50mm f/1.4 DG HSM Art for Canon  1,289.00 AUD'.",No
Do the two product descriptions refer to the same real-world product? Entity 1: 'nan APC Smart-UPS SRT 10000VA SRT10KXLI 19500.00 AED'. Entity 2: 'nan APC Smart-UPS SRT 6000VA RM 230V  59990.00 SEK'.,No
Do the two product descriptions refer to the same real-world product? Entity 1: 'Razer Razer Viper Mini Optical Ambidextrous RGB Gaming Mouse 37.49 GBP'. Entity 2: 'Razer Razer Viper Mini Ultra-Lightweight USB RGB Optical Gaming Mouse (RZ01-03250100-R3M1)  44.952 GBP'.,Yes
Do the two product descriptions refer to the same real-world product? Entity 1: 'nan SWITCH TP-LINK 24 PORT GIGA 92.780111 EUR'. Entity 2: 'D-LINK D-Link Switch 24 Puertos- Red  316.5 nan'.,No
"Do the two product descriptions refer to the same real-world product? Entity 1: 'nan EPSON S042091 premium glossy photo paper 255g/m², A2/25vel nan nan'. Entity 2: 'nan Intel Core i7-10700KF Prosessor  4399.00 NOK'.",No
Do the two product descriptions refer to the same real-world product? Entity 1: 'nan JABRA EVOLVE 20 UC Mono 66.76 SGD'. Entity 2: 'Jabra Evolve 20 Special Edition Mono MS  nan nan'.,No
"Do the two product descriptions refer to the same real-world product? Entity 1: 'Epson Epson S050189 Cyan, High Capacity Toner Cartridge 107.51 USD'. Entity 2: 'Epson Epson oryginalny tusz T2982 29 cyan  53.28 PLN'.",No
Do the two product descriptions refer to the same real-world product? Entity 1: 'nan Evolis RCT023NAA Black Monochrome Ribbon 22.00 USD'. Entity 2: 'nan EVOLIS RCT023NAA BLACK MONOCHROME RIBBON (2000 PRINTS)  40.99 GBP'.,Yes
Do the two product descriptions refer to the same real-world product? Entity 1: 'nan OBUDOWA COOLER MASTER MASTERCASE H500M MIDI TOWER Z OKNEM BEZ PSU WENTYLATOR LED ARGB 942.00 PLN'. Entity 2: 'nan Shimano 105 RD-R7000 GS Rear Derailleur  57.99 USD'.,No
Do the two product descriptions refer to the same real-world product? Entity 1: 'Cisco Cisco Catalyst WS-C2960X-24PD-L 24 Ports ManagedRack Mountable Switch 0.00 GBP'. Entity 2: 'Sony Sony E-Mount FE 20mm f/1.8 Ultra Wide Angle G Lens  1499 AUD'.,No
Do the two product descriptions refer to the same real-world product? Entity 1: 'nan Ubiquiti UniFi Video Camera G3 FLEX 3-Pack UVC-G3-FLEX-3 Ubiquiti 200.00 EUR'. Entity 2: 'nan Ubiquiti UVC-G3-FLEX-3 UniFi Protect G3 FLEX Camera 3-Pack  $‎234.95 USD'.,Yes
"Do the two product descriptions refer to the same real-world product? Entity 1: 'nan Razer DeathAdder V2 Ergonomic Wired Gaming Mouse (RZ01-03210100-R3M1) (Warranty 2years with Ban Leong) 99.00 SGD'. Entity 2: 'Maxxis Maxxis Maxxis Minion DHR II Tire: 29 x 2.40"", Folding, 60tpi, 3C MaxxGrip 2- Ply, Tubeless Ready, Wide Trail, Black  90.00 USD'.",No
Do the two product descriptions refer to the same real-world product? Entity 1: 'Samsung Samsung Portable SSD T7 Touch 1TB - Zilver 249.00 EUR'. Entity 2: 'nan Samsung Portable SSD T7 Touch - Black - 2TB  3076.00 DKK'.,No
"Do the two product descriptions refer to the same real-world product? Entity 1: 'nan Corsair Crystal 460X RGB ATX Mid Tower Case - Black 929.00 QAR'. Entity 2: 'nan Corsair iCUE 465X RGB Mid-Tower White ATX Case, T/G Window, No PSU  249.00 AUD'.",No
Do the two product descriptions refer to the same real-world product? Entity 1: 'nan AAA Replica Audemars Piguet Royal Oak Chronograph Black Dail Watch 26331ST.OO.1220ST.02 nan nan'. Entity 2: 'Audemars Piguet Pre-Owned Audemars Piguet Royal Oak Chronograph 26331ST.OO.1220ST.03  33900.00 USD'.,No
"Do the two product descriptions refer to the same real-world product? Entity 1: 'nan Memoria USB Kingston Technology - Color blanco, 16 GB, USB 3.0 104.00 MXN'. Entity 2: 'nan Wireless TP-LINK Wireless Lan TL-WN781ND  9.91 EUR'.",No
"Do the two product descriptions refer to the same real-world product? Entity 1: 'nan Sram Force22 PG-1170, 11sp cassette 130.00 CAD'. Entity 2: 'nan SRAM XG-1090 PowerDome-X 10sp Cassette  328.0 USD'.",No
Do the two product descriptions refer to the same real-world product? Entity 1: 'Corsair Corsair 32GB DDR4 Vengeance LPX 2666MHz Memory Kit Black 112.76 GBP'. Entity 2: 'nan Corsair Vengeance LPX 32GB (2x16GB) DDR4 2666MHz(CMK32GX4M2A2666C16)  35470 HUF'.,Yes
"Do the two product descriptions refer to the same real-world product? Entity 1: 'nan Ram Mout Triple Ball Adapter €46,95 EUR'. Entity 2: 'Maxxis Reifen Maxxis 29x2.30 Minion DHR II DoubleDown  56.50 EUR'.",No
Do the two product descriptions refer to the same real-world product? Entity 1: 'nan Sony - FE 50mm F1.8 Standard Lens (SEL50F18F) 8.4065E2 SAR'. Entity 2: 'nan Audio Technica ATH-M50xWH Professional Studio Monitor Headphones  1.69E2 USD'.,No
"Do the two product descriptions refer to the same real-world product? Entity 1: 'nan SanDisk 480GB SSD Plus int 2.5\"" SATA3 SSD (SDSSDA-480G-G26) (Local Warranty with 3years with Local Distributor) 88.00 SGD'. Entity 2: 'nan Corsair ML120 Pro LED, Red, 120mm Premium Magnetic Levitation Fan  72.40 AUD'.",No
"Do the two product descriptions refer to the same real-world product? Entity 1: 'RAM Mounts RAM Mounts short arm for 1\"" ball 9.63 eur'. Entity 2: 'nan CORSAIR CRYSTAL 570X RGB Mid-Tower Case, 3 RGB Fans, Tempered Glass - White| CC-9011110-WW  775 AED'.",No
Do the two product descriptions refer to the same real-world product? Entity 1: 'Jabra Jabra BIZ 2300 USB UC Duo $168.00 USD'. Entity 2: 'nan Jabra BIZ 2300 USB MS Mono - headset  158.99 CAD'.,No
Do the two product descriptions refer to the same real-world product? Entity 1: 'Epson Epson T7551 XL Black High Yield Ink Cartridge C13T755140 / T7551 EP53959 67.32 GBP'. Entity 2: 'Epson Epson C13T70234010 XL Muste Punainen  nan nan'.,No
Do the two product descriptions refer to the same real-world product? Entity 1: 'nan Logitech H650e USB PC Headset 2871.460 THB'. Entity 2: 'Ubiquiti Ubiquiti UniFi Video Camera G4 Pro (UVC-G4-PRO)  418.6000 USD'.,No
Do the two product descriptions refer to the same real-world product? Entity 1: 'nan New Era 39THIRTY MLB New York Yankees Fullcap - 10298279 19.77 EUR'. Entity 2: 'NEW ERA Czapka New Era 39THIRTY New York Yankees - 10298279  136.41 PLN'.,Yes
Do the two product descriptions refer to the same real-world product? Entity 1: 'Jabra Jabra BIZ 2400 Mark II - 3-in-1 Mono Headset 204.18 USD'. Entity 2: 'Samsung Samsung T7 Touch Black 1TB Portable SSD with Fingerprint ID  217.10 GBP'.,No
"Do the two product descriptions refer to the same real-world product? Entity 1: 'nan 014 Traveler's Notebook Regular- Refill - Kraft Paper Notebook 8.0 USD'. Entity 2: 'nan Jabra Biz 2400 II Mono 3-1, NC, 82 mic, QD  12500 PHP'.",No
Do the two product descriptions refer to the same real-world product? Entity 1: 'Shimano Shimano Shimano Cs-R9100 Cassette 11-25 Dura-Ace 11-Speed 339.99 AUD'. Entity 2: 'Shimano Shimano Dura-Ace CS-R9100 11-28T 11sp Cassette  296.99 AUD'.,No
Do the two product descriptions refer to the same real-world product? Entity 1: 'nan Original Epson T1571 Photo Black Ink Cartridge 26.67 GBP'. Entity 2: 'Samsung Samsung CLT-K406S Black Original Standard Yield Toner Cartridge  72.71 USD'.,No
"Do the two product descriptions refer to the same real-world product? Entity 1: 'Epson Epson Tinte T6935 Matt Black UltraChrome, 350 ml 134.10 EUR'. Entity 2: 'nan (C13T693500) EPSONSCT3000 UltraChrome XD Matte Black  nan nan'.",Yes
Do the two product descriptions refer to the same real-world product? Entity 1: 'LOGITECH LOGITECH AURICULARES H650E STEREO USB 78.00 EUR'. Entity 2: 'nan Western Digital My Book Micro-USB B 3.0 (3.1 Gen 1) 3000GB N  143.443635 EUR'.,No
Do the two product descriptions refer to the same real-world product? Entity 1: 'LOGITECH LOGITECH C270 3MP 1280 X 720PIXELS USB 2.0 BLACK WEBCAM nan nan'. Entity 2: 'Ubiquiti Ubiquiti UniFi Dual-Band WiFi PoE Access Point UAP-AC-HD - 5 Pack  1365.99 GBP'.,No
Do the two product descriptions refer to the same real-world product? Entity 1: 'nan LOGITECH C922 PRO STREAM FULL HD WEBCAM (960-001090)-WRTY 1YR W/BANLEONG 189.00 SGD'. Entity 2: 'nan HPE 300GB 6G SAS 10K rpm SFF (2.5-inch) SC Enterprise 3yr Warranty HDD  92.21 USD'.,No
Do the two product descriptions refer to the same real-world product? Entity 1: 'Garmin Orologio Garmin Venu 010-02173-12 Venu 379.99 EUR'. Entity 2: 'nan Garmin VENU Smartwatch Black 010-02173-12 Leather Strap  329.99 GBP'.,Yes
"Do the two product descriptions refer to the same real-world product? Entity 1: 'Epson Epson T0487 Multipack (Black, Cyan, Magenta, Yellow, Light Cyan, Light Magenta) 111.22 GBP'. Entity 2: 'Epson Epson Tinte T6037 Light Black, 220 ml  97.10 EUR'.",No
Do the two product descriptions refer to the same real-world product? Entity 1: 'Corsair Corsair ML140 140mm PWM Premium Magnetic Levitation Fan - Twin Pack 33.97 GBP'. Entity 2: 'Corsair Corsair ML140 Magnetic Levitation 140mm Case Fan - Twin Pack  44.99 USD'.,Yes
Do the two product descriptions refer to the same real-world product? Entity 1: 'nan Epson T6923 Ultrachrome XD rautt Ink 110ml 16371 ISK'. Entity 2: 'nan Epson Singlepack UltraChrome XD MagentaT692300(110ml)  52.40 GBP'.,Yes
"Do the two product descriptions refer to the same real-world product? Entity 1: 'Default Toner kompatibel zu Brother TN-200 Black 14.87 EUR'. Entity 2: 'nan Pen Drive SanDisk 16GB Cruzer Force USB 2.0  4,65 EUR'.",No
Do the two product descriptions refer to the same real-world product? Entity 1: 'Brother Brother HL-L8360CDW Laser Printer 588.76 AUD'. Entity 2: 'Brother Brother HL-L5200DW S/W- Laserdrucker  432.10 EUR'.,No
Do the two product descriptions refer to the same real-world product? Entity 1: 'Samsung Samsung CLT-K406S Black Original Standard Yield Toner Cartridge 72.71 USD'. Entity 2: 'DADDARIO EJ16 - Acoustic Phosphor Bronze 12-53  7.9E0 EUR'.,No
Do the two product descriptions refer to the same real-world product? Entity 1: 'nan Kingston Pendrive DataTraveler 100 G3 256GB USB 3.0 191.99 PLN'. Entity 2: 'nan SanDisk Ultra Flair 32GB USB 3.0 Pen Drive  613.6 INR'.,No
"Do the two product descriptions refer to the same real-world product? Entity 1: 'nan Swiss Military Hanowa FLAGSHIP 06-5161.2.04.003 Herrenuhr 378,00 лв BGN'. Entity 2: 'nan Swiss Military Hanowa FLAGSHIP 06-5161.2.04.007 Herrenuhr  378,00 лв BGN'.",No
Do the two product descriptions refer to the same real-world product? Entity 1: 'nan Cooler Master MasterBox TD500 Mesh Triple ARGB Full Tower Gaming Cabinet with Dual 360mm Radiator Support and Crystalline Tempered Glass 8799.00 INR'. Entity 2: 'SanDisk SanDisk 32GB Extreme Pro SDSDXPK-032G-GN4IN SDHC Memory Card C10  54.85 USD'.,No
Do the two product descriptions refer to the same real-world product? Entity 1: 'FANABOX™ New York Yankees New Era Navy League 9FORTY Adjustable Hat - Men - Navy Blue 44.95 CAD'. Entity 2: 'Corsair Corsair Crystal Series 570X RGB ATX Mid-Tower Case Tempered Glass Black  293 AUD'.,No
"Do the two product descriptions refer to the same real-world product? Entity 1: 'nan Evans 8\"" TT08EC2S Clear Drum Head 14.99 USD'. Entity 2: 'Evans Evans EC2 Clear Drum Head, 8 Inch  $13.99 USD'.",Yes
"Do the two product descriptions refer to the same real-world product? Entity 1: 'nan Sandisk Cruzer Force 16GB USB 2.0 Flash Drive - SDCZ71-016G-B35 2.60 KWD'. Entity 2: 'nan Fujifilm XF 8-16mm F2.8 R LM WR Lens  1,999.00 USD'.",No
Do the two product descriptions refer to the same real-world product? Entity 1: 'Daniel Wellington Daniel Wellington Mens Classic Sheffield 40mm Rose Gold Black DW00100007 140.83 GBP'. Entity 2: 'Daniel Wellington Daniel Wellington Unisex Classic Sheffield 36mm Rose Gold Black DW00100036  89.00 GBP'.,No
Do the two product descriptions refer to the same real-world product? Entity 1: 'Razer RAZER MAMBA ELITE ERGONOMIC WIRED GAMING MOUSE 6649.00 INR'. Entity 2: 'Lexmark Lexmark Toner Sort 3.5k - E360/E460 Return  949 DKK'.,No
Do the two product descriptions refer to the same real-world product? Entity 1: 'SRAM SRAM SRAM NX Eagle PG-1230 12-Speed Cassette 129.95 CAD'. Entity 2: 'APC APC Replacement Battery Cartridge #124  995 NOK'.,No
Do the two product descriptions refer to the same real-world product? Entity 1: 'nan 652589-B21 HP G8 G9 900-GB 6G 10K 2.5 SAS SC 183 CAD'. Entity 2: 'nan TISSOT SEASTAR 1000 CHRONOGRAPH T120.417.17.041.00 (T120.417.17.041.00)  445.50 EUR'.,No
Do the two product descriptions refer to the same real-world product? Entity 1: 'nan Nikon AF-S NIKKOR 24-85mm f/3.5-4.5 G ED VR Lens 679.99 CAD'. Entity 2: 'Logitech Logitech G G402 Hyperion Fury Oyuncu Mouse 910-004068  389.90 TRY'.,No
"Do the two product descriptions refer to the same real-world product? Entity 1: 'nan Samsung 860 PRO 2.5\"" 1000 GB Serial ATA III 3D MLC 579.75 EUR'. Entity 2: 'RAM Mounts RAM-B-149ZU - RAM Handlebar Rail Mount with Zinc Coated U-Bolt Base for Rails from 0.5\"" to 1.25\"" in Diameter  nan nan'.",No
Do the two product descriptions refer to the same real-world product? Entity 1: 'nan Ubiquiti UniFi AP AC Pro Indoor / Outdoor Access Point 5 Pack 543.15 GBP'. Entity 2: 'nan Ubiquiti UniFi AC Pro 5-pack UAP-AC-PRO-5 Ubiquiti  561.00 EUR'.,Yes
Do the two product descriptions refer to the same real-world product? Entity 1: 'nan Ubiquiti UniFi AP AC Pro Indoor / Outdoor Access Point 5 Pack 543.15 GBP'. Entity 2: 'TP-Link TP-Link EAP225 Outdoor Access Point  949 SEK'.,No
"Do the two product descriptions refer to the same real-world product? Entity 1: 'nan Crucial BX500 2.5\"" 480 GB Serial ATA III 88.54 EUR'. Entity 2: 'Crucial Crucial BX500 480GB SSD Micron 3D NAND SATA III 6Gb/s 2.5 Internal Solid State Drive  59.99 USD'.",Yes
Do the two product descriptions refer to the same real-world product? Entity 1: 'nan Audio Technica ATH-M50x Professional Monitor Audiophile Headphones - Black 369 NZD'. Entity 2: 'Audio Technica Audio Technica ATH-M40x Professional Monitor Headphones  79.00 GBP'.,No
"Do the two product descriptions refer to the same real-world product? Entity 1: 'RAM Mount RAM Mount 3.5\"" Twist Lock Suction Cup Base with 1\"" Ball 35.00 AUD'. Entity 2: 'nan Manfrotto Befree Advanced Twist Tripod  479.99 NZD'.",No
Do the two product descriptions refer to the same real-world product? Entity 1: 'nan Blaze 40-Inch 5-Burner LTE Built-In Liquid Propane Gas Grill With Rear Infrared Burner & Grill Lights 2.19999E3 USD'. Entity 2: 'nan MEMORIA DDR3 KINGSTON HYPERX FURY BLUE 4GB 1600MHZ  603.7 MXN'.,No
Do the two product descriptions refer to the same real-world product? Entity 1: 'nan KINGSTON ValueRAM RAM Module - 4 GB (1 x 4 GB) - DDR4 SDRAM 0 AUD'. Entity 2: 'nan 4GB DDR3-1866MHz Kingston HyperX Fury Black  564.00 CZK'.,No
Do the two product descriptions refer to the same real-world product? Entity 1: 'nan APPLE - Apple AirPods 2 with Wireless Charging Case MRXJ2ZM/A - White 2396.00 NOK'. Entity 2: 'nan APPLE - AIRPODS WITH WIRELESS CHARGING CASE IN  3940.00 SEK'.,Yes
"Do the two product descriptions refer to the same real-world product? Entity 1: 'nan XT CS-M8000 11 Speed Cassette 1.2999E2 USD'. Entity 2: 'Shimano Shimano Deore XT CS-M8000 Cassette 11-speed, silver/grey  78.99 EUR'.",No
Do the two product descriptions refer to the same real-world product? Entity 1: 'nan Cappello New Era Clean Trucker 2 NY Yankees Cap 2.19E1 EUR'. Entity 2: 'nan Cappello New Era Clean Trucker Chicago Bulls Cap  2.59E1 EUR'.,No
Do the two product descriptions refer to the same real-world product? Entity 1: 'Crucial Crucial Crucial Memory 4GB DDR3L 1600 1.35V SODIMM Retail CT51264BF160BJ 64.99 CAD'. Entity 2: 'nan Kingston ValueRAM 4GB No Heatsink (1 x 4GB) DDR4 2400MHz SODIMM System Memory  892.00 MUR'.,No
"Do the two product descriptions refer to the same real-world product? Entity 1: 'Seagate Seagate IronWolf Pro ST8000NE001 - Hard drive - 8 TB - internal - 3.5\"" - SATA 6Gb/s - 7200 rpm - buffer_ 256 MB - with 2 years Rescue Data Recovery Service Plan 235.97 GBP'. Entity 2: 'nan Western digital wd blue - hdd - 2 tb - interno - 3.5 - sata 6Gb/s - 5400 rpm - buffer: 64 mb  56.47 EUR'.",No
Do the two product descriptions refer to the same real-world product? Entity 1: 'ASUS PH-GTX1660S-O6G 6 GB Geforce GTX 1660 Super Overclocked Phoenix Fan Edition Hdmi DP Dvi Graphics Card nan nan'. Entity 2: 'nan Asus Dual GeForce GTX 1660 6GB OC Edition GDDR5 EVO Graphics Card | 90YV0D11-M0NA00  1149.50 AED'.,No
Do the two product descriptions refer to the same real-world product? Entity 1: 'nan XT CS-M8000 11 Speed Cassette 1.2999E2 USD'. Entity 2: 'Shimano Shimano Shimano Cs-R8000 Cassette 11-28t Ultegra 11-Speed  117.99 AUD'.,No
Do the two product descriptions refer to the same real-world product? Entity 1: 'nan Audio Technica ATH-M50x Professional Monitor Audiophile Headphones - Black 369 NZD'. Entity 2: 'nan SanDisk Extreme PRO SD UHS-II USB 3.0  99 PLN'.,No
Do the two product descriptions refer to the same real-world product? Entity 1: 'nan Crucial MX500 250GB 2.5 SATA SSD 59.00 AUD'. Entity 2: 'Cooler Master Cooler Master MasterCase H500 ARGB Mesh Mid Tower ATX Case TG MCM-H500-IGNN-S01 | PCByte  169.0 AUD'.,No
Do the two product descriptions refer to the same real-world product? Entity 1: 'nan Carto de memria micro SD Kingston 64Gb XC1 classe 10 Canvas Select 0.00 BRL'. Entity 2: 'sandisk 64GB SanDisk Extreme micro SD XC Memory Card V-Class 30 U3 4K Video A1 100MB/s  9.50 GBP'.,No
Do the two product descriptions refer to the same real-world product? Entity 1: 'nan Ram Mount Motorcycle Fork Stem Mount with 1 Ball 2.399E1 GBP'. Entity 2: 'Corsair Corsair ML140 Magnetic Levitation 140mm Case Fan - Twin Pack  44.99 USD'.,No
Do the two product descriptions refer to the same real-world product? Entity 1: 'nan Monitor 27 SW271 LED 5ms/QHD/IPS/HDMI/DP/USB 5697.05 PLN'. Entity 2: 'nan TP-Link TL-WN821 wifi 300Mbps USB adapter TL-WN821N  9.47 EUR'.,No
Do the two product descriptions refer to the same real-world product? Entity 1: 'Maxxis Reifen Maxxis 29x2.30 Minion DHR II DoubleDown 56.50 EUR'. Entity 2: 'nan instax square film 10pk black  25.99 NZD'.,No
Do the two product descriptions refer to the same real-world product? Entity 1: 'nan Tissot Seastar 1000 Powermatic 80 T120.407.11.041.01 840.00 EUR'. Entity 2: 'nan Wd Blue 3D Nand 250Gb Pc Ssd - Sata Iii 6Gb/S M.2 2280 Solid State Drive  75.90 AUD'.,No
"Do the two product descriptions refer to the same real-world product? Entity 1: 'nan LaCie Mobile Drive 2,5"" 5 TB Moon Silver USB 3.1 Gen 2 199.00 EUR'. Entity 2: 'nan LaCie 4TB USB Type-C Mobile Drive (Moon Silver)  134.99 USD'.",No
Do the two product descriptions refer to the same real-world product? Entity 1: 'nan Toner Original Oki Ciano (44844507) 234.55 EUR'. Entity 2: 'Znaka: Originlne Originlny toner CANON CRG-707 C (Azrov)  77.9 EUR'.,No
Do the two product descriptions refer to the same real-world product? Entity 1: 'Atomos Atomos Coiled Full HDMI to Full HDMI Cable (30cm) - ATOMCAB010 29.00 nan'. Entity 2: 'nan Epson Cartuccia 79xl Magenta Originale per WF-5620 WF-5690 WF-4630 C13T79034010  31.90 EUR'.,No
"Do the two product descriptions refer to the same real-world product? Entity 1: 'nan Seagate IronWolf 6TB NAS Internal Hard Drive (3.5"") 33500 PKR'. Entity 2: 'SEAGATE Seagate NAS HDD IronWolf - 3.5\"" - 10000 GB - 7200 RPM ST10000VN0008  131127 nan'.",No
Do the two product descriptions refer to the same real-world product? Entity 1: 'nan Kingston Canvas Select (32GB) MicroSD Card Class 10 UHS-1 U1 with Adaptor nan nan'. Entity 2: 'Garmin Orologio Garmin Venu 010-02173-12 Venu  379.99 EUR'.,No
"Do the two product descriptions refer to the same real-world product? Entity 1: 'nan RAM Mount Base UBolt Mount - Requires RAM Cradle [RAM-B-149ZU] 30.99 USD'. Entity 2: 'RAM Mounts RAM-B-149ZU - RAM Handlebar Rail Mount with Zinc Coated U-Bolt Base for Rails from 0.5\"" to 1.25\"" in Diameter  nan nan'.",Yes
Do the two product descriptions refer to the same real-world product? Entity 1: 'nan 4GB DDR3-1866MHz Kingston HyperX Fury Black 564.00 CZK'. Entity 2: 'nan HyperX 4GB (1x4GB) 1866MHz CL10 Fury Black  154 PLN'.,Yes
Do the two product descriptions refer to the same real-world product? Entity 1: 'nan Nikon AF-S NIKKOR 24-85mm f/3.5-4.5 G ED VR Lens 679.99 CAD'. Entity 2: 'nan Nikon AF-S NIKKOR FX 50mm F1.8G Lens  1.9695E2 USD'.,No
"Do the two product descriptions refer to the same real-world product? Entity 1: 'nan TP-Link TL-SG1024DE 24-Port Gigabit Easy Smart Switch, 24 10/100/1000Mbps RJ45 ports,MTU/Port/Tag-based VLAN, QoS, IGMP Snooping 9.999E1 USD'. Entity 2: 'nan SWITCH TP-LINK 24 PORT GIGA  92.780111 EUR'.",Yes
"Do the two product descriptions refer to the same real-world product? Entity 1: 'nan Apple 10.5-inch iPad Air Wi‑Fi 256GB - Silver - MUUR2FD/A 719 EUR'. Entity 2: 'nan Apple iPad Air Wi-Fi 256 GB Silver - 10.5\"" Tablet - A12 26.67cm-Display  754.9 EUR'.",Yes
Do the two product descriptions refer to the same real-world product? Entity 1: 'nan Sigma ART 50mm f/1.4 DG HSM Lens for Nikon 1099.99 CAD'. Entity 2: 'Sigma Sigma 50mm F1.4 Art DG HSM Nikon Mount Lens  1249 AUD'.,Yes
"Do the two product descriptions refer to the same real-world product? Entity 1: 'nan RAM Mount Base UBolt Mount - Requires RAM Cradle [RAM-B-149ZU] 30.99 USD'. Entity 2: 'RAM RAM 2.25\"" Ball with 2 U-Bolts (RAM-D-235U)  67.00 AUD'.",No
Do the two product descriptions refer to the same real-world product? Entity 1: 'nan Elixir 12-String Light 80/20 Bronze Nanoweb Acoustic 23.99 USD'. Entity 2: 'Elixir Elixir E16052 Nanoweb Phosphor Bronze Acoustic Guitar Strings Light Gauge 12-53  24.99 AUD'.,No
"Do the two product descriptions refer to the same real-world product? Entity 1: 'nan Hikvision Wall Mount for AVPIR3 and 23x5G1-I range of Cameras 16.50 GBP'. Entity 2: 'nan Ram Mount 2\"" Double Socket Arm for 1\"" Balls  1.399E1 USD'.",No
"Do the two product descriptions refer to the same real-world product? Entity 1: 'Corsair Corsair Crystal Series 570X RGB CC-9011098-WW Steel / Tempered Glass ATX Mid Tower Case 179.99 USD'. Entity 2: 'nan CORSAIR CRYSTAL 570X RGB Mid-Tower Case, 3 RGB Fans, Tempered Glass - White| CC-9011110-WW  775 AED'.",No
Do the two product descriptions refer to the same real-world product? Entity 1: 'Gigabyte Gigabyte NVIDIA GeForce GTX 1650 4GB D6 OC Turing Graphics Card 148.99 GBP'. Entity 2: 'nan Karta VGA Gigabyte GeForce GTX 1650 OC 4GB GDDR6 128bit DVI+HDMI+DP PCIe3.0  693.00 PLN'.,Yes
Do the two product descriptions refer to the same real-world product? Entity 1: 'Fuji Fuji Fuji Instax Square Film 1-Pack 16.99 USD'. Entity 2: 'nan Fujifilm Instax Square Film (10 Pack)  23 AUD'.,Yes
Do the two product descriptions refer to the same real-world product? Entity 1: 'HYDRO FLASK HYDRO FLASK HYDRO FLASK 21OZ STANDARD MOUTH BOTTLE-OLIVE 33.00 USD'. Entity 2: 'nan MEMORIA DDR3 KINGSTON HYPERX FURY BLUE 4GB 1600MHZ  603.7 MXN'.,No
Do the two product descriptions refer to the same real-world product? Entity 1: 'nan Logitech HD Pro Webcam C920 - webkamera nan nan'. Entity 2: 'EPSON Epson Premium Glossy Photo Paperphoto paper - 25 sheet(s) - A2  31.19 GBP'.,No
Do the two product descriptions refer to the same real-world product? Entity 1: 'ASUS PH-GTX1660S-O6G 6 GB Geforce GTX 1660 Super Overclocked Phoenix Fan Edition Hdmi DP Dvi Graphics Card nan nan'. Entity 2: 'nan HyperX FURY Blue 4GB (1x4GB) 1600MHz DDR3 Memory  2.134E1 GBP'.,No
Do the two product descriptions refer to the same real-world product? Entity 1: 'nan AMD Ryzen 5 1500X Wraith Spire Cooler 2597.00 ZAR'. Entity 2: 'nan No Break APC Smart-UPS 10Kva Mono230V - SRT10KXLI  23675.82 BRL'.,No
Do the two product descriptions refer to the same real-world product? Entity 1: 'TP-Link TP-Link EAP110 Auranet Access Point 300Mps 28.29 EUR'. Entity 2: 'nan Epson - Ink Cartridge Black 10K  3905.00 CZK'.,No
"Do the two product descriptions refer to the same real-world product? Entity 1: 'nan DYMO 4500 TAPE BLACK/RED 45017 11.49 GBP'. Entity 2: 'nan SDS2/32GB, 32GB SDHC Canvas Select Plus 100R C10 UHS-I U1 V10  nan nan'.",No
"Do the two product descriptions refer to the same real-world product? Entity 1: 'nan Sandisk 128gb Extreme Pro USB 3.1 Solid State Flash Drive, 420MB/s 48.99 GBP'. Entity 2: 'nan 128GB Pendrive SanDisk Extreme PRO SSD USB 3.1 420MB/s  9400.006 ARS'.",Yes
Do the two product descriptions refer to the same real-world product? Entity 1: 'nan Jabra BIZ 2300 USB MS Mono - headset 158.99 CAD'. Entity 2: 'nan Jabra BIZ 2300 USB MS Duo  149.00 USD'.,No
Do the two product descriptions refer to the same real-world product? Entity 1: 'AMD Processador Amd Am4 Ryzen R5-2400g 3.9ghz 6mb 0.0 BRL'. Entity 2: 'nan AMD AM4-3400G RYZEN5 3.7GHz  239.95 CAD'.,No
Do the two product descriptions refer to the same real-world product? Entity 1: 'Cisco WS-C2960L-16TS-LL: Cisco Catalyst WS-C2960L-16TS-LL 580.00 USD'. Entity 2: 'nan Tag Heuer Carrera Quartz Chronograph Stainless Steel Watch CBK2112.BA0715  2.407E3 USD'.,No
Do the two product descriptions refer to the same real-world product? Entity 1: 'nan LOGITECH Logitech USB Headset H390 90.90 BGN'. Entity 2: 'nan EPSON Ink bar WF-8xxx Series Ink Cartridge XL Yellow - 4000str. (39 ml)  1839.00 CZK'.,No
Do the two product descriptions refer to the same real-world product? Entity 1: 'nan Epson C13T755440 T7554 Yellow Ink 39ml nan nan'. Entity 2: 'nan Samsung Portable SSD T5 - 2TB  3236.00 SEK'.,No
Do the two product descriptions refer to the same real-world product? Entity 1: 'nan Gigabyte Radeon RX 5500 XT OC 4GB GDDR6 859 PLN'. Entity 2: 'nan ASUS TUF Gaming TUF 3-RX5700XT-O8G-GAMING Radeon RX 5700 XT 8 GB GDDR6  550.21 EUR'.,No
Do the two product descriptions refer to the same real-world product? Entity 1: 'nan Logitech C922 Pro Stream webcam + Tripod (price includes delivery) 285.00 AUD'. Entity 2: 'SRAM SRAM SRAM NX Eagle PG-1230 12-Speed Cassette  129.95 CAD'.,No
Do the two product descriptions refer to the same real-world product? Entity 1: 'nan Kingston 16GB DataTraveler microDuo USB 3.0 OTG Flash Drive 19.99 CAD'. Entity 2: 'KINGSTON Cle Usb KINGSTON 16GB DT MicroDuo USB 3.0 micro USB OTG  7.99 EUR'.,Yes
"Do the two product descriptions refer to the same real-world product? Entity 1: 'nan Kingston DataTraveler G4 - USB flash drive - 16 GB - USB 3.0 - blue 14.99 EUR'. Entity 2: 'nan Johnnie Walker Blue Label 0,7 ltr.  139.95 EUR'.",No
"Do the two product descriptions refer to the same real-world product? Entity 1: 'nan ShimanoSm-Sh10 Spd-Sl Cleats, Fixed 1.999E1 GBP'. Entity 2: 'SHIMANO SPD-SL-CLEAT-SET-SM-SH11-(YELLOW)-[6DEGREE]  12.0 OMR'.",No
Do the two product descriptions refer to the same real-world product? Entity 1: 'nan Caixa Cooler_Master Caixa para PC NSE-300-KKN1 37.99 EUR'. Entity 2: 'Cooler Master Cooler Master N300 Mesh ATX Case Black NSE-300-KKN1 | PCByte  79.0 AUD'.,Yes
Do the two product descriptions refer to the same real-world product? Entity 1: 'nan Corsair 8GB (1x8GB) 2666MHz CL16 Vengeance LPX Black 169 PLN'. Entity 2: 'nan Corsair Vengeance LPX CMK8GX4M1A2666C16 8GB (1x8GB) 2666Mhz DDR4  59.00 AUD'.,Yes
Do the two product descriptions refer to the same real-world product? Entity 1: 'Cisco WS-C2960L-16TS-LL: Cisco Catalyst WS-C2960L-16TS-LL 580.00 USD'. Entity 2: 'nan WS-C2960-24TT-L Cisco Catalyst WS-C2960-24TT-L Switch  nan nan'.,No
"Do the two product descriptions refer to the same real-world product? Entity 1: 'Epson Epson Premium Glossy A3 20 sheets 39.95 EUR'. Entity 2: 'nan Garmin fenix5S Sapphire Black Optic, Black band  9790.00 CZK'.",No
"Do the two product descriptions refer to the same real-world product? Entity 1: 'nan Corsair ML140 Pro LED, Blue, 140mm Premium Magnetic Levitation Cooling Fan CO-9050048-WW 43.45 USD'. Entity 2: 'nan 652589-B21 HP G8 G9 900-GB 6G 10K 2.5 SAS SC  183 CAD'.",No
"Do the two product descriptions refer to the same real-world product? Entity 1: 'Cooler Master Cooler Master MasterCase H500 Mid Tower PC Case 99.98 GBP'. Entity 2: 'Cooler Master Cooler Master MasterCase H500 IRON GREY ATX Mid-Tower, Tempered Glass Panel, two 200mm RGB fans with Controller and Case Handle for Transport  9949.00 INR'.",No
"Do the two product descriptions refer to the same real-world product? Entity 1: 'nan TP-Link TL-WN821 wifi 300Mbps USB adapter TL-WN821N 9.47 EUR'. Entity 2: 'nan Intel Processor, Core i7-8700K 8th Gen  402.01 USD'.",No
Do the two product descriptions refer to the same real-world product? Entity 1: 'nan Cartus compatibil Samsung CLT-K406S 89.25 RON'. Entity 2: 'nan Maxxis Tire Assegai 3C MAXXTERRA/EXO+/TR Foldable 27.5x2.50WT  nan nan'.,No
Do the two product descriptions refer to the same real-world product? Entity 1: 'nan Crucial 4GB DDR4-2666 SODIMM | CT4G4SFS8266 | Crucial UK 15.59 GBP'. Entity 2: 'nan Crucial 4GB (1x4GB) 2666MHz DDR4 Memory  1.601E1 GBP'.,Yes
Do the two product descriptions refer to the same real-world product? Entity 1: 'DJI DJI Mavic Air Car Charger 649 SEK'. Entity 2: 'nan DJI Drone Accessory CP.PT.00000120.01 Mavic Air Part 4 Car Charger Retail  65.00 USD'.,Yes
"Do the two product descriptions refer to the same real-world product? Entity 1: 'nan BenQ GW2480 23.8"" Full HD IPS Monitor nan nan'. Entity 2: 'nan Ernie Ball Hybrid Slinky 9-46  6.00 GBP'.",No
Do the two product descriptions refer to the same real-world product? Entity 1: 'nan HyperX 16GB (1x16GB) 3200MHz CL16 Fury 345 PLN'. Entity 2: 'Kingston Kingston HyperX Fury 16GB DDR4 3200MHz CL16 Ram  655.92 TRY'.,Yes
Do the two product descriptions refer to the same real-world product? Entity 1: 'nan Omega Seamaster Planet Ocean Automatic Chronograph Stainless Steel Watch 232.30.46.51.01.002 7.15799E3 USD'. Entity 2: 'nan Ernie Ball Hybrid Slinky 9-46  6.00 GBP'.,No
Do the two product descriptions refer to the same real-world product? Entity 1: 'nan TP-Link 150Mbit-WLAN-Lite -N-PCI Express x1 Adapter 127.20 SEK'. Entity 2: 'nan Wireless TP-LINK Wireless Lan TL-WN781ND  9.91 EUR'.,Yes
Do the two product descriptions refer to the same real-world product? Entity 1: 'nan Buy Quality Replica Tag Heuer Monaco Steve McQueen Chronograph Watch CAW211P.FC6356 nan nan'. Entity 2: 'nan TAG Heuer Automatic Chronograph Watch CBL2111.FC6453  6350 USD'.,No
"Do the two product descriptions refer to the same real-world product? Entity 1: 'nan Jabra EVOLVE 80 MS Stereo (7899-823-109) 199.05 EUR'. Entity 2: 'Maxxis Maxxis High Roller II 650b 27.5\"" Dual Compound EXO Folding Tubeless Ready Mountain Bike Tyre  £40.00 GBP'.",No
"Do the two product descriptions refer to the same real-world product? Entity 1: 'nan Western digital wd blue - hdd - 2 tb - interno - 3.5 - sata 6Gb/s - 5400 rpm - buffer: 64 mb 56.47 EUR'. Entity 2: 'Western Digital (WDC) Western Digital (WDC) 250GB 2.5\"" SATA SSD Blue 7mm Cased  95.59 EUR'.",No
"Do the two product descriptions refer to the same real-world product? Entity 1: 'Seagate Seagate IronWolf 6TB 3,5'' 256MB ST6000VN0033 0 nan'. Entity 2: 'nan Seagate IronWolf 6TB NAS Internal Hard Drive (3.5"")  33500 PKR'.",Yes
Do the two product descriptions refer to the same real-world product? Entity 1: 'nan Traveler's Notebook / Refill 001 / Lined Notebook 4.9E0 EUR'. Entity 2: 'Epson Epson Tinte schwarz-photo f. R3000  27.28 EUR'.,No
Do the two product descriptions refer to the same real-world product? Entity 1: 'nan XT CS-M8000 11 Speed Cassette 1.2999E2 USD'. Entity 2: 'nan CS-M8000 CASSETTE 11-40 XT 11-SPEED  1.49E2 NZD'.,No
Do the two product descriptions refer to the same real-world product? Entity 1: 'nan AF-S FX 24-85MM F3.5-4.5G ED VR 9.99E2 NZD'. Entity 2: 'nan TISSOT HERITAGE VISODATE QUARTZ T118.410.11.057.00 (T118.410.11.057.00)  292.50 EUR'.,No
"Do the two product descriptions refer to the same real-world product? Entity 1: 'nan Epson atrament SPro 7880/9880/7800/9800 light black 220ml C13T603700 94.13 EUR'. Entity 2: 'Epson Epson Tinte T6037 Light Black, 220 ml  97.10 EUR'.",Yes
Do the two product descriptions refer to the same real-world product? Entity 1: 'RAM Mounts RAM Twist-Lock Dual Suction Cup Base / RAM-B-189BU 36.00 EUR'. Entity 2: 'BROTHER TONERBROTHER ORIGINALE GIALLO TN-135Y  120.327869 EUR'.,No
Do the two product descriptions refer to the same real-world product? Entity 1: 'nan Brother MFC-L2710DW - multifunction printer - B/W 199.99 USD'. Entity 2: 'nan Maxxis Tire Assegai 3C MAXXTERRA/EXO+/TR Foldable 27.5x2.50WT  nan nan'.,No
Do the two product descriptions refer to the same real-world product? Entity 1: 'nan Manfrotto MVK500AM Fluid Video Head With Lightweight Telescopic Legs 369.00 GBP'. Entity 2: 'Manfrotto Manfrotto MVH500AH Lightweight Video Head with Flat Base  115 GBP'.,No
"Do the two product descriptions refer to the same real-world product? Entity 1: 'nan Ram Mount 2\"" Double Socket Arm for 1\"" Balls 1.399E1 USD'. Entity 2: 'RAM Mount RAM Mount Double Socket Clamp Arm - SHORT - for 1.5\"" C Size Balls  45.00 AUD'.",No
Do the two product descriptions refer to the same real-world product? Entity 1: 'Pokemon Pokemon Pokemon: Darkness Ablaze Bstr 4.00 USD'. Entity 2: 'nan Pokemon TCG: Sword & Shield Boosters  4.00 GBP'.,No
"Do the two product descriptions refer to the same real-world product? Entity 1: 'nan CORSAIR - Crystal 680X RGB White High Airflow, Tempered Glass 3199.00 SEK'. Entity 2: 'nan Corsair iCue 465X RGB White  nan nan'.",No
Do the two product descriptions refer to the same real-world product? Entity 1: 'nan WS-C2960-24TT-L Cisco Catalyst WS-C2960-24TT-L Switch nan nan'. Entity 2: 'nan WS-C2960X-24TD-L Cisco Catalyst 2960X Network Switch (New)  6.77E2 USD'.,No
"Do the two product descriptions refer to the same real-world product? Entity 1: 'nan Hard Disk Drive WD My Passport WDBYNN0010BRD, 1TB, USB 3.0, rosu nan nan'. Entity 2: 'nan SRAM NX Eagle PG-1230 Cassetta Pignoni 11-50T 12v 2019  89.90003 EUR'.",No
Do the two product descriptions refer to the same real-world product? Entity 1: 'nan Asus PRIME B450-PLUS(PRIME B450-PLUS) 32585 HUF'. Entity 2: 'nan Asus PRIME B450-PLUS AM4 DDR4 ATX Motherboard  84.99 GBP'.,Yes
Do the two product descriptions refer to the same real-world product? Entity 1: 'Dymo Dymo 40913 Black On White - 9mm 9.91 GBP'. Entity 2: 'Dymo Dymo 12mm Black On Red D1 Tape (45017)  11.69 GBP'.,No
Do the two product descriptions refer to the same real-world product? Entity 1: 'nan Kappe New Era NY Yankees MLB 9Fifty Cap 3.19E1 EUR'. Entity 2: 'nan Gorra New Era NY Yankees MLB 9Fifty Cap  3.19E1 EUR'.,Yes
Do the two product descriptions refer to the same real-world product? Entity 1: 'Corsair Corsair 32GB DDR4 Vengeance LPX 2666MHz Memory Kit Black 112.76 GBP'. Entity 2: 'nan Corsair Vengeance LPX CMK8GX4M1A2666C16 8GB (1x8GB) 2666Mhz DDR4  59.00 AUD'.,No
"Do the two product descriptions refer to the same real-world product? Entity 1: 'nan WD Blue 1TB 2.5"" SATA Internal Solid State Drive SSD 550MB/s HDD | Discount Computer Needs 209.95 AUD'. Entity 2: 'Samsung Samsung 860 PRO 1TB SSD 2-bit MLC V-NAND SATA III 6Gb/s 2.5 Internal Solid State Drive  299.99 USD'.",No
Do the two product descriptions refer to the same real-world product? Entity 1: 'Elixir Elixir E16052 Nanoweb Phosphor Bronze Acoustic Guitar Strings Light Gauge 12-53 24.99 AUD'. Entity 2: 'nan Elixir Guitar Strings Phosphor Bronze Nanoweb Light 12 - 53  22.81 USD'.,Yes
Do the two product descriptions refer to the same real-world product? Entity 1: 'nan Pokemon SWSH3: Darkness Ablaze Elite Trainer Box 49.95 EUR'. Entity 2: 'nan POKÉMON TCG Sword and Shield- Darkness Ablaze Trainer Box  75 AUD'.,Yes
"Do the two product descriptions refer to the same real-world product? Entity 1: 'Seagate Seagate IronWolf 6TB 3,5'' 256MB ST6000VN0033 0 nan'. Entity 2: 'nan GENUINE Dymo 24mm x 7m Black on Yellow Label Tape Roll SD53718  30.14 AUD'.",No
Do the two product descriptions refer to the same real-world product? Entity 1: 'nan Elixir Guitar Strings Phosphor Bronze Nanoweb Light 12 - 53 22.81 USD'. Entity 2: 'Sigma Sigma 35mm F1.4 DG Art HSM EOS Mount Lens  1059 AUD'.,No
"Do the two product descriptions refer to the same real-world product? Entity 1: 'Western Digital Western Digital WD My Passport Portable HDD 4TB Black 179 AUD'. Entity 2: 'Western Digital Western Digital My PassPort, 4TB, BLACK3 Years - WDBYFT0040BBK-WESN  437.00 AED'.",Yes
Do the two product descriptions refer to the same real-world product? Entity 1: 'nan Brother MFC-L2710DW - multifunction printer - B/W 199.99 USD'. Entity 2: 'nan LOGITECH C922 PRO STREAM FULL HD WEBCAM (960-001090)-WRTY 1YR W/BANLEONG  189.00 SGD'.,No
Do the two product descriptions refer to the same real-world product? Entity 1: 'nan WD Wds100t2b0a 1tb Blue 3d Nand SSD 129.98 USD'. Entity 2: 'nan WD BLUE 1TB SN550 NVME M.2 2280 SSD (WDS100T2B0C)  11100.00 INR'.,No
Do the two product descriptions refer to the same real-world product? Entity 1: 'nan Hydro Flask 21 Oz- Black 5.0E1 AUD'. Entity 2: 'nan Hydro Flask Standard Mouth 621ml Insulated Bottle  4.995E1 AUD'.,Yes
Do the two product descriptions refer to the same real-world product? Entity 1: 'nan SanDisk Extreme PRO SD UHS-II USB 3.0 99 PLN'. Entity 2: 'Kingston Digital Kingston Digital Canvas Select 128GB microSD Card w/ Adapter (SDCS-128GB)  nan nan'.,No
Do the two product descriptions refer to the same real-world product? Entity 1: 'nan SSD TRANSCEND SSD230S 128Gb 3D NAND SATA 3 Aluminium (TS128GSSD230S) 188 RON'. Entity 2: 'Dymo Dymo 12mm Black On Red D1 Tape (45017)  11.69 GBP'.,No
Do the two product descriptions refer to the same real-world product? Entity 1: 'nan SanDisk Ultra Flair 32GB USB 3.0 Pen Drive 613.6 INR'. Entity 2: 'Sandisk Sandisk USB Flash 32GB Cruzer Glide 2.0/3.0  15.90 EUR'.,No
Do the two product descriptions refer to the same real-world product? Entity 1: 'nan Shimano HG701 Ultegra R8000 XT M8000 11 Speed Chain with Quick Link 5.5E1 SGD'. Entity 2: 'nan Shimano 11 SPD Chain RD/MTB Sil-Tec With Quick Link  94.99 NZD'.,No
"Do the two product descriptions refer to the same real-world product? Entity 1: 'nan SanDisk 480GB SSD Plus int 2.5\"" SATA3 SSD (SDSSDA-480G-G26) (Local Warranty with 3years with Local Distributor) 88.00 SGD'. Entity 2: 'Sandisk SanDisk SSD Plus 120GB 240GB 530MB/s 480GB 1TB 535MB/sSolid State Drive (120GB)  178.0 MYR'.",No
"Do the two product descriptions refer to the same real-world product? Entity 1: 'nan Samsung T5 external SSD Black 2TB, USB-C 4396.00 SEK'. Entity 2: 'nan Samsung Portable SSD T5 - 2TB  3236.00 SEK'.",Yes
"Do the two product descriptions refer to the same real-world product? Entity 1: 'nan Corsair Vengeance LPX, 16GB, DDR4 memory module 2133 MHz 66.671001 EUR'. Entity 2: 'Corsair Corsair DDR4 Vengeance LPX 16GB/2133(2*8GB) CL13-15-15-28 1,20V XMP2.0  0 nan'.",Yes
"Do the two product descriptions refer to the same real-world product? Entity 1: 'Samyang Samyang 24mm f1.4 ED AS IF UMC Lens - Nikon Fit 315.83 GBP'. Entity 2: 'nan 0000010490| Samyang 24mm F1.4 Nikon AE Full Frame Lens  1,049.00 AUD'.",Yes
Do the two product descriptions refer to the same real-world product? Entity 1: 'nan Obudowa Corsair Crystal 680X RGB High Airflow TG White (CC-9011169-WW) 1299.00 PLN'. Entity 2: 'nan Fujifilm XF 56mm f/1.2 R  879.00 EUR'.,No
"Do the two product descriptions refer to the same real-world product? Entity 1: 'nan ASUS Scheda Madre ROG STRIX Z390-I GAMING Intel Z390 € 286,00 EUR'. Entity 2: 'nan ASUS Scheda Madre ROG STRIX B550-F GAMING  € 229,00 EUR'.",No
Do the two product descriptions refer to the same real-world product? Entity 1: 'nan Shimano R550 SPD-SL Pedals - Black 99.0 AUD'. Entity 2: 'nan Ubiquiti UniFi AC Pro 5-pack UAP-AC-PRO-5 Ubiquiti  561.00 EUR'.,No
Do the two product descriptions refer to the same real-world product? Entity 1: 'nan Epson atrament SPro 7880/9880/7800/9800 light black 220ml C13T603700 94.13 EUR'. Entity 2: 'Shimano Shimano M05 Disc Brake Pads (Deore) (Resin)  12.99 USD'.,No
Do the two product descriptions refer to the same real-world product? Entity 1: 'nan SHIMANO RS500 SPD-SL road pedals 39.16 EUR'. Entity 2: 'nan WD 1TB My Passport Portable Hard Drive  8500.00 KES'.,No
"Do the two product descriptions refer to the same real-world product? Entity 1: 'nan Blaze 40-Inch 5-Burner LTE Built-In Liquid Propane Gas Grill With Rear Infrared Burner & Grill Lights 2.19999E3 USD'. Entity 2: 'nan Blaze 40\"" Stainless Steel 5 Burner LTE Built-In Gas Grill w/ Rear Burner BLZ-5LTE2  2199.99 USD'.",Yes
Do the two product descriptions refer to the same real-world product? Entity 1: 'Jabra Jabra Evolve 20 SE Special Edition UC monaural USB 40.70 EUR'. Entity 2: 'Kingston Kingston StorageDataTraveler SEG G2 64GB USB 3.0 Metal  25.95 EUR'.,No
Do the two product descriptions refer to the same real-world product? Entity 1: 'AMD AMD Ryzen 5 2600X - 4.25 GHz - 6-core - 12 threads - 19 MB cache - Socket AM4 - Box 296.39 EUR'. Entity 2: 'Corsair Corsair ML140 140mm PWM Premium Magnetic Levitation Fan - Twin Pack  33.97 GBP'.,No
Do the two product descriptions refer to the same real-world product? Entity 1: 'MAXXIS MAXXIS AGGRESSOR 29X2.3 EXO/TR 70.00 AUD'. Entity 2: 'FANABOX™ New York Yankees New Era Navy League 9FORTY Adjustable Hat - Men - Navy Blue  44.95 CAD'.,No
"Do the two product descriptions refer to the same real-world product? Entity 1: 'nan 16TB IronWolf Pro ST16000NE000, 7200 RPM, SATA 6Gb/s, 256MB cache, 3.5-Inch HDD 555.21 USD'. Entity 2: 'nan Seagate 2TB FireCuda 3.5"" SATA 6Gb/s SSHD  89.54 GBP'.",No
Do the two product descriptions refer to the same real-world product? Entity 1: 'nan Blaze 40-Inch 5-Burner LTE Built-In Liquid Propane Gas Grill With Rear Infrared Burner & Grill Lights 2.19999E3 USD'. Entity 2: 'Blaze Outdoor Products Blaze 4 Burner LTE Grill Built-In Natural Gas Grill with Lights  1849.99 USD'.,No
Do the two product descriptions refer to the same real-world product? Entity 1: 'nan Canon PFI107C Cyan Laser Toner Cartridge Remanufactured 59.95 USD'. Entity 2: 'nan Shimano Metal Disk Fren Balatası Ice-Tech J04C  221.00 TRY'.,No
"Do the two product descriptions refer to the same real-world product? Entity 1: 'nan Ubiquiti UniFi AC Pro 5-pack UAP-AC-PRO-5 Ubiquiti 561.00 EUR'. Entity 2: 'nan Ubiquiti UniFi AP, AC, In Wall, 5-Pack  3768 HKD'.",No
Do the two product descriptions refer to the same real-world product? Entity 1: 'Epson Epson Papir Photo Premium Glossy 13X18cm 30-ark 255G 85 DKK'. Entity 2: 'Park Tool Park Tool PH-1.2 P-Handle Hex Wrench Set - Tool Set  76.95 USD'.,No
Do the two product descriptions refer to the same real-world product? Entity 1: 'Daniel Wellington Daniel Wellington Mens Classic Sheffield 40mm Rose Gold Black DW00100007 140.83 GBP'. Entity 2: 'nan Daniel Wellington DW00100150 Classic Cornwall Rose 36mm Black  249 AUD'.,No
Do the two product descriptions refer to the same real-world product? Entity 1: 'nan Shimano 11 SPD Chain RD/MTB Sil-Tec With Quick Link 94.99 NZD'. Entity 2: 'Shimano Shimano Shimano Cn-Hg901 11-Spd Chain Xtr / Dura Ace W/ Quick Link  69.99 AUD'.,Yes
Do the two product descriptions refer to the same real-world product? Entity 1: 'Intel Intel Core i7 9700F 9th Gen Desktop Processor/CPU Retail - No iGPU 292.99 GBP'. Entity 2: 'nan Intel - Core i7-9700F 9th Generation 8-core - 8-Threads 3.0 GHz (4.7 GHz Turbo) Socket LGA 2066 Locked Desktop Processor  273.99 USD'.,Yes
Do the two product descriptions refer to the same real-world product? Entity 1: 'nan Headset Audio-Technica ATH-M50X 146.95 EUR'. Entity 2: 'nan Audio Technica ATH-M50x Professional Monitor Audiophile Headphones - Black  369 NZD'.,Yes
"Do the two product descriptions refer to the same real-world product? Entity 1: 'Logitech Logitech H151 Wired Headset, Stereo Headphones with Rotating Noise-Cancelling Microphone, 3.5 mm Audio Jack 39.90 GBP'. Entity 2: 'ASUS ASUS Prime X570-P ATX Motherboard - Socket AM4 - AMD X570 - USB 3.2 Gen 3  163.97 GBP'.",No
Do the two product descriptions refer to the same real-world product? Entity 1: 'SanDisk SanDisk SD Extreme V30 U3 UHS-I C10 - 128GB 57.00 SGD'. Entity 2: 'SanDisk SanDisk Extreme PRO SD UHS-II Card Reader/Writer  36.00 SGD'.,No
Do the two product descriptions refer to the same real-world product? Entity 1: 'nan Asus Radeon ROG Strix RX5500 XT 8gb Gddr6 Version OC 6290 MXN'. Entity 2: 'Life Extension Super Ubiquinol CoQ10 with Enhanced Mitochondrial Support 100 mg  46.50 USD'.,No
Do the two product descriptions refer to the same real-world product? Entity 1: 'Samsung Samsung T7 Touch Black 1TB Portable SSD with Fingerprint ID 217.10 GBP'. Entity 2: 'nan Samsung T7 Touch Portable SSD Drive [1TB](Silver)  319 AUD'.,No
Do the two product descriptions refer to the same real-world product? Entity 1: 'nan Fujifilm XF-56mm f1.2 APD 999.00 nan'. Entity 2: 'Fujifilm Fujifilm XF 56mm F/1.2 R APD Lens  23995 ZAR'.,Yes
Do the two product descriptions refer to the same real-world product? Entity 1: 'nan Sigma 35mm f/1.4 DG HSM Art 719.95 USD'. Entity 2: 'Sigma Sigma Sigma 35mm F1.4 ART DG HSM - Nikon AF mount  899.99 USD'.,No
Do the two product descriptions refer to the same real-world product? Entity 1: 'Samsung Samsung CLT-K406S Black Original Standard Yield Toner Cartridge 72.71 USD'. Entity 2: 'nan Lexmark - Toner cartridge -black - 3500 pages - LRPE260A11E  1.2403E2 EUR'.,No
"Do the two product descriptions refer to the same real-world product? Entity 1: 'Hikvision DVR HDTVI 32 canale Turbo HD Full HD Hikvision DS-7332HQHI-K4 HD-TVI / AHD / CVI + 8 canale IP de pana la 6MP, 4xSATA 2389.99005 RON'. Entity 2: 'nan Western Digital WD10JFCX RED 1000 GB SATA3 1TB  74.05 EUR'.",No
Do the two product descriptions refer to the same real-world product? Entity 1: 'nan TRAVELER'S Notebook Blue // Passport 1.45E2 MYR'. Entity 2: 'nan Traveler's Notebook Starter Kit (Passport Size) - Blue  49.90 SGD'.,Yes
"Do the two product descriptions refer to the same real-world product? Entity 1: 'nan Audio Technica DJ kõrvaklapid ATH-PRO7X On-ear, Must 200.04 EUR'. Entity 2: 'nan Audio Technica ATH-PRO7X DJ headphones  nan nan'.",Yes
Do the two product descriptions refer to the same real-world product? Entity 1: 'nan Apple AirPods with Charging Case (Latest Model) from Apple Computer 129.00 USD'. Entity 2: 'nan ADATT. WIFI TP-LINK AC600 NANO WRLS USB  24 EUR'.,No
"Do the two product descriptions refer to the same real-world product? Entity 1: 'nan Jabra Biz 2300 USB UC Duo Headset 2399-829-109 103.80 GBP'. Entity 2: 'nan ADATA SX8200 Pro 256GB M.2 NVMe SSD ultra-fast PCIe Gen3x4 interface ,sustained peak read/write speeds of 3500/1200MB per second  92 NZD'.",No
Do the two product descriptions refer to the same real-world product? Entity 1: 'nan Fujifilm Instax Mini Rainbow (10 sheets) Film 1.295E1 EUR'. Entity 2: 'Canon Canon 24-70mm f/2.8L II USM EF Lens  nan nan'.,No
Do the two product descriptions refer to the same real-world product? Entity 1: 'nan Logitech H540 USB Headset With High-Definition sound and on-ear controls - Black | 981-000480 1.575E2 AED'. Entity 2: 'nan RAM Dual Suction Cup Base  26.49 USD'.,No
Do the two product descriptions refer to the same real-world product? Entity 1: 'nan ASUS Radeon RX 5500 XT DUAL EVO 8GB 2849.00 NOK'. Entity 2: 'nan ASUS Radeon RX 5700 XT TUF OC 8GB GDDR6  1899 PLN'.,No
Do the two product descriptions refer to the same real-world product? Entity 1: 'nan Swiss Military Hanowa Flagship 06-5161.2.04.007 1895.00 SEK'. Entity 2: 'SWISS MILITARY HANOWA Swiss Military Hanowa Flagship 06-5161.2.04.003  6145.0000 UAH'.,No
Do the two product descriptions refer to the same real-world product? Entity 1: 'nan APC Smart-UPS SRT 3000VA RM 230V SRT3000RMXLI 2524.55 GBP'. Entity 2: 'nan APC Smart-UPS RT 20kVA RM 230V - SURT20KRMXLI  16299 SGD'.,No
Do the two product descriptions refer to the same real-world product? Entity 1: 'nan Dymo Label Casette D1 (19mm x 7m - Black On White) 6.95 AUD'. Entity 2: 'Dymo Genuine Dymo D1 Standard Label Cassette Tape 9mm x 7m - Black on White  17.86 AUD'.,No
Do the two product descriptions refer to the same real-world product? Entity 1: 'nan MEMORIA DDR3 KINGSTON HYPERX FURY BLUE 4GB 1600MHZ 603.7 MXN'. Entity 2: 'Kingston Kingston HyperX Fury 4GB DDR3 1600MHz CL10 Ram  248.51 TRY'.,No
Do the two product descriptions refer to the same real-world product? Entity 1: 'Canon Canon EF-S 18-135/3.5-5.6 IS USM 5818 SEK'. Entity 2: 'nan AAA Replica Audemars Piguet Royal Oak Offshore Chronograph Watch 26470OR.OO.1000OR.02  nan nan'.,No
"Do the two product descriptions refer to the same real-world product? Entity 1: 'nan Kingston Technology ValueRAM 4GB DDR3-1600 4GB DDR3 1600MHz memoria 26,21 € EUR'. Entity 2: 'Crucial Memoire DDR3 Crucial 4GB DDR3 1600 MT/S (PC3-12800)  26.99 EUR'.",No
"Do the two product descriptions refer to the same real-world product? Entity 1: 'nan WS-C2960-24TT-LCatalyst 2960 24 10/100 + 2 1000BT LAN Base Image 529.31 EUR'. Entity 2: 'nan SanDisk PLUS SSD Hard Drive 2.5´´ internal, 480 GB, SATA, Black  54.99 EUR'.",No
Do the two product descriptions refer to the same real-world product? Entity 1: 'nan HyperX 8GB (2x4GB) 1600MHz CL10 Fury Blue 289 PLN'. Entity 2: 'Kingston KINGSTON 8GB 1600MHz DDR3 CL10 DIMM (Kit of 2) HyperX Fury Series  41.65 EUR'.,Yes
"Do the two product descriptions refer to the same real-world product? Entity 1: 'nan FUJIFILM XF 8-16mm f/2.8 R LM WR Lens 1999.95 USD'. Entity 2: 'nan Fujifilm XF 8-16mm F2.8 R LM WR Lens  1,999.00 USD'.",Yes
Do the two product descriptions refer to the same real-world product? Entity 1: 'Corsair Corsair Value Select 8GB PC4-17000 - 8 GB - 1 x 8 GB - DDR4 - 2133 MHz - 288-pin DIMM 37.71 EUR'. Entity 2: 'Epson Epson oryginalny tusz T2982 29 cyan  53.28 PLN'.,No
"Do the two product descriptions refer to the same real-world product? Entity 1: 'nan Brother Monochrome Compact Laser All-in-One Printer with Duplex Printing and Wireless Networking 199.99 USD'. Entity 2: 'nan 16GB Vengeance LPX DDR4 2400MHz, CL14, Black, DIMM Memory  64.66 USD'.",No
"Do the two product descriptions refer to the same real-world product? Entity 1: 'nan WS-C2960-24TT-LCatalyst 2960 24 10/100 + 2 1000BT LAN Base Image 529.31 EUR'. Entity 2: 'Cisco Cisco Catalyst 2960-X | WS-C2960X-24TD-L Catalyst 2960X 24 port 10/100/1000, 2 x 10G SFP+, LAN Base  66720 THB'.",No
"Do the two product descriptions refer to the same real-world product? Entity 1: 'nan Dymo Label Casette D1 (19mm x 7m - Black On White) 6.95 AUD'. Entity 2: 'nan Canon 6448B001 (CLI-251XL) Ink Cartridge, HY Black, OEM  29.99 USD'.",No
Do the two product descriptions refer to the same real-world product? Entity 1: 'nan Asus TUF X470-Plus Gaming Socket AM4 ATX AMD 185.00 EUR'. Entity 2: 'ASUS ASUS Prime X570-P ATX Motherboard - Socket AM4 - AMD X570 - USB 3.2 Gen 3  163.97 GBP'.,No
Do the two product descriptions refer to the same real-world product? Entity 1: 'nan Fujifilm Instax Square Film (10 Pack) 23 AUD'. Entity 2: 'nan instax square film 10pk black  25.99 NZD'.,No
Do the two product descriptions refer to the same real-world product? Entity 1: 'nan KINGSTON MICRO SD CARD CANVAS SELECT PLUS 128GB 100MB/S LIMITED LIFETIME nan nan'. Entity 2: 'Kingston Kingston Canvas Select Plus SDHC Memory Card UHS-I 4K FULL HD 100MB/s - 32GB  nan nan'.,No
Do the two product descriptions refer to the same real-world product? Entity 1: 'nan Tissot Heritage Visodate Analog Swiss Quartz Sapphire Crystal Men's Watch 2.2E2 USD'. Entity 2: 'nan TISSOT HERITAGE VISODATE QUARTZ T118.410.11.057.00 (T118.410.11.057.00)  292.50 EUR'.,Yes
"Do the two product descriptions refer to the same real-world product? Entity 1: 'nan CORSAIR CRYSTAL 570X RGB Mid-Tower Case, 3 RGB Fans, Tempered Glass - White| CC-9011110-WW 775 AED'. Entity 2: 'Corsair Corsair Crystal Series 570X RGB ATX Mid-Tower Case Tempered Glass Black  293 AUD'.",No
Do the two product descriptions refer to the same real-world product? Entity 1: 'LOGITECH LOGITECH C270 3MP 1280 X 720PIXELS USB 2.0 BLACK WEBCAM nan nan'. Entity 2: 'nan WEBCAM LOGITECH C270 HD 720P  nan nan'.,Yes
"Do the two product descriptions refer to the same real-world product? Entity 1: 'nan APC Smart-UPS SRT 3000VA RM 230V SRT3000RMXLI 2524.55 GBP'. Entity 2: 'nan APC Smart-UPS SMT1000RMI2UC Noodstroomvoeding - 4x C13, USB, Rack Mountable, SmartConnect, 1000VA  751.00 EUR'.",No
"Do the two product descriptions refer to the same real-world product? Entity 1: 'nan Crucial 2TB MX500 2.5"" 7mm SATA 6Gb/s SSD 206.46 GBP'. Entity 2: 'nan Crucial MX500 250GB 2.5 SATA SSD  59.00 AUD'.",No
Do the two product descriptions refer to the same real-world product? Entity 1: 'nan Logitech 3.5 mm Analog Stereo Headset H151 with Boom Microphone - Black 966 ZAR'. Entity 2: 'nan Pokemon TCG: Sword & Shield Boosters  4.00 GBP'.,No
Do the two product descriptions refer to the same real-world product? Entity 1: 'APC APC Replacement Battery Cartridge #124 995 NOK'. Entity 2: 'nan APC RBC140 Replacement Battery Cartridge  531.10 GBP'.,No
Do the two product descriptions refer to the same real-world product? Entity 1: 'Western Digital Western Digital Blue SSD 250GB SATA M.2 2280 WDS250G2B0B 220.50 PLN'. Entity 2: 'nan Canon EF-S 55-250 f4-5.6 IS STM  309.00 nan'.,No
"Do the two product descriptions refer to the same real-world product? Entity 1: 'RAM Mounts RAM Mounts short arm for 1\"" ball 9.63 eur'. Entity 2: 'nan Ram Mout Triple Ball Adapter  €46,95 EUR'.",No
Do the two product descriptions refer to the same real-world product? Entity 1: 'Canon Canon 24-70mm f/2.8L II USM EF Lens nan nan'. Entity 2: 'nan Sigma 105mm f1.4 DG HSM Art Lens for Canon  1599.95 USD'.,No
Do the two product descriptions refer to the same real-world product? Entity 1: 'nan APC - Replacement battery cartridge 140 7217.50 SEK'. Entity 2: 'nan 507125-B21 HP 146-GB 6G 10K 2.5 DP SAS HDD  2436850 VND'.,No
Do the two product descriptions refer to the same real-world product? Entity 1: 'nan Asus PRIME B450-PLUS AM4 DDR4 ATX Motherboard 84.99 GBP'. Entity 2: 'nan Apple AirPods with Charging Case (Latest Model) from Apple Computer  129.00 USD'.,No
Do the two product descriptions refer to the same real-world product? Entity 1: 'nan Buy Quality Replica Audemars Piguet Royal Oak Offshore Chronograph Watch 26470OR.OO.1000OR.02 nan nan'. Entity 2: 'nan TISSOT T1204071105100 Seastar Powermatic 80  15490 CZK'.,No
"Do the two product descriptions refer to the same real-world product? Entity 1: 'nan 3M - Sekretessfilter 27\"" Widescreen 16:9 1237.50 DKK'. Entity 2: 'Cisco WS-C2960L-16TS-LL: Cisco Catalyst WS-C2960L-16TS-LL  580.00 USD'.",No
Do the two product descriptions refer to the same real-world product? Entity 1: 'Kingston Kingston 4GB DDR3 1600MHz HyperX Fury Black Series 8675.37 HUF'. Entity 2: 'nan MEMORIA DDR3 KINGSTON HYPERX FURY BLUE 4GB 1600MHZ  603.7 MXN'.,No
Do the two product descriptions refer to the same real-world product? Entity 1: 'SHIMANO Deore XT RD-M786-SGS - Shadow - rear derailleur 644.68 SEK'. Entity 2: 'nan Shimano 105 RD-R7000 GS Rear Derailleur  57.99 USD'.,No
Do the two product descriptions refer to the same real-world product? Entity 1: 'nan Buy Quality Replica Tag Heuer Monaco Steve McQueen Chronograph Watch CAW211P.FC6356 nan nan'. Entity 2: 'nan Samsung 970 EVO Plus 250GB SSD  949.00 NOK'.,No
Do the two product descriptions refer to the same real-world product? Entity 1: 'nan TP-Link 150Mbit-WLAN-Lite -N-PCI Express x1 Adapter 127.20 SEK'. Entity 2: 'nan Asus GTX1660S 6GB Dual EVO  nan nan'.,No
Do the two product descriptions refer to the same real-world product? Entity 1: 'nan Tissot Seastar 1000 Powermatic 80 T120.407.11.041.01 840.00 EUR'. Entity 2: 'HP HP printer Color LaserJet Professional CP5225dn (CE712A#B19)  1403.60 EUR'.,No
Do the two product descriptions refer to the same real-world product? Entity 1: 'nan Elixir Phosphor Acoustic Strings - Extra Light 22.99 CAD'. Entity 2: 'Elixir Elixir E16052 Nanoweb Phosphor Bronze Acoustic Guitar Strings Light Gauge 12-53  24.99 AUD'.,No
Do the two product descriptions refer to the same real-world product? Entity 1: 'nan Kingston SDCS Canvas Select Class10 microSD Memory Card - 64GB With Adapter 1990 PKR'. Entity 2: 'nan Carto de memria micro SD Kingston 32Gb classe 10 Canvas Select  0.00 BRL'.,No
Do the two product descriptions refer to the same real-world product? Entity 1: 'QBP Park Tool PH-1.2 P-Handle Hex Set with Holder 76.95 USD'. Entity 2: 'Park Tool Park Tool PH-1.2 P-Handle Hex Wrench Set - Tool Set  76.95 USD'.,Yes
Do the two product descriptions refer to the same real-world product? Entity 1: 'MAXXIS MAXXIS AGGRESSOR 29X2.3 EXO/TR 70.00 AUD'. Entity 2: 'nan Western digital wd blue - hdd - 2 tb - interno - 3.5 - sata 6Gb/s - 5400 rpm - buffer: 64 mb  56.47 EUR'.,No
Do the two product descriptions refer to the same real-world product? Entity 1: 'nan Mavic Mini Drone by DJI - Fly More Combo 499.00 USD'. Entity 2: 'Crucial Crucial BX500 480GB SSD Micron 3D NAND SATA III 6Gb/s 2.5 Internal Solid State Drive  59.99 USD'.,No
"Do the two product descriptions refer to the same real-world product? Entity 1: 'MITXPC 120GB Crucial BX500 3D NAND 2.5\"" SATA SSD 39.95 USD'. Entity 2: 'nan Crucial MX500 2TB 3D NAND SATA 2.5 Inch Internal SSD  440 BMD'.",No
Do the two product descriptions refer to the same real-world product? Entity 1: 'nan 32 Oz Wide Mouth With Flex Cap W32BTS001 44.95 USD'. Entity 2: 'nan 21 oz Standard Mouth With Standard S21SX306  32.95 USD'.,No
Do the two product descriptions refer to the same real-world product? Entity 1: 'nan Sigma 35mm f/1.4 DG HSM Art 719.95 USD'. Entity 2: 'nan FUJIFILM Aspherical Super EBC XF 80mm f/2.8 R LM OIS WR Macro Lens  1199.95 USD'.,No
"Do the two product descriptions refer to the same real-world product? Entity 1: 'nan JABRA Evolve 40 UC USB - Mono 1267.00 ZAR'. Entity 2: 'nan Corsair iCUE 465X RGB Mid-Tower White ATX Case, T/G Window, No PSU  249.00 AUD'.",No
Do the two product descriptions refer to the same real-world product? Entity 1: 'Corsair Corsair ML140 PRO RGB LED 140MM PWM Premium Magnetic Levitation Fan - Single Pack 32.98 GBP'. Entity 2: 'Corsair Corsair ML140 140mm PWM Premium Magnetic Levitation Fan - Twin Pack  33.97 GBP'.,No
Do the two product descriptions refer to the same real-world product? Entity 1: 'nan Philips Monitor LCD 243V7QDSB/00 94.1 EUR'. Entity 2: 'nan Kingston DataTraveler microDuo 128GB USB 3.0  28.59 GBP'.,No
Do the two product descriptions refer to the same real-world product? Entity 1: 'nan APC Smart-UPS SRT 6000VA RM 230V 59990.00 SEK'. Entity 2: 'nan APC - Schneider SMART-UPS 1000VA LCD 230V  924.00 AUD'.,No
"Do the two product descriptions refer to the same real-world product? Entity 1: 'CLARKS CLARKS Sram, PG-730, 7sp cassette, 12-32T 19.99 USD'. Entity 2: 'nan SEIKO Prospex Automatic Men's 45mm Diver Watch - SPB103J1 – Green Dial  7.4E2 GBP'.",No
Do the two product descriptions refer to the same real-world product? Entity 1: 'nan Kingston Canvas Select (32GB) MicroSD Card Class 10 UHS-1 U1 with Adaptor nan nan'. Entity 2: 'Canon Canon EF-M 18-150mm f/3.5-6.3 IS STM Schwarz EU10  425.00 EUR'.,No
Do the two product descriptions refer to the same real-world product? Entity 1: 'nan EPSON cartridge T7891 black (WorkForce5) 1805.00 CZK'. Entity 2: 'Epson Epson T7891 Black Cart - Compatible  12.93 GBP'.,Yes
Do the two product descriptions refer to the same real-world product? Entity 1: 'nan Zebra Black Ribbon True Colours Brand i-series 800015-301 16.95 USD'. Entity 2: 'nan Razer DeathAdder V2 mouse USB Type-A Right-hand  1388641.00 IDR'.,No
"Do the two product descriptions refer to the same real-world product? Entity 1: 'nan WD MY PASSPORT- 1TB RED WORLDWIDE 770000 LBP'. Entity 2: 'nan Hard Disk Drive WD My Passport WDBYNN0010BRD, 1TB, USB 3.0, rosu  nan nan'.",Yes
Do the two product descriptions refer to the same real-world product? Entity 1: 'nan Fujifilm XF 56mm f/1.2 R 879.00 EUR'. Entity 2: 'nan FUJIFILM XF 8-16mm f/2.8 R LM WR Lens  1999.95 USD'.,No
Do the two product descriptions refer to the same real-world product? Entity 1: 'nan Seagate LaCie 4TB 2.5' USB 3 to USB-C Diamond Cut External HDD. STHG4000400. 2 Years Warranty 219.00 AUD'. Entity 2: 'nan LaCie 4TB USB Type-C Mobile Drive (Moon Silver)  134.99 USD'.,Yes
Do the two product descriptions refer to the same real-world product? Entity 1: 'nan WD 1TB My Passport Portable Storage USB 3.2 Gen 1 - Black - WDBYVG0010BBK-WESN 22.857142857143 BHD'. Entity 2: 'Western Digital Western Digital WD My Passport Portable HDD 4TB Black  179 AUD'.,No
Do the two product descriptions refer to the same real-world product? Entity 1: 'nan HyperX FURY - DDR3 - 8 GB: 2 x 4 GB - DIMM 240-pin - unbuffered 115.99 CAD'. Entity 2: 'nan DDR3 8GB PC1600 CL9 Kingston Hypk  41.16 nan'.,Yes
Do the two product descriptions refer to the same real-world product? Entity 1: 'nan Seagate IronWolf PRO 16TB NAS Professional 3914.00 DKK'. Entity 2: 'nan Seagate Ironwolf Pro 6TB (ST6000NE000)  nan nan'.,No
Do the two product descriptions refer to the same real-world product? Entity 1: 'nan Tarjeta Gráfica Gigabyte RTX 2080 Ti XTREME 11 Gb 1349.00 EUR'. Entity 2: 'nan Epson T7551 (Prentar 5000 síður) XL svart blekhylki (100ml) fyrir WorkForce WF-8XXX prentara  18617 ISK'.,No
Do the two product descriptions refer to the same real-world product? Entity 1: 'APC APC Replacement Battery Cartridge #124 995 NOK'. Entity 2: 'APC APC By Schneider Electric APC Replacement Battery Cartridge  84.99 USD'.,Yes
"Do the two product descriptions refer to the same real-world product? Entity 1: 'Logitech Logitech H151 Stereo Headset On Ear Kabelgebunden nan nan'. Entity 2: 'Logitech Logitech H151 Wired Headset, Stereo Headphones with Rotating Noise-Cancelling Microphone, 3.5 mm Audio Jack  39.90 GBP'.",Yes
Do the two product descriptions refer to the same real-world product? Entity 1: 'Epson Epson Tinte matte schwarz 700ml f. 7900/9900 258.32 EUR'. Entity 2: 'Epson Epson Tinte schwarz-photo f. R3000  27.28 EUR'.,No
"Do the two product descriptions refer to the same real-world product? Entity 1: 'nan Swiss Military Hanowa Flagship 06-5161.2.04.007 1895.00 SEK'. Entity 2: 'nan Swiss Military Hanowa FLAGSHIP 06-5161.2.04.003 Herrenuhr  378,00 лв BGN'.",No
Do the two product descriptions refer to the same real-world product? Entity 1: 'nan Dymo Label Casette D1 (19mm x 7m - Black On White) 6.95 AUD'. Entity 2: 'nan TUF GAMING X570-PLUS Desktop Motherboard - AMD Chipset - Socket AM4  181.69 USD'.,No
Do the two product descriptions refer to the same real-world product? Entity 1: 'nan APC Smart-UPS SRT 3000VA RM 230V SRT3000RMXLI 2524.55 GBP'. Entity 2: 'Epson Epson Tinte schwarz-photo f. R3000  27.28 EUR'.,No
Do the two product descriptions refer to the same real-world product? Entity 1: 'nan AMD Ryzen 5 1500X Wraith Spire Cooler 2597.00 ZAR'. Entity 2: 'nan Gigabyte GeForce RTX 2060 SUPER 8GB Aorus  5436.00 SEK'.,No
Do the two product descriptions refer to the same real-world product? Entity 1: 'SHIMANO SPD-SL-CLEAT-SET-SM-SH11-(YELLOW)-[6DEGREE] 12.0 OMR'. Entity 2: 'nan Asus GTX1660S 6GB Dual EVO  nan nan'.,No
Do the two product descriptions refer to the same real-world product? Entity 1: 'nan Samsung Portable SSD T5 - 2TB 3236.00 SEK'. Entity 2: 'nan Cheap Replica Audemars Piguet Royal Oak Offshore Chronograph Watch 26470ST.OO.A099CR.01  nan nan'.,No
Do the two product descriptions refer to the same real-world product? Entity 1: 'nan Crucial 1x 8GB DDR3L 1600MHz ECC Unbuffered UDIMM RAM | Discount Computer Needs 269.00 AUD'. Entity 2: 'nan CRUCIAL - DDR3 8GB 1600Hz CL11 Unbuffered CT102472BD160B  131.99 EUR'.,Yes
Do the two product descriptions refer to the same real-world product? Entity 1: 'Pokemon Pokemon Pokemon: Darkness Ablaze Bstr 4.00 USD'. Entity 2: 'nan POKÉMON TCG Sword and Shield- Darkness Ablaze Trainer Box  75 AUD'.,No
Do the two product descriptions refer to the same real-world product? Entity 1: 'nan Original Epson T1571 Photo Black Ink Cartridge 26.67 GBP'. Entity 2: 'nan Epson - Ink Cartridge Black 10K  3905.00 CZK'.,No
"Do the two product descriptions refer to the same real-world product? Entity 1: 'Classic Daniel Wellington - Classic St Mawes Rose Gold - 40mm 1899.00 NOK'. Entity 2: 'nan Blaze 40\"" Stainless Steel 5 Burner LTE Built-In Gas Grill w/ Rear Burner BLZ-5LTE2  2199.99 USD'.",No
Do the two product descriptions refer to the same real-world product? Entity 1: 'nan LOGITECH Corded USB Headset H540 - USB - EMEA 0.001 nan'. Entity 2: 'Omega OMEGA Seamaster Planet Ocean Chronograph Steel  18900.000001 AED'.,No
"Do the two product descriptions refer to the same real-world product? Entity 1: 'nan Sandisk Cruzer Force 16GB USB 2.0 Flash Drive - SDCZ71-016G-B35 2.60 KWD'. Entity 2: 'nan Pen Drive SanDisk 16GB Cruzer Force USB 2.0  4,65 EUR'.",Yes
Do the two product descriptions refer to the same real-world product? Entity 1: 'Kingston Digital Kingston Digital Canvas Select 128GB microSD Card w/ Adapter (SDCS-128GB) nan nan'. Entity 2: 'nan APPLE - Airpods With Charging Case  2632.10 DKK'.,No
"Do the two product descriptions refer to the same real-world product? Entity 1: 'nan Samsung 970 EVO 500GB - NVMe PCIe M.2 2280 SSD | MZ-V7E500BW 5.1975E2 AED'. Entity 2: 'nan Samsung MZ-V7S500B/AM 970 EVO Plus M.2 Internal SSD, 500GB  189.99 CAD'.",No
Do the two product descriptions refer to the same real-world product? Entity 1: 'nan Apple - AirPods with Wireless Charging Case (Latest Model) - White 159 USD'. Entity 2: 'nan Apple AirPods with Charging Case (Latest Model) from Apple Computer  129.00 USD'.,No
Do the two product descriptions refer to the same real-world product? Entity 1: 'Shimano Shimano M05 Disc Brake Pads (Deore) (Resin) 12.99 USD'. Entity 2: 'UBIQUITI Ubiquiti UVC-G3-BULLET (Formerly UVC-G3-AF) UniFi Video Camera G3 1080p PoE IP Camera  118.20 GBP'.,No
"Do the two product descriptions refer to the same real-world product? Entity 1: 'nan Johnnie Walker Blue Label 0,7 ltr. 139.95 EUR'. Entity 2: 'nan Evans EC2 SST Clear Batter Drumhead 13 in.  17.99 USD'.",No
"Do the two product descriptions refer to the same real-world product? Entity 1: 'nan Seagate Lacie 2TB 2.5 Rugged Portable Thunderbolt Type C R4 199,98 incl tax ZAR'. Entity 2: 'nan LaCie - Lacie Rugged USB-C Hard Drives - 2TB & 5TB  1.7249E2 USD'.",Yes
Do the two product descriptions refer to the same real-world product? Entity 1: 'Traveler's Company Traveler's Company 001. LINED REFILL MIDORI TRAVELER'S NOTEBOOK 3.50 GBP'. Entity 2: 'Life Extension Super Ubiquinol CoQ10 with Enhanced Mitochondrial Support 100 mg  46.50 USD'.,No
"Do the two product descriptions refer to the same real-world product? Entity 1: 'Samsung Samsung LH46UHFCLBB - 116,8 cm (46\"") - LED - 1920 x 1080 Pixel - 700 cd/m² - Full HD - 8 ms 1558.76 EUR'. Entity 2: 'nan 0884B001 | Canon PFI-101 | Original Canon Ink Cartridge - Cyan  nan nan'.",No
Do the two product descriptions refer to the same real-world product? Entity 1: 'nan TAG HEUER MONACO AUTOMATIC CHRONOGRAPH 5.9E3 USD'. Entity 2: 'nan TAG Heuer Automatic Chronograph Watch CBL2111.FC6453  6350 USD'.,No
"Do the two product descriptions refer to the same real-world product? Entity 1: 'nan Samsung MZ-V7S500B/AM 970 EVO Plus M.2 Internal SSD, 500GB 189.99 CAD'. Entity 2: 'nan Evans EC2 Clear Drum Head, 14 Inch  2.399E1 USD'.",No
"Do the two product descriptions refer to the same real-world product? Entity 1: 'nan RAM Long Length Double Socket Arm for 1.5\"" Balls 7.395E1 AUD'. Entity 2: 'nan RAM-201U-D RAM Mounts C-Size Double-Socket Long Arm with 1.5-Inch Sockets  39.49 USD'.",Yes
"Do the two product descriptions refer to the same real-world product? Entity 1: 'nan GENUINE Dymo 24mm x 7m Black on Yellow Label Tape Roll SD53718 30.14 AUD'. Entity 2: 'nan 3M - Lightweight 300 Privacy Filter PF322WSkjermfilter mot innsyn, m/ramme 20\""-23\""W (30,7 x 48,5)  3266.25 NOK'.",No
Do the two product descriptions refer to the same real-world product? Entity 1: 'nan Carto de memria micro SD Kingston 64Gb XC1 classe 10 Canvas Select 0.00 BRL'. Entity 2: 'nan Carto de memria micro SD Kingston 32Gb classe 10 Canvas Select  0.00 BRL'.,No
"Do the two product descriptions refer to the same real-world product? Entity 1: 'Logitech Logitech BRIO 4K Ultra HD webcamweb camera 195,96 EUR'. Entity 2: 'nan UCK-G2-PlusUbiquiti Unifi Cloud Key, G2, with HDD  1.15 GHS'.",No
Do the two product descriptions refer to the same real-world product? Entity 1: 'nan HyperX 8GB (2x4GB) 1600MHz CL10 Fury Blue 289 PLN'. Entity 2: 'nan TAG Heuer Formula 1 43mm Mens Watch WAZ2011.BA0842  1550.0 GBP'.,No
Do the two product descriptions refer to the same real-world product? Entity 1: 'nan Asus ROG STRIX B550-E GAMING AM4 ATX Motherboard 409.00 AUD'. Entity 2: 'nan ASUS ROG STRIX B550-E GAMING Presa AM4 ATX AMD B550  329.69 EUR'.,Yes
Do the two product descriptions refer to the same real-world product? Entity 1: 'Zotac ZOTAC GeForce RTX 2060 SUPER AMP! 8GB 256Bit GDDR6 4344.28 TRY'. Entity 2: 'Tissot Seastar 1000 Powermatic 80 - T120.407.11.051.00  629.00 CHF'.,No
"Do the two product descriptions refer to the same real-world product? Entity 1: 'nan RAM-B-408-75-1-UN7U RAM Mounts X-Grip® Phone Mount with RAM® Torque™ Medium Rail Base 55.49 USD'. Entity 2: 'RAM Mount RAM Mount Torque™ 3/4"" - 1"" Diameter Handlebar/Rail Base with 1"" Ball and X-Grip®  74.95 EUR'.",Yes
Do the two product descriptions refer to the same real-world product? Entity 1: 'nan 652589-B21 HP G8 G9 900-GB 6G 10K 2.5 SAS SC 183 CAD'. Entity 2: 'Sandisk USB STICK SANDISK CRUZER GLIDE 32GB  16.08 EUR'.,No
Do the two product descriptions refer to the same real-world product? Entity 1: 'Tissot Tissot Mens T-Sport Seastar 1000 Chronograph Black Dial Stainless Steel Bracelet Watch T120.417.11.051.00 450.00 GBP'. Entity 2: 'nan SanDisk Extreme PRO SD UHS-II USB 3.0  99 PLN'.,No
Do the two product descriptions refer to the same real-world product? Entity 1: 'Canon Canon PGI-29 Ink Tank Grey 4871B001AA CO68194 23.81 GBP'. Entity 2: 'D-Link Switch D-Link DGS-1210-24 20 p 10 / 100 / 1000 Mbps 4 x SFP  138.87 EUR'.,No
Do the two product descriptions refer to the same real-world product? Entity 1: 'SWISS MILITARY HANOWA Swiss Military Hanowa Immersion 06-4226.30.003.03 9847.0000 UAH'. Entity 2: 'Swiss Military Hanowa Swiss Military Hanowa06-4226.30.003.03 Immersion Uhr  244.95 EUR'.,Yes
Do the two product descriptions refer to the same real-world product? Entity 1: 'nan Pokemon TCG: Sword & Shield Boosters 4.00 GBP'. Entity 2: 'Classic Daniel Wellington - Classic St Mawes Rose Gold - 40mm  1899.00 NOK'.,No
"Do the two product descriptions refer to the same real-world product? Entity 1: 'nan Kingston 32GB DDR4 3000MHz Kit(2x16GB) HyperX Predator Intel XMP 75490 HUF'. Entity 2: 'nan Swiss Military Hanowa FLAGSHIP 06-5161.2.04.003 Herrenuhr  378,00 лв BGN'.",No
Do the two product descriptions refer to the same real-world product? Entity 1: 'nan Epson A3 Premium Glossy Photo Paper 255gsm (Pack of 20) C13S041315 37.04 nan'. Entity 2: 'Epson Epson Premium Glossy A3 20 sheets  39.95 EUR'.,Yes
"Do the two product descriptions refer to the same real-world product? Entity 1: 'nan ZOTAC Grafikkarte Gaming GeForce RTX 2060 SUPER AMP, 8 GB (ZT-T20610D-10P) 4.349E2 EUR'. Entity 2: 'nan WEBCAM LOGITECH C270 HD 720P  nan nan'.",No
"Do the two product descriptions refer to the same real-world product? Entity 1: 'Jabra Jabra BIZ 2400 Mark II - 3-in-1 Mono Headset 204.18 USD'. Entity 2: 'nan Jabra Biz 2400 II Mono 3-1, NC, 82 mic, QD  12500 PHP'.",Yes
Do the two product descriptions refer to the same real-world product? Entity 1: 'nan APC - Schneider SMART-UPS 1000VA LCD 230V 924.00 AUD'. Entity 2: 'nan APPLE - AIRPODS WITH CHARGING CASEIN  nan nan'.,No
Do the two product descriptions refer to the same real-world product? Entity 1: 'nan Razer DeathAdder V2 Ergonomic Wired Gaming Mouse (RZ01-03210100-R3M1) (Warranty 2years with Ban Leong) 99.00 SGD'. Entity 2: 'Razer Razer Viper Mini Ultra-Lightweight USB RGB Optical Gaming Mouse (RZ01-03250100-R3M1)  44.952 GBP'.,No
Do the two product descriptions refer to the same real-world product? Entity 1: 'nan APC APCRBC117 Replacement Battery Cartridge #117 539.00 AUD'. Entity 2: 'APC APC Replacement Battery Cartridges #117  381.13 USD'.,Yes
"Do the two product descriptions refer to the same real-world product? Entity 1: 'nan Shimano Cassette 11s 11-46 CS-M8000 569.00 DKK'. Entity 2: 'Shimano Shimano Deore XT CS-M8000 Cassette 11-speed, silver/grey  78.99 EUR'.",No
Do the two product descriptions refer to the same real-world product? Entity 1: 'nan HIKVISION DS-7216HUHI-K2 (Turbo HD 4.0) 8MP/5MP/4MP 1363.00 AED'. Entity 2: 'nan Epson Strawberry 29 (Prentar 175 síður) Claria Home blekhylki (blátt)  2055 ISK'.,No
Do the two product descriptions refer to the same real-world product? Entity 1: 'Sandisk SanDisk SSD Plus 120GB 240GB 530MB/s 480GB 1TB 535MB/sSolid State Drive (120GB) 178.0 MYR'. Entity 2: 'Corsair Corsair 32GB DDR4 Vengeance LPX 2666MHz Memory Kit Black  112.76 GBP'.,No
"Do the two product descriptions refer to the same real-world product? Entity 1: 'LaCie LaCie 4TB Rugged Thunderbolt / USB-C Mobile HDD 1059.0 AED'. Entity 2: 'LaCie LaCie Rugged USB 3.1C 4 TB 2,5'' STFS4000800  1176.11 PLN'.",Yes
"Do the two product descriptions refer to the same real-world product? Entity 1: 'Evans Evans EC2 Clear Drum Head, 8 Inch $13.99 USD'. Entity 2: 'nan INTEL CPU 10TH GEN COMET LAKE I7-10700KF 3.80GHZ LGA1200 16.00MB CACHE BOXED  476.90 EUR'.",No
"Do the two product descriptions refer to the same real-world product? Entity 1: 'nan Catalyst 2960-X 24 GigE PoE 370W, 2 x 10G SFP+, LAN Base 33099.85 HKD'. Entity 2: 'Cisco Cisco Catalyst WS-C2960X-24PD-L 24 Ports ManagedRack Mountable Switch  0.00 GBP'.",Yes
"Do the two product descriptions refer to the same real-world product? Entity 1: 'nan Corsair Chassis, Carbide Series SPEC-OMEGA 151.01 USD'. Entity 2: 'Traveler's Company Traveler's Company 002. GRID REFILL MIDORI TRAVELER'S NOTEBOOK  3.50 GBP'.",No
Do the two product descriptions refer to the same real-world product? Entity 1: 'nan Sram PG 1130 11sp cassette 11-36T 129.99 CAD'. Entity 2: 'nan KINGSTON MICRO SD CARD CANVAS SELECT PLUS 128GB 100MB/S LIMITED LIFETIME  nan nan'.,No
Do the two product descriptions refer to the same real-world product? Entity 1: 'nan SRAM Guide Trail Brake Pad 34.95 AUD'. Entity 2: 'nan ADAPTADOR INALAMBRICO TP-LINK/USB 2.0/N300/QSS/TL-WN821N  175.5 MXN'.,No
"Do the two product descriptions refer to the same real-world product? Entity 1: 'RAM MOUNTS RAM Triple 1\"" Ball Adapter - RAM-B-289U 37.99 USD'. Entity 2: 'nan ASUS Radeon RX 5500 XT DUAL EVO 8GB  2849.00 NOK'.",No
"Do the two product descriptions refer to the same real-world product? Entity 1: 'nan APC Smart-UPS RT 192V RM Battery Pack 23449.00 DKK'. Entity 2: 'nan RAM Handlebar Rail Mount 1.125 - 1.5\"" C (RAM-408-112-15U)  39.25 AUD'.",No
Do the two product descriptions refer to the same real-world product? Entity 1: 'Samsung Samsung 970 EVO MZ-V7E1T0BW - Solid state drive - krypterat - 1 TB - inbyggd - M.2 2280 - PCI Express 3.0 x4 (NVMe) - 256 bitars AES - TCG Opal Encryption 2.0 1682 SEK'. Entity 2: 'nan Mavic Mini Drone by DJI - Fly More Combo  499.00 USD'.,No
"Do the two product descriptions refer to the same real-world product? Entity 1: 'RAM MOUNTS RAM Double U-Bolt Base with D Size 2.25\"" Ball for Rails from 0.75\"" to 1.25\"" in Diameter - RAM-D-235U 36.49 USD'. Entity 2: 'nan FUJIFILM Aspherical Super EBC XF 80mm f/2.8 R LM OIS WR Macro Lens  1199.95 USD'.",No
Do the two product descriptions refer to the same real-world product? Entity 1: 'Sandisk Sandisk USB Flash 32GB Cruzer Glide 2.0/3.0 15.90 EUR'. Entity 2: 'nan Sandisk Cruzer Force 16GB USB 2.0 Flash Drive - SDCZ71-016G-B35  2.60 KWD'.,No
Do the two product descriptions refer to the same real-world product? Entity 1: 'nan Sony FE 70-200mm f/4 OSS Lens 1.39999E3 USD'. Entity 2: 'Canon Canon 24-70mm f/2.8L II USM EF Lens  nan nan'.,No
"Do the two product descriptions refer to the same real-world product? Entity 1: 'Shimano Shimano M05 Disc Brake Pads (Deore) (Resin) 12.99 USD'. Entity 2: 'SRAM SRAM Sram Level Ultimate, Level TLM Disc Brake Pads  25.00 USD'.",No
Do the two product descriptions refer to the same real-world product? Entity 1: 'nan Shimano Dura-Ace CS-R9100 Cassette 11-speed 22265 JPY'. Entity 2: 'Shimano Dura-Ace 9100 11-Speed Cassette 11-25T  199 GBP'.,No
"Do the two product descriptions refer to the same real-world product? Entity 1: 'Kingston Kingston 4GB DDR3 1600MHz HyperX Fury Black Series 8675.37 HUF'. Entity 2: 'nan 16TB IronWolf Pro ST16000NE000, 7200 RPM, SATA 6Gb/s, 256MB cache, 3.5-Inch HDD  555.21 USD'.",No
Do the two product descriptions refer to the same real-world product? Entity 1: 'nan Tarjeta Gráfica Gigabyte RTX 2080 Ti XTREME 11 Gb 1349.00 EUR'. Entity 2: 'GIGABYTE Gigabyte AORUS GeForce RTX™ 2080 Ti XTREME 11G  108000 INR'.,Yes
Do the two product descriptions refer to the same real-world product? Entity 1: 'nan Miška Razer Viper Ultimate Wireless 169.95 EUR'. Entity 2: 'Razer Razer Viper Ultimate & Mouse Dock  3550 MDL'.,Yes
Do the two product descriptions refer to the same real-world product? Entity 1: 'SRAM SRAM Cassette Sram PG 1130 11 vitesses 11-36 115.99 CAD'. Entity 2: 'SanDisk SanDisk SSD PLUS 120GB Solid State Drive -SDSSDA-120G-G27  64.99 USD'.,No
Do the two product descriptions refer to the same real-world product? Entity 1: 'nan Apple - AirPods with Wireless Charging Case (Latest Model) - White 159 USD'. Entity 2: 'nan WS-C2960-24TT-LCatalyst 2960 24 10/100 + 2 1000BT LAN Base Image  529.31 EUR'.,No
"Do the two product descriptions refer to the same real-world product? Entity 1: 'nan Maxxis High Roller II 29"" WideTrail Tire - 3C MT DD / 2.5"" 75.00 USD'. Entity 2: 'Maxxis Maxxis High Roller II MaxxTerra Tire (WT) (3C/EXO/TR) (27.5 x 2.40) (Folding)  71.00 USD'.",No
Do the two product descriptions refer to the same real-world product? Entity 1: 'Canon Canon Multipack PGI-72multi1 (6403B007) 61.70 EUR'. Entity 2: 'nan Audemars Piguet-Audemars Piguet Royal Oak Offshore Chronograph 42mm Mens Watch-26470OR.OO.A125CR.01  38000 USD'.,No
Do the two product descriptions refer to the same real-world product? Entity 1: 'nan DS-7208HUHI-K2-P Hikvision 8 Channel 5MP / 1080P HD-TVI Hybrid DVR with Power over Coax (PoC / Turbo4.0) nan nan'. Entity 2: 'nan Kingston 32GB DDR4 3000MHz Kit(2x16GB) HyperX Predator Intel XMP  75490 HUF'.,No
Do the two product descriptions refer to the same real-world product? Entity 1: 'Canon Canon 24-70mm f/2.8L II USM EF Lens nan nan'. Entity 2: 'nan CANON EF 100mm/2.8L macro IS USME67  nan nan'.,No
Do the two product descriptions refer to the same real-world product? Entity 1: 'D-LINK D-Link Switch 24 Puertos- Red 316.5 nan'. Entity 2: 'Park Tool Park Tool PH-1.2 P-Handle Hex Wrench Set - Tool Set  76.95 USD'.,No
"Do the two product descriptions refer to the same real-world product? Entity 1: 'nan OKI 44992402 Style Black Compatible Toner 21.49 GBP'. Entity 2: 'Jabra Jabra Evolve 80 UC stereo SKype for Business  € 230,35 EUR'.",No
Do the two product descriptions refer to the same real-world product? Entity 1: 'nan Router wifi archer c60 ac1350 dual nan nan'. Entity 2: 'TP-LINK USA TP-Link | AC1900 High Gain Dual Band Wifi Adapter | Wireless WiFi Network Adapter for PC (Archer T9UH)  49.99 USD'.,No
"Do the two product descriptions refer to the same real-world product? Entity 1: 'nan EPSON Premium Glossy Photo Paper A4/30ks 17.49 nan'. Entity 2: 'nan Garmin fenix5 Gray Optic, Black band  13990.00 CZK'.",No
Do the two product descriptions refer to the same real-world product? Entity 1: 'nan Seagate IronWolf PRO 16TB NAS Professional 3914.00 DKK'. Entity 2: 'nan Disco Seagate Ironwolf Nas 10Tb Sata3 (St10000vn0008)  296.37 EUR'.,No
"Do the two product descriptions refer to the same real-world product? Entity 1: 'iiyama iiyama Prolite 27\"" XUB2792QSU-B1 WQHD IPS Monitor Tilt/Swivel/Pivot 254.48 GBP'. Entity 2: 'Iiyama iiyama ProLite XUB2792QSU-B1 27\"" LED LCD Monitor - 16:9 - 5 ms  272.98 GBP'.",Yes
Do the two product descriptions refer to the same real-world product? Entity 1: 'nan JABRA Evolve 40 UC USB - Mono 1267.00 ZAR'. Entity 2: 'Hydro Flask Hydro Flask 32 oz. Wide Mouth 2.0 Flex Cap Hibiscus  40.79 CAD'.,No
Do the two product descriptions refer to the same real-world product? Entity 1: 'nan Pokemon TCG: Sword & Shield Boosters 4.00 GBP'. Entity 2: 'nan Pokémon TCG Sword & Shield Darkness Ablaze  5.50 EUR'.,No
Do the two product descriptions refer to the same real-world product? Entity 1: 'Crucial Memoire DDR3 Crucial 4GB DDR3 1600 MT/S (PC3-12800) 26.99 EUR'. Entity 2: 'Fujifilm Fujifilm XF 80mm f2.8 R LM WR Macro Lens  1149.00 GBP'.,No
Do the two product descriptions refer to the same real-world product? Entity 1: 'TP-Link TP-Link AC600 T2U Wireless USB Nano Adapter 12.95 EUR'. Entity 2: 'nan Atomos ATOM-CAB010 Full To Full Hdmi Coiled Cable  32.99 CAD'.,No
"Do the two product descriptions refer to the same real-world product? Entity 1: 'nan Evans EMAD2 Clear Bass Drum Head, 22 Inch 4.699E1 USD'. Entity 2: 'nan Evans EC2 Clear Drum Head, 14 Inch  2.399E1 USD'.",No
Do the two product descriptions refer to the same real-world product? Entity 1: 'Seiko Seiko Mens Presage Automatic Blue Date Dial Stainless Steel Bracelet Watch SRPD41J1 428.00 GBP'. Entity 2: 'nan SEIKO Prospex Automatic Men's 45mm Diver Watch - SPB103J1 – Green Dial  7.4E2 GBP'.,No
"Do the two product descriptions refer to the same real-world product? Entity 1: 'nan Intel Core i3-7100 Dual-Core 3.9GHz LGA1151 (BX80677I37100) 31660 HUF'. Entity 2: 'nan Processore Cpu INTEL Core i3-7100 1151 3,9GHz 3MB Cache Kaby Lake  151,94€ nan'.",Yes
Do the two product descriptions refer to the same real-world product? Entity 1: 'QBP Park Tool PH-1.2 P-Handle Hex Set with Holder 76.95 USD'. Entity 2: 'nan Sram PG 1130 11sp cassette 11-36T  129.99 CAD'.,No
Do the two product descriptions refer to the same real-world product? Entity 1: 'nan APPLE - Apple AirPods 2 with Wireless Charging Case MRXJ2ZM/A - White 2396.00 NOK'. Entity 2: 'nan TP-Link Archer T9UH Wireless AC1900 USB Adapter  99.00 AUD'.,No
Do the two product descriptions refer to the same real-world product? Entity 1: 'FUJIFILM Fujifilm Instax Mini Film (Monochrome 10's) 39.0 MYR'. Entity 2: 'nan Corsair Vengeance LPX 32GB (2x16GB) DDR4 2666MHz(CMK32GX4M2A2666C16)  35470 HUF'.,No
Do the two product descriptions refer to the same real-world product? Entity 1: 'nan D1-TAPE 24MM X 7M BLACK ON WHITE IN 0 EUR'. Entity 2: 'Dymo Dymo 53713 Black On White - 24mm  15.14 GBP'.,Yes
Do the two product descriptions refer to the same real-world product? Entity 1: 'nan TP-Link TL-WN725N 150MbpsWireless USB NANO adapter 2490 HUF'. Entity 2: 'ASUS Asus ROG Strix X570-F Gaming ATX - motherboard  nan nan'.,No
Do the two product descriptions refer to the same real-world product? Entity 1: 'nan Carto de memria micro SD Kingston 32Gb classe 10 Canvas Select 0.00 BRL'. Entity 2: 'nan Kingston Canvas Select (32GB) MicroSD Card Class 10 UHS-1 U1 with Adaptor  nan nan'.,Yes
Do the two product descriptions refer to the same real-world product? Entity 1: 'nan TRAVELERS REFILL KRAFT PAPER NOTEBOOK 14365006-014 4.87603 EUR'. Entity 2: 'nan 014 Traveler's Notebook Regular- Refill - Kraft Paper Notebook  8.0 USD'.,Yes
Do the two product descriptions refer to the same real-world product? Entity 1: 'Logitech Logitech H570e Monaural USB Headset nan nan'. Entity 2: 'nan LOGITECH UC Corded Stereo USB Headset H570e (Leatherette Pad) - Business EMEA  0.001 nan'.,Yes
"Do the two product descriptions refer to the same real-world product? Entity 1: 'nan Samsung 860 PRO 2.5\"" 1000 GB Serial ATA III 3D MLC 579.75 EUR'. Entity 2: 'nan Crucial BX500 2.5\"" 480 GB Serial ATA III  88.54 EUR'.",No
"Do the two product descriptions refer to the same real-world product? Entity 1: 'RAM RAM 3.3\"" DIA. SUCT CUP W 1\"" BALL 23.80 EUR'. Entity 2: 'nan RAM Motorcycle Fork Stem Base w 1\"" Ball (RAM-B-342U)  30.45 AUD'.",No
Do the two product descriptions refer to the same real-world product? Entity 1: 'nan TP-Link EAP225-Outdoor AC1200 Wireless MU-MIMO Gigabit Indoor/Outdoor Access Point 30290 HUF'. Entity 2: 'TP-Link TP-Link Omada AC1200 Wireless Dual Band Gigabit Outdoor Access Point  144 AUD'.,No
"Do the two product descriptions refer to the same real-world product? Entity 1: 'nan Samsung UH46F5 46\"" LED Full HD Nero display professionale 1469.464075 EUR'. Entity 2: 'nan BLAZE PROFESSIONAL 27-INCH 2 BURNER BUILT-IN GAS GRILL WITH REAR INFRARED BURNER  4.599E3 CAD'.",No
Do the two product descriptions refer to the same real-world product? Entity 1: 'nan Epson Strawberry 29 (Prentar 175 síður) Claria Home blekhylki (blátt) 2055 ISK'. Entity 2: 'nan Epson T7551 (Prentar 5000 síður) XL svart blekhylki (100ml) fyrir WorkForce WF-8XXX prentara  18617 ISK'.,No
Do the two product descriptions refer to the same real-world product? Entity 1: 'nan Logitech H540 USB Headset With High-Definition sound and on-ear controls - Black | 981-000480 1.575E2 AED'. Entity 2: 'nan LOGITECH Corded USB Headset H540 - USB - EMEA  0.001 nan'.,Yes
Do the two product descriptions refer to the same real-world product? Entity 1: 'nan LACIE 2TB 2.5 MOBILE PORTABLE USB 3.0 MOON SILVER 2384.81 ZAR'. Entity 2: 'nan Disco Seagate Ironwolf Nas 10Tb Sata3 (St10000vn0008)  296.37 EUR'.,No
"Do the two product descriptions refer to the same real-world product? Entity 1: 'nan APC - Replacement battery cartridge 140 7217.50 SEK'. Entity 2: 'GIGABYTE Placa video Gigabyte Radeon RX 5500 XT OC 8GB GDDR6, 128-bit  1143.99 RON'.",No
Do the two product descriptions refer to the same real-world product? Entity 1: 'Logitech Logitech® HD Webcam C310 - USB 39.948 GBP'. Entity 2: 'nan Logitech C920 USB HD Pro Webcam with Auto-Focus and Microphone  61.25 GBP'.,No
Do the two product descriptions refer to the same real-world product? Entity 1: 'nan Omega Seamaster Planet Ocean Automatic Chronograph Stainless Steel Watch 232.30.46.51.01.002 7.15799E3 USD'. Entity 2: 'nan 4GB DDR3-1866MHz Kingston HyperX Fury Black  564.00 CZK'.,No
Do the two product descriptions refer to the same real-world product? Entity 1: 'nan Canon PFI 107C Ink Cartridge Cyan 0.00 AUD'. Entity 2: 'nan Canon PFI107C Cyan Laser Toner Cartridge Remanufactured  59.95 USD'.,Yes
Do the two product descriptions refer to the same real-world product? Entity 1: 'AMD AMD Ryzen 9 3900XT 12-Core 3.8 GHz Socket AM4 105W 100-100000277WOF Desktop Processor 476.99 USD'. Entity 2: 'nan Sigma 105mm f1.4 DG HSM Art Lens for Canon  1599.95 USD'.,No
Do the two product descriptions refer to the same real-world product? Entity 1: 'nan Zebra 800015-101 1000 Prints Black Resin Ribbon for P310i P420i P520i 5.949999E1 AUD'. Entity 2: 'nan Zebra 800015-301 (Eltron) Black (K) Resin Ribbon - 1500 Prints  16.00 USD'.,No
"Do the two product descriptions refer to the same real-world product? Entity 1: 'Epson Epson Tinte T6935 Matt Black UltraChrome, 350 ml 134.10 EUR'. Entity 2: 'Epson Epson Tinte T6037 Light Black, 220 ml  97.10 EUR'.",No
Do the two product descriptions refer to the same real-world product? Entity 1: 'HP HP Color LaserJet Professional CP5225dn 33435 CZK'. Entity 2: 'Cooler Master Cooler Master Hyper H411R CPU Cooler White LED  35 AUD'.,No
Do the two product descriptions refer to the same real-world product? Entity 1: 'nan Corsair Carbide Spec-01 Red LED Mid-Tower Case nan nan'. Entity 2: 'nan Genuine SanDiskiXpand Flash Drive 64GB - iPhone lightning connector  nan nan'.,No
Do the two product descriptions refer to the same real-world product? Entity 1: 'nan Sigma 105mm f1.4 DG HSM Art Lens for Canon 1599.95 USD'. Entity 2: 'nan Sigma 50mm F1.4 DG HSM Canon [ART]  4407.00 PLN'.,No
Do the two product descriptions refer to the same real-world product? Entity 1: 'Samsung Samsung 1TB SSD 970 EVO NVMe M.2 170.98 GBP'. Entity 2: 'nan Adata XPG SX6000 Lite 1TB M.2 PCIe GEN3x4 SSD ASX6000LNP-1TT-C  219.00 AUD'.,No
"Do the two product descriptions refer to the same real-world product? Entity 1: 'nan Evans EMAD2 Clear Bass Drum Head, 22 Inch 4.699E1 USD'. Entity 2: 'nan Evans 20” EMAD Clear Bass Drum Head  47.99 USD'.",No
Do the two product descriptions refer to the same real-world product? Entity 1: 'nan Cheap Replica Audemars Piguet Royal Oak Chronograph White Dail Watch 26331ST.OO.1220ST.03 nan nan'. Entity 2: 'Audemars Piguet Pre-Owned Audemars Piguet Royal Oak Chronograph 26331ST.OO.1220ST.03  33900.00 USD'.,Yes
"Do the two product descriptions refer to the same real-world product? Entity 1: 'LaCie LaCie Rugged USB 3.1C 4 TB 2,5'' STFS4000800 1176.11 PLN'. Entity 2: 'Hikvision Hikvision DS-7216HUHI-K2 Turbo 1080p HD 16CH DVR - HD-TVI AHD IPC - HDMI COAX  395.00 GBP'.",No
Do the two product descriptions refer to the same real-world product? Entity 1: 'nan Sunflower 32oz. Wide Mouth Water Bottle 44.95 USD'. Entity 2: 'nan Ubiquiti UniFi AP AC Mesh PRO 802.11ac Dual Radio Indoor/Outdoor access point - 1750Mbps 5 pack no PoE  1661.79 AUD'.,No
"Do the two product descriptions refer to the same real-world product? Entity 1: 'TP-LINK Access Point TP-LINK Wireless N 300Mbs B/G/N - 3 Antenas 29,75 EUR'. Entity 2: 'nan maintenance kit EPSON Business Inkjet B300/310/B500DN/B510DN (´odpad. nadoba´)  22.23 EUR'.",No
Do the two product descriptions refer to the same real-world product? Entity 1: 'nan 002 Traveler's Notebook Regular- Refill - Grid Notebook 6.0 USD'. Entity 2: 'Traveler's Company Traveler's Company 002. GRID REFILL MIDORI TRAVELER'S NOTEBOOK  3.50 GBP'.,Yes
Do the two product descriptions refer to the same real-world product? Entity 1: 'nan LaCie - Lacie Rugged USB-C Hard Drives - 2TB & 5TB 1.7249E2 USD'. Entity 2: 'Garmin Orologio Garmin Venu 010-02173-12 Venu  379.99 EUR'.,No
Do the two product descriptions refer to the same real-world product? Entity 1: 'Brother Brother HL-L6200DW Business Laser Printer 229.99 USD'. Entity 2: 'Brother Brother HL-L8360CDW Laser Printer  588.76 AUD'.,No
"Do the two product descriptions refer to the same real-world product? Entity 1: 'nan DVR 8 canale, Turbo HD, 6MP, PoC, Hikvision DS-7208HQHI-K2-P 687 LEI'. Entity 2: 'nan HK DVR TURBOHD 8ch DS-7208HQHI-K2/P  651.22 RON'.",Yes
Do the two product descriptions refer to the same real-world product? Entity 1: 'nan Asus ROG STRIX B550-E GAMING AM4 ATX Motherboard 409.00 AUD'. Entity 2: 'nan Samsung T7 Portable SSD [2TB] (Indigo Blue)  629 AUD'.,No
Do the two product descriptions refer to the same real-world product? Entity 1: 'nan Kingston Canvas Select (32GB) MicroSD Card Class 10 UHS-1 U1 with Adaptor nan nan'. Entity 2: 'nan Ubiquiti IR LED Range Extender  292 AED'.,No
Do the two product descriptions refer to the same real-world product? Entity 1: 'nan Bosch KGN34NWEAG Free-standing fridge-freezer 489.00 GBP'. Entity 2: 'nan 002 Traveler's Notebook Regular- Refill - Grid Notebook  6.0 USD'.,No
Do the two product descriptions refer to the same real-world product? Entity 1: 'HIKVISION 8CH HIKVISION 4MP DVR HDMI TURBO 1080P DS-7208HQHI-K1 0.00 GBP'. Entity 2: 'nan HIKVISION DS-7208HQHI-K1 2 MEGAPIXEL HYBRID 8 CHANNEL (8CH) DVR  nan nan'.,Yes
Do the two product descriptions refer to the same real-world product? Entity 1: 'nan TONER CANON CIAN CL707C 2.000 PAGINAS 73.63818 EUR'. Entity 2: 'nan Canon PFI107C Cyan Laser Toner Cartridge Remanufactured  59.95 USD'.,No
Do the two product descriptions refer to the same real-world product? Entity 1: 'nan Jabra BIZ 2300 USB MS Duo 149.00 USD'. Entity 2: 'Kingston KINGSTON 8GB 1600MHz DDR3 CL10 DIMM (Kit of 2) HyperX Fury Series  41.65 EUR'.,No
Do the two product descriptions refer to the same real-world product? Entity 1: 'nan XPG SX8200 Pro M.2 256 GB PCI Express 3.0 3D TLC NVMe 66.83 EUR'. Entity 2: 'Adata XPG SX6000 Lite internal solid state drive 1000 GB PCI Express 3.0 3D TLC NVMe M.2 SSD  129.95 EUR'.,No
Do the two product descriptions refer to the same real-world product? Entity 1: 'nan AAA Replica Audemars Piguet Royal Oak Offshore Chronograph Watch 26470OR.OO.1000OR.02 nan nan'. Entity 2: 'nan Buy Quality Replica Audemars Piguet Royal Oak Offshore Chronograph Watch 26470OR.OO.1000OR.02  nan nan'.,Yes
Do the two product descriptions refer to the same real-world product? Entity 1: 'TP-LINK USA TP-Link | AC1900 High Gain Dual Band Wifi Adapter | Wireless WiFi Network Adapter for PC (Archer T9UH) 49.99 USD'. Entity 2: 'nan TP-Link Archer T9UH Wireless AC1900 USB Adapter  99.00 AUD'.,Yes
Do the two product descriptions refer to the same real-world product? Entity 1: 'Kingston Kingston HyperX Predator 32 GB - PC4-24000 - DIMM 199.00 EUR'. Entity 2: 'Kingston HyperX Predator 16GB - PC4-26600 - DIMM  109.00 EUR'.,No
"Do the two product descriptions refer to the same real-world product? Entity 1: 'nan 4GB ValueRAM DDR3, 1600MHz, Non-ECC, Unbuffered, CL11, 1.5V, 240-pin DIMM, Singl 37.99 CAD'. Entity 2: 'nan Kingston Technology ValueRAM 4GB DDR3-1600 4GB DDR3 1600MHz memoria  26,21 € EUR'.",Yes
"Do the two product descriptions refer to the same real-world product? Entity 1: 'nan Samsung UH46F5 46\"" LED Full HD Nero display professionale 1469.464075 EUR'. Entity 2: 'Samsung Samsung LH46UHFCLBB - 116,8 cm (46\"") - LED - 1920 x 1080 Pixel - 700 cd/m² - Full HD - 8 ms  1558.76 EUR'.",Yes
Do the two product descriptions refer to the same real-world product? Entity 1: 'Logitech Diadema Logitech H390 USB Computer ... 149000.00 COP'. Entity 2: 'Logitech Logitech H570e Monaural USB Headset  nan nan'.,No
Do the two product descriptions refer to the same real-world product? Entity 1: 'Corsair CORSAIR 8Gbx1 DDR4 3000Mhz Ram CMK8GX4M1D3000C16 VENGEANCE LPX Gaming RAM 0 TRY'. Entity 2: 'Adata XPG SX6000 Lite internal solid state drive 1000 GB PCI Express 3.0 3D TLC NVMe M.2 SSD  129.95 EUR'.,No
Do the two product descriptions refer to the same real-world product? Entity 1: 'nan Laser Toner Cartridge compatible with Samsung MLT-D103L/ELS High Capacity 19.87 GBP'. Entity 2: 'Maxxis Maxxis High Roller II 27.5 x 2.5 Wide Trail 3C Maxx Terra EXO/TR Folding Mountainbike Tyre  £48.00 GBP'.,No
Do the two product descriptions refer to the same real-world product? Entity 1: 'Razer Razer Viper Mini Optical Ambidextrous RGB Gaming Mouse 37.49 GBP'. Entity 2: 'nan Elixir 12-String Light 80/20 Bronze Nanoweb Acoustic  23.99 USD'.,No
Do the two product descriptions refer to the same real-world product? Entity 1: 'nan Shimano Cassette 11s 11-46 CS-M8000 569.00 DKK'. Entity 2: 'nan XT CS-M8000 11 Speed Cassette  1.2999E2 USD'.,Yes
"Do the two product descriptions refer to the same real-world product? Entity 1: 'Zotac ZOTAC GeForce RTX 2060 SUPER AMP! 8GB 256Bit GDDR6 4344.28 TRY'. Entity 2: 'nan ZOTAC Grafikkarte Gaming GeForce RTX 2060 SUPER AMP, 8 GB (ZT-T20610D-10P)  4.349E2 EUR'.",Yes
"Do the two product descriptions refer to the same real-world product? Entity 1: 'Maxxis Maxxis High Roller II 27.5 x 2.5 Wide Trail 3C Maxx Terra EXO/TR Folding Mountainbike Tyre £48.00 GBP'. Entity 2: 'Maxxis Maxxis Maxxis High Roller II Tire: 27.5 x 2.50\"", Folding, 60tpi, 3C MaxxTerra, EXO, Tubeless Ready, Wide Trail, Black  85.00 USD'.",Yes
"Do the two product descriptions refer to the same real-world product? Entity 1: 'nan Pokemon TCG:Sword and Shield Rebel Clash Three Booster Blister- Dural 20.0 AUD'. Entity 2: 'nan Pokémon TCG: Sword & Shield-Rebel Clash 3 Booster Packs, Coin & Rayquaza Promo Card  11.99 USD'.",Yes
Do the two product descriptions refer to the same real-world product? Entity 1: 'Shimano Dura-Ace 9100 11-Speed Cassette 11-25T 199 GBP'. Entity 2: 'nan AMD Ryzen 9 3900XT AM4 CPU  9.17304E3 ZAR'.,No
Do the two product descriptions refer to the same real-world product? Entity 1: 'SHIMANO Deore XT RD-M786-SGS - Shadow - rear derailleur 644.68 SEK'. Entity 2: 'nan Mens Daniel Wellington St Mawes 40mm Watch DW00100006  169.00 GBP'.,No
Do the two product descriptions refer to the same real-world product? Entity 1: 'nan Ryze Tech Tello Battery Charging Hub 25 SGD'. Entity 2: 'nan Ryze Tello Battery Charging Charger Hub (Part 9)  13.0 GBP'.,Yes
"Do the two product descriptions refer to the same real-world product? Entity 1: 'nan High Roller II Bike Tire: 29 x 2.50\"", Folding, 120tpi, 3C MaxxTerra, Double Down, Tubeless Ready, Wide Trail 9.1E1 USD'. Entity 2: 'TP-LINK Access Point TP-LINK Wireless N 300Mbs B/G/N - 3 Antenas  29,75 EUR'.",No
Do the two product descriptions refer to the same real-world product? Entity 1: 'nan APC APCrbc110 Replacement Battery Cartridge #110 67.94 USD'. Entity 2: 'APC APC Replacement Battery Cartridges #117  381.13 USD'.,No
Do the two product descriptions refer to the same real-world product? Entity 1: 'nan TUF GAMING X570-PLUS Desktop Motherboard - AMD Chipset - Socket AM4 181.69 USD'. Entity 2: 'Asus ASUS Dual GeForce RTX 2060 6G OC EVO Edition 192Bit GDDR6  4214.70 TRY'.,No
Do the two product descriptions refer to the same real-world product? Entity 1: 'nan TP-Link EAP225-Outdoor AC1200 Wireless MU-MIMO Gigabit Indoor/Outdoor Access Point 30290 HUF'. Entity 2: 'nan TP-Link AC1200 Wireless MU-MIMO Gigabit Indoor/Outdoor Access Point (EAP225-Outdoor) AC1200 Outdoor  2771 ZAR'.,No
"Do the two product descriptions refer to the same real-world product? Entity 1: 'nan Sony FE 24mm F1.4 GM Lens + Bonus $1,899.99 nan'. Entity 2: 'nan Sony - FE 50mm F1.8 Standard Lens (SEL50F18F)  8.4065E2 SAR'.",No
Do the two product descriptions refer to the same real-world product? Entity 1: 'FANABOX™ New York Yankees New Era Navy League 9FORTY Adjustable Hat - Men - Navy Blue 44.95 CAD'. Entity 2: 'New Era NEW ERA ČIAPKA THE LEAGUE GM NY YANKEES  24.99 EUR'.,Yes
Do the two product descriptions refer to the same real-world product? Entity 1: 'nan Asus ROG STRIX B550-E GAMING AM4 ATX Motherboard 409.00 AUD'. Entity 2: 'ASUS Asus ROG Strix X570-F Gaming ATX - motherboard  nan nan'.,No
Do the two product descriptions refer to the same real-world product? Entity 1: 'nan Razer DeathAdder V2 Ergonomic Wired Gaming Mouse (RZ01-03210100-R3M1) (Warranty 2years with Ban Leong) 99.00 SGD'. Entity 2: 'Razer RAZER MAMBA ELITE ERGONOMIC WIRED GAMING MOUSE  6649.00 INR'.,No
"Do the two product descriptions refer to the same real-world product? Entity 1: 'Shimano Dura-Ace 9100 11-Speed Cassette 11-25T 199 GBP'. Entity 2: 'iiyama iiyama Prolite 27\"" XUB2792QSU-B1 WQHD IPS Monitor Tilt/Swivel/Pivot  254.48 GBP'.",No
Do the two product descriptions refer to the same real-world product? Entity 1: 'nan Corsair iCue 465X RGB White nan nan'. Entity 2: 'nan SWITCH TP-LINK 24 PORT GIGA  92.780111 EUR'.,No
Do the two product descriptions refer to the same real-world product? Entity 1: 'nan 507125-B21 HP 146-GB 6G 10K 2.5 DP SAS HDD 2436850 VND'. Entity 2: 'nan Seagate IronWolf PRO 16TB NAS Professional  3914.00 DKK'.,No
Do the two product descriptions refer to the same real-world product? Entity 1: 'nan Ext. HDD LaCie Mobile Drive 2TB USB-C 3113.00 CZK'. Entity 2: 'LaCie LaCie 4TB Rugged Thunderbolt / USB-C Mobile HDD  1059.0 AED'.,No
Do the two product descriptions refer to the same real-world product? Entity 1: 'nan Carto de memria micro SD Kingston 64Gb XC1 classe 10 Canvas Select 0.00 BRL'. Entity 2: 'nan Kingston SDCS Canvas Select Class10 microSD Memory Card - 64GB With Adapter  1990 PKR'.,Yes
Do the two product descriptions refer to the same real-world product? Entity 1: 'nan Ilford FP4 Plus 125 120 12.9 NZD'. Entity 2: 'nan Canon EF-S 18-200mm f/3.5-5.6 IS  699.99 USD'.,Yes
Do the two product descriptions refer to the same real-world product? Entity 1: 'nan DS-7208HUHI-K2-P Hikvision 8 Channel 5MP / 1080P HD-TVI Hybrid DVR with Power over Coax (PoC / Turbo4.0) nan nan'. Entity 2: 'FujiFilm Fujinon Lens XF 23mm F1.4 R  1319 AUD'.,No
Do the two product descriptions refer to the same real-world product? Entity 1: 'ASUS ASUS NVIDIA GeForce RTX 2060 6GB DUAL OC EVO Turing Graphics Card 323.99 GBP'. Entity 2: 'TP-Link TP-Link AC600 T2U Wireless USB Nano Adapter  12.95 EUR'.,No
Do the two product descriptions refer to the same real-world product? Entity 1: 'Asus ASUS Dual GeForce RTX 2060 6G OC EVO Edition 192Bit GDDR6 4214.70 TRY'. Entity 2: 'ASUS ASUS NVIDIA GeForce RTX 2060 6GB DUAL OC EVO Turing Graphics Card  323.99 GBP'.,Yes
Do the two product descriptions refer to the same real-world product? Entity 1: 'nan JABRA EVOLVE 20 UC Mono 66.76 SGD'. Entity 2: 'nan JABRA EVOLVE 20 UC Stereo  73.86 SGD'.,No
Do the two product descriptions refer to the same real-world product? Entity 1: 'nan Traveler's Notebook Starter Kit (Passport Size) - Blue 49.90 SGD'. Entity 2: 'nan SanDisk Ultra Flair 32GB USB 3.0 Pen Drive  613.6 INR'.,No
Do the two product descriptions refer to the same real-world product? Entity 1: 'nan Canon EF-S 55-250 f4-5.6 IS STM 309.00 nan'. Entity 2: 'Canon Canon EF-S 55-250mm f/4-5.6 IS STM  2.9999E2 EUR'.,Yes
Do the two product descriptions refer to the same real-world product? Entity 1: 'nan 2012 SRAM Red XG-1090 10-Speed X-Dome 11-23 Cassette 295.00 USD'. Entity 2: 'nan SRAM XG-1090 PowerDome-X 10sp Cassette  328.0 USD'.,Yes
Do the two product descriptions refer to the same real-world product? Entity 1: 'nan Toner Brother - Nero - ricarica toner tn200 41 EUR'. Entity 2: 'Epson Epson Blekk Svart T7031 L - WP4000/4500  445 NOK'.,No
Do the two product descriptions refer to the same real-world product? Entity 1: 'nan Epson Strawberry 29 (Prentar 175 síður) Claria Home blekhylki (blátt) 2055 ISK'. Entity 2: 'nan Evans 20” EMAD Clear Bass Drum Head  47.99 USD'.,No
"Do the two product descriptions refer to the same real-world product? Entity 1: 'nan RAM® 3\"" Double Ball Arm for 1.5\"" Ball 19.49 USD'. Entity 2: 'nan Omega Seamaster Planet Ocean 600m Co-Axial Master Ceramic 215.92.46.22.01.004 Black Dial Replica  nan nan'.",No
Do the two product descriptions refer to the same real-world product? Entity 1: 'nan ASUS GeForce GTX 1660 SUPER DUAL EVO OC 1989.00 DKK'. Entity 2: 'nan Asus GTX1660S 6GB Dual EVO  nan nan'.,Yes
"Do the two product descriptions refer to the same real-world product? Entity 1: 'nan Hewlett Packard Enterprise HDD 146GB 10K SAS 2,5INCH (507125-B21) 168.136033 EUR'. Entity 2: 'nan SanDisk SDHC Ultra UHS-I 256GB Class 10 90MB/S  351.00 DKK'.",No
"Do the two product descriptions refer to the same real-world product? Entity 1: 'nan 619291-B21 HP 900GB 6G SAS 10K rpm SFF (2.5-inch) Enterprise Hard Drive 264 CAD'. Entity 2: 'nan Hewlett Packard Enterprise HDD 146GB 10K SAS 2,5INCH (507125-B21)  168.136033 EUR'.",No
"Do the two product descriptions refer to the same real-world product? Entity 1: 'Maxxis Maxxis Maxxis, High Roller II, Tire, 29''x2.30, Folding, Tubeless Ready, Dual, EXO, 60TPI, Black 88.00 CAD'. Entity 2: 'Maxxis Maxxis Maxxis High Roller II Tire: 27.5 x 2.50\"", Folding, 60tpi, 3C MaxxTerra, EXO, Tubeless Ready, Wide Trail, Black  85.00 USD'.",No
Do the two product descriptions refer to the same real-world product? Entity 1: 'nan Switch D-Link - Web smart - switch - 24 porte - gestito dgs-1210-24 2.9698E2 EUR'. Entity 2: 'Epson Epson Tinte matte schwarz 700ml f. 7900/9900  258.32 EUR'.,No
Do the two product descriptions refer to the same real-world product? Entity 1: 'nan APC - Replacement battery cartridge 140 7217.50 SEK'. Entity 2: 'Corsair Corsair 110R Tempered Glass Mid-Tower ATX Case  51.97 GBP'.,No
Do the two product descriptions refer to the same real-world product? Entity 1: 'Maxxis Maxxis High Roller II 27.5 x 2.5 Wide Trail 3C Maxx Terra EXO/TR Folding Mountainbike Tyre £48.00 GBP'. Entity 2: 'nan MEMORIA DDR3 KINGSTON HYPERX FURY BLUE 4GB 1600MHZ  603.7 MXN'.,No
Do the two product descriptions refer to the same real-world product? Entity 1: 'nan Gigabyte Nvidia RTX 2060 SUPER Aorus OC 8Gb GDDR6 469 EUR'. Entity 2: 'nan ASUS Turbo -RTX2060S-8G-EVO NVIDIA GeForce RTX 2060 SUPER 8 GB GDDR6  395.44 EUR'.,No
Do the two product descriptions refer to the same real-world product? Entity 1: 'nan TISSOT SEASTAR 1000 CHRONOGRAPH T120.417.17.041.00 (T120.417.17.041.00) 445.50 EUR'. Entity 2: 'nan Tissot Seastar 1000 Men's Black Rubber Strap Watch  430 GBP'.,Yes
Do the two product descriptions refer to the same real-world product? Entity 1: 'Logitech Diadema Logitech H390 USB Computer ... 149000.00 COP'. Entity 2: 'nan Cisco Catalyst 2960-Plus 48TC-L - switch - 48 ports - managed - rack-mounta  2379.99 CAD'.,No
Do the two product descriptions refer to the same real-world product? Entity 1: 'Corsair Corsair Value Select 8GB PC4-17000 - 8 GB - 1 x 8 GB - DDR4 - 2133 MHz - 288-pin DIMM 37.71 EUR'. Entity 2: 'nan HyperX FURY - DDR3 - 8 GB: 2 x 4 GB - DIMM 240-pin - unbuffered  115.99 CAD'.,No
Do the two product descriptions refer to the same real-world product? Entity 1: 'nan Kingston Canvas Select (32GB) MicroSD Card Class 10 UHS-1 U1 with Adaptor nan nan'. Entity 2: 'nan Kingston Canvas Select Plus 128GB microSD - With Adaptor  17.19 GBP'.,No
Do the two product descriptions refer to the same real-world product? Entity 1: 'nan Ubiquiti UVC-G3-FLEX-3 UniFi Protect G3 FLEX Camera 3-Pack $‎234.95 USD'. Entity 2: 'nan Ubiquiti UniFi Protect G4-PRO Camera  405.45 GBP'.,No
Do the two product descriptions refer to the same real-world product? Entity 1: 'nan Zebra Black Ribbon True Colours Brand i-series 800015-301 16.95 USD'. Entity 2: 'nan Zebra 800015-301 (Eltron) Black (K) Resin Ribbon - 1500 Prints  16.00 USD'.,Yes
Do the two product descriptions refer to the same real-world product? Entity 1: 'nan Disco SSD Crucial BX500 120GB 3D TLC SATA III 28.66 EUR'. Entity 2: 'nan EPSON Magenta ink cartridge Discproducer  77.58 BGN'.,No
"Do the two product descriptions refer to the same real-world product? Entity 1: 'nan Samsung UH46F5 46\"" LED Full HD Nero display professionale 1469.464075 EUR'. Entity 2: 'nan Evans 20” EMAD Clear Bass Drum Head  47.99 USD'.",No
"Do the two product descriptions refer to the same real-world product? Entity 1: 'RAM Mounts RAM Torque 28mm-38mm Handlebar & Rail Base 1.5\"" Ball 41.95 AUD'. Entity 2: 'nan RAM Handlebar Rail Mount 1.125 - 1.5\"" C (RAM-408-112-15U)  39.25 AUD'.",Yes
"Do the two product descriptions refer to the same real-world product? Entity 1: 'nan Ubiquiti UniFi AP, AC, In Wall, 5-Pack 3768 HKD'. Entity 2: 'nan Ubiquiti Unifi AC In-Wall AP Wireless Access Point 5 Pack UAP-AC-IW-5 (No PoE Injector)  444.00 GBP'.",Yes
Do the two product descriptions refer to the same real-world product? Entity 1: 'Tissot Tissot Mens T-Sport Seastar 1000 Chronograph Black Dial Stainless Steel Bracelet Watch T120.417.11.051.00 450.00 GBP'. Entity 2: 'nan TISSOT SEASTAR 1000 CHRONOGRAPH T120.417.17.041.00 (T120.417.17.041.00)  445.50 EUR'.,No
Do the two product descriptions refer to the same real-world product? Entity 1: 'nan ASUS GeForce GTX 1660 SUPER DUAL EVO OC 1989.00 DKK'. Entity 2: 'nan Asus GeForce GTX 1660 Super Phoenix OC 6GB GDDR6 DVI/HDMI/DP PCi Ex 3.0 x16  311.00 EUR'.,No
"Do the two product descriptions refer to the same real-world product? Entity 1: 'Epson Epson Tinte T6037 Light Black, 220 ml 97.10 EUR'. Entity 2: 'nan Atomos ATOM-CAB010 Full To Full Hdmi Coiled Cable  32.99 CAD'.",No
Do the two product descriptions refer to the same real-world product? Entity 1: 'Brother Brother HL-L6300DW Business Laser Printer for Mid-Size Workgroups -HL-L6300DW 479.98 USD'. Entity 2: 'nan D-LINK DGS-1210-24P 24-port Gig PoE Switch 4x Combo  1392.31 PLN'.,No
Do the two product descriptions refer to the same real-world product? Entity 1: 'nan SanDisk CFast 2.0 64GB Extreme Pro Memory Card | Read 525 MB/s | Write 430MB/s | 4K Video 179.00 GBP'. Entity 2: 'Epson Epson Cartouche d'encre C13T865140 (T8651)  136.24 EUR'.,No
"Do the two product descriptions refer to the same real-world product? Entity 1: 'LaCie LaCie 4TB Rugged Thunderbolt / USB-C Mobile HDD 1059.0 AED'. Entity 2: 'nan Seagate Lacie 2TB 2.5 Rugged Portable Thunderbolt Type C  R4 199,98 incl tax ZAR'.",No
Do the two product descriptions refer to the same real-world product? Entity 1: 'nan APC - Replacement battery cartridge 140 7217.50 SEK'. Entity 2: 'nan TRAVELERS REFILL KRAFT PAPER NOTEBOOK 14365006-014  4.87603 EUR'.,No
"Do the two product descriptions refer to the same real-world product? Entity 1: 'nan Evans EMAD2 Clear Bass Drum Head, 22 Inch 4.699E1 USD'. Entity 2: 'nan Sony Alpha SEL50F18F FE 50mm f/1.8  nan nan'.",No
Do the two product descriptions refer to the same real-world product? Entity 1: 'nan Audio Technica Headphones Air Dynamic Series ATH-AD500X 529 MYR'. Entity 2: 'Audio-Technica Casti Hi-Fi Audio-Technica ATH-AD500X  599 RON'.,Yes
Do the two product descriptions refer to the same real-world product? Entity 1: 'Shimano Shimano Shimano Cs-R9100 Cassette 11-25 Dura-Ace 11-Speed 339.99 AUD'. Entity 2: 'Shimano Dura-Ace 9100 11-Speed Cassette 11-25T  199 GBP'.,Yes
Do the two product descriptions refer to the same real-world product? Entity 1: 'nan Canon Ink Jet Cartridge PGI-72 PBK/GY/PM/PC/CO Multipack 40433 55.99 nan'. Entity 2: 'Canon Canon Multipack PGI-72multi1 (6403B007)  61.70 EUR'.,Yes
"Do the two product descriptions refer to the same real-world product? Entity 1: 'Swiss Military Hanowa Swiss Military Hanowa06-4226.30.003.03 Immersion Uhr 244.95 EUR'. Entity 2: 'Maxxis Maxxis Minion DHR II 29\"" DD/3C/TR  £69.99 GBP'.",No
"Do the two product descriptions refer to the same real-world product? Entity 1: 'Maxxis Maxxis Maxxis High Roller II Tire: 27.5 x 2.50\"", Folding, 60tpi, 3C MaxxTerra, EXO, Tubeless Ready, Wide Trail, Black 85.00 USD'. Entity 2: 'nan Corsair Vengeance LPX 32GB (2x16GB) DDR4 2666MHz(CMK32GX4M2A2666C16)  35470 HUF'.",No
Do the two product descriptions refer to the same real-world product? Entity 1: 'nan SANDISK EXTREME PRO SDXC 256GB 170MB/S C10 U3 3.1999E2 NZD'. Entity 2: 'nan ASUS GeForce RTX 2080 SUPER 8GB DUAL OC EVO  9596.00 SEK'.,No
Do the two product descriptions refer to the same real-world product? Entity 1: 'nan 0000006490| Canon EF-S 18-135mm f3.5-5.6 IS NANO USM Lens 649.00 AUD'. Entity 2: 'Canon Canon EF-S 18-135/3.5-5.6 IS USM  5818 SEK'.,Yes
Do the two product descriptions refer to the same real-world product? Entity 1: 'Crucial Crucial Crucial Memory 4GB DDR3L 1600 1.35V SODIMM Retail CT51264BF160BJ 64.99 CAD'. Entity 2: 'nan Crucial CT51264BD160BJ 4GB DDR3L-1600 UDIMM Memory Module  35.96 USD'.,No
Do the two product descriptions refer to the same real-world product? Entity 1: 'Kingston Kingston HyperX Fury 4GB DDR3 1600MHz CL10 Ram 248.51 TRY'. Entity 2: 'Kingston Kingston HyperX Fury 16GB DDR4 3200MHz CL16 Ram  655.92 TRY'.,No
Do the two product descriptions refer to the same real-world product? Entity 1: 'HP HP 900GB 6G SAS 10K 900 SAS 16 MB Cache 2.5-Inch Internal Bare or OEM Drives 619291-B21 170.00 USD'. Entity 2: 'nan 619291-B21 HP 900GB 6G SAS 10K rpm SFF (2.5-inch) Enterprise Hard Drive  264 CAD'.,Yes
Do the two product descriptions refer to the same real-world product? Entity 1: 'nan MVH500AH FLUID VIDEO HEAD W/FLAT BASE 3.590001E2 NZD'. Entity 2: 'nan 502HD PRO VIDEO HEAD WITH FLAT BASE  5.189995999999999E2 NZD'.,No
Do the two product descriptions refer to the same real-world product? Entity 1: 'SanDisk SanDisk Extreme microSDHC 32GB 100/60 MB/s A1 V30 GoPro 0 nan'. Entity 2: 'AMD Processador Amd Am4 Ryzen R5-2400g 3.9ghz 6mb  0.0 BRL'.,No
"Do the two product descriptions refer to the same real-world product? Entity 1: 'nan BROTHER HL-L6200DW WIRELESSMONO LASER PRINTER WITH2-Sided PRINTING(46 PPM, 520 Sheets Paper... 511.00 AUD'. Entity 2: 'Brother Brother HL-L5200DW Laser Printer  313.9 AUD'.",No
"Do the two product descriptions refer to the same real-world product? Entity 1: 'nan DYMO 4500 TAPE BLACK/RED 45017 11.49 GBP'. Entity 2: 'nan Apple AirPods Pro, Kopfhrer - EU  nan nan'.",No
"Do the two product descriptions refer to the same real-world product? Entity 1: 'Jabra Jabra BIZ 2400 Mark II - 3-in-1 Mono Headset 204.18 USD'. Entity 2: 'CLARKS CLARKS Sram, PG-730, 7sp cassette, 12-32T  19.99 USD'.",No
Do the two product descriptions refer to the same real-world product? Entity 1: 'UBIQUITI Ubiquiti UVC-G3-BULLET (Formerly UVC-G3-AF) UniFi Video Camera G3 1080p PoE IP Camera 118.20 GBP'. Entity 2: 'nan Ubiquiti UniFi Video Camera G3 1080P 802.3af IP UVC-G3-BULLET-3 3 Pack (No PoE Injectors)  406.80 GBP'.,No
"Do the two product descriptions refer to the same real-world product? Entity 1: 'GIGABYTE Placa video Gigabyte Radeon RX 5500 XT OC 8GB GDDR6, 128-bit 1143.99 RON'. Entity 2: 'nan Sony SEL20F18G.SYX - Sony E-Mount FE 20mm F1.8 G  1048.28 CHF'.",No
Do the two product descriptions refer to the same real-world product? Entity 1: 'nan APPLE - AIRPODS WITH WIRELESS CHARGING CASE IN 3940.00 SEK'. Entity 2: 'nan SANDISK EXTREME SDXC 128GB 150MB/S C10 U3  1.0999E2 NZD'.,No
Do the two product descriptions refer to the same real-world product? Entity 1: 'nan Maxxis Tire Assegai 3C MAXXTERRA/EXO+/TR Foldable 27.5x2.50WT nan nan'. Entity 2: 'Maxxis Maxxis High Roller II MaxxTerra Tire (WT) (3C/EXO/TR) (27.5 x 2.40) (Folding)  71.00 USD'.,No
Do the two product descriptions refer to the same real-world product? Entity 1: 'Sigma Sigma Sigma 35mm F1.4 ART DG HSM - Nikon AF mount 899.99 USD'. Entity 2: 'Sigma Sigma 50mm F1.4 Art DG HSM Nikon Mount Lens  1249 AUD'.,No
Do the two product descriptions refer to the same real-world product? Entity 1: 'nan Sony FE 24mm f/1.4 GM 1398.00 USD'. Entity 2: 'Jabra Jabra BIZ2300 2399-823-109 DUO USB Headset MS  160.0 USD'.,No
"Do the two product descriptions refer to the same real-world product? Entity 1: 'Crucial Crucial MX500 M.2 2280 500GB Internal SSD 560MB/s CT500MX500SSD4 | PCByte 85.0 AUD'. Entity 2: 'nan Crucial 2TB MX500 2.5"" 7mm SATA 6Gb/s SSD  206.46 GBP'.",No
Do the two product descriptions refer to the same real-world product? Entity 1: 'nan Manfrotto MVK500AM Fluid Video Head With Lightweight Telescopic Legs 369.00 GBP'. Entity 2: 'Sandisk USB STICK SANDISK CRUZER GLIDE 32GB  16.08 EUR'.,No
Do the two product descriptions refer to the same real-world product? Entity 1: 'nan 4GB DDR3-1866MHz Kingston HyperX Fury Black 564.00 CZK'. Entity 2: 'Dymo Dymo 53713 Black On White - 24mm  15.14 GBP'.,No
Do the two product descriptions refer to the same real-world product? Entity 1: 'SanDisk SanDisk Extreme Pro SD Card 32GB 300MB/s UHS-II 56.45 EUR'. Entity 2: 'SanDisk SanDisk Ultra SDXC Memory Card 100MBs Class 10 UHS-I 256GB  52.59 GBP'.,No
Do the two product descriptions refer to the same real-world product? Entity 1: 'Samsung Samsung 970 Evo 500GB NVME M.2 High Speed Solid State Drive with V-Nand 10399.00 INR'. Entity 2: 'nan D'Addario EJ16 Phosphor Bronze Light Acoustic Guitar Strings  6.99 USD'.,No
Do the two product descriptions refer to the same real-world product? Entity 1: 'nan Nikon AF-S NIKKOR 24-85mm f/3.5-4.5 G ED VR Lens 679.99 CAD'. Entity 2: 'Sony Sony E 30mm f/3.5 Macro Lens  6395.00 ZAR'.,No
Do the two product descriptions refer to the same real-world product? Entity 1: 'Sigma Sigma 105mm F1.4 Art DG HSM EOS Mount Lens 2595 AUD'. Entity 2: 'Sigma Sigma 50mm F1.4 Art DG HSM Nikon Mount Lens  1249 AUD'.,No
Do the two product descriptions refer to the same real-world product? Entity 1: 'nan Blaze 40-Inch 5-Burner LTE Built-In Liquid Propane Gas Grill With Rear Infrared Burner & Grill Lights 2.19999E3 USD'. Entity 2: 'nan BLAZE PROFESSIONAL 27-INCH 2 BURNER BUILT-IN GAS GRILL WITH REAR INFRARED BURNER  4.599E3 CAD'.,No
Do the two product descriptions refer to the same real-world product? Entity 1: 'nan WD HDD 4TB My Passport Black 338.40 BAM'. Entity 2: 'WD WD My Passport - 1 TB  54.98 EUR'.,No
Do the two product descriptions refer to the same real-world product? Entity 1: 'nan Sigma 35mm f/1.4 DG HSM Art 719.95 USD'. Entity 2: 'nan LaCie 4TB USB Type-C Mobile Drive (Moon Silver)  134.99 USD'.,No
Do the two product descriptions refer to the same real-world product? Entity 1: 'Shimano Shimano Shimano Cs-R9100 Cassette 11-25 Dura-Ace 11-Speed 339.99 AUD'. Entity 2: 'nan Shimano Dura-Ace CS-R9100 Cassette 11-speed  22265 JPY'.,No
"Do the two product descriptions refer to the same real-world product? Entity 1: 'nan CORSAIR CRYSTAL 570X RGB Mid-Tower Case, 3 RGB Fans, Tempered Glass - White| CC-9011110-WW 775 AED'. Entity 2: 'nan Obudowa Corsair Crystal 680X RGB High Airflow TG White (CC-9011169-WW)  1299.00 PLN'.",No
"Do the two product descriptions refer to the same real-world product? Entity 1: 'AMD YD260XBCAFBOX - AMD AM4 Ryzen 5 2600X, 6x 3.60GHz, boxed 1.3305E2 CHF'. Entity 2: 'nan Apple AirPods Pro, Kopfhrer - EU  nan nan'.",No
"Do the two product descriptions refer to the same real-world product? Entity 1: 'nan Corsair Crystal 460X RGB ATX Mid Tower Case - Black 929.00 QAR'. Entity 2: 'nan Nobreak APC Smart-UPS SURT 20kVA/16kW, 230V  0 BRL'.",No
"Do the two product descriptions refer to the same real-world product? Entity 1: 'nan TRAVELERS REFILL KRAFT PAPER NOTEBOOK 14365006-014 4.87603 EUR'. Entity 2: 'Elite Home Store 43\"" 2020 Q60T 4K Smart QLED TV  0.0 CAD'.",No
"Do the two product descriptions refer to the same real-world product? Entity 1: 'nan Western Digital Blue PC SSD 2.5\"" 7mm 250GB 470 MYR'. Entity 2: 'Western Digital Western Digital Western Digital 2TB Blue  79.00 EUR'.",No
Do the two product descriptions refer to the same real-world product? Entity 1: 'TP-Link TP-Link EAP110 Auranet Access Point 300Mps 28.29 EUR'. Entity 2: 'Cooler Master Cooler Master MasterBox Lite 5 Mid Tower Case  89 AUD'.,No
"Do the two product descriptions refer to the same real-world product? Entity 1: 'nan Swiss Military Hanowa FLAGSHIP 06-5161.2.04.007 Herrenuhr 378,00 лв BGN'. Entity 2: 'nan Epson - Ink Cartridge Black 10K  3905.00 CZK'.",No
Do the two product descriptions refer to the same real-world product? Entity 1: 'nan Shimano BR-M9000 J04C Metal Finned Disc Pad 41.99 NZD'. Entity 2: 'nan Shimano Metal Disk Fren Balatası Ice-Tech J04C  221.00 TRY'.,Yes
Do the two product descriptions refer to the same real-world product? Entity 1: 'TP-LINK USA TP-Link | AC1900 High Gain Dual Band Wifi Adapter | Wireless WiFi Network Adapter for PC (Archer T9UH) 49.99 USD'. Entity 2: 'nan TP Link AC1350 Wireless Dual Band Cable Router - White | ARCHER C60  54.99 EUR'.,No
Do the two product descriptions refer to the same real-world product? Entity 1: 'Omega Omega Horloge Seamaster 46mm Planet Ocean 600M Co-Axial Master ChronometerChronograph 215.32.46.51.01.001 7600.00 EUR'. Entity 2: 'nan Fujifilm XF 56mm f/1.2 R  879.00 EUR'.,No
Do the two product descriptions refer to the same real-world product? Entity 1: 'nan TRAVELER'S Notebook Blue // Passport 1.45E2 MYR'. Entity 2: 'nan HyperX 16GB (1x16GB) 3200MHz CL16 Fury  345 PLN'.,No
"Do the two product descriptions refer to the same real-world product? Entity 1: 'nan SHIMANO XT CN-HG95 HG-X chain 20.62 EUR'. Entity 2: 'nan Hard Disk Drive WD My Passport WDBYNN0010BRD, 1TB, USB 3.0, rosu  nan nan'.",No
"Do the two product descriptions refer to the same real-world product? Entity 1: 'Maxxis Maxxis Maxxis, Minion DHR2, Tire, 29''x2.40, Folding, Tubeless Ready, 3C Maxx Grip, 2-ply, Wide Trail, 60TPI, Black 90.00 USD'. Entity 2: 'nan Sigma 35mm f/1.4 DG HSM Art  719.95 USD'.",No
"Do the two product descriptions refer to the same real-world product? Entity 1: 'Western Digital Western Digital My PassPort, 4TB, BLACK3 Years - WDBYFT0040BBK-WESN 437.00 AED'. Entity 2: 'TP-LINK USA TP-Link | AC1900 High Gain Dual Band Wifi Adapter | Wireless WiFi Network Adapter for PC (Archer T9UH)  49.99 USD'.",No
Do the two product descriptions refer to the same real-world product? Entity 1: 'Shimano Shimano - CLEATS SH-10 FIXED RED 35.00 AUD'. Entity 2: 'Seiko Seiko Mens Presage Automatic Blue Date Dial Stainless Steel Bracelet Watch SRPD41J1  428.00 GBP'.,No
Do the two product descriptions refer to the same real-world product? Entity 1: 'nan HPE 300GB SERVER SMART MEMORY 6G 15K SAS 2.5 652611-B21 90000.00 NGN'. Entity 2: 'D'addario D'addario XTAPB1356XT Acoustic strings set Phosphor Bronze Medium 13-56  16.25 EUR'.,No
Do the two product descriptions refer to the same real-world product? Entity 1: 'nan Fujifilm INSTAX Mini Monochrome Instant Film (10 Exposures) 9.95 USD'. Entity 2: 'nan Fujifilm Instax mini Rainbow film 10 pack  149.95 ZAR'.,No
Do the two product descriptions refer to the same real-world product? Entity 1: 'nan Tissot T-Sport Seastar 1000 Chronograph Watch T1204171105100 nan nan'. Entity 2: 'nan Tissot T-Sport Seastar 1000 Powermatic 80 Watch T1204071704100  nan nan'.,No
"Do the two product descriptions refer to the same real-world product? Entity 1: 'Ubiquiti Ubiquiti UniFi CloudKey Gen2 Plus 245.00 EUR'. Entity 2: 'nan UCK-G2-PlusUbiquiti Unifi Cloud Key, G2, with HDD  1.15 GHS'.",Yes
Do the two product descriptions refer to the same real-world product? Entity 1: 'nan XT CS-M8000 11 Speed Cassette 1.2999E2 USD'. Entity 2: 'nan Kingston ValueRAM 4GB No Heatsink (1 x 4GB) DDR4 2400MHz SODIMM System Memory  892.00 MUR'.,No
"Do the two product descriptions refer to the same real-world product? Entity 1: 'nan CORSAIR Crystal Series 570X RGB Tempered Glass,Premium ATX Mid-Tower Case, WHITE 282.99 CAD'. Entity 2: 'nan RAP-B-224-1U RAM Mounts 3.3\"" Diameter Suction Cup Base with 1\"" Composite Ball  16.49 USD'.",No
Do the two product descriptions refer to the same real-world product? Entity 1: 'nan Brother HL-L8360CDW Colour Wireless Laser Printer 609.00 AUD'. Entity 2: 'Brother Brother HL-L8360CDW Laser Printer  588.76 AUD'.,Yes
"Do the two product descriptions refer to the same real-world product? Entity 1: 'nan Corsair ML140 PRO LED Rød, 140mm Vifte 299.00 NOK'. Entity 2: 'nan Corsair ML140 Pro LED Blue 140mm Magnetic Levitation Fan | Discount Computer Needs  75.00 AUD'.",No
Do the two product descriptions refer to the same real-world product? Entity 1: 'Shimano Shimano XT M786 Direct Mount Shadow Plus SGS Long-Cage Rear Derailleur 10 Speed 84.99 USD'. Entity 2: 'nan Omega Seamaster DIVER 300MOMEGA CO-AXIAL MASTER CHRONOMETER 42 MM  219000 MXN'.,No
Do the two product descriptions refer to the same real-world product? Entity 1: 'Kingston Kingston 4GB DDR3 1600MHz HyperX Fury Black Series 8675.37 HUF'. Entity 2: 'nan APC UPS 1KVA Tower UPS SMT1000I  411 GBP'.,No
"Do the two product descriptions refer to the same real-world product? Entity 1: 'Maxxis Maxxis High Roller II 29er Dual Compound Folding Tubeless Ready Mountain Bike £54.99 GBP'. Entity 2: 'Maxxis Maxxis Maxxis, High Roller II, Tire, 27.5''x2.30, Folding, Tubeless Ready, Dual, EXO, 60TPI, Black  88.00 CAD'.",No
Do the two product descriptions refer to the same real-world product? Entity 1: 'Gigabyte Gigabyte AMD Radeon RX 5500 XT OC 8GB GDDR6 RDNA PCIe 4.0 Graphics Card 186.048 GBP'. Entity 2: 'nan Daniel Wellington Classic Black Cornwall  125 EUR'.,No
"Do the two product descriptions refer to the same real-world product? Entity 1: 'Evans Evans - Clear EMAD Bass Batter, 20\"" 69.00 CAD'. Entity 2: 'nan Evans EMAD2 Clear Bass Batter  4.699E1 USD'.",No
Do the two product descriptions refer to the same real-world product? Entity 1: 'nan Intel Core i7-10700KF Prosessor 4399.00 NOK'. Entity 2: 'nan Intel Core i3-7100 Dual-Core 3.9GHz LGA1151 (BX80677I37100)  31660 HUF'.,No
Do the two product descriptions refer to the same real-world product? Entity 1: 'nan APC Smart-UPS SRT 3000VA RM 230V SRT3000RMXLI 2524.55 GBP'. Entity 2: 'nan Asus PRIME B450-PLUS(PRIME B450-PLUS)  32585 HUF'.,No
Do the two product descriptions refer to the same real-world product? Entity 1: 'Shimano Shimano Shimano Cs-R8000 Cassette 11-28t Ultegra 11-Speed 117.99 AUD'. Entity 2: 'Shimano Shimano Shimano Cs-R9100 Cassette 11-25 Dura-Ace 11-Speed  339.99 AUD'.,No
Do the two product descriptions refer to the same real-world product? Entity 1: 'Fujifilm Fujifilm FUJINON XF-56mm f1.2 879.00 GBP'. Entity 2: 'Fuji Fuji Fuji Instax Square Film 1-Pack  16.99 USD'.,No
Do the two product descriptions refer to the same real-world product? Entity 1: 'nan Western Digital WD10JFCX RED 1000 GB SATA3 1TB 74.05 EUR'. Entity 2: 'nan Audio Technica ATH-PRO7X DJ headphones  nan nan'.,No
"Do the two product descriptions refer to the same real-world product? Entity 1: 'nan Shimano 11 SPD Chain RD/MTB Sil-Tec With Quick Link 94.99 NZD'. Entity 2: 'nan BenQ GW2480 23.8 inch LED IPS Monitor - Full HD, 5ms, Speakers  1.595E2 GBP'.",No
"Do the two product descriptions refer to the same real-world product? Entity 1: 'nan Speed Dome IP, 2 MP, IR 150m, Hikvision DS-2DE5225IW-AE 1736 LEI'. Entity 2: 'nan Corsair Vengeance LPX 16GB DDR4 2400MHz(CMK16GX4M1A2400C14)  23375 HUF'.",No
Do the two product descriptions refer to the same real-world product? Entity 1: 'sandisk 64GB SanDisk Extreme micro SD XC Memory Card V-Class 30 U3 4K Video A1 100MB/s 9.50 GBP'. Entity 2: 'nan SanDisk CFast 2.0 64GB Extreme Pro Memory Card | Read 525 MB/s | Write 430MB/s | 4K Video  179.00 GBP'.,No
Do the two product descriptions refer to the same real-world product? Entity 1: 'nan Garmin VENU Smartwatch Black 010-02173-12 Leather Strap 329.99 GBP'. Entity 2: 'Crucial Crucial 8GB DDR3 1600MHz CT102464BF160B Notebook Ram  414.14 TRY'.,No
Do the two product descriptions refer to the same real-world product? Entity 1: 'Shimano Shimano M05 Disc Brake Pads (Deore) (Resin) 12.99 USD'. Entity 2: 'Epson Genuine Epson C13T616400 Yellow Ink Cartridge (T6164YOEM)  50.99 GBP'.,No
Do the two product descriptions refer to the same real-world product? Entity 1: 'nan Canon PFI 107C Ink Cartridge Cyan 0.00 AUD'. Entity 2: 'nan 0884B001 | Canon PFI-101 | Original Canon Ink Cartridge - Cyan  nan nan'.,No
"Do the two product descriptions refer to the same real-world product? Entity 1: 'nan Omega Seamaster Planet Ocean 600m Co-Axial Master Chronometer GMT 45.5mm (215.92.46.22.01.004) ETNZ Deep Black 1.12E4 USD'. Entity 2: 'nan High Roller II Bike Tire: 29 x 2.50\"", Folding, 120tpi, 3C MaxxTerra, Double Down, Tubeless Ready, Wide Trail  9.1E1 USD'.",No
Do the two product descriptions refer to the same real-world product? Entity 1: 'nan DVR Hikvision TurboHD 4 canale DS-7204HQHI-K1 263.27 RON'. Entity 2: 'nan DS-7204HQHI-K1 Turbo HD DVR  102.5233 EUR'.,Yes
Do the two product descriptions refer to the same real-world product? Entity 1: 'Jabra Jabra BIZ2300 2399-823-109 DUO USB Headset MS 160.0 USD'. Entity 2: 'nan Jabra BIZ 2300 USB MS Duo  149.00 USD'.,Yes
"Do the two product descriptions refer to the same real-world product? Entity 1: 'nan HyperX 8GB (2x4GB) 1600MHz CL10 Fury Blue 289 PLN'. Entity 2: 'nan CORSAIR Crystal Series 570X RGB Tempered Glass,Premium ATX Mid-Tower Case, WHITE  282.99 CAD'.",No
"Do the two product descriptions refer to the same real-world product? Entity 1: 'nan 3M - Framed Privacy Filter for 19 Widescreen Monitor (16:10) 164.92 EUR'. Entity 2: 'nan 3M - Privacy Filter 23.0\""\"" Framed  2400.00 DKK'.",No
Do the two product descriptions refer to the same real-world product? Entity 1: 'SanDisk SanDisk Extreme Pro SD Card 32GB 300MB/s UHS-II 56.45 EUR'. Entity 2: 'SanDisk SanDisk 32GB Extreme Pro SDSDXPK-032G-GN4IN SDHC Memory Card C10  54.85 USD'.,Yes
"Do the two product descriptions refer to the same real-world product? Entity 1: 'BLAZE Outdoor Products Blaze 2 Burner Professional Built-In Propane Gas Outdoor Grill, BLZ-2PRO-LP 2499.99 USD'. Entity 2: 'nan Ubiquiti UVC-G3-FLEX-3 UniFi Protect G3 FLEX Camera 3-Pack  $‎234.95 USD'.",No
Do the two product descriptions refer to the same real-world product? Entity 1: 'nan Kappe New Era NFL New Orleans Saints 9Fifty Cap 3.99E1 EUR'. Entity 2: 'nan Kappe New Era NY Yankees MLB 9Fifty Cap  3.19E1 EUR'.,No
"Do the two product descriptions refer to the same real-world product? Entity 1: 'nan 3M - PF27.0W9 PRIVACY FILTER BLACK FOR 27,0IN / 68,6 CM / 16:9IN ACCS 1663.75 DKK'. Entity 2: 'nan 3M - Sekretessfilter 27\"" Widescreen 16:9  1237.50 DKK'.",Yes
Do the two product descriptions refer to the same real-world product? Entity 1: 'nan TP-Link EAP225-Outdoor AC1200 Wireless MU-MIMO Gigabit Indoor/Outdoor Access Point 30290 HUF'. Entity 2: 'TP-Link TP-Link EAP225 Outdoor Access Point  949 SEK'.,Yes
Do the two product descriptions refer to the same real-world product? Entity 1: 'nan FUJIFILM XF 8-16mm f/2.8 R LM WR Lens 1999.95 USD'. Entity 2: 'nan HIKVISION DS-7208HUHI-K1 5 MEGAPIXEL (5MP) HYBRID 8 CHANNEL DVR  nan nan'.,No
Do the two product descriptions refer to the same real-world product? Entity 1: 'Cooler Master Cooler Master MasterCase H500 ARGB Mesh Mid Tower ATX Case TG MCM-H500-IGNN-S01 | PCByte 169.0 AUD'. Entity 2: 'Cooler Master Cooler Master MasterCase H500 Mid Tower PC Case  99.98 GBP'.,Yes
Do the two product descriptions refer to the same real-world product? Entity 1: 'Crucial Memoire DDR3 Crucial 4GB DDR3 1600 MT/S (PC3-12800) 26.99 EUR'. Entity 2: 'Cooler Master Cooler Master MasterCase H500 Mid Tower PC Case  99.98 GBP'.,No
Do the two product descriptions refer to the same real-world product? Entity 1: 'TP-Link TP-Link EAP110 Auranet Access Point 300Mps 28.29 EUR'. Entity 2: 'nan APC Smart UPS RM 3000VA  2835.03 EUR'.,No
Do the two product descriptions refer to the same real-world product? Entity 1: 'Corsair Corsair ML140 PRO RGB LED 140MM PWM Premium Magnetic Levitation Fan - Single Pack 32.98 GBP'. Entity 2: 'Corsair Corsair ML140 Magnetic Levitation 140mm Case Fan - Twin Pack  44.99 USD'.,No
Do the two product descriptions refer to the same real-world product? Entity 1: 'nan APPLE - AIRPODS WITH WIRELESS CHARGING CASE IN 3940.00 SEK'. Entity 2: 'nan WS-C2960-24TT-L Cisco Catalyst WS-C2960-24TT-L Switch  nan nan'.,No
"Do the two product descriptions refer to the same real-world product? Entity 1: 'Jabra Jabra Evolve 80 UC stereo SKype for Business € 230,35 EUR'. Entity 2: 'Epson Epson Tinte T6164 Yellow, 53 ml  61.40 EUR'.",No
Do the two product descriptions refer to the same real-world product? Entity 1: 'Western Digital Western Digital Blue SSD 250GB SATA M.2 2280 WDS250G2B0B 220.50 PLN'. Entity 2: 'Asus Asus MBTUF B450M-Plus Gaming / AM4 / B450 / m.2 / mATX  111.95 EUR'.,No
Do the two product descriptions refer to the same real-world product? Entity 1: 'nan TAG Heuer Formula 1 43mm Mens Watch WAZ2011.BA0842 1550.0 GBP'. Entity 2: 'nan Kingston 32GB DDR4 3000MHz Kit(2x16GB) HyperX Predator Intel XMP  75490 HUF'.,No
"Do the two product descriptions refer to the same real-world product? Entity 1: 'Jabra Jabra Evolve 80 UC stereo SKype for Business € 230,35 EUR'. Entity 2: 'nan JABRA EVOLVE 20 UC Stereo  73.86 SGD'.",No
"Do the two product descriptions refer to the same real-world product? Entity 1: 'nan Corsair Carbide 175R RGB Black Mid Tower ATX Case, Tempered Glass Side Window, No PSU, 2x USB 3.0, HD Audio, 1x 120mm Fan included 105.00 AUD'. Entity 2: 'nan Speed Dome IP, 2 MP, IR 150m, Hikvision DS-2DE5225IW-AE  1736 LEI'.",No
Do the two product descriptions refer to the same real-world product? Entity 1: 'Shimano Shimano Shimano Cn-Hg901 11-Spd Chain Xtr / Dura Ace W/ Quick Link 69.99 AUD'. Entity 2: 'nan Shimano Ultegra Chain HG701 - 116L - with split  2495 EUR'.,No
Do the two product descriptions refer to the same real-world product? Entity 1: 'SHIMANO SPD-SL-CLEAT-SET-SM-SH11-(YELLOW)-[6DEGREE] 12.0 OMR'. Entity 2: 'nan WD Wds100t2b0a 1tb Blue 3d Nand SSD  129.98 USD'.,No
Do the two product descriptions refer to the same real-world product? Entity 1: 'nan ASUS Radeon RX 5700 XT TUF OC 8GB GDDR6 1899 PLN'. Entity 2: 'nan Asus Radeon Dual Evo RX5500 XT 8gb Gddr6 Version OC  6456.56 MXN'.,No
Do the two product descriptions refer to the same real-world product? Entity 1: 'nan Pokémon TCG Sword & Shield Darkness Ablaze 5.50 EUR'. Entity 2: 'nan Fujifilm XF 56mm f/1.2 R  879.00 EUR'.,No
Do the two product descriptions refer to the same real-world product? Entity 1: 'nan JABRA Evolve 40 UC USB - Mono 1267.00 ZAR'. Entity 2: 'nan JABRA EVOLVE 20 UC Mono  66.76 SGD'.,No
Do the two product descriptions refer to the same real-world product? Entity 1: 'Tissot Tissot Mens T-Sport Seastar 1000 Chronograph Black Dial Stainless Steel Bracelet Watch T120.417.11.051.00 450.00 GBP'. Entity 2: 'nan TISSOT HERITAGE VISODATE QUARTZ T118.410.11.057.00 (T118.410.11.057.00)  292.50 EUR'.,No
Do the two product descriptions refer to the same real-world product? Entity 1: 'nan Toner Brother - Nero - ricarica toner tn200 41 EUR'. Entity 2: 'Brother Toner Brother original amarillo TN135Y  nan nan'.,No
Do the two product descriptions refer to the same real-world product? Entity 1: 'nan DS-7208HUHI-K2-P Hikvision 8 Channel 5MP / 1080P HD-TVI Hybrid DVR with Power over Coax (PoC / Turbo4.0) nan nan'. Entity 2: 'Shimano Shimano Shimano PD-R7000 105 SPD-SL PEDAL W/O REFLECTOR W/CLEAT  149.99 USD'.,No
Do the two product descriptions refer to the same real-world product? Entity 1: 'AMD AMD RYZEN 5 2400G Quad-Core 3.6 GHz (3.9 GHz Max Boost) Socket AM4 65W YD2400C5FBBOX Desktop Processor nan nan'. Entity 2: 'AMD AMD Ryzen 9 3900XT 12-Core 3.8 GHz Socket AM4 105W 100-100000277WOF Desktop Processor  476.99 USD'.,No
Do the two product descriptions refer to the same real-world product? Entity 1: 'nan Epson A3 Premium Glossy Photo Paper 255gsm (Pack of 20) C13S041315 37.04 nan'. Entity 2: 'nan Ubiquiti Networks UVC-G3-LED security camera accessory  139.26 EUR'.,No
"Do the two product descriptions refer to the same real-world product? Entity 1: 'Corsair Corsair Crystal Series 570X RGB CC-9011098-WW Steel / Tempered Glass ATX Mid Tower Case 179.99 USD'. Entity 2: 'nan PHILIPS MONITOR LED IPS 24\"" (23.8) 16:9 FULLHD VGA DVI HDMI 243V7QDSB  130.06 EUR'.",No
"Do the two product descriptions refer to the same real-world product? Entity 1: 'nan CORSAIR - Crystal 680X RGB White High Airflow, Tempered Glass 3199.00 SEK'. Entity 2: 'nan Ubiquiti UniFi AP, AC, In Wall, 5-Pack  3768 HKD'.",No
Do the two product descriptions refer to the same real-world product? Entity 1: 'Epson Epson T7891 Black Cart - Compatible 12.93 GBP'. Entity 2: 'nan SSD Western Digital Blue 2TB M.2 2280 TLC SATA SSD  206.99 EUR'.,No
Do the two product descriptions refer to the same real-world product? Entity 1: 'nan HPE 300GB 6G SAS 10K rpm SFF (2.5-inch) SC Enterprise 3yr Warranty HDD 92.21 USD'. Entity 2: 'nan HP 300GB 6G SAS 10K rpm SFF (2.5-inch) SC Enterprise  nan nan'.,Yes
"Do the two product descriptions refer to the same real-world product? Entity 1: 'nan Epson Premium Glossy Photo Paper 13x18cm 11.49 GBP'. Entity 2: 'nan 3M - PF27.0W9 PRIVACY FILTER BLACK FOR 27,0IN / 68,6 CM / 16:9IN ACCS  1663.75 DKK'.",No
"Do the two product descriptions refer to the same real-world product? Entity 1: 'nan Evans EC2 Clear Drum Head, 14 Inch 2.399E1 USD'. Entity 2: 'nan Evans EC2 SST Clear Batter Drumhead 13 in.  17.99 USD'.",No
Do the two product descriptions refer to the same real-world product? Entity 1: 'Kingston KINGSTON 8GB 1600MHz DDR3 CL10 DIMM (Kit of 2) HyperX Fury Series 41.65 EUR'. Entity 2: 'nan Kingston 16GB/3333MHz DDR-4 HyperX Predator XMP (Kit! 2db 8GB) (HX433C16PB3K2/16) memória  36890 HUF'.,No
Do the two product descriptions refer to the same real-world product? Entity 1: 'nan 215.30.46.51.01.001 Omega Seamaster Planet Ocean Chronograph 45.5mm 6370 GBP'. Entity 2: 'nan Cheap Replica Audemars Piguet Royal Oak Offshore Chronograph Watch 26470ST.OO.A099CR.01  nan nan'.,No
"Do the two product descriptions refer to the same real-world product? Entity 1: 'nan Ubiquiti UVC-G3-FLEX-3 UniFi Protect G3 FLEX Camera 3-Pack $‎234.95 USD'. Entity 2: 'nan UBIQUITI - UVC G3 Bullet Camera, 3-pack  4715.00 NOK'.",No
Do the two product descriptions refer to the same real-world product? Entity 1: 'nan Intel Core i3 8300 Quad Core 3.7GHz Processor nan nan'. Entity 2: 'nan Zebra Black Monochrome Ribbon 800033-801 - 1000 Prints  11.40 GBP'.,No
Do the two product descriptions refer to the same real-world product? Entity 1: 'nan Audio Technica Headphones Air Dynamic Series ATH-AD500X 529 MYR'. Entity 2: 'nan Headset Audio-Technica ATH-M50X  146.95 EUR'.,No
"Do the two product descriptions refer to the same real-world product? Entity 1: 'nan Corsair iCUE 465X RGB Mid-Tower White ATX Case, T/G Window, No PSU 249.00 AUD'. Entity 2: 'nan Corsair iCue 465X RGB White  nan nan'.",Yes
Do the two product descriptions refer to the same real-world product? Entity 1: 'nan HP 300GB 6G SAS 10K rpm SFF (2.5-inch) SC Enterprise nan nan'. Entity 2: 'nan BenQ SW2700PT 27in QHD Professional AdobeRGB Monitor  1099.00 AUD'.,No
Do the two product descriptions refer to the same real-world product? Entity 1: 'nan DJI Mavic 2 Car Charger 69.99 USD'. Entity 2: 'DJI DJI Mavic Air Car Charger  649 SEK'.,No
"Do the two product descriptions refer to the same real-world product? Entity 1: 'nan CORSAIR - Crystal 680X RGB White High Airflow, Tempered Glass 3199.00 SEK'. Entity 2: 'nan CORSAIR Crystal Series 570X RGB Tempered Glass,Premium ATX Mid-Tower Case, WHITE  282.99 CAD'.",No
Do the two product descriptions refer to the same real-world product? Entity 1: 'nan RAM Double Socket Arm MC201C LONG 2.899E1 GBP'. Entity 2: 'nan RAM® Composite Double Socket Arm  9.49 USD'.,No
Do the two product descriptions refer to the same real-world product? Entity 1: 'Sigma Sigma 35mm F1.4 DG Art HSM EOS Mount Lens 1059 AUD'. Entity 2: 'nan Sigma 35mm f1.4 EX DG HSM A Nikon  619.00 nan'.,No
Do the two product descriptions refer to the same real-world product? Entity 1: 'Canon Canon 24-70mm f/2.8L II USM EF Lens nan nan'. Entity 2: 'nan Nikon AF-S NIKKOR FX 50mm F1.8G Lens  1.9695E2 USD'.,Yes
Do the two product descriptions refer to the same real-world product? Entity 1: 'Omega OMEGA Seamaster Planet Ocean Chronograph Steel 18900.000001 AED'. Entity 2: 'nan AAA Replica Omega Seamaster Planet Ocean 600M Chronograph Stainless Steel Blue Watch 215.30.46.51.03.001  nan nan'.,No
Do the two product descriptions refer to the same real-world product? Entity 1: 'nan Cisco Catalyst 2960-Plus 48TC-L - switch - 48 ports - managed - rack-mounta 2379.99 CAD'. Entity 2: 'nan Ryze Tech Tello Battery Charging Hub  25 SGD'.,No
Do the two product descriptions refer to the same real-world product? Entity 1: 'nan APC Smart-UPS SRT 3000VA RM 230V SRT3000RMXLI 2524.55 GBP'. Entity 2: 'nan APC Smart-UPS SRT 6000VA RM 230V  59990.00 SEK'.,No
"Do the two product descriptions refer to the same real-world product? Entity 1: 'nan Western Digital My Passport 1TB 2,5"" USB 3.0 71.00 EUR'. Entity 2: 'nan WD My Passport 4TB USB 3.0 + Etui  459 PLN'.",No
"Do the two product descriptions refer to the same real-world product? Entity 1: 'nan Asus ROG STRIX Z390-I Gaming (ROG STRIX Z390-I GAMING) 76985 HUF'. Entity 2: 'nan ASUS Scheda Madre ROG STRIX B550-F GAMING  € 229,00 EUR'.",No
"Do the two product descriptions refer to the same real-world product? Entity 1: 'GIGABYTE Placa video Gigabyte Radeon RX 5500 XT OC 8GB GDDR6, 128-bit 1143.99 RON'. Entity 2: 'Maxxis Maxxis Maxxis High Roller II Tire: 27.5 x 2.50\"", Folding, 60tpi, 3C MaxxTerra, EXO, Tubeless Ready, Wide Trail, Black  85.00 USD'.",No
Do the two product descriptions refer to the same real-world product? Entity 1: 'Intel Intel Core i7 9700F 9th Gen Desktop Processor/CPU Retail - No iGPU 292.99 GBP'. Entity 2: 'nan Shimano Metal Disk Fren Balatası Ice-Tech J04C  221.00 TRY'.,No
Do the two product descriptions refer to the same real-world product? Entity 1: 'Manfrotto Manfrotto MVH500AH Lightweight Video Head with Flat Base 115 GBP'. Entity 2: 'Epson Epson Blekk Svart T7031 L - WP4000/4500  445 NOK'.,No
"Do the two product descriptions refer to the same real-world product? Entity 1: 'nan Corsair 110R Tempered Glass Black ATX Case, Tempered Glass Side Window, No PSU, 2x USB 3.1, HD Audio, 120mm Fan pre-installed 109.00 AUD'. Entity 2: 'nan Corsair Carbide 175R RGB Black Mid Tower ATX Case, Tempered Glass Side Window, No PSU, 2x USB 3.0, HD Audio, 1x 120mm Fan included  105.00 AUD'.",No
Do the two product descriptions refer to the same real-world product? Entity 1: 'nan Ernie Ball Hybrid Slinky 9-46 6.00 GBP'. Entity 2: 'nan 2222 HYBRID SLINKY 9/46 Ernie Ball  6.90 EUR'.,Yes
Do the two product descriptions refer to the same real-world product? Entity 1: 'Manfrotto Manfrotto MVH500AH Lightweight Video Head with Flat Base 115 GBP'. Entity 2: 'nan MVH500AH FLUID VIDEO HEAD W/FLAT BASE  3.590001E2 NZD'.,Yes
Do the two product descriptions refer to the same real-world product? Entity 1: 'SWISS MILITARY HANOWA Swiss Military Hanowa Immersion 06-4226.30.003.03 9847.0000 UAH'. Entity 2: 'SWISS MILITARY HANOWA Swiss Military Hanowa Flagship 06-5161.2.04.003  6145.0000 UAH'.,No
Do the two product descriptions refer to the same real-world product? Entity 1: 'nan Gorra New Era NFL New Orleans Saints 9Fifty Cap 3.99E1 EUR'. Entity 2: 'nan Kappe New Era NFL New Orleans Saints 9Fifty Cap  3.99E1 EUR'.,Yes
Do the two product descriptions refer to the same real-world product? Entity 1: 'nan Logitech H540 USB Headset With High-Definition sound and on-ear controls - Black | 981-000480 1.575E2 AED'. Entity 2: 'Logitech Logitech H151 Stereo Headset On Ear Kabelgebunden  nan nan'.,No
"Do the two product descriptions refer to the same real-world product? Entity 1: 'nan Corsair ML140 PRO LED Rød, 140mm Vifte 299.00 NOK'. Entity 2: 'Cooler Master Cooler Master MasterCase H500 IRON GREY ATX Mid-Tower, Tempered Glass Panel, two 200mm RGB fans with Controller and Case Handle for Transport  9949.00 INR'.",No
Do the two product descriptions refer to the same real-world product? Entity 1: 'nan Carbide Series 275R Tempered Glass Mid-Tower Gaming CaseWhite 94.38 EUR'. Entity 2: 'nan CORSAIR 275R (ATX) MID TOWER CABINET - WITH TEMPERED GLASS SIDE PANEL (WHITE) CC-9011133-WW  8050 INR'.,Yes
Do the two product descriptions refer to the same real-world product? Entity 1: 'nan Zebra Black Ribbon True Colours Brand i-series 800015-301 16.95 USD'. Entity 2: 'MikroTik Cloud Core Router CCR1036-12G-4S-EM  1148.65 USD'.,No
Do the two product descriptions refer to the same real-world product? Entity 1: 'nan 2012 SRAM Red XG-1090 10-Speed X-Dome 11-23 Cassette 295.00 USD'. Entity 2: 'nan Epson Ink Cartridge - Matte Black 700ml  262.17 GBP'.,No
"Do the two product descriptions refer to the same real-world product? Entity 1: 'nan 2222 HYBRID SLINKY 9/46 Ernie Ball 6.90 EUR'. Entity 2: 'nan Ram Mout Triple Ball Adapter  €46,95 EUR'.",No
Do the two product descriptions refer to the same real-world product? Entity 1: 'nan APC Smart-UPS RT 192V RM Battery Pack 23449.00 DKK'. Entity 2: 'nan RAM-B-408-75-1-UN7U RAM Mounts X-Grip® Phone Mount with RAM® Torque™ Medium Rail Base  55.49 USD'.,No
"Do the two product descriptions refer to the same real-world product? Entity 1: 'nan PG-730 7-Speed Cassette 18.00 USD'. Entity 2: 'CLARKS CLARKS Sram, PG-730, 7sp cassette, 12-32T  19.99 USD'.",Yes
Do the two product descriptions refer to the same real-world product? Entity 1: 'SanDisk SanDisk Extreme microSDHC 32GB 100/60 MB/s A1 V30 GoPro 0 nan'. Entity 2: 'SanDisk SanDisk Extreme Pro SD Card 32GB 300MB/s UHS-II  56.45 EUR'.,No
Do the two product descriptions refer to the same real-world product? Entity 1: 'Corsair Corsair ML120 Pro LED 120mm Premium Mag-Lev Fan Red 39 AUD'. Entity 2: 'nan Fujifilm Instax mini Rainbow film 10 pack  149.95 ZAR'.,No
Do the two product descriptions refer to the same real-world product? Entity 1: 'nan Elixir 12-String Light 80/20 Bronze Nanoweb Acoustic 23.99 USD'. Entity 2: 'SRAM SRAM PG-1170 11-Speed Cassette (11-25T)  90.99 USD'.,No
Do the two product descriptions refer to the same real-world product? Entity 1: 'nan TP-LINK EAP110 Access point - Wit 3.509E1 EUR'. Entity 2: 'nan Access Point|TP-LINK|300 Mbps|IEEE 802.3af|IEEE 802.11b|IEEE 802.11g|IEEE 802.11n|1xRJ45|Number of antennas 2|EAP115  33.65 EUR'.,No
"Do the two product descriptions refer to the same real-world product? Entity 1: 'nan RAM Motorcycle Fork Stem Base w 1\"" Ball (RAM-B-342U) 30.45 AUD'. Entity 2: 'Gigabyte Gigabyte AMD Radeon RX 5500 XT OC 8GB GDDR6 RDNA PCIe 4.0 Graphics Card  186.048 GBP'.",No
"Do the two product descriptions refer to the same real-world product? Entity 1: 'nan Ryze Tello Battery Charging Charger Hub (Part 9) 13.0 GBP'. Entity 2: 'nan Jabra Biz 2400 II Mono 3-1, NC, 82 mic, QD  12500 PHP'.",No
"Do the two product descriptions refer to the same real-world product? Entity 1: 'nan GARMIN FENIX 5 GRAY BLACK 010-01688-00 499.99 EUR'. Entity 2: 'nan Garmin fenix5 Gray Optic, Black band  13990.00 CZK'.",Yes
Do the two product descriptions refer to the same real-world product? Entity 1: 'UBIQUITI Ubiquiti UVC-G3-BULLET (Formerly UVC-G3-AF) UniFi Video Camera G3 1080p PoE IP Camera 118.20 GBP'. Entity 2: 'nan Logitech C920 USB HD Pro Webcam with Auto-Focus and Microphone  61.25 GBP'.,No
"Do the two product descriptions refer to the same real-world product? Entity 1: 'CLARKS CLARKS Sram, PG-730, 7sp cassette, 12-32T 19.99 USD'. Entity 2: 'Crucial Crucial MX500 M.2 2280 500GB Internal SSD 560MB/s CT500MX500SSD4 | PCByte  85.0 AUD'.",No
"Do the two product descriptions refer to the same real-world product? Entity 1: 'Sandisk USB STICK SANDISK CRUZER GLIDE 32GB 16.08 EUR'. Entity 2: 'LaCie LaCie Rugged USB 3.1C 4 TB 2,5'' STFS4000800  1176.11 PLN'.",No
"Do the two product descriptions refer to the same real-world product? Entity 1: 'nan Samsung UH46F5 46\"" LED Full HD Nero display professionale 1469.464075 EUR'. Entity 2: 'nan Lacie 5TB USB-C Mobile Drive prenosni disk  nan nan'.",No
Do the two product descriptions refer to the same real-world product? Entity 1: 'Audemars Piguet Audemars Piguet Royal Oak Offshore Selfwinding Chronograph Watch - 26470ST.OO.A099CR.01 25210.00 USD'. Entity 2: 'nan Audemars Piguet-Audemars Piguet Royal Oak Offshore Chronograph 42mm Mens Watch-26470OR.OO.A125CR.01  38000 USD'.,No
Do the two product descriptions refer to the same real-world product? Entity 1: 'nan HyperX FURY Blue 4GB (1x4GB) 1600MHz DDR3 Memory 2.134E1 GBP'. Entity 2: 'nan MEMORIA DDR3 KINGSTON HYPERX FURY BLUE 4GB 1600MHZ  603.7 MXN'.,Yes
"Do the two product descriptions refer to the same real-world product? Entity 1: 'nan 0884B001 | Canon PFI-101 | Original Canon Ink Cartridge - Cyan nan nan'. Entity 2: 'nan Canon 6448B001 (CLI-251XL) Ink Cartridge, HY Black, OEM  29.99 USD'.",No
Do the two product descriptions refer to the same real-world product? Entity 1: 'Jabra Jabra EVOLVE 65 UC Mono Bluetooth Headset 189 USD'. Entity 2: 'nan JABRA EVOLVE 20 UC Mono  66.76 SGD'.,No
"Do the two product descriptions refer to the same real-world product? Entity 1: 'RAM Mount RAM Mount 3.5\"" Twist Lock Suction Cup Base with 1\"" Ball 35.00 AUD'. Entity 2: 'Swiss Military Hanowa Relógio Swiss Military Hanowa06-6278.04.001.07 Navalus  219.95 EUR'.",No
Do the two product descriptions refer to the same real-world product? Entity 1: 'nan TAG Heuer Automatic Chronograph Watch CBL2111.FC6453 6350 USD'. Entity 2: 'nan TAG Heuer Monaco Men's Blue Leather Strap Watch  5250 GBP'.,Yes
"Do the two product descriptions refer to the same real-world product? Entity 1: 'nan Asus ROG Strix X570-F GAMING Motherboard,DDR4, 3x PCIe x16, SATA III RAID, USB 3.2, GLAN, M.2, DisplayPort, HDMI, 8ch audio, ATX, scAM4, Ryzen | 90MB1160-M0EAY0 1210.00 AED'. Entity 2: 'ASUS Asus ROG Strix X570-F Gaming ATX - motherboard  nan nan'.",Yes
Do the two product descriptions refer to the same real-world product? Entity 1: 'nan Logitech C920 USB HD Pro Webcam with Auto-Focus and Microphone 61.25 GBP'. Entity 2: 'Cooler Master Cooler Master Hyper H411R CPU Cooler White LED  35 AUD'.,No
Do the two product descriptions refer to the same real-world product? Entity 1: 'Epson Epson Blekk Svart T7031 L - WP4000/4500 445 NOK'. Entity 2: 'Epson Epson WP4000/4500 Inkjet Cartridge High Yield Magenta. (Eiffel Tower) OEM: C13T70234010 EP48715  37.30 GBP'.,No
Do the two product descriptions refer to the same real-world product? Entity 1: 'Cooler Master Cooler Master MasterCase H500 ARGB Mesh Mid Tower ATX Case TG MCM-H500-IGNN-S01 | PCByte 169.0 AUD'. Entity 2: 'Corsair Carbide 175R RGB Windowed Mid-Tower Case Tempered Glass  69.90 EUR'.,No
Do the two product descriptions refer to the same real-world product? Entity 1: 'nan APC APCRBC117 Replacement Battery Cartridge #117 539.00 AUD'. Entity 2: 'nan APC (APCRBC110) REPLACEMENT BATTERY CATRIDGE #110  176.4 AUD'.,No
Do the two product descriptions refer to the same real-world product? Entity 1: 'nan Crucial 4GB (1x4GB) 2666MHz DDR4 Memory 1.601E1 GBP'. Entity 2: 'Corsair Corsair Crystal Series 570X RGB CC-9011098-WW Steel / Tempered Glass ATX Mid Tower Case  179.99 USD'.,No
Do the two product descriptions refer to the same real-world product? Entity 1: 'DJI Mavic 2 Part11 Car Charger 1248 ZAR'. Entity 2: 'nan WS-C2960-24TT-L Cisco Catalyst WS-C2960-24TT-L Switch  nan nan'.,No
"Do the two product descriptions refer to the same real-world product? Entity 1: 'Epson Epson A4/Premium Semiglossy Photo, 20 sheets 18.28 GBP'. Entity 2: 'nan Epson - Premium Semi-Gloss Photo Paper - A4 - 20 Fogli - C13S041332  23.88 EUR'.",Yes
Do the two product descriptions refer to the same real-world product? Entity 1: 'nan HIKVISION DS-7216HUHI-K2 (Turbo HD 4.0) 8MP/5MP/4MP 1363.00 AED'. Entity 2: 'Hikvision Hikvision DS-7216HUHI-K2 Turbo 1080p HD 16CH DVR - HD-TVI AHD IPC - HDMI COAX  395.00 GBP'.,Yes
"Do the two product descriptions refer to the same real-world product? Entity 1: 'nan 34\"" Blaze 3 Pro Cart 1,099.99 USD'. Entity 2: 'nan Samsung PORTABLE SSD T7 Touch 1TB Mobile External Solid State  1.8331E2 GBP'.",No
"Do the two product descriptions refer to the same real-world product? Entity 1: 'nan Evans 20” EMAD Clear Bass Drum Head 47.99 USD'. Entity 2: 'nan Evans 8\"" TT08EC2S Clear Drum Head  14.99 USD'.",No
Do the two product descriptions refer to the same real-world product? Entity 1: 'nan Fujifilm XF-56mm f1.2 APD 999.00 nan'. Entity 2: 'APC APC By Schneider Electric APC Replacement Battery Cartridge  84.99 USD'.,No
Do the two product descriptions refer to the same real-world product? Entity 1: 'nan Evolis RCT023NAA Black Monochrome Ribbon 22.00 USD'. Entity 2: 'nan Zebra 800011-101 ZXP Series 1 Ribbon ZXP Series 1 Load-N-Go Black Monochrome Ribbon  19 USD'.,No
Do the two product descriptions refer to the same real-world product? Entity 1: 'nan Shimano Dura-Ace CS-R9100 Cassette 11-speed 22265 JPY'. Entity 2: 'Shimano Shimano Dura-Ace CS-R9100 11-28T 11sp Cassette  296.99 AUD'.,Yes
Do the two product descriptions refer to the same real-world product? Entity 1: 'Hikvision DS-7208HUHI-k2-P 8 Channel DVR Turbo 4.0 PoC 5MP 0.00 GBP'. Entity 2: 'nan DS-7208HUHI-K2-P Hikvision 8 Channel 5MP / 1080P HD-TVI Hybrid DVR with Power over Coax (PoC / Turbo4.0)  nan nan'.,Yes
"Do the two product descriptions refer to the same real-world product? Entity 1: 'Cisco Cisco Catalyst 2960-X | WS-C2960X-24TD-L Catalyst 2960X 24 port 10/100/1000, 2 x 10G SFP+, LAN Base 66720 THB'. Entity 2: 'nan Catalyst 2960-X 24 GigE PoE 370W, 2 x 10G SFP+, LAN Base  33099.85 HKD'.",No
"Do the two product descriptions refer to the same real-world product? Entity 1: 'nan Sigma 35mm f/1.4 DG HSM Art 719.95 USD'. Entity 2: 'nan 0000012890| Sigma 50mm f/1.4 DG HSM Art for Canon  1,289.00 AUD'.",No
Do the two product descriptions refer to the same real-world product? Entity 1: 'nan Gorra New Era Clean Trucker 2 NY Yankees Cap 2.19E1 EUR'. Entity 2: 'nan Cappello New Era Clean Trucker Chicago Bulls Cap  2.59E1 EUR'.,No
"Do the two product descriptions refer to the same real-world product? Entity 1: 'nan Jabra BIZ 2400 II Duo - Mic. 82 NC, Wideband 400.00 AUD'. Entity 2: 'nan Corsair Carbide SPEC-OMEGA RGB Black ATX Cube Case, Tempered Glass Window, No PSU, 2x USB 3.0, HD Audio, 2x HD120 RGB Fan / Lighting Node PRO pre-installed  269.00 AUD'.",No
"Do the two product descriptions refer to the same real-world product? Entity 1: 'Maxxis Maxxis High Roller II 650b 27.5\"" Dual Compound EXO Folding Tubeless Ready Mountain Bike Tyre £40.00 GBP'. Entity 2: 'nan BenQ SW271 Pro 27in IPS LCD Monitor 4K UHD  969.0 GBP'.",No
Do the two product descriptions refer to the same real-world product? Entity 1: 'nan Fujifilm Instax Black Square Film (10 Pack) 28 AUD'. Entity 2: 'Fuji Fuji Fuji Instax Square Film 1-Pack  16.99 USD'.,No
Do the two product descriptions refer to the same real-world product? Entity 1: 'nan Epson - Ink Cartridge Black 10K 3905.00 CZK'. Entity 2: 'nan Epson C13T603100 T6031 Black Ink 220ml  nan nan'.,No
"Do the two product descriptions refer to the same real-world product? Entity 1: 'nan 3M - Privacy filter framed lightweight 18,1\""\""-20\""\"" widescreen 1686.00 SEK'. Entity 2: 'Samsung Samsung T7 Blue 2TB Portable SSD USB-C/A Gen2  341.99 GBP'.",No
Do the two product descriptions refer to the same real-world product? Entity 1: 'nan Zebra 800015-101 1000 Prints Black Resin Ribbon for P310i P420i P520i 5.949999E1 AUD'. Entity 2: 'Corsair CORSAIR Vengeance RGB Pro 16GB (2 x 8GB) 288-Pin DDR4 DRAM DDR4 3000 (PC4 24000) Desktop Memory Model CMW16GX4M2C3000C15W  83.99 USD'.,No
Do the two product descriptions refer to the same real-world product? Entity 1: 'nan WD 1TB My Passport Portable Hard Drive 8500.00 KES'. Entity 2: 'nan WD MY PASSPORT- 1TB RED WORLDWIDE  770000 LBP'.,No
"Do the two product descriptions refer to the same real-world product? Entity 1: 'nan Intel Core i7-10700KF Prosessor 4399.00 NOK'. Entity 2: 'nan Intel Processor, Core i7-8700K 8th Gen  402.01 USD'.",No
Do the two product descriptions refer to the same real-world product? Entity 1: 'nan LOGITECH | G402 Hyperion Fury FPS Gaming Mouse | 910-004068 199 QAR'. Entity 2: 'Gigabyte Gigabyte GeForce GTX 1650 Super OC  159.99 USD'.,No
Do the two product descriptions refer to the same real-world product? Entity 1: 'nan Logitech H151 Single Pin Stereo Headset - Black 4.899E1 NZD'. Entity 2: 'Logitech Logitech H151 Stereo Headset On Ear Kabelgebunden  nan nan'.,No
Do the two product descriptions refer to the same real-world product? Entity 1: 'nan Toner Brother - Nero - ricarica toner tn200 41 EUR'. Entity 2: 'Default Toner kompatibel zu Brother TN-200 Black  14.87 EUR'.,Yes
"Do the two product descriptions refer to the same real-world product? Entity 1: 'nan SanDisk Extreme PRO SD UHS-II USB 3.0 99 PLN'. Entity 2: 'SRAM SRAM Sram Level Ultimate, Level TLM Disc Brake Pads  25.00 USD'.",No
Do the two product descriptions refer to the same real-world product? Entity 1: 'nan Jabra EVOLVE 40 UC MONO USB Headset 6393-829-209 95.00 USD'. Entity 2: 'nan JABRA Evolve 40 UC USB - Mono  1267.00 ZAR'.,Yes
Do the two product descriptions refer to the same real-world product? Entity 1: 'nan (C13T693500) EPSONSCT3000 UltraChrome XD Matte Black nan nan'. Entity 2: 'nan Epson T6923 Ultrachrome XD rautt Ink 110ml  16371 ISK'.,No
Do the two product descriptions refer to the same real-world product? Entity 1: 'nan Razer DeathAdder V2 Ergonomic Wired Gaming Mouse (RZ01-03210100-R3M1) (Warranty 2years with Ban Leong) 99.00 SGD'. Entity 2: 'nan Fujifilm Instax Square Film Twin Pack 20 Shots  nan nan'.,No
Do the two product descriptions refer to the same real-world product? Entity 1: 'nan Corsair Vengeance LPX 16GB DDR4 2400MHz(CMK16GX4M1A2400C14) 23375 HUF'. Entity 2: 'Corsair CORSAIR 8Gbx1 DDR4 3000Mhz Ram CMK8GX4M1D3000C16 VENGEANCE LPX Gaming RAM  0 TRY'.,No
"Do the two product descriptions refer to the same real-world product? Entity 1: 'nan Jabra Biz 2400 II Mono 3-1, NC, 82 mic, QD 12500 PHP'. Entity 2: 'Crucial Crucial BX500 480GB SSD Micron 3D NAND SATA III 6Gb/s 2.5 Internal Solid State Drive  59.99 USD'.",No
"Do the two product descriptions refer to the same real-world product? Entity 1: 'nan SanDisk SDHC Ultra UHS-I 256GB Class 10 90MB/S 351.00 DKK'. Entity 2: 'nan Corsair ML140 PRO LED Rød, 140mm Vifte  299.00 NOK'.",No
"Do the two product descriptions refer to the same real-world product? Entity 1: 'nan Gorra New Era NFL New Orleans Saints 9Fifty Cap 3.99E1 EUR'. Entity 2: 'nan Catalyst 2960-X 24 GigE PoE 370W, 2 x 10G SFP+, LAN Base  33099.85 HKD'.",No
Do the two product descriptions refer to the same real-world product? Entity 1: 'nan Shimano HG701 Ultegra R8000 XT M8000 11 Speed Chain with Quick Link 5.5E1 SGD'. Entity 2: 'Shimano Shimano Shimano Cn-Hg901 11-Spd Chain Xtr / Dura Ace W/ Quick Link  69.99 AUD'.,No
Do the two product descriptions refer to the same real-world product? Entity 1: 'nan APC - Replacement battery cartridge 140 7217.50 SEK'. Entity 2: 'APC APC Replacement Battery Cartridge #124  995 NOK'.,No
"Do the two product descriptions refer to the same real-world product? Entity 1: 'MITXPC 120GB Crucial BX500 3D NAND 2.5\"" SATA SSD 39.95 USD'. Entity 2: 'nan Disco SSD Crucial BX500 120GB 3D TLC SATA III  28.66 EUR'.",Yes
"Do the two product descriptions refer to the same real-world product? Entity 1: 'nan Corsair Vengeance LPX, 16GB, DDR4 memory module 2133 MHz 66.671001 EUR'. Entity 2: 'Corsair Corsair Vengeance RGB Pro DDR4 3000MHz 16GB (2x8) Desktop Memory White CMW16GX4M2C3000C15W | PCByte  165.0 AUD'.",No
"Do the two product descriptions refer to the same real-world product? Entity 1: 'nan Crucial MX500 2TB 3D NAND SATA 2.5 Inch Internal SSD 440 BMD'. Entity 2: 'nan Crucial 2TB MX500 2.5"" 7mm SATA 6Gb/s SSD  206.46 GBP'.",Yes
Do the two product descriptions refer to the same real-world product? Entity 1: 'nan DYMO D1 Labelling Tape 45803 Black on White 19 mm x 7 m 21.77 EUR'. Entity 2: 'nan D1-TAPE 24MM X 7M BLACK ON WHITE IN  0 EUR'.,No
Do the two product descriptions refer to the same real-world product? Entity 1: 'AMD AMD RYZEN 5 2400G Quad-Core 3.6 GHz (3.9 GHz Max Boost) Socket AM4 65W YD2400C5FBBOX Desktop Processor nan nan'. Entity 2: 'AMD YD150XBBAEBOX AMD Ryzen 5 1500X Quad Core 3.50GHz 16MB L3 Cache Socket AM4 Processor. New Retail Factory Sealed With Full Manufacturer Warranty.  220 USD'.,No
Do the two product descriptions refer to the same real-world product? Entity 1: 'Samsung Samsung T7 Blue 2TB Portable SSD USB-C/A Gen2 341.99 GBP'. Entity 2: 'nan Samsung T7 Portable SSD [2TB] (Indigo Blue)  629 AUD'.,Yes
"Do the two product descriptions refer to the same real-world product? Entity 1: 'nan Asus TUF X470-Plus Gaming Socket AM4 ATX AMD 185.00 EUR'. Entity 2: 'nan ASUS Scheda Madre TUF GAMING X570-PLUS AMD  € 259,00 EUR'.",No
"Do the two product descriptions refer to the same real-world product? Entity 1: 'nan Hard disk server HP Hot-Plug SC Enterprise SAS 6G 900GB 10000 RPM 2.5"" 1616.8100 RON'. Entity 2: 'nan 652589-B21 HP G8 G9 900-GB 6G 10K 2.5 SAS SC  183 CAD'.",Yes
Do the two product descriptions refer to the same real-world product? Entity 1: 'nan Shimano PD-R550 SPD-SL Resin Pedal 120.99 NZD'. Entity 2: 'LaCie LaCie 4TB Rugged Thunderbolt / USB-C Mobile HDD  1059.0 AED'.,No
Do the two product descriptions refer to the same real-world product? Entity 1: 'nan Traveler's Refills: Accessories - 008 / zipper pocket 9.0E0 USD'. Entity 2: 'Seiko Seiko Mens Presage Automatic Blue Date Dial Stainless Steel Bracelet Watch SRPD41J1  428.00 GBP'.,No
Do the two product descriptions refer to the same real-world product? Entity 1: 'nan Headset Audio-Technica ATH-M50X 146.95 EUR'. Entity 2: 'nan Audio-Technica ATH-M50x Monitor Headphones - White  249 AUD'.,No
Do the two product descriptions refer to the same real-world product? Entity 1: 'EPSON Epson Premium Glossy Photo Paperphoto paper - 25 sheet(s) - A2 31.19 GBP'. Entity 2: 'nan Epson A4 Premium Glossy Photo Paper  181.00 NOK'.,No
Do the two product descriptions refer to the same real-world product? Entity 1: 'EPSON Cartucho tinta negro l epson t7031 - 24ml - big ben - para wp-4595 dnf/dtwf/ 4535dwf / 4525dnf / 4515dn / 4095dn / 4025dw / 36.5 EUR'. Entity 2: 'nan Obiectiv foto CANON EF-S 10-18mm f/4.5-5.6 IS STM  nan nan'.,No
Do the two product descriptions refer to the same real-world product? Entity 1: 'Kingston Kingston HyperX Fury 4GB DDR3 1600MHz CL10 Ram 248.51 TRY'. Entity 2: 'nan Midori Traveler's Notebook - 012 Sketch Paper Notebook  4.88 EUR'.,No
Do the two product descriptions refer to the same real-world product? Entity 1: 'nan Router wifi archer c60 ac1350 dual nan nan'. Entity 2: 'nan TP Link AC1350 Wireless Dual Band Cable Router - White | ARCHER C60  54.99 EUR'.,Yes
Do the two product descriptions refer to the same real-world product? Entity 1: 'nan Zebra 800015-101 1000 Prints Black Resin Ribbon for P310i P420i P520i 5.949999E1 AUD'. Entity 2: 'Oakley Oakley Jawbreaker 31 Mm Matte Black Sunglasses  10890.0 INR'.,No
Do the two product descriptions refer to the same real-world product? Entity 1: 'Jabra Jabra BIZ 2300 USB UC Duo $168.00 USD'. Entity 2: 'nan Shimano 11 SPD Chain RD/MTB Sil-Tec With Quick Link  94.99 NZD'.,No
Do the two product descriptions refer to the same real-world product? Entity 1: 'nan Seagate Ironwolf Pro 6TB (ST6000NE000) nan nan'. Entity 2: 'nan Seagate 6TB 7200rpm SATA-600 256MB NAS HDD ST6000NE000  81096 HUF'.,Yes
Do the two product descriptions refer to the same real-world product? Entity 1: 'nan Kingston Technology Canvas Select memory card 128 GB MicroSDXC Class 10 UHS-I 13.99 GBP'. Entity 2: 'nan Asus Dual GeForce GTX 1660 6GB OC Edition GDDR5 EVO Graphics Card | 90YV0D11-M0NA00  1149.50 AED'.,No
Do the two product descriptions refer to the same real-world product? Entity 1: 'nan Asus Dual GeForce GTX 1660 6GB OC Edition GDDR5 EVO Graphics Card | 90YV0D11-M0NA00 1149.50 AED'. Entity 2: 'Asus ASUS Dual GeForce GTX 1660 6GB OC Edition EVO 192Bit GDDR5  nan nan'.,Yes
"Do the two product descriptions refer to the same real-world product? Entity 1: 'nan Audio Technica ATH-PRO7X DJ headphones nan nan'. Entity 2: 'nan Shimano CN-HG601 105 5800 / SLX M7000 Chain With Quick Link 11-Speed - 116 Links, SIL-TEC  31.99 GBP'.",No
Do the two product descriptions refer to the same real-world product? Entity 1: 'Manfrotto Manfrotto MVH500AH Lightweight Video Head with Flat Base 115 GBP'. Entity 2: 'SanDisk SanDisk SSD PLUS 120GB Solid State Drive -SDSSDA-120G-G27  64.99 USD'.,No
Do the two product descriptions refer to the same real-world product? Entity 1: 'nan Epson Ink Cartridge - Matte Black 700ml 262.17 GBP'. Entity 2: 'nan Epson Premium Glossy Photo Paper 13x18cm  11.49 GBP'.,No
"Do the two product descriptions refer to the same real-world product? Entity 1: 'Maxxis Maxxis High Roller II 29er Dual Compound Folding Tubeless Ready Mountain Bike £54.99 GBP'. Entity 2: 'Maxxis Maxxis High Roller II 650b 27.5\"" Dual Compound EXO Folding Tubeless Ready Mountain Bike Tyre  £40.00 GBP'.",No
Do the two product descriptions refer to the same real-world product? Entity 1: 'nan Garmin fenix 5s Sapphire Black 649.99 EUR'. Entity 2: 'Garmin Garmin Fenix 5S Plus GPS Watch Silver with Black Band  529 GBP'.,No
Do the two product descriptions refer to the same real-world product? Entity 1: 'nan ASUS Radeon RX 5500 XT DUAL EVO 8GB 2849.00 NOK'. Entity 2: 'nan ASUS Radeon RX 5500 XT ROG Strix OC 8GB -Demo  0 NOK'.,No
Do the two product descriptions refer to the same real-world product? Entity 1: 'Sandisk Sandisk USB Flash 32GB Cruzer Glide 2.0/3.0 15.90 EUR'. Entity 2: 'sandisk SanDisk SDCZ60-064G-B35 Cruzer Glide USB Flash Drive USB 2.0 - 64 GB  14.99 GBP'.,No
"Do the two product descriptions refer to the same real-world product? Entity 1: 'nan 502HD PRO VIDEO HEAD WITH FLAT BASE 5.189995999999999E2 NZD'. Entity 2: 'Epson Epson T0487 Multipack (Black, Cyan, Magenta, Yellow, Light Cyan, Light Magenta)  111.22 GBP'.",No
"Do the two product descriptions refer to the same real-world product? Entity 1: 'Epson Epson T0487 Multipack (Black, Cyan, Magenta, Yellow, Light Cyan, Light Magenta) 111.22 GBP'. Entity 2: 'nan Samsung MZ-V7S500B/AM 970 EVO Plus M.2 Internal SSD, 500GB  189.99 CAD'.",No
Do the two product descriptions refer to the same real-world product? Entity 1: 'Corsair Carbide 175R RGB Windowed Mid-Tower Case Tempered Glass 69.90 EUR'. Entity 2: 'nan LOGITECH | G402 Hyperion Fury FPS Gaming Mouse | 910-004068  199 QAR'.,No
"Do the two product descriptions refer to the same real-world product? Entity 1: 'nan RAP-B-224-1U RAM Mounts 3.3\"" Diameter Suction Cup Base with 1\"" Composite Ball 16.49 USD'. Entity 2: 'RAM Mount RAM Mount 3.5\"" Twist Lock Suction Cup Base with 1\"" Ball  35.00 AUD'.",No
Do the two product descriptions refer to the same real-world product? Entity 1: 'nan 014 Traveler's Notebook Regular- Refill - Kraft Paper Notebook 8.0 USD'. Entity 2: 'nan APC RBC140 Replacement Battery Cartridge  531.10 GBP'.,No
Do the two product descriptions refer to the same real-world product? Entity 1: 'nan Gorra New Era NY Yankees MLB 9Fifty Cap 3.19E1 EUR'. Entity 2: 'nan Kappe New Era NFL New Orleans Saints 9Fifty Cap  3.99E1 EUR'.,No
Do the two product descriptions refer to the same real-world product? Entity 1: 'nan Lexmark - Toner cartridge -black - 3500 pages - LRPE260A11E 1.2403E2 EUR'. Entity 2: 'nan Ubiquiti UVC-G3-FLEX-3 UniFi Protect G3 FLEX Camera 3-Pack  $‎234.95 USD'.,No
"Do the two product descriptions refer to the same real-world product? Entity 1: 'Epson Epson S050189 Cyan, High Capacity Toner Cartridge 107.51 USD'. Entity 2: 'nan EPSON S042091 premium glossy photo paper 255g/m², A2/25vel  nan nan'.",No
Do the two product descriptions refer to the same real-world product? Entity 1: 'nan Brother HL-L8360CDW Colour Wireless Laser Printer 609.00 AUD'. Entity 2: 'Epson Epson T7891 Black Cart - Compatible  12.93 GBP'.,No
Do the two product descriptions refer to the same real-world product? Entity 1: 'Kingston Kingston StorageDataTraveler SEG G2 64GB USB 3.0 Metal 25.95 EUR'. Entity 2: 'KINGSTON KINGSTON 64GB USB 3.0 DataTraveler SE9 G2 (Kovový) DTSE9G2/64GB  369.00 czk'.,Yes
"Do the two product descriptions refer to the same real-world product? Entity 1: 'nan Swiss Military Hanowa FLAGSHIP 06-5161.2.04.007 Herrenuhr 378,00 лв BGN'. Entity 2: 'nan Swiss Military Hanowa Flagship 06-5161.2.04.007  1895.00 SEK'.",Yes
Do the two product descriptions refer to the same real-world product? Entity 1: 'nan EPSON Magenta ink cartridge Discproducer 77.58 BGN'. Entity 2: 'Epson Epson WF4630/5110/5690 Magenta INK 17ML EP53600  33.38 GBP'.,No
Do the two product descriptions refer to the same real-world product? Entity 1: 'nan FUJIFILM XF 8-16mm f/2.8 R LM WR Lens 1999.95 USD'. Entity 2: 'Fujifilm Fujifilm XF 80mm f2.8 R LM WR Macro Lens  1149.00 GBP'.,No
Do the two product descriptions refer to the same real-world product? Entity 1: 'Traveler's Company Traveler's Company 001. LINED REFILL MIDORI TRAVELER'S NOTEBOOK 3.50 GBP'. Entity 2: 'The Pokemon Company Pokemon Sword & Shield Booster pack  3.99 GBP'.,No
Do the two product descriptions refer to the same real-world product? Entity 1: 'nan SanDisk SDHC Ultra UHS-I 256GB Class 10 90MB/S 351.00 DKK'. Entity 2: 'ASUS ASUS PRIME X570-PRO (AM4) (D) (90MB11B0-M0EAY0)  87700 nan'.,No
"Do the two product descriptions refer to the same real-world product? Entity 1: 'nan Brother Monochrome Compact Laser All-in-One Printer with Duplex Printing and Wireless Networking 199.99 USD'. Entity 2: 'Seagate Seagate IronWolf Pro ST8000NE001 - Hard drive - 8 TB - internal - 3.5\"" - SATA 6Gb/s - 7200 rpm - buffer_ 256 MB - with 2 years Rescue Data Recovery Service Plan  235.97 GBP'.",No
"Do the two product descriptions refer to the same real-world product? Entity 1: 'LOGITECH LOGITECH AURICULARES H650E STEREO USB 78.00 EUR'. Entity 2: 'nan ADATA SX8200 Pro 256GB M.2 NVMe SSD ultra-fast PCIe Gen3x4 interface ,sustained peak read/write speeds of 3500/1200MB per second  92 NZD'.",No
"Do the two product descriptions refer to the same real-world product? Entity 1: 'RAM RAM 2.25\"" Ball with 2 U-Bolts (RAM-D-235U) 67.00 AUD'. Entity 2: 'nan HyperX 4GB (1x4GB) 1866MHz CL10 Fury Black  154 PLN'.",No
Do the two product descriptions refer to the same real-world product? Entity 1: 'Swiss Military Hanowa Swiss Military Hanowa06-4226.30.003.03 Immersion Uhr 244.95 EUR'. Entity 2: 'sandisk 64GB SanDisk Extreme micro SD XC Memory Card V-Class 30 U3 4K Video A1 100MB/s  9.50 GBP'.,No
Do the two product descriptions refer to the same real-world product? Entity 1: 'Audemars Piguet Audemars Piguet Royal Oak Offshore Selfwinding Chronograph Watch - 26470ST.OO.A099CR.01 25210.00 USD'. Entity 2: 'nan Cheap Replica Audemars Piguet Royal Oak Offshore Chronograph Watch 26470ST.OO.A099CR.01  nan nan'.,Yes
"Do the two product descriptions refer to the same real-world product? Entity 1: 'Hikvision DS-7208HUHI-k2-P 8 Channel DVR Turbo 4.0 PoC 5MP 0.00 GBP'. Entity 2: 'nan 16TB IronWolf Pro ST16000NE000, 7200 RPM, SATA 6Gb/s, 256MB cache, 3.5-Inch HDD  555.21 USD'.",No
Do the two product descriptions refer to the same real-world product? Entity 1: 'SanDisk SanDisk Extreme PRO SD UHS-II Card Reader/Writer 36.00 SGD'. Entity 2: 'nan SanDisk Extreme PRO SD UHS-II USB 3.0  99 PLN'.,Yes
Do the two product descriptions refer to the same real-world product? Entity 1: 'DJI DJI Mavic 2 Pro Drone Quadcopter with Hasselblad Camera HDR Video UAV Adjustable Aperture 20MP 1 1719.99 USD'. Entity 2: 'nan Traveler's Notebook Refill - Sketch Paper  10.00 AUD'.,No
"Do the two product descriptions refer to the same real-world product? Entity 1: 'nan ADATA SX8200 Pro 256GB M.2 NVMe SSD ultra-fast PCIe Gen3x4 interface ,sustained peak read/write speeds of 3500/1200MB per second 92 NZD'. Entity 2: 'nan XPG SX8200 Pro M.2 256 GB PCI Express 3.0 3D TLC NVMe  66.83 EUR'.",Yes
"Do the two product descriptions refer to the same real-world product? Entity 1: 'nan D-Link DGS-1210-28P 24-port 1Gb Smart Switch, 4x SFP, PoE 296.6 EUR'. Entity 2: 'nan TP-Link T1700G-28TQ JetStream 24-Port Gigabit Stackable Smart Switch with 4 10GE SFP+ Slots  532.0000 NZD'.",No
Do the two product descriptions refer to the same real-world product? Entity 1: 'Western Digital Western Digital Western Digital 2TB Blue 79.00 EUR'. Entity 2: 'nan Genuine SanDiskiXpand Flash Drive 64GB - iPhone lightning connector  nan nan'.,No
Do the two product descriptions refer to the same real-world product? Entity 1: 'ASUS PH-GTX1660S-O6G 6 GB Geforce GTX 1660 Super Overclocked Phoenix Fan Edition Hdmi DP Dvi Graphics Card nan nan'. Entity 2: 'UBIQUITI Ubiquiti UVC-G3-BULLET (Formerly UVC-G3-AF) UniFi Video Camera G3 1080p PoE IP Camera  118.20 GBP'.,No
Do the two product descriptions refer to the same real-world product? Entity 1: 'nan Fujifilm Instax Square Film (10 Pack) 23 AUD'. Entity 2: 'nan Fujifilm Instax Black Square Film (10 Pack)  28 AUD'.,No
"Do the two product descriptions refer to the same real-world product? Entity 1: 'nan Elixir 11152 Strings Acoustic 80/20 Bronze NANOWEB 12 String, Light 25.99 USD'. Entity 2: 'nan Sandisk Cruzer Force 16GB USB 2.0 Flash Drive - SDCZ71-016G-B35  2.60 KWD'.",No
"Do the two product descriptions refer to the same real-world product? Entity 1: 'nan APC - Schneider SMART-UPS 1000VA LCD 230V 924.00 AUD'. Entity 2: 'nan Nobreak APC Smart-UPS SURT 20kVA/16kW, 230V  0 BRL'.",No
Do the two product descriptions refer to the same real-world product? Entity 1: 'nan Tissot T-Sport Seastar 1000 Chronograph Watch T1204171105100 nan nan'. Entity 2: 'nan TISSOT T1204071105100 Seastar Powermatic 80  15490 CZK'.,No
Do the two product descriptions refer to the same real-world product? Entity 1: 'GIGABYTE Gigabyte AORUS GeForce RTX™ 2080 Ti XTREME 11G 108000 INR'. Entity 2: 'nan FUJIFILM Aspherical Super EBC XF 80mm f/2.8 R LM OIS WR Macro Lens  1199.95 USD'.,No
"Do the two product descriptions refer to the same real-world product? Entity 1: 'nan RAM Handlebar Rail Mount 1.125 - 1.5\"" C (RAM-408-112-15U) 39.25 AUD'. Entity 2: 'nan Seagate Ironwolf Pro 6TB (ST6000NE000)  nan nan'.",No
Do the two product descriptions refer to the same real-world product? Entity 1: 'nan APPLE - AIRPODS WITH CHARGING CASEIN nan nan'. Entity 2: 'nan Ryze Tech Tello Battery Charging Hub  25 SGD'.,No
"Do the two product descriptions refer to the same real-world product? Entity 1: 'EC Offroad MultiPlus Inverter/Charger C 12/2000/80-30 1,699.99 AUD'. Entity 2: 'Ubiquiti Ubiquiti UniFi Full HD IRNV Indoor Micro Security Camera  189.98 GBP'.",No
Do the two product descriptions refer to the same real-world product? Entity 1: 'Daniel Wellington Daniel Wellington Classic Sheffield Men 40mm Quartz Watch 0206DW 119 USD'. Entity 2: 'nan SRAM XG-1090 PowerDome-X 10sp Cassette  328.0 USD'.,No
Do the two product descriptions refer to the same real-world product? Entity 1: 'nan TP-Link TL-WN821 wifi 300Mbps USB adapter TL-WN821N 9.47 EUR'. Entity 2: 'TP-Link TP-Link TL-WN725N Nano Wireless USB Adapter  682 EUR'.,No
"Do the two product descriptions refer to the same real-world product? Entity 1: 'nan Blaze Cart For Professional 3-Burner Grill, Cart Only 1.09999E3 USD'. Entity 2: 'nan LOGITECH UC Corded Stereo USB Headset H570e (Leatherette Pad) - Business EMEA  0.001 nan'.",No
"Do the two product descriptions refer to the same real-world product? Entity 1: 'nan Sony FE 24mm f/1.4 GM 1398.00 USD'. Entity 2: 'nan Sony FE 24mm F1.4 GM Lens + Bonus  $1,899.99 nan'.",Yes
Do the two product descriptions refer to the same real-world product? Entity 1: 'Daniel Wellington horloges Daniel Wellington Horloge Classic Sheffield Rose DW00100036 135.20 EUR'. Entity 2: 'Daniel Wellington Daniel Wellington Unisex Classic Sheffield 36mm Rose Gold Black DW00100036  89.00 GBP'.,Yes
Do the two product descriptions refer to the same real-world product? Entity 1: 'nan Tag Heuer Carrera Quartz Chronograph Stainless Steel Watch CBG2A1Z.BA0658 4.2435E3 USD'. Entity 2: 'nan TAG Heuer Carrera Automatic Blue Dial Men's CBK2112.BA0715  151 USD'.,No
Do the two product descriptions refer to the same real-world product? Entity 1: 'Cooler Master Cooler Master MasterCase H500 ARGB Mesh Mid Tower ATX Case TG MCM-H500-IGNN-S01 | PCByte 169.0 AUD'. Entity 2: 'nan Adata XPG SX6000 Lite 1TB M.2 PCIe GEN3x4 SSD ASX6000LNP-1TT-C  219.00 AUD'.,No
Do the two product descriptions refer to the same real-world product? Entity 1: 'nan DJI Mavic 2 Car Charger 69.99 USD'. Entity 2: 'nan APC (APCRBC110) REPLACEMENT BATTERY CATRIDGE #110  176.4 AUD'.,No
Do the two product descriptions refer to the same real-world product? Entity 1: 'nan GIGABYTE Radeon RX 5500 XT OC - 4GB GDDR6 RAM - Grafikkort 2322.00 NOK'. Entity 2: 'nan Ubiquiti UniFi AP AC Mesh PRO 802.11ac Dual Radio Indoor/Outdoor access point - 1750Mbps 5 pack no PoE  1661.79 AUD'.,No
Do the two product descriptions refer to the same real-world product? Entity 1: 'nan Audio-Technica ATH-M50x Monitor Headphones - White 249 AUD'. Entity 2: 'Canon Canon EF 100mm F2.8 L IS USM Macro Lens  1399 AUD'.,No
Do the two product descriptions refer to the same real-world product? Entity 1: 'Cooler Master Cooler Master MasterLiquid ML120R ARGB AIO Cooler 129 AUD'. Entity 2: 'SanDisk SanDisk Extreme microSDHC 32GB 100/60 MB/s A1 V30 GoPro  0 nan'.,No
"Do the two product descriptions refer to the same real-world product? Entity 1: 'nan Western Digital My Passport 1TB 2,5"" USB 3.0 71.00 EUR'. Entity 2: 'nan Hard Disk Drive WD My Passport WDBYNN0010BRD, 1TB, USB 3.0, rosu  nan nan'.",No
Do the two product descriptions refer to the same real-world product? Entity 1: 'Razer RAZER MAMBA ELITE ERGONOMIC WIRED GAMING MOUSE 6649.00 INR'. Entity 2: 'nan Basilisk V2 Ergonomic Gaming Mouse  91.19 EUR'.,No
Do the two product descriptions refer to the same real-world product? Entity 1: 'nan Samsung 970 EVO Plus 2TB SSD 4590.00 SEK'. Entity 2: 'ASUS ASUS Prime X570-P ATX Motherboard - Socket AM4 - AMD X570 - USB 3.2 Gen 3  163.97 GBP'.,No
"Do the two product descriptions refer to the same real-world product? Entity 1: 'Maxxis Maxxis Maxxis, High Roller II, Tire, 29''x2.30, Folding, Tubeless Ready, Dual, EXO, 60TPI, Black 88.00 CAD'. Entity 2: 'Maxxis Maxxis High Roller II 29er Dual Compound Folding Tubeless Ready Mountain Bike  £54.99 GBP'.",Yes
Do the two product descriptions refer to the same real-world product? Entity 1: 'Kingston Kingston HyperX Fury 4GB DDR3 1600MHz CL10 Ram 248.51 TRY'. Entity 2: 'nan Daniel Wellington Classic Sheffield Rose 40mm -rannekello DW00100007  189 EUR'.,No
Do the two product descriptions refer to the same real-world product? Entity 1: 'nan Sony FE 24mm f/1.4 GM 1398.00 USD'. Entity 2: 'nan Sony Alpha SEL50F18F FE 50mm f/1.8  nan nan'.,No
"Do the two product descriptions refer to the same real-world product? Entity 1: 'RAM RAM 2.25\"" Ball with 2 U-Bolts (RAM-D-235U) 67.00 AUD'. Entity 2: 'RAM MOUNTS RAM Double U-Bolt Base with D Size 2.25\"" Ball for Rails from 0.75\"" to 1.25\"" in Diameter - RAM-D-235U  36.49 USD'.",Yes
Do the two product descriptions refer to the same real-world product? Entity 1: 'nan Ubiquiti Networks UVC-G3-LED security camera accessory 139.26 EUR'. Entity 2: 'nan Crucial 1x 8GB DDR3L 1600MHz ECC Unbuffered UDIMM RAM | Discount Computer Needs  269.00 AUD'.,No
Do the two product descriptions refer to the same real-world product? Entity 1: 'nan Crucial CT51264BD160BJ 4GB DDR3L-1600 UDIMM Memory Module 35.96 USD'. Entity 2: 'nan Crucial 4GB (1x4GB) 2666MHz DDR4 Memory  1.601E1 GBP'.,No
"Do the two product descriptions refer to the same real-world product? Entity 1: 'nan APC - USV APC SMT1000RMI2UCSMARTUPS 1000VA LCD RM 2U 230V SmartC 8288.75 NOK'. Entity 2: 'nan APC Smart-UPS SMT1000RMI2UC Noodstroomvoeding - 4x C13, USB, Rack Mountable, SmartConnect, 1000VA  751.00 EUR'.",Yes
Do the two product descriptions refer to the same real-world product? Entity 1: 'nan Samsung Portable SSD T5 - 2TB 3236.00 SEK'. Entity 2: 'Ubiquiti Ubiquiti UniFi Dual-Band WiFi PoE Access Point UAP-AC-HD - 5 Pack  1365.99 GBP'.,No
Do the two product descriptions refer to the same real-world product? Entity 1: 'nan Razer DeathAdder V2 mouse USB Type-A Right-hand 1388641.00 IDR'. Entity 2: 'Apple Apple AirPods with Wireless Charging Case (2nd Generation) - White  139.99 USD'.,No
"Do the two product descriptions refer to the same real-world product? Entity 1: 'LaCie LaCie Rugged USB 3.1C 4 TB 2,5'' STFS4000800 1176.11 PLN'. Entity 2: 'nan LaCie Mobile Drive 2,5"" 5 TB Moon Silver USB 3.1 Gen 2  199.00 EUR'.",No
Do the two product descriptions refer to the same real-world product? Entity 1: 'Dymo Genuine Dymo D1 Standard Label Cassette Tape 9mm x 7m - Black on White 17.86 AUD'. Entity 2: 'TP-Link TP-Link TL-WN725N Nano Wireless USB Adapter  682 EUR'.,No
Do the two product descriptions refer to the same real-world product? Entity 1: 'Atomos Atomos Coiled Full HDMI to Full HDMI Cable (30cm) - ATOMCAB010 29.00 nan'. Entity 2: 'nan Jabra Biz 2400 II Mono 3-1 NC IP 2486-820-209  189.00 USD'.,No
"Do the two product descriptions refer to the same real-world product? Entity 1: 'nan UBIQUITI - UVC G3 Bullet Camera, 3-pack 4715.00 NOK'. Entity 2: 'nan Seagate Lacie 2TB 2.5 Rugged Portable Thunderbolt Type C  R4 199,98 incl tax ZAR'.",No
"Do the two product descriptions refer to the same real-world product? Entity 1: 'nan AMD Ryzen 5 3400G Desktop Processor 4 Cores up to 4.2GHz 6MB Cache AM4 Socket (YD3400C5FHBOX) 13949.00 INR'. Entity 2: 'nan Pokémon TCG: Sword & Shield-Rebel Clash 3 Booster Packs, Coin & Rayquaza Promo Card  11.99 USD'.",No
Do the two product descriptions refer to the same real-world product? Entity 1: 'nan Kingston 256GB DataTraveler 100 G3 (USB 3.0) 1.8999E2 PLN'. Entity 2: 'Zotac ZOTAC GeForce RTX 2060 SUPER AMP! 8GB 256Bit GDDR6  4344.28 TRY'.,No
Do the two product descriptions refer to the same real-world product? Entity 1: 'Corsair Crystal Series 460X RGB Compact ATX Mid-Tower Case - CC-9011101-WW 178.56 USD'. Entity 2: 'sandisk SanDisk SDCZ60-064G-B35 Cruzer Glide USB Flash Drive USB 2.0 - 64 GB  14.99 GBP'.,No
"Do the two product descriptions refer to the same real-world product? Entity 1: 'nan Garmin fenix5S Sapphire Black Optic, Black band 9790.00 CZK'. Entity 2: 'nan Garmin fenix 5s Sapphire Black  649.99 EUR'.",Yes
"Do the two product descriptions refer to the same real-world product? Entity 1: 'Canon Canon EF 100mm F2.8 L IS USM Macro Lens 1399 AUD'. Entity 2: 'nan ASUS Scheda Madre ROG STRIX Z390-I GAMING Intel Z390  € 286,00 EUR'.",No
Do the two product descriptions refer to the same real-world product? Entity 1: 'Audio Technica Audio Technica ATH-M40x Professional Monitor Headphones 79.00 GBP'. Entity 2: 'nan Audio Technica ATH-M40x Professional Monitor Audiophile Headphones  229 NZD'.,Yes
Do the two product descriptions refer to the same real-world product? Entity 1: 'Brother Brother HL-L8360CDW Laser Printer 588.76 AUD'. Entity 2: 'Bosch Bosch KGN34NWEAG 60cm Frost Free Fridge Freezer  449.00 GBP'.,No
"Do the two product descriptions refer to the same real-world product? Entity 1: 'nan AAA Replica Omega Seamaster Planet Ocean 600M Chronograph Stainless Steel Blue Watch 215.30.46.51.03.001 nan nan'. Entity 2: 'Omega Seamaster Planet Ocean 600 M Omega Co-Axial Master Chronometer Chronograph 215.30.46.51.03.001  8,450.00 USD'.",Yes
Do the two product descriptions refer to the same real-world product? Entity 1: 'nan Catalyst 2960 Plus 48 10/100 + 1875.282618 EUR'. Entity 2: 'SanDisk SanDisk Extreme PRO SD UHS-II Card Reader/Writer  36.00 SGD'.,No
Do the two product descriptions refer to the same real-world product? Entity 1: 'nan Zebra TrueColours ix Series Monochrome - 1 - black - print ribbon 28.99 CAD'. Entity 2: 'nan Zebra 800015-101 Black Monochrome Ribbon - 1000 Prints  9.54 GBP'.,No
"Do the two product descriptions refer to the same real-world product? Entity 1: 'Western Digital Western Digital Blue SSD 250GB SATA M.2 2280 WDS250G2B0B 220.50 PLN'. Entity 2: 'nan Samsung 50\"" 4K UHD HDR QLED Smart TV (QN50Q60TAFXZC)  849.99 CAD'.",No
"Do the two product descriptions refer to the same real-world product? Entity 1: 'nan Switch D-Link - Web smart - switch - 24 porte - gestito dgs-1210-24 2.9698E2 EUR'. Entity 2: 'Logitech Logitech BRIO 4K Ultra HD webcam  €289,00 nan'.",No
"Do the two product descriptions refer to the same real-world product? Entity 1: 'nan SanDisk Ultra Flair 32GB USB 3.0 Pen Drive 613.6 INR'. Entity 2: 'nan Pen Drive SanDisk 16GB Cruzer Force USB 2.0  4,65 EUR'.",No
"Do the two product descriptions refer to the same real-world product? Entity 1: 'Epson Epson Tinte T6037 Light Black, 220 ml 97.10 EUR'. Entity 2: 'nan Fujifilm Fujinon XF 27mm f/2.8 black | 2 Years Warranty  347 EUR'.",No
Do the two product descriptions refer to the same real-world product? Entity 1: 'nan Manfrotto MVK500AM Fluid Video System 412.00 EUR'. Entity 2: 'nan Manfrotto MVH502AH Fluid Video Head with MT055XPRO3 Tripod  419.99 USD'.,No
"Do the two product descriptions refer to the same real-world product? Entity 1: 'nan Kingston Technology ValueRAM 4GB DDR3-1600 4GB DDR3 1600MHz memoria 26,21 € EUR'. Entity 2: 'nan MEMORIA DDR3 KINGSTON HYPERX FURY BLUE 4GB 1600MHZ  603.7 MXN'.",No
Do the two product descriptions refer to the same real-world product? Entity 1: 'nan LOGITECH Corded USB Headset H540 - USB - EMEA 0.001 nan'. Entity 2: 'Sigma Sigma Sigma 35mm F1.4 ART DG HSM - Nikon AF mount  899.99 USD'.,No
Do the two product descriptions refer to the same real-world product? Entity 1: 'nan Shimano PD-R550 SPD-SL Resin Pedal 120.99 NZD'. Entity 2: 'Shimano Shimano Shimano PD-R7000 105 SPD-SL PEDAL W/O REFLECTOR W/CLEAT  149.99 USD'.,No
"Do the two product descriptions refer to the same real-world product? Entity 1: 'Jabra Jabra Evolve 80 UC stereo SKype for Business € 230,35 EUR'. Entity 2: 'Garmin Garmin Fenix 5S Plus GPS Watch Silver with Black Band  529 GBP'.",No
"Do the two product descriptions refer to the same real-world product? Entity 1: 'Corsair Corsair Crystal Series 570X RGB ATX Mid-Tower Case Tempered Glass Black 293 AUD'. Entity 2: 'nan CORSAIR Crystal Series 570X RGB Tempered Glass,Premium ATX Mid-Tower Case, WHITE  282.99 CAD'.",No
"Do the two product descriptions refer to the same real-world product? Entity 1: 'nan Crucial MX500 250GB 2.5 SATA SSD 59.00 AUD'. Entity 2: 'Crucial Crucial MX500 250GB SATA 2.5-inch, SATA 6.0Gb/s 7mm Solid State Drive  44.988 GBP'.",Yes
Do the two product descriptions refer to the same real-world product? Entity 1: 'EPSON Epson Seahorse Multipack 6-kleur T0487 189 EUR'. Entity 2: 'TP-Link TP-Link EAP225 Outdoor Access Point  949 SEK'.,No
Do the two product descriptions refer to the same real-world product? Entity 1: 'nan Wireless TP-LINK Wireless Lan TL-WN781ND 9.91 EUR'. Entity 2: 'TP-Link Access Point TP-Link 450MBPS TL-WA901ND Wireless  0.0 BRL'.,No
Do the two product descriptions refer to the same real-world product? Entity 1: 'nan Canon EF-S 55-250 f4-5.6 IS STM 309.00 nan'. Entity 2: 'nan Epson - Ink Cartridge Black 10K  3905.00 CZK'.,No
Do the two product descriptions refer to the same real-world product? Entity 1: 'nan FUJIFILM Aspherical Super EBC XF 80mm f/2.8 R LM OIS WR Macro Lens 1199.95 USD'. Entity 2: 'Audio-Technica Casti Hi-Fi Audio-Technica ATH-AD500X  599 RON'.,No
"Do the two product descriptions refer to the same real-world product? Entity 1: 'RAM RAM 2.25\"" Ball with 2 U-Bolts (RAM-D-235U) 67.00 AUD'. Entity 2: 'RAM RAM 3.3\"" DIA. SUCT CUP W 1\"" BALL  23.80 EUR'.",No
Do the two product descriptions refer to the same real-world product? Entity 1: 'Kingston Kingston StorageDataTraveler SEG G2 64GB USB 3.0 Metal 25.95 EUR'. Entity 2: 'Western Digital Western Digital WD My Passport Portable HDD 4TB Black  179 AUD'.,No
Do the two product descriptions refer to the same real-world product? Entity 1: 'FUJIFILM Fujifilm Instax Mini Film (Monochrome 10's) 39.0 MYR'. Entity 2: 'nan Fujifilm Instax mini Rainbow film 10 pack  149.95 ZAR'.,No
Do the two product descriptions refer to the same real-world product? Entity 1: 'Gigabyte Gigabyte GeForce GTX 1650 Super OC 159.99 USD'. Entity 2: 'nan Omega Seamaster Planet Ocean Automatic Chronograph Two-Tone Rubber Watch 215.32.46.51.01.001  6.15425E3 USD'.,No
Do the two product descriptions refer to the same real-world product? Entity 1: 'nan Hikvision MP Outdoor IR DS-2DE5225IW-AE 846.00 USD'. Entity 2: 'LINOVISION DS-1273ZJ-140 Outdoor Indoor Wall Mount Bracket for Hikvision Dome Camera  31.99 USD'.,No
Do the two product descriptions refer to the same real-world product? Entity 1: 'nan Asus PRIME B450-PLUS(PRIME B450-PLUS) 32585 HUF'. Entity 2: 'nan Ilford FP4 Plus 125 120  12.9 NZD'.,No
"Do the two product descriptions refer to the same real-world product? Entity 1: 'Sandisk USB STICK SANDISK CRUZER GLIDE 32GB 16.08 EUR'. Entity 2: 'nan SANDISK FLASH CRUZER GLIDE 64GB  178,01zł PLN'.",No
Do the two product descriptions refer to the same real-world product? Entity 1: 'Sigma Sigma 50mm F1.4 Art DG HSM Nikon Mount Lens 1249 AUD'. Entity 2: 'Shimano Dura-Ace 9100 11-Speed Cassette 11-25T  199 GBP'.,No
Do the two product descriptions refer to the same real-world product? Entity 1: 'nan Xerox Phaser 7760 Yellow Toner 106R01162 683.65 CAD'. Entity 2: 'nan Obiectiv foto CANON EF-S 10-18mm f/4.5-5.6 IS STM  nan nan'.,No
Do the two product descriptions refer to the same real-world product? Entity 1: 'nan Shimano R550 SPD-SL Pedals - Black 99.0 AUD'. Entity 2: 'nan WS-C2960X-24TD-L Cisco Catalyst 2960X Network Switch (New)  6.77E2 USD'.,No
Do the two product descriptions refer to the same real-world product? Entity 1: 'Samsung Samsung Portable SSD T7 Touch 2TB - Zwart 429.00 EUR'. Entity 2: 'nan Samsung Portable SSD T7 Touch - Black - 2TB  3076.00 DKK'.,Yes
Do the two product descriptions refer to the same real-world product? Entity 1: 'nan LOGITECH Logitech USB Headset H390 90.90 BGN'. Entity 2: 'Logitech Diadema Logitech H390 USB Computer ...  149000.00 COP'.,Yes
"Do the two product descriptions refer to the same real-world product? Entity 1: 'nan Sandisk Ixpand 64GB USB3.0 Flash Drive for Iphone, Ipad 31.99 GBP'. Entity 2: 'nan Genuine SanDiskiXpand Flash Drive 64GB - iPhone lightning connector  nan nan'.",Yes
Do the two product descriptions refer to the same real-world product? Entity 1: 'nan WD My Passport 4TB USB 3.0 + Etui 459 PLN'. Entity 2: 'GN Netcom Jabra EVOLVE 20 Wired Stereo Headset - Over-the-head - Supra-aural  35.93 GBP'.,No
Do the two product descriptions refer to the same real-world product? Entity 1: 'nan Toner Original Oki Ciano (44844507) 234.55 EUR'. Entity 2: 'nan TAG Heuer Automatic Chronograph Watch CBG2A1Z.BA0658  6550 USD'.,No
Do the two product descriptions refer to the same real-world product? Entity 1: 'Traveler's Company Traveler's Company 002. GRID REFILL MIDORI TRAVELER'S NOTEBOOK 3.50 GBP'. Entity 2: 'nan Xerox 106R01162 OEM Toner Cartridge For Phaser 7760 Yellow - 25K  651.95 CAD'.,No
Do the two product descriptions refer to the same real-world product? Entity 1: 'nan CORSAIR 275R (ATX) MID TOWER CABINET - WITH TEMPERED GLASS SIDE PANEL (WHITE) CC-9011133-WW 8050 INR'. Entity 2: 'Corsair Corsair 110R Tempered Glass Mid-Tower ATX Case  51.97 GBP'.,No
Do the two product descriptions refer to the same real-world product? Entity 1: 'nan Fujifilm XF-56mm f1.2 APD 999.00 nan'. Entity 2: 'Fujifilm Fujifilm FUJINON XF-56mm f1.2  879.00 GBP'.,No
Do the two product descriptions refer to the same real-world product? Entity 1: 'nan HDD 35 4TB Seagate IronWolf Pro NAS ST4000NE001 154.10 nan'. Entity 2: 'nan Seagate IronWolf PRO 16TB NAS Professional  3914.00 DKK'.,No
Do the two product descriptions refer to the same real-world product? Entity 1: 'nan Xerox 106R01162 OEM Toner Cartridge For Phaser 7760 Yellow - 25K 651.95 CAD'. Entity 2: 'Pokemon Pokemon Pokemon: Darkness Ablaze Bstr  4.00 USD'.,No
Do the two product descriptions refer to the same real-world product? Entity 1: 'nan MANFROTTO trpied alu Befree Advanced 2.0 MKBFRLA4BK-BH 169.90 EUR'. Entity 2: 'AMD AMD Ryzen 5 2600X - 4.25 GHz - 6-core - 12 threads - 19 MB cache - Socket AM4 - Box  296.39 EUR'.,No
Do the two product descriptions refer to the same real-world product? Entity 1: 'Corsair CORSAIR Vengeance RGB Pro 16GB (2 x 8GB) 288-Pin DDR4 DRAM DDR4 3000 (PC4 24000) Desktop Memory Model CMW16GX4M2C3000C15W 83.99 USD'. Entity 2: 'Corsair Corsair Value Select 8GB PC4-17000 - 8 GB - 1 x 8 GB - DDR4 - 2133 MHz - 288-pin DIMM  37.71 EUR'.,No
"Do the two product descriptions refer to the same real-world product? Entity 1: 'nan 0884B001 | Canon PFI-101 | Original Canon Ink Cartridge - Cyan nan nan'. Entity 2: 'nan Pokémon TCG: Sword & Shield-Rebel Clash 3 Booster Packs, Coin & Rayquaza Promo Card  11.99 USD'.",No
Do the two product descriptions refer to the same real-world product? Entity 1: 'nan TP Link AC1350 Wireless Dual Band Cable Router - White | ARCHER C60 54.99 EUR'. Entity 2: 'AMD YD150XBBAEBOX AMD Ryzen 5 1500X Quad Core 3.50GHz 16MB L3 Cache Socket AM4 Processor. New Retail Factory Sealed With Full Manufacturer Warranty.  220 USD'.,No
Do the two product descriptions refer to the same real-world product? Entity 1: 'nan DJI Accessory CP.PT.000562 Mavic Part 6 Car Charger Retail 65.00 USD'. Entity 2: 'nan DJI Drone Accessory CP.PT.00000120.01 Mavic Air Part 4 Car Charger Retail  65.00 USD'.,No
Do the two product descriptions refer to the same real-world product? Entity 1: 'SRAM SRAM Cassette Sram PG 1130 11 vitesses 11-36 115.99 CAD'. Entity 2: 'nan Sram PG 1130 11sp cassette 11-36T  129.99 CAD'.,Yes
"Do the two product descriptions refer to the same real-world product? Entity 1: 'nan TISSOT SEASTAR 1000 CHRONOGRAPH T120.417.17.041.00 (T120.417.17.041.00) 445.50 EUR'. Entity 2: 'nan Blaze Grill Cart for 40\"" Gas Grill  635.00 USD'.",No
Do the two product descriptions refer to the same real-world product? Entity 1: 'nan Jabra Biz 2300 USB UC Duo Headset 2399-829-109 103.80 GBP'. Entity 2: 'Jabra Jabra BIZ2300 2399-823-109 DUO USB Headset MS  160.0 USD'.,No
"Do the two product descriptions refer to the same real-world product? Entity 1: 'Canon Canon PG-545 Black Original Ink Cartridge, E Zezë 2600 ALL'. Entity 2: 'nan Asus ROG STRIX B550-E GAMING AM4 ATX Motherboard  409.00 AUD'.",No
"Do the two product descriptions refer to the same real-world product? Entity 1: 'iiyama iiyama Prolite 27\"" XUB2792QSU-B1 WQHD IPS Monitor Tilt/Swivel/Pivot 254.48 GBP'. Entity 2: 'nan Monitor 27 SW271 LED 5ms/QHD/IPS/HDMI/DP/USB  5697.05 PLN'.",No
Do the two product descriptions refer to the same real-world product? Entity 1: 'nan APC APCrbc110 Replacement Battery Cartridge #110 67.94 USD'. Entity 2: 'nan APC Replacement Battery Cartridge #133 (APCRBC133)  29910 RUB'.,No
Do the two product descriptions refer to the same real-world product? Entity 1: 'nan WD 1TB Blue SN550 NVME M.2 SSD (WDS100T2B0C) (Warranty 5years with WD SG) 208.00 SGD'. Entity 2: 'nan 3M - Privacy filter PF19 |30.2 cm x 37.7 cm|  1229.91 SEK'.,No
"Do the two product descriptions refer to the same real-world product? Entity 1: 'nan Canon PFI-101C Ink, 130 ml - Cyan 77.90 USD'. Entity 2: 'nan Ceas Garmin Garmin fenix5S Plus Silver, Black Band  2132 RON'.",No
"Do the two product descriptions refer to the same real-world product? Entity 1: 'nan Asus PRIME B450-PLUS AM4 DDR4 ATX Motherboard 84.99 GBP'. Entity 2: 'Asus Motherboard Asus TUF B450M-PLUS GAMING, AM4, USB 3.1, SATA 6GB/S  102.00 EUR'.",No
Do the two product descriptions refer to the same real-world product? Entity 1: 'nan Gigabyte GTX 1650 SUPER OC 4G 3690 EGP'. Entity 2: 'Gigabyte Gigabyte GeForce GTX 1650 Super OC  159.99 USD'.,Yes
"Do the two product descriptions refer to the same real-world product? Entity 1: 'nan 3M - PF230W9F EYE PROTECTION FILTER DESKTOPS FRAME STANDARD 23.0 ACCS 1737.50 DKK'. Entity 2: 'nan 3M - PF19 PRIVACY FILTER BLACK FOR 19,0IN / 48,3 CM / 5:4IN ACCS  nan nan'.",No
Do the two product descriptions refer to the same real-world product? Entity 1: 'MikroTik Cloud Core Router CCR1036-12G-4S-EM 1148.65 USD'. Entity 2: 'nan Cooler Master MasterBox TD500 Mesh Triple ARGB Full Tower Gaming Cabinet with Dual 360mm Radiator Support and Crystalline Tempered Glass  8799.00 INR'.,No
"Do the two product descriptions refer to the same real-world product? Entity 1: 'Cisco WS-C2960L-16TS-LL: Cisco Catalyst WS-C2960L-16TS-LL 580.00 USD'. Entity 2: 'nan WS-C2960L-16TS-LLCatalyst 2960L 16 port GigE, 2 x 1G SFP, LAN Lite  476.80 CHF'.",Yes
Do the two product descriptions refer to the same real-world product? Entity 1: 'nan WD My Passport 4TB USB 3.0 + Etui 459 PLN'. Entity 2: 'nan WD HDD 4TB My Passport Black  338.40 BAM'.,Yes
Do the two product descriptions refer to the same real-world product? Entity 1: 'nan Ubiquiti UniFi Video Camera G3 FLEX 3-Pack UVC-G3-FLEX-3 Ubiquiti 200.00 EUR'. Entity 2: 'Brother Brother HL-L5200DW Laser Printer  313.9 AUD'.,No
"Do the two product descriptions refer to the same real-world product? Entity 1: 'nan Headset Audio-Technica ATH-M50X 146.95 EUR'. Entity 2: 'Cisco Cisco Catalyst 2960-X | WS-C2960X-24TD-L Catalyst 2960X 24 port 10/100/1000, 2 x 10G SFP+, LAN Base  66720 THB'.",No
Do the two product descriptions refer to the same real-world product? Entity 1: 'Corsair Crystal Series 460X RGB Compact ATX Mid-Tower Case - CC-9011101-WW 178.56 USD'. Entity 2: 'nan Corsair Crystal 460X RGB ATX Mid Tower Case - Black  929.00 QAR'.,Yes
Do the two product descriptions refer to the same real-world product? Entity 1: 'nan Samsung PORTABLE SSD T7 Touch 1TB Mobile External Solid State 1.8331E2 GBP'. Entity 2: 'Samsung Samsung Portable SSD T7 Touch 1TB - Zilver  249.00 EUR'.,No
Do the two product descriptions refer to the same real-world product? Entity 1: 'nan DJI Mavic 2 Car Charger 69.99 USD'. Entity 2: 'nan DJI Drone Accessory CP.PT.00000120.01 Mavic Air Part 4 Car Charger Retail  65.00 USD'.,No
Do the two product descriptions refer to the same real-world product? Entity 1: 'nan Dron DJI Mavic 2 Pro 53599.00 MXN'. Entity 2: 'nan Šilterica New Era Clean Trucker Chicago Bulls Cap  1.941E2 HRK'.,No
Do the two product descriptions refer to the same real-world product? Entity 1: 'Cooler Master Cooler Master Hyper H411R CPU Cooler RR-H411-20PW-R1 | PCByte 35.0 AUD'. Entity 2: 'nan Disco SSD Crucial BX500 120GB 3D TLC SATA III  28.66 EUR'.,No
"Do the two product descriptions refer to the same real-world product? Entity 1: 'nan TUF GAMING X570-PLUS Desktop Motherboard - AMD Chipset - Socket AM4 181.69 USD'. Entity 2: 'nan ASUS Scheda Madre TUF GAMING X570-PLUS AMD  € 259,00 EUR'.",Yes
"Do the two product descriptions refer to the same real-world product? Entity 1: 'Samsung Samsung 970 EVO MZ-V7E1T0BW - Solid state drive - krypterat - 1 TB - inbyggd - M.2 2280 - PCI Express 3.0 x4 (NVMe) - 256 bitars AES - TCG Opal Encryption 2.0 1682 SEK'. Entity 2: 'SAMSUNG SAMSUNG 970 EVO PLUS M.2 2280 500GB PCIe Gen 3.0 x4, NVMe 1.3 V-NAND 3-bit MLC Internal Solid State Drive (SSD) MZ-V7S500B/AM  89.99 USD'.",No
"Do the two product descriptions refer to the same real-world product? Entity 1: 'nan 3M - PF19 PRIVACY FILTER BLACK FOR 19,0IN / 48,3 CM / 5:4IN ACCS nan nan'. Entity 2: 'nan 3M - PF27.0W9 PRIVACY FILTER BLACK FOR 27,0IN / 68,6 CM / 16:9IN ACCS  1663.75 DKK'.",No
Do the two product descriptions refer to the same real-world product? Entity 1: 'FujiFilm Fujinon Lens XF 23mm F1.4 R 1319 AUD'. Entity 2: 'nan RAM Double Socket Arm MC201C LONG  2.899E1 GBP'.,No
Do the two product descriptions refer to the same real-world product? Entity 1: 'nan Ubiquiti UniFi AC Pro 5-pack UAP-AC-PRO-5 Ubiquiti 561.00 EUR'. Entity 2: 'Ubiquiti Ubiquiti UniFi Dual-Band WiFi PoE Access Point UAP-AC-HD - 5 Pack  1365.99 GBP'.,No
Do the two product descriptions refer to the same real-world product? Entity 1: 'nan FUJIFILM XF 8-16mm f/2.8 R LM WR Lens 1999.95 USD'. Entity 2: 'nan 4GB DDR3-1866MHz Kingston HyperX Fury Black  564.00 CZK'.,No
Do the two product descriptions refer to the same real-world product? Entity 1: 'nan Gigabyte GeForce RTX 2060 SUPER 8GB Aorus 5436.00 SEK'. Entity 2: 'nan Gigabyte Nvidia RTX 2060 SUPER Aorus OC 8Gb GDDR6  469 EUR'.,Yes
Do the two product descriptions refer to the same real-world product? Entity 1: 'nan TISSOT T091.420.46.051.01 T-TOUCH Expert Solar 26170.00 CZK'. Entity 2: 'Kingston HyperX Predator 16GB - PC4-26600 - DIMM  109.00 EUR'.,No
Do the two product descriptions refer to the same real-world product? Entity 1: 'Canon Canon EF-S 18-135/3.5-5.6 IS USM 5818 SEK'. Entity 2: 'nan Elixir Phosphor Acoustic Strings - Extra Light  22.99 CAD'.,No
"Do the two product descriptions refer to the same real-world product? Entity 1: 'nan Evans 14\"" TT14EC2S Clear Drum Head 18.99 USD'. Entity 2: 'nan Evans 8\"" TT08EC2S Clear Drum Head  14.99 USD'.",No
Do the two product descriptions refer to the same real-world product? Entity 1: 'nan OMEGA SEAMASTER DIVER 300 210.20.42.20.03.002 13900.00 CAD'. Entity 2: 'G.Skill Memoire DDR4 G.Skill Trident Z F4-3600C16D-16GTZNC  156.99 EUR'.,No
"Do the two product descriptions refer to the same real-world product? Entity 1: 'nan UBIQUITI - UVC G3 Bullet Camera, 3-pack 4715.00 NOK'. Entity 2: 'Ubiquiti Networks (UBNT) Ubiquiti UniFi G3 Bullet Video Camera  167.42 GBP'.",No
Do the two product descriptions refer to the same real-world product? Entity 1: 'nan ASUS GeForce RTX 2080 SUPER 8GB DUAL OC EVO 9596.00 SEK'. Entity 2: 'nan ASUS GeForce GTX 1660 SUPER DUAL EVO OC  1989.00 DKK'.,No
Do the two product descriptions refer to the same real-world product? Entity 1: 'nan Western Digital My Book 3 To - Noir 124.99 EUR'. Entity 2: 'nan Gigabyte Radeon RX 5500 XT OC 4GB GDDR6  859 PLN'.,No
"Do the two product descriptions refer to the same real-world product? Entity 1: 'nan Western Digital 2.5\"" Red 1To SATA 6 nan nan'. Entity 2: 'nan Western Digital WD10JFCX RED 1000 GB SATA3 1TB  74.05 EUR'.",Yes
Do the two product descriptions refer to the same real-world product? Entity 1: 'nan INTEL CPU 10TH GEN COMET LAKE I7-10700KF 3.80GHZ LGA1200 16.00MB CACHE BOXED 476.90 EUR'. Entity 2: 'SanDisk SanDisk Ultra SDXC Memory Card 100MBs Class 10 UHS-I 256GB  52.59 GBP'.,No
Do the two product descriptions refer to the same real-world product? Entity 1: 'nan FUJIFILM Super EBC XF 23mm f/2 R WR Lens - Black 449.95 USD'. Entity 2: 'nan Fujifilm Fujinon XF 27mm f/2.8 black | 2 Years Warranty  347 EUR'.,Yes
Do the two product descriptions refer to the same real-world product? Entity 1: 'nan SANDISK EXTREME PRO SDXC 256GB 170MB/S C10 U3 3.1999E2 NZD'. Entity 2: 'nan Ubiquiti UniFi AP AC Mesh PRO 802.11ac Dual Radio Indoor/Outdoor access point - 1750Mbps 5 pack no PoE  1661.79 AUD'.,No
"Do the two product descriptions refer to the same real-world product? Entity 1: 'nan Maxxis High Roller II Tire - 27.5 x 2.4, Tubeless, Folding, Black, 3C Maxx Terra, EXO 68.00 USD'. Entity 2: 'nan Maxxis Assegai Tire - 27.5 x 2.5, Folding, Tubeless, Black, 3C Maxx Terra, EXO+, Wide Trail  80.00 USD'.",No
Do the two product descriptions refer to the same real-world product? Entity 1: 'nan HyperX 16GB (1x16GB) 3200MHz CL16 Fury 345 PLN'. Entity 2: 'nan HyperX FURY Blue 4GB (1x4GB) 1600MHz DDR3 Memory  2.134E1 GBP'.,No
"Do the two product descriptions refer to the same real-world product? Entity 1: 'nan Epson T6923 Ultrachrome XD rautt Ink 110ml 16371 ISK'. Entity 2: 'Epson Epson Tinte T6935 Matt Black UltraChrome, 350 ml  134.10 EUR'.",No
Do the two product descriptions refer to the same real-world product? Entity 1: 'Crucial Crucial 8GB DDR3 1600MHz CT102464BF160B Notebook Ram 414.14 TRY'. Entity 2: 'Brother Brother HL-L6200DW Business Laser Printer  229.99 USD'.,No
Do the two product descriptions refer to the same real-world product? Entity 1: 'nan Corsair Vengeance LPX 32GB (2x16GB) DDR4 2666MHz(CMK32GX4M2A2666C16) 35470 HUF'. Entity 2: 'nan Corsair Vengeance LPX CMK8GX4M1A2666C16 8GB (1x8GB) 2666Mhz DDR4  59.00 AUD'.,No
Do the two product descriptions refer to the same real-world product? Entity 1: 'Corsair Corsair ML140 PRO RGB LED 140MM PWM Premium Magnetic Levitation Fan - Single Pack 32.98 GBP'. Entity 2: 'ASUS ASUS NVIDIA GeForce RTX 2060 SUPER 8GB TURBO EVO Turing Graphics Card  99999.99 GBP'.,No
Do the two product descriptions refer to the same real-world product? Entity 1: 'Kingston KINGSTON 8GB 1600MHz DDR3 CL10 DIMM (Kit of 2) HyperX Fury Series 41.65 EUR'. Entity 2: 'nan HyperX FURY - DDR3 - 8 GB: 2 x 4 GB - DIMM 240-pin - unbuffered  115.99 CAD'.,No
Do the two product descriptions refer to the same real-world product? Entity 1: 'Nintendo PKM - Pokémon - Sword & Shield - Rebel Clash Booster 4.5 EUR'. Entity 2: 'DJI Mavic 2 Part11 Car Charger  1248 ZAR'.,No
Do the two product descriptions refer to the same real-world product? Entity 1: 'SRAM SRAM Disc Brake Pad Organic Hrd 1390.0 INR'. Entity 2: 'SRAM SRAM Disc Brake Pad Set Organic Compound  24.99 USD'.,No
Do the two product descriptions refer to the same real-world product? Entity 1: 'Kingston KINGSTON 8GB 1600MHz DDR3 CL10 DIMM (Kit of 2) HyperX Fury Series 41.65 EUR'. Entity 2: 'Crucial Crucial 8GB (1x8GB) DDR3 1600MHz SODIMM  65 AUD'.,No
Do the two product descriptions refer to the same real-world product? Entity 1: 'nan APPLE - Airpods With Charging Case 2632.10 DKK'. Entity 2: 'nan APPLE - AIRPODS WITH WIRELESS CHARGING CASE IN  3940.00 SEK'.,No
Do the two product descriptions refer to the same real-world product? Entity 1: 'Intel Intel Core i7-8700K Coffee Lake 6-Core 3.7 GHz (4.7 GHz Turbo) LGA 1151 (300 Series) 95W BX80684I78700K Desktop Processor Intel UHD Graphics 630 489.96 CAD'. Entity 2: 'nan DS-7208HUHI-K2-P Hikvision 8 Channel 5MP / 1080P HD-TVI Hybrid DVR with Power over Coax (PoC / Turbo4.0)  nan nan'.,No
"Do the two product descriptions refer to the same real-world product? Entity 1: 'Intel Intel Core i3-8300 (Coffee Lake) 3.7 GHz, LGA1151, Intel UHD 630, 8MB, 14nm, 62W, Box nan nan'. Entity 2: 'nan Intel Core i3 8300 Quad Core 3.7GHz Processor  nan nan'.",Yes
Do the two product descriptions refer to the same real-world product? Entity 1: 'nan GENUINE Dymo 24mm x 7m Black on Yellow Label Tape Roll SD53718 30.14 AUD'. Entity 2: 'nan Cooler Master MasterBox TD500 Mesh Triple ARGB Full Tower Gaming Cabinet with Dual 360mm Radiator Support and Crystalline Tempered Glass  8799.00 INR'.,No
"Do the two product descriptions refer to the same real-world product? Entity 1: 'nan Canon PFI 107C Ink Cartridge Cyan 0.00 AUD'. Entity 2: 'nan Canon PFI-101C Ink, 130 ml - Cyan  77.90 USD'.",No
Do the two product descriptions refer to the same real-world product? Entity 1: 'nan TP-Link Archer T9UH Wireless AC1900 USB Adapter 99.00 AUD'. Entity 2: 'nan WD HDD 4TB My Passport Black  338.40 BAM'.,No
"Do the two product descriptions refer to the same real-world product? Entity 1: 'nan RAM Long Length Double Socket Arm for 1.5\"" Balls 7.395E1 AUD'. Entity 2: 'Jabra Jabra EVOLVE 65 UC Mono Bluetooth Headset  189 USD'.",No
"Do the two product descriptions refer to the same real-world product? Entity 1: 'nan 0000010490| Samyang 24mm F1.4 Nikon AE Full Frame Lens 1,049.00 AUD'. Entity 2: 'nan Cooler master ventola master liquid ML120R rgb lga 775>2066 amd AM2>FM1  97.54 EUR'.",No
"Do the two product descriptions refer to the same real-world product? Entity 1: 'nan 34\"" Blaze 3 Pro Cart 1,099.99 USD'. Entity 2: 'nan Blaze Cart For Professional 3-Burner Grill, Cart Only  1.09999E3 USD'.",Yes
Do the two product descriptions refer to the same real-world product? Entity 1: 'nan ASUS Radeon RX 5500 XT ROG Strix OC 8GB -Demo 0 NOK'. Entity 2: 'nan Asus Radeon ROG Strix RX5500 XT 8gb Gddr6 Version OC  6290 MXN'.,Yes
Do the two product descriptions refer to the same real-world product? Entity 1: 'Bosch Bosch KGN34NWEAG 60cm Frost Free Fridge Freezer 449.00 GBP'. Entity 2: 'nan Bosch KGN34NWEAG Free-standing fridge-freezer  489.00 GBP'.,Yes
Do the two product descriptions refer to the same real-world product? Entity 1: 'nan Logitech 3.5 mm Analog Stereo Headset H151 with Boom Microphone - Black 966 ZAR'. Entity 2: 'nan Logitech H151 Single Pin Stereo Headset - Black  4.899E1 NZD'.,Yes
"Do the two product descriptions refer to the same real-world product? Entity 1: 'nan Nikon AF-S NIKKOR FX 50mm F1.8G Lens 1.9695E2 USD'. Entity 2: 'nan Sandisk Ixpand 64GB USB3.0 Flash Drive for Iphone, Ipad  31.99 GBP'.",No
"Do the two product descriptions refer to the same real-world product? Entity 1: 'nan Western Digital My Book Micro-USB B 3.0 (3.1 Gen 1) 3000GB N 143.443635 EUR'. Entity 2: 'nan Western Digital My Passport 1TB 2,5"" USB 3.0  71.00 EUR'.",No
"Do the two product descriptions refer to the same real-world product? Entity 1: 'RAM Mounts RAM Torque 28mm-38mm Handlebar & Rail Base 1.5\"" Ball 41.95 AUD'. Entity 2: 'Gigabyte Gigabyte NVIDIA GeForce GTX 1650 4GB D6 OC Turing Graphics Card  148.99 GBP'.",No
"Do the two product descriptions refer to the same real-world product? Entity 1: 'nan Life Extension Super Ubiquinol COQ10 with Enhanced Mitochondrial Support 100 mg, 60 Count 46.50 USD'. Entity 2: 'SanDisk SanDisk Extreme microSDHC 32GB 100/60 MB/s A1 V30 GoPro  0 nan'.",No
"Do the two product descriptions refer to the same real-world product? Entity 1: 'nan TRAVELERS REFILL KRAFT PAPER NOTEBOOK 14365006-014 4.87603 EUR'. Entity 2: 'nan Sandisk Extreme Pro 64GB CFast 2.0  4,660.00 ZAR'.",No
Do the two product descriptions refer to the same real-world product? Entity 1: 'EPSON Cartucho tinta negro l epson t7031 - 24ml - big ben - para wp-4595 dnf/dtwf/ 4535dwf / 4525dnf / 4515dn / 4095dn / 4025dw / 36.5 EUR'. Entity 2: 'Epson Epson Blekk Svart T7031 L - WP4000/4500  445 NOK'.,Yes
Do the two product descriptions refer to the same real-world product? Entity 1: 'Corsair Corsair Crystal Series 570X RGB CC-9011098-WW Steel / Tempered Glass ATX Mid Tower Case 179.99 USD'. Entity 2: 'Corsair Crystal Series 460X RGB Compact ATX Mid-Tower Case - CC-9011101-WW  178.56 USD'.,No
Do the two product descriptions refer to the same real-world product? Entity 1: 'nan Epson Ink Cartridge - Matte Black 700ml 262.17 GBP'. Entity 2: 'nan Johnnie Walker - Blue Label 70cl  152.89 EUR'.,No
Do the two product descriptions refer to the same real-world product? Entity 1: 'nan SMSH11 SPDSL CLEAT SET FLOATING MODE YELLOW 4.0E1 NZD'. Entity 2: 'Cooler Master Cooler Master N300 Mesh ATX Case Black NSE-300-KKN1 | PCByte  79.0 AUD'.,No
"Do the two product descriptions refer to the same real-world product? Entity 1: 'nan Swiss Military Hanowa FLAGSHIP 06-5161.2.04.007 Herrenuhr 378,00 лв BGN'. Entity 2: 'nan Epson S050189 toner ciano ACULA.C1100 4k  147.54 EUR'.",No
"Do the two product descriptions refer to the same real-world product? Entity 1: 'RAM Mounts RAM Motorcycle Brake/Clutch Reservoir & Handlebar Ball Base / B Size / RAM-B-309-7U 27.00 EUR'. Entity 2: 'RAM Mounts RAM Motorcycle Combination Base for Handlebar or Brake/Clutch Reservoir with 1\"" ...  $27.00 CAD'.",Yes
"Do the two product descriptions refer to the same real-world product? Entity 1: 'nan Jabra BIZ 2400 II Duo - Mic. 82 NC, Wideband 400.00 AUD'. Entity 2: 'nan BIZ 2400 II Duo IP Flex  191.04 EUR'.",Yes
Do the two product descriptions refer to the same real-world product? Entity 1: 'nan Maxxis Tire Assegai 3C MAXXTERRA/EXO+/TR Foldable 27.5x2.50WT nan nan'. Entity 2: 'nan APC Smart-UPS SRT 10000VA SRT10KXLI  19500.00 AED'.,No
Do the two product descriptions refer to the same real-world product? Entity 1: 'nan Samsung Portable SSD T5 - 2TB 3236.00 SEK'. Entity 2: 'Epson Epson T7551 XL Black High Yield Ink Cartridge C13T755140 / T7551 EP53959  67.32 GBP'.,No
Do the two product descriptions refer to the same real-world product? Entity 1: 'Hydro Flask Hydro Flask 32oz Wide Mouth Flex Cap Hibiscus 44.95 USD'. Entity 2: 'HYDRO FLASK HYDRO FLASK HYDRO FLASK 32OZ WIDE MOUTH BOTTLE-BLACK  44.95 USD'.,No
Do the two product descriptions refer to the same real-world product? Entity 1: 'HIKVISION 8CH HIKVISION 4MP DVR HDMI TURBO 1080P DS-7208HQHI-K1 0.00 GBP'. Entity 2: 'nan HIKVISION DS-7216HUHI-K2 (Turbo HD 4.0) 8MP/5MP/4MP  1363.00 AED'.,No
Do the two product descriptions refer to the same real-world product? Entity 1: 'Dymo Dymo 53713 Black On White - 24mm 15.14 GBP'. Entity 2: 'nan Epson Stylus Pro 9880 Black Photo Ink  93.88 GBP'.,No
"Do the two product descriptions refer to the same real-world product? Entity 1: 'nan Zebra Black Monochrome Ribbon 800033-801 - 1000 Prints 11.40 GBP'. Entity 2: 'Epson Epson S050189 Cyan, High Capacity Toner Cartridge  107.51 USD'.",No
"Do the two product descriptions refer to the same real-world product? Entity 1: 'nan Corsair ML120 Pro LED, Red, 120mm Premium Magnetic Levitation Fan 72.40 AUD'. Entity 2: 'Seiko Seiko Mens Presage Automatic Blue Date Dial Stainless Steel Bracelet Watch SRPD41J1  428.00 GBP'.",No
"Do the two product descriptions refer to the same real-world product? Entity 1: 'nan 3M - Privacy filter framed lightweight 18,1\""\""-20\""\"" widescreen 1686.00 SEK'. Entity 2: 'nan ASUS Radeon RX 5700 XT TUF OC 8GB GDDR6  1899 PLN'.",No
"Do the two product descriptions refer to the same real-world product? Entity 1: 'nan Ubiquiti UniFi Video Camera G3 MICRO € 210,– EUR'. Entity 2: 'Ubiquiti Networks (UBNT) Ubiquiti UniFi G3 Bullet Video Camera  167.42 GBP'.",No
"Do the two product descriptions refer to the same real-world product? Entity 1: 'nan Crucial 2TB MX500 2.5"" 7mm SATA 6Gb/s SSD 206.46 GBP'. Entity 2: 'nan Crucial 500GB MX500 M.2 2880 SATA 6Gb/s SSD  54.39 GBP'.",No
Do the two product descriptions refer to the same real-world product? Entity 1: 'nan TAG HEUER MONACO AUTOMATIC CHRONOGRAPH 5.9E3 USD'. Entity 2: 'DJI Mavic 2 Part11 Car Charger  1248 ZAR'.,No
Do the two product descriptions refer to the same real-world product? Entity 1: 'Omega OMEGA Seamaster Planet Ocean Chronograph Steel 18900.000001 AED'. Entity 2: 'nan Omega Seamaster Planet Ocean Automatic Chronograph Stainless Steel Watch 232.30.46.51.01.002  7.15799E3 USD'.,Yes
"Do the two product descriptions refer to the same real-world product? Entity 1: 'RAM MOUNTS RAM Double U-Bolt Base with D Size 2.25\"" Ball for Rails from 0.75\"" to 1.25\"" in Diameter - RAM-D-235U 36.49 USD'. Entity 2: 'SanDisk SanDisk Ultra SDXC Memory Card 100MBs Class 10 UHS-I 256GB  52.59 GBP'.",No
Do the two product descriptions refer to the same real-world product? Entity 1: 'nan LOGITECH | G402 Hyperion Fury FPS Gaming Mouse | 910-004068 199 QAR'. Entity 2: 'Samsung Samsung Portable SSD T7 Touch 2TB - Zwart  429.00 EUR'.,No
"Do the two product descriptions refer to the same real-world product? Entity 1: 'Logitech Logitech BRIO 4K Ultra HD webcam €289,00 nan'. Entity 2: 'nan Logitech HD Pro Webcam C920 - webkamera  nan nan'.",No
Do the two product descriptions refer to the same real-world product? Entity 1: 'nan Ubiquiti UniFi Video Camera G3 1080P 802.3af IP UVC-G3-BULLET-3 3 Pack (No PoE Injectors) 406.80 GBP'. Entity 2: 'nan maintenance kit EPSON Business Inkjet B300/310/B500DN/B510DN (´odpad. nadoba´)  22.23 EUR'.,No
Do the two product descriptions refer to the same real-world product? Entity 1: 'ASUS ASUS NVIDIA GeForce RTX 2060 SUPER 8GB TURBO EVO Turing Graphics Card 99999.99 GBP'. Entity 2: 'ASUS ASUS NVIDIA GeForce RTX 2060 6GB DUAL OC EVO Turing Graphics Card  323.99 GBP'.,No
Do the two product descriptions refer to the same real-world product? Entity 1: 'nan Xerox Toner 106R01634 black Phaser 6000 2000str. 67.19 EUR'. Entity 2: 'Kingston Kingston HyperX Predator 32 GB - PC4-24000 - DIMM  199.00 EUR'.,No
"Do the two product descriptions refer to the same real-world product? Entity 1: 'Shimano Shimano Pedal PD-RS500 SL Black 99.99 AUD'. Entity 2: 'SHIMANO SHIMANO PD-R7000, 105, SPD-SL PEDAL.  170.00 AUD'.",No
"Do the two product descriptions refer to the same real-world product? Entity 1: 'nan RAM® 3\"" Double Ball Arm for 1.5\"" Ball 19.49 USD'. Entity 2: 'nan Razer Basilisk V2 Wired Ergonomic Gaming Mouse, 11 Programmable Buttons | RZ01-03160100-R3M1  340.73 AED'.",No
Do the two product descriptions refer to the same real-world product? Entity 1: 'G.Skill G.Skill Trident Z Neo DDR4 3600MHz 16GB (2X8) Desktop Memory for AMD X570 F4-3600C16D-16GTZNC | PCByte 209.0 AUD'. Entity 2: 'nan TAG Heuer Automatic Chronograph Watch CBG2A1Z.BA0658  6550 USD'.,No
Do the two product descriptions refer to the same real-world product? Entity 1: 'nan Oakley Jawbreaker MTB Solglsasögon Matte Black w/ Prizm Road 2.419E3 SEK'. Entity 2: 'nan DS-7216HQHI-K1 Hikvision 16 cs. TurboHD DVR  nan nan'.,No
Do the two product descriptions refer to the same real-world product? Entity 1: 'Traveler's Company Traveler's Company 001. LINED REFILL MIDORI TRAVELER'S NOTEBOOK 3.50 GBP'. Entity 2: 'nan Traveler's Notebook Refill - Sketch Paper  10.00 AUD'.,No
Do the two product descriptions refer to the same real-world product? Entity 1: 'nan Corsair Vengeance LPX CMK8GX4M1A2666C16 8GB (1x8GB) 2666Mhz DDR4 59.00 AUD'. Entity 2: 'nan Gigabyte GeForce RTX 2060 SUPER 8GB Aorus  5436.00 SEK'.,No
Do the two product descriptions refer to the same real-world product? Entity 1: 'nan Ubiquiti UniFi Mesh AP OUT AC1750 5 PACK 6829.03 RON'. Entity 2: 'nan DJI Mavic 2 Car Charger  69.99 USD'.,No
"Do the two product descriptions refer to the same real-world product? Entity 1: 'nan FUJIFILM XF 8-16mm f/2.8 R LM WR Lens 1999.95 USD'. Entity 2: 'nan ASUS AMD ATX ROG STRIX B550 F Gaming Motherboard AM4 Dual DDR4, HDMI, Dual M.2  270.00 AUD'.",No
Do the two product descriptions refer to the same real-world product? Entity 1: 'nan Atomos ATOM-CAB010 Full To Full Hdmi Coiled Cable 32.99 CAD'. Entity 2: 'Maxxis Maxxis High Roller II MaxxTerra Tire (WT) (3C/EXO/TR) (27.5 x 2.40) (Folding)  71.00 USD'.,No
"Do the two product descriptions refer to the same real-world product? Entity 1: 'EPSON Epson Seahorse Multipack 6-kleur T0487 189 EUR'. Entity 2: 'Epson Epson T0487 Multipack (Black, Cyan, Magenta, Yellow, Light Cyan, Light Magenta)  111.22 GBP'.",Yes
Do the two product descriptions refer to the same real-world product? Entity 1: 'nan CORSAIR 275R (ATX) MID TOWER CABINET - WITH TEMPERED GLASS SIDE PANEL (WHITE) CC-9011133-WW 8050 INR'. Entity 2: 'nan DDR3 8GB PC1600 CL9 Kingston Hypk  41.16 nan'.,No
Do the two product descriptions refer to the same real-world product? Entity 1: 'nan JABRA EVOLVE 20 UC Stereo 73.86 SGD'. Entity 2: 'Samsung Samsung Portable SSD T7 Touch 2TB - Zwart  429.00 EUR'.,No
Do the two product descriptions refer to the same real-world product? Entity 1: 'nan APC Smart-UPS RT192V RM Battery Pack 2 R 34990.00 NOK'. Entity 2: 'Kingston Kingston HyperX Fury 4GB DDR3 1600MHz CL10 Ram  248.51 TRY'.,No
Do the two product descriptions refer to the same real-world product? Entity 1: 'nan Traveler's Notebook / Refill 001 / Lined Notebook 4.9E0 EUR'. Entity 2: 'nan Shimano BR-M9000 J04C Metal Finned Disc Pad  41.99 NZD'.,No
Do the two product descriptions refer to the same real-world product? Entity 1: 'WD WD Blue 3D - 2048 GB - M.2 - 560 MB/s - 6 Gbit/s WDS200T2B0B 101419 nan'. Entity 2: 'nan SSD Western Digital Blue 2TB M.2 2280 TLC SATA SSD  206.99 EUR'.,Yes
Do the two product descriptions refer to the same real-world product? Entity 1: 'Epson Epson WP4000/4500 Inkjet Cartridge High Yield Magenta. (Eiffel Tower) OEM: C13T70234010 EP48715 37.30 GBP'. Entity 2: 'Epson Epson C13T70234010 XL Muste Punainen  nan nan'.,Yes
Do the two product descriptions refer to the same real-world product? Entity 1: 'nan SanDisk SDHC Ultra UHS-I 256GB Class 10 90MB/S 351.00 DKK'. Entity 2: 'Pokemon Pokemon Pokemon: Darkness Ablaze Bstr  4.00 USD'.,No
Do the two product descriptions refer to the same real-world product? Entity 1: 'nan JABRA EVOLVE 20 UC Stereo 73.86 SGD'. Entity 2: 'nan JABRA Evolve 20 UC USB - Mono  717.00 ZAR'.,No
"Do the two product descriptions refer to the same real-world product? Entity 1: 'nan BLAZE PROFESSIONAL 27-INCH 2 BURNER BUILT-IN GAS GRILL WITH REAR INFRARED BURNER 4.599E3 CAD'. Entity 2: 'BLAZE Outdoor Products Blaze 2 Burner Professional Built-In Propane Gas Outdoor Grill, BLZ-2PRO-LP  2499.99 USD'.",Yes
Do the two product descriptions refer to the same real-world product? Entity 1: 'Daniel Wellington Daniel Wellington Mens Classic Sheffield 40mm Rose Gold Black DW00100007 140.83 GBP'. Entity 2: 'nan Daniel Wellington Classic Sheffield Rose 40mm -rannekello DW00100007  189 EUR'.,Yes
Do the two product descriptions refer to the same real-world product? Entity 1: 'nan Sony SEL 30mm 3.5 Makro E-Mount 232.97 EUR'. Entity 2: 'Sony Sony E 30mm f/3.5 Macro Lens  6395.00 ZAR'.,Yes
"Do the two product descriptions refer to the same real-world product? Entity 1: 'nan Gigabyte Nvidia RTX 2060 SUPER Aorus OC 8Gb GDDR6 469 EUR'. Entity 2: 'nan Swiss Military Hanowa FLAGSHIP 06-5161.2.04.007 Herrenuhr  378,00 лв BGN'.",No
"Do the two product descriptions refer to the same real-world product? Entity 1: 'nan DJI Accessory CP.PT.000562 Mavic Part 6 Car Charger Retail 65.00 USD'. Entity 2: 'nan UBIQUITI - UVC G3 Bullet Camera, 3-pack  4715.00 NOK'.",No
Do the two product descriptions refer to the same real-world product? Entity 1: 'nan Ubiquiti UniFi Mesh AP OUT AC1750 5 PACK 6829.03 RON'. Entity 2: 'nan Router wifi archer c60 ac1350 dual  nan nan'.,No
Do the two product descriptions refer to the same real-world product? Entity 1: 'nan Sandisk Cruzer Force 16GB USB 2.0 Flash Drive - SDCZ71-016G-B35 2.60 KWD'. Entity 2: 'Gigabyte Gigabyte AMD Radeon RX 5500 XT OC 8GB GDDR6 RDNA PCIe 4.0 Graphics Card  186.048 GBP'.,No
"Do the two product descriptions refer to the same real-world product? Entity 1: 'DJI DJI DJI | Mavic Mini Drone Fly More Combo 649.99 CAD'. Entity 2: 'nan RAM 2.75\"" Diameter Suction Cup Base with 1\"" Ball  12.99 USD'.",No
Do the two product descriptions refer to the same real-world product? Entity 1: 'nan Logitech C920 USB HD Pro Webcam with Auto-Focus and Microphone 61.25 GBP'. Entity 2: 'nan Logitech HD Pro Webcam C920 - webkamera  nan nan'.,Yes
Do the two product descriptions refer to the same real-world product? Entity 1: 'nan Shimano 105 RD-R7000 GS Rear Derailleur 57.99 USD'. Entity 2: 'SWISS MILITARY HANOWA Swiss Military Hanowa Flagship 06-5161.2.04.003  6145.0000 UAH'.,No
Do the two product descriptions refer to the same real-world product? Entity 1: 'nan APC - Schneider SMART-UPS 1000VA LCD 230V 924.00 AUD'. Entity 2: 'nan APC - USV APC SMT1000RMI2UCSMARTUPS 1000VA LCD RM 2U 230V SmartC  8288.75 NOK'.,No
"Do the two product descriptions refer to the same real-world product? Entity 1: 'Evans Evans EC2 Clear Drum Head, 8 Inch $13.99 USD'. Entity 2: 'nan Evans EMAD2 Clear Bass Drum Head, 22 Inch  4.699E1 USD'.",No
Do the two product descriptions refer to the same real-world product? Entity 1: 'nan JABRA EVOLVE 20 UC Stereo 73.86 SGD'. Entity 2: 'GN Netcom Jabra EVOLVE 20 Wired Stereo Headset - Over-the-head - Supra-aural  35.93 GBP'.,Yes
Do the two product descriptions refer to the same real-world product? Entity 1: 'Corsair Corsair Crystal Series 570X RGB CC-9011098-WW Steel / Tempered Glass ATX Mid Tower Case 179.99 USD'. Entity 2: 'Garmin Garmin Fenix 5X Plus Sapphire Black Rubber Strap 010-01989-01  569.00 GBP'.,No
"Do the two product descriptions refer to the same real-world product? Entity 1: 'nan Corsair ML140 Pro LED, Blue, 140mm Premium Magnetic Levitation Cooling Fan CO-9050048-WW 43.45 USD'. Entity 2: 'nan Corsair ML140 Pro LED, Red, 140mm Premium Magnetic Levitation Fan  77.96 AUD'.",No
"Do the two product descriptions refer to the same real-world product? Entity 1: 'nan Samsung 860 PRO 2.5\"" 1000 GB Serial ATA III 3D MLC 579.75 EUR'. Entity 2: 'nan Kingston Technology A400 2.5 \""240 GB Serial ATA III TLC  39.68 EUR'.",No
"Do the two product descriptions refer to the same real-world product? Entity 1: 'RAM Mounts RAM Motorcycle Combination Base for Handlebar or Brake/Clutch Reservoir with 1\"" ... $27.00 CAD'. Entity 2: 'nan Hikvision MP Outdoor IR DS-2DE5225IW-AE  846.00 USD'.",No
Do the two product descriptions refer to the same real-world product? Entity 1: 'nan Ext. HDD LaCie Mobile Drive 2TB USB-C 3113.00 CZK'. Entity 2: 'nan LACIE 2TB 2.5 MOBILE PORTABLE USB 3.0 MOON SILVER  2384.81 ZAR'.,Yes
Do the two product descriptions refer to the same real-world product? Entity 1: 'SRAM SRAM AM BRAKE PAD GUIDE/TRL STLSIN 1 SET 25.00 USD'. Entity 2: 'nan SRAM Guide Trail Brake Pad  34.95 AUD'.,Yes
"Do the two product descriptions refer to the same real-world product? Entity 1: 'nan WS-C2960L-16TS-LLCatalyst 2960L 16 port GigE, 2 x 1G SFP, LAN Lite 476.80 CHF'. Entity 2: 'DJI DJI Mavic Pro automobilinis įkroviklis / Car Charger  55.00 EUR'.",No
Do the two product descriptions refer to the same real-world product? Entity 1: 'nan Wireless TP-LINK Wireless Lan TL-WN781ND 9.91 EUR'. Entity 2: 'TP-Link TP-Link TL-WN725N Nano Wireless USB Adapter  682 EUR'.,No
"Do the two product descriptions refer to the same real-world product? Entity 1: 'nan PHILIPS MONITOR LED IPS 24\"" (23.8) 16:9 FULLHD VGA DVI HDMI 243V7QDSB 130.06 EUR'. Entity 2: 'nan Corsair ML140 Pro LED, Red, 140mm Premium Magnetic Levitation Fan  77.96 AUD'.",No
Do the two product descriptions refer to the same real-world product? Entity 1: 'nan AAA Replica Audemars Piguet Royal Oak Chronograph Black Dail Watch 26331ST.OO.1220ST.02 nan nan'. Entity 2: 'HP HP printer Color LaserJet Professional CP5225dn (CE712A#B19)  1403.60 EUR'.,No
Do the two product descriptions refer to the same real-world product? Entity 1: 'nan TAG HEUER MONACO AUTOMATIC CHRONOGRAPH 5.9E3 USD'. Entity 2: 'nan Buy Quality Replica Tag Heuer Monaco Steve McQueen Chronograph Watch CAW211P.FC6356  nan nan'.,Yes
Do the two product descriptions refer to the same real-world product? Entity 1: 'Corsair CORSAIR 8Gbx1 DDR4 3000Mhz Ram CMK8GX4M1D3000C16 VENGEANCE LPX Gaming RAM 0 TRY'. Entity 2: 'nan ASUS Radeon RX 5700 XT TUF OC 8GB GDDR6  1899 PLN'.,No
"Do the two product descriptions refer to the same real-world product? Entity 1: 'LOGITECH LOGITECH C270 3MP 1280 X 720PIXELS USB 2.0 BLACK WEBCAM nan nan'. Entity 2: 'nan Samsung T5 external SSD Black 2TB, USB-C  4396.00 SEK'.",No
Do the two product descriptions refer to the same real-world product? Entity 1: 'Kingston Kingston Technology SA400S37/240G A400 SSD Solid State Drive 2.5 Inch SATA-3 - 240GB nan nan'. Entity 2: 'nan AF-S FX 24-85MM F3.5-4.5G ED VR  9.99E2 NZD'.,No
Do the two product descriptions refer to the same real-world product? Entity 1: 'nan Hydro Flask 21 Oz- Black 5.0E1 AUD'. Entity 2: 'HYDRO FLASK HYDRO FLASK HYDRO FLASK 32OZ WIDE MOUTH BOTTLE-BLACK  44.95 USD'.,No
Do the two product descriptions refer to the same real-world product? Entity 1: 'Corsair Corsair 110R Tempered Glass Mid-Tower ATX Case 51.97 GBP'. Entity 2: 'nan Corsair Carbide Spec-01 Red LED Mid-Tower Case  nan nan'.,No
Do the two product descriptions refer to the same real-world product? Entity 1: 'nan Impresora brother laser monocromo hl - l6300dw a4 477.99 EUR'. Entity 2: 'nan Gorra New Era NFL New Orleans Saints 9Fifty Cap  3.99E1 EUR'.,No
"Do the two product descriptions refer to the same real-world product? Entity 1: 'RAM RAM 3.3\"" DIA. SUCT CUP W 1\"" BALL 23.80 EUR'. Entity 2: 'nan RAM Dual Suction Cup Base  26.49 USD'.",No
"Do the two product descriptions refer to the same real-world product? Entity 1: 'Canon Canon Multipack PGI-72multi1 (6403B007) 61.70 EUR'. Entity 2: 'nan 0000012890| Sigma 50mm f/1.4 DG HSM Art for Canon  1,289.00 AUD'.",No
Do the two product descriptions refer to the same real-world product? Entity 1: 'nan Western Digital My Book Micro-USB B 3.0 (3.1 Gen 1) 3000GB N 143.443635 EUR'. Entity 2: 'SanDisk SanDisk Extreme PRO SD UHS-II Card Reader/Writer  36.00 SGD'.,No
Do the two product descriptions refer to the same real-world product? Entity 1: 'nan Ram Mount Motorcycle Fork Stem Mount with 1 Ball 2.399E1 GBP'. Entity 2: 'nan Pokemon TCG: Sword & Shield Boosters  4.00 GBP'.,No
Do the two product descriptions refer to the same real-world product? Entity 1: 'nan MANFROTTO trpied alu Befree Advanced 2.0 MKBFRLA4BK-BH 169.90 EUR'. Entity 2: 'nan Kingston 256GB DataTraveler 100 G3 (USB 3.0)  1.8999E2 PLN'.,No
Do the two product descriptions refer to the same real-world product? Entity 1: 'nan BLAZE PROFESSIONAL 27-INCH 2 BURNER BUILT-IN GAS GRILL WITH REAR INFRARED BURNER 4.599E3 CAD'. Entity 2: 'Blaze Outdoor Products Blaze 4 Burner LTE Grill Built-In Natural Gas Grill with Lights  1849.99 USD'.,No
Do the two product descriptions refer to the same real-world product? Entity 1: 'nan Epson C13T755440 T7554 Yellow Ink 39ml nan nan'. Entity 2: 'Epson Epson WP4000/4500 Inkjet Cartridge High Yield Magenta. (Eiffel Tower) OEM: C13T70234010 EP48715  37.30 GBP'.,No
Do the two product descriptions refer to the same real-world product? Entity 1: 'Cooler Master Cooler Master MasterBox Lite 5 Mid Tower Case 89 AUD'. Entity 2: 'nan Atomos ATOM-CAB010 Full To Full Hdmi Coiled Cable  32.99 CAD'.,No
Do the two product descriptions refer to the same real-world product? Entity 1: 'nan Tarjeta Gráfica Gigabyte RTX 2080 Ti XTREME 11 Gb 1349.00 EUR'. Entity 2: 'nan Gigabyte GeForce RTX 2060 SUPER 8GB Aorus  5436.00 SEK'.,No
Do the two product descriptions refer to the same real-world product? Entity 1: 'nan FUJIFILM Aspherical Super EBC XF 80mm f/2.8 R LM OIS WR Macro Lens 1199.95 USD'. Entity 2: 'nan FUJIFILM XF 8-16mm f/2.8 R LM WR Lens  1999.95 USD'.,No
"Do the two product descriptions refer to the same real-world product? Entity 1: 'RAM Mounts RAM Motorcycle Combination Base for Handlebar or Brake/Clutch Reservoir with 1\"" ... $27.00 CAD'. Entity 2: 'nan 128GB Pendrive SanDisk Extreme PRO SSD USB 3.1 420MB/s  9400.006 ARS'.",No
"Do the two product descriptions refer to the same real-world product? Entity 1: 'SHIMANO SHIMANO PD-R7000, 105, SPD-SL PEDAL. 170.00 AUD'. Entity 2: 'nan Evans 8\"" TT08EC2S Clear Drum Head  14.99 USD'.",No
Do the two product descriptions refer to the same real-world product? Entity 1: 'FANABOX™ New York Yankees New Era Navy League 9FORTY Adjustable Hat - Men - Navy Blue 44.95 CAD'. Entity 2: 'nan Sigma ART 50mm f/1.4 DG HSM Lens for Nikon  1099.99 CAD'.,No
Do the two product descriptions refer to the same real-world product? Entity 1: 'nan SANDISK EXTREME PRO SDXC 256GB 170MB/S C10 U3 3.1999E2 NZD'. Entity 2: 'nan 128GB Pendrive SanDisk Extreme PRO SSD USB 3.1 420MB/s  9400.006 ARS'.,No
Do the two product descriptions refer to the same real-world product? Entity 1: 'EPSON Epson Seahorse Multipack 6-kleur T0487 189 EUR'. Entity 2: 'Shimano Shimano - CLEATS SH-10 FIXED RED  35.00 AUD'.,No
Do the two product descriptions refer to the same real-world product? Entity 1: 'ASUS PH-GTX1660S-O6G 6 GB Geforce GTX 1660 Super Overclocked Phoenix Fan Edition Hdmi DP Dvi Graphics Card nan nan'. Entity 2: 'Samsung Samsung 1TB SSD 970 EVO NVMe M.2  170.98 GBP'.,No
"Do the two product descriptions refer to the same real-world product? Entity 1: 'nan Ilford FP4 Plus 125 120 12.9 NZD'. Entity 2: 'Intel Intel Core i3-8300 (Coffee Lake) 3.7 GHz, LGA1151, Intel UHD 630, 8MB, 14nm, 62W, Box  nan nan'.",No
Do the two product descriptions refer to the same real-world product? Entity 1: 'nan Obiectiv foto CANON EF-S 10-18mm f/4.5-5.6 IS STM nan nan'. Entity 2: 'Canon Canon EF-S 55-250mm f/4-5.6 IS STM  2.9999E2 EUR'.,No
Do the two product descriptions refer to the same real-world product? Entity 1: 'HP HP 900GB 6G SAS 10K 900 SAS 16 MB Cache 2.5-Inch Internal Bare or OEM Drives 619291-B21 170.00 USD'. Entity 2: 'nan Canon EF-M 18-150mm f/3.5-6.3 IS STM (Black)  7795.00 ZAR'.,No
Do the two product descriptions refer to the same real-world product? Entity 1: 'nan Sony FE 70-200mm f/4 OSS Lens 1.39999E3 USD'. Entity 2: 'Sony Sony SEL24240 FE 24-240mm f/3.5-6.3 OSS Zoom Lens for Mirrorless Cameras  998.00 USD'.,No
Do the two product descriptions refer to the same real-world product? Entity 1: 'nan Corsair Vengeance LPX 16GB DDR4 2400MHz(CMK16GX4M1A2400C14) 23375 HUF'. Entity 2: 'TP-Link TP-Link TL-WN725N Nano Wireless USB Adapter  682 EUR'.,No
Do the two product descriptions refer to the same real-world product? Entity 1: 'nan Manfrotto MVK500AM Fluid Video System 412.00 EUR'. Entity 2: 'nan Manfrotto MVK500AM Fluid Video Head With Lightweight Telescopic Legs  369.00 GBP'.,Yes
"Do the two product descriptions refer to the same real-world product? Entity 1: 'RAM Mount RAM Mount 3.5\"" Twist Lock Suction Cup Base with 1\"" Ball 35.00 AUD'. Entity 2: 'RAM Mounts RAM Twist-Lock Dual Suction Cup Base / RAM-B-189BU  36.00 EUR'.",No
"Do the two product descriptions refer to the same real-world product? Entity 1: 'nan SDS2/32GB, 32GB SDHC Canvas Select Plus 100R C10 UHS-I U1 V10 nan nan'. Entity 2: 'nan Kingston Canvas Select (32GB) MicroSD Card Class 10 UHS-1 U1 with Adaptor  nan nan'.",No
Do the two product descriptions refer to the same real-world product? Entity 1: 'Apple Apple AirPods with Wireless Charging Case (2nd Generation) - White 139.99 USD'. Entity 2: 'SanDisk SanDisk SD Extreme V30 U3 UHS-I C10 - 128GB  57.00 SGD'.,No
"Do the two product descriptions refer to the same real-world product? Entity 1: 'Corsair Corsair DDR4 Vengeance LPX 16GB/2133(2*8GB) CL13-15-15-28 1,20V XMP2.0 0 nan'. Entity 2: 'nan Cooler master ventola master liquid ML120R rgb lga 775>2066 amd AM2>FM1  97.54 EUR'.",No
Do the two product descriptions refer to the same real-world product? Entity 1: 'nan Caixa Cooler_Master Caixa para PC NSE-300-KKN1 37.99 EUR'. Entity 2: 'nan Epson Strawberry 29 (Prentar 175 síður) Claria Home blekhylki (blátt)  2055 ISK'.,No
Do the two product descriptions refer to the same real-world product? Entity 1: 'nan Western Digital My Book Micro-USB B 3.0 (3.1 Gen 1) 3000GB N 143.443635 EUR'. Entity 2: 'nan Western Digital My Book 3 To - Noir  124.99 EUR'.,Yes
Do the two product descriptions refer to the same real-world product? Entity 1: 'nan WD 1TB My Passport Portable Hard Drive 8500.00 KES'. Entity 2: 'Western Digital Western Digital WD My Passport Portable HDD 4TB Black  179 AUD'.,No
Do the two product descriptions refer to the same real-world product? Entity 1: 'Brother Brother HL-L5200DW S/W- Laserdrucker 432.10 EUR'. Entity 2: 'Brother Brother HL-L5200DW Laser Printer  313.9 AUD'.,Yes
Do the two product descriptions refer to the same real-world product? Entity 1: 'Sony Sony E-Mount FE 20mm f/1.8 Ultra Wide Angle G Lens 1499 AUD'. Entity 2: 'nan Sony Alpha SEL50F18F FE 50mm f/1.8  nan nan'.,No
Do the two product descriptions refer to the same real-world product? Entity 1: 'Apple Apple AirPods with Wired Charging Case (2nd Generation) 144.98 USD'. Entity 2: 'Apple Apple AirPods with Wireless Charging Case (2nd Generation) - White  139.99 USD'.,No
Do the two product descriptions refer to the same real-world product? Entity 1: 'Xerox Xerox Phaser 6000/6010 Black Toner nan nan'. Entity 2: 'nan Xerox Toner 106R01634 black Phaser 6000 2000str.  67.19 EUR'.,Yes
Do the two product descriptions refer to the same real-world product? Entity 1: 'Sony Sony E 30mm f/3.5 Macro Lens 6395.00 ZAR'. Entity 2: 'Sony Sony SEL24240 FE 24-240mm f/3.5-6.3 OSS Zoom Lens for Mirrorless Cameras  998.00 USD'.,No
"Do the two product descriptions refer to the same real-world product? Entity 1: 'nan HD 3,5 4TB 7200RPM IRONWOLF PRO 128 MB SATA3 SEAGATE 153.99 EUR'. Entity 2: 'nan Jabra BIZ 2300 USB MS Mono - headset  158.99 CAD'.",No
Do the two product descriptions refer to the same real-world product? Entity 1: 'Oakley Oakley Jawbreaker 31 Mm Matte Black Sunglasses 10890.0 INR'. Entity 2: 'nan Oakley Jawbreaker MTB Solglsasögon Matte Black w/ Prizm Road  2.419E3 SEK'.,Yes
"Do the two product descriptions refer to the same real-world product? Entity 1: 'nan 3M - PF230W9F EYE PROTECTION FILTER DESKTOPS FRAME STANDARD 23.0 ACCS 1737.50 DKK'. Entity 2: 'nan 16GB Vengeance LPX DDR4 2400MHz, CL14, Black, DIMM Memory  64.66 USD'.",No
"Do the two product descriptions refer to the same real-world product? Entity 1: 'Epson Epson S050189 Cyan, High Capacity Toner Cartridge 107.51 USD'. Entity 2: 'nan Laser Toner Cartridge compatible with Samsung MLT-D103L/ELS High Capacity  19.87 GBP'.",No
Do the two product descriptions refer to the same real-world product? Entity 1: 'nan Fujifilm Instax mini Rainbow film 10 pack 149.95 ZAR'. Entity 2: 'nan Canon PFI 107C Ink Cartridge Cyan  0.00 AUD'.,No
Do the two product descriptions refer to the same real-world product? Entity 1: 'nan Dron DJI Mavic 2 Pro 53599.00 MXN'. Entity 2: 'nan DJI Mavic 2 Car Charger  69.99 USD'.,No
Do the two product descriptions refer to the same real-world product? Entity 1: 'nan HPE 300GB 6G SAS 10K rpm SFF (2.5-inch) SC Enterprise 3yr Warranty HDD 92.21 USD'. Entity 2: 'nan HPE 300GB SERVER SMART MEMORY 6G 15K SAS 2.5 652611-B21  90000.00 NGN'.,No
Do the two product descriptions refer to the same real-world product? Entity 1: 'nan Kingston Technology DataTraveler microDuo 3C 128GB USB flash drive USB Type-A / USB Type-C 3.0 (3.1 Gen 1) Silver 23.99 GBP'. Entity 2: 'nan Kingston 16GB DataTraveler microDuo USB 3.0 OTG Flash Drive  19.99 CAD'.,No
Do the two product descriptions refer to the same real-world product? Entity 1: 'nan Cheap Replica Audemars Piguet Royal Oak Chronograph White Dail Watch 26331ST.OO.1220ST.03 nan nan'. Entity 2: 'nan Hikvision MP Outdoor IR DS-2DE5225IW-AE  846.00 USD'.,No
Do the two product descriptions refer to the same real-world product? Entity 1: 'Sigma Sigma Sigma 35mm F1.4 ART DG HSM - Nikon AF mount 899.99 USD'. Entity 2: 'nan ASUS TUF Gaming TUF 3-RX5700XT-O8G-GAMING Radeon RX 5700 XT 8 GB GDDR6  550.21 EUR'.,No
Do the two product descriptions refer to the same real-world product? Entity 1: 'nan Full Frame E-Mount FE 24-240mm F3.5-6.3 OSS Lens 1589.0 NZD'. Entity 2: 'Sony Sony SEL24240 FE 24-240mm f/3.5-6.3 OSS Zoom Lens for Mirrorless Cameras  998.00 USD'.,Yes
Do the two product descriptions refer to the same real-world product? Entity 1: 'Shimano Shimano Cassette Ultegra R8000 11 Speed 11-28T 150.00 AUD'. Entity 2: 'Shimano Shimano Shimano Cs-R8000 Cassette 11-28t Ultegra 11-Speed  117.99 AUD'.,Yes
Do the two product descriptions refer to the same real-world product? Entity 1: 'nan TISSOT T091.420.46.051.01 T-TOUCH Expert Solar 26170.00 CZK'. Entity 2: 'Tissot Tissot T-Touch Expert Solar Men's Watch - T0914204605101  960.00 USD'.,Yes
Do the two product descriptions refer to the same real-world product? Entity 1: 'nan Shimano BR-M9000 J04C Metal Finned Disc Pad 41.99 NZD'. Entity 2: 'nan Hikvision MP Outdoor IR DS-2DE5225IW-AE  846.00 USD'.,No
Do the two product descriptions refer to the same real-world product? Entity 1: 'Elixir Elixir E16052 Nanoweb Phosphor Bronze Acoustic Guitar Strings Light Gauge 12-53 24.99 AUD'. Entity 2: 'nan APPLE - Apple AirPods 2 with Wireless Charging Case MRXJ2ZM/A - White  2396.00 NOK'.,No
"Do the two product descriptions refer to the same real-world product? Entity 1: 'nan Crucial 2TB MX500 2.5"" 7mm SATA 6Gb/s SSD 206.46 GBP'. Entity 2: 'nan Seagate 2TB FireCuda 3.5"" SATA 6Gb/s SSHD  89.54 GBP'.",No
Do the two product descriptions refer to the same real-world product? Entity 1: 'nan SANDISK EXTREME PRO SDXC 256GB 170MB/S C10 U3 3.1999E2 NZD'. Entity 2: 'SanDisk SanDisk SD Extreme V30 U3 UHS-I C10 - 128GB  57.00 SGD'.,No
Do the two product descriptions refer to the same real-world product? Entity 1: 'nan WD 1TB My Passport Portable Hard Drive 8500.00 KES'. Entity 2: 'WD WD My Passport - 1 TB  54.98 EUR'.,Yes
Do the two product descriptions refer to the same real-world product? Entity 1: 'Blaze Outdoor Products Blaze 4 Burner LTE Grill Built-In Natural Gas Grill with Lights 1849.99 USD'. Entity 2: 'nan Blaze 32 Inch 4-Burner LTE Gas Grill With Rear Burner and Built-in Lighting System - BLZ-4LTE2-NG/LP  1849.99 USD'.,Yes
"Do the two product descriptions refer to the same real-world product? Entity 1: 'nan OBUDOWA COOLER MASTER MASTERCASE H500M MIDI TOWER Z OKNEM BEZ PSU WENTYLATOR LED ARGB 942.00 PLN'. Entity 2: 'Cooler Master Cooler Master MasterCase H500 IRON GREY ATX Mid-Tower, Tempered Glass Panel, two 200mm RGB fans with Controller and Case Handle for Transport  9949.00 INR'.",Yes
Do the two product descriptions refer to the same real-world product? Entity 1: 'RAM Mount RAM Double Socket Clamp Arm SHORT 32.00 AUD'. Entity 2: 'nan TP-LINK EAP110 Access point - Wit  3.509E1 EUR'.,No
Do the two product descriptions refer to the same real-world product? Entity 1: 'nan BenQ SW271 Pro 27in IPS LCD Monitor 4K UHD 969.0 GBP'. Entity 2: 'nan Monitor 27 SW271 LED 5ms/QHD/IPS/HDMI/DP/USB  5697.05 PLN'.,Yes
Do the two product descriptions refer to the same real-world product? Entity 1: 'nan Kingston DataTraveler microDuo 128GB USB 3.0 28.59 GBP'. Entity 2: 'nan OKI 44992402 Style Black Compatible Toner  21.49 GBP'.,No
Do the two product descriptions refer to the same real-world product? Entity 1: 'Atomos Atomos Coiled Full HDMI to Full HDMI Cable (30cm) - ATOMCAB010 29.00 nan'. Entity 2: 'nan EPSON Ink bar WF-8xxx Series Ink Cartridge XL Yellow - 4000str. (39 ml)  1839.00 CZK'.,No
"Do the two product descriptions refer to the same real-world product? Entity 1: 'GIGABYTE Placa video Gigabyte Radeon RX 5500 XT OC 8GB GDDR6, 128-bit 1143.99 RON'. Entity 2: 'nan Gigabyte Radeon RX 5500 XT OC 4GB GDDR6  859 PLN'.",No
"Do the two product descriptions refer to the same real-world product? Entity 1: 'nan Garmin fenix5S Sapphire Black Optic, Black band 9790.00 CZK'. Entity 2: 'nan Ceas Garmin Garmin fenix5S Plus Silver, Black Band  2132 RON'.",No
Do the two product descriptions refer to the same real-world product? Entity 1: 'nan Cartus compatibil Samsung CLT-K406S 89.25 RON'. Entity 2: 'ASUS ASUS Prime X570-P ATX Motherboard - Socket AM4 - AMD X570 - USB 3.2 Gen 3  163.97 GBP'.,No
"Do the two product descriptions refer to the same real-world product? Entity 1: 'nan Apple AirPods Pro, Kopfhrer - EU nan nan'. Entity 2: 'nan D'Addario XT Acoustic Phosphor Bronze Medium Guitar Strings 13-56  19.50 CAD'.",No
"Do the two product descriptions refer to the same real-world product? Entity 1: 'nan Fujifilm XF 8-16mm F2.8 R LM WR Lens 1,999.00 USD'. Entity 2: 'Fujifilm Fujifilm XF 80mm f2.8 R LM WR Macro Lens  1149.00 GBP'.",No
Do the two product descriptions refer to the same real-world product? Entity 1: 'Jabra Jabra EVOLVE 65 UC Mono Bluetooth Headset 189 USD'. Entity 2: 'nan Jabra EVOLVE 65 UC Mono (6593-829-409)  93.77 EUR'.,Yes
Do the two product descriptions refer to the same real-world product? Entity 1: 'Epson Epson T7551 XL Black High Yield Ink Cartridge C13T755140 / T7551 EP53959 67.32 GBP'. Entity 2: 'nan Epson T7551 (Prentar 5000 síður) XL svart blekhylki (100ml) fyrir WorkForce WF-8XXX prentara  18617 ISK'.,Yes
"Do the two product descriptions refer to the same real-world product? Entity 1: 'nan Canon PFI-101C Ink, 130 ml - Cyan 77.90 USD'. Entity 2: 'nan WD HDD 4TB My Passport Black  338.40 BAM'.",No
Do the two product descriptions refer to the same real-world product? Entity 1: 'Epson Epson oryginalny tusz T2982 29 cyan 53.28 PLN'. Entity 2: 'nan Epson Strawberry 29 (Prentar 175 síður) Claria Home blekhylki (blátt)  2055 ISK'.,Yes
"Do the two product descriptions refer to the same real-world product? Entity 1: 'nan Jabra BIZ 2400 II Duo - Mic. 82 NC, Wideband 400.00 AUD'. Entity 2: 'nan Kingston Canvas Select Plus 128GB microSD - With Adaptor  17.19 GBP'.",No
Do the two product descriptions refer to the same real-world product? Entity 1: 'nan XPG SX8200 Pro M.2 256 GB PCI Express 3.0 3D TLC NVMe 66.83 EUR'. Entity 2: 'nan EPSON Ink bar WF-8xxx Series Ink Cartridge XL Yellow - 4000str. (39 ml)  1839.00 CZK'.,No
"Do the two product descriptions refer to the same real-world product? Entity 1: 'nan Sandisk Extreme Pro 64GB CFast 2.0 4,660.00 ZAR'. Entity 2: 'nan Carbide Series 275R Tempered Glass Mid-Tower Gaming CaseWhite  94.38 EUR'.",No
"Do the two product descriptions refer to the same real-world product? Entity 1: 'nan Pokémon TCG: Sword & Shield-Rebel Clash 3 Booster Packs, Coin & Rayquaza Promo Card 11.99 USD'. Entity 2: 'Nintendo PKM - Pokémon - Sword & Shield - Rebel Clash Booster  4.5 EUR'.",No
"Do the two product descriptions refer to the same real-world product? Entity 1: 'nan Monitor 27 SW271 LED 5ms/QHD/IPS/HDMI/DP/USB 5697.05 PLN'. Entity 2: 'nan MONITOR SAMSUNG C27F390 27\"" 1920x1080 4MS USB HDMI CURVO NEGRO  187.46 EUR'.",No
Do the two product descriptions refer to the same real-world product? Entity 1: 'nan DVR Hikvision TurboHD 4 canale DS-7204HQHI-K1 263.27 RON'. Entity 2: 'nan DS-7216HQHI-K1 Hikvision 16 cs. TurboHD DVR  nan nan'.,No
Do the two product descriptions refer to the same real-world product? Entity 1: 'nan Ubiquiti UniFi Video Camera G3 FLEX 3-Pack UVC-G3-FLEX-3 Ubiquiti 200.00 EUR'. Entity 2: 'Ubiquiti Networks (UBNT) Ubiquiti UniFi G3 Bullet Video Camera  167.42 GBP'.,No
"Do the two product descriptions refer to the same real-world product? Entity 1: 'nan 8TB - Seagate Enterprise Ironwolf Pro SATA - ST8000NE001 232.84 USD'. Entity 2: 'nan 3M - Privacy Filter 23.0\""\"" Framed  2400.00 DKK'.",No
"Do the two product descriptions refer to the same real-world product? Entity 1: 'nan Corsair Carbide SPEC-OMEGA RGB Black ATX Cube Case, Tempered Glass Window, No PSU, 2x USB 3.0, HD Audio, 2x HD120 RGB Fan / Lighting Node PRO pre-installed 269.00 AUD'. Entity 2: 'nan Corsair Carbide 175R RGB Black Mid Tower ATX Case, Tempered Glass Side Window, No PSU, 2x USB 3.0, HD Audio, 1x 120mm Fan included  105.00 AUD'.",No
Do the two product descriptions refer to the same real-world product? Entity 1: 'nan Samsung MLT-D103L must toonerikassett 37.60 EUR'. Entity 2: 'nan Laser Toner Cartridge compatible with Samsung MLT-D103L/ELS High Capacity  19.87 GBP'.,Yes
"Do the two product descriptions refer to the same real-world product? Entity 1: 'nan 3M - Privacy Filter 23.0\""\"" Framed 2400.00 DKK'. Entity 2: 'FujiFilm Fujinon Lens XF 23mm F1.4 R  1319 AUD'.",No
Do the two product descriptions refer to the same real-world product? Entity 1: 'nan Intel Core i3 8300 Quad Core 3.7GHz Processor nan nan'. Entity 2: 'nan Intel Core i3-7100 Dual-Core 3.9GHz LGA1151 (BX80677I37100)  31660 HUF'.,No
Do the two product descriptions refer to the same real-world product? Entity 1: 'nan Jabra BIZ 2300 Mono USB MS Lync Headset 101.30 GBP'. Entity 2: 'nan Jabra BIZ 2300 USB MS Mono - headset  158.99 CAD'.,Yes
Do the two product descriptions refer to the same real-world product? Entity 1: 'nan WEBCAM LOGITECH C270 HD 720P nan nan'. Entity 2: 'nan Canon EF-S 55-250 f4-5.6 IS STM  309.00 nan'.,No
Do the two product descriptions refer to the same real-world product? Entity 1: 'nan HyperX 8GB (2x4GB) 1600MHz CL10 Fury Blue 289 PLN'. Entity 2: 'nan Jabra EVOLVE 65 UC Mono (6593-829-409)  93.77 EUR'.,No
"Do the two product descriptions refer to the same real-world product? Entity 1: 'nan Evolis RCT023NAA Black Monochrome Ribbon 22.00 USD'. Entity 2: 'nan LaCie Mobile Drive 2,5"" 5 TB Moon Silver USB 3.1 Gen 2  199.00 EUR'.",No
"Do the two product descriptions refer to the same real-world product? Entity 1: 'nan 014 Traveler's Notebook Regular- Refill - Kraft Paper Notebook 8.0 USD'. Entity 2: 'nan 16GB Vengeance LPX DDR4 2400MHz, CL14, Black, DIMM Memory  64.66 USD'.",No
"Do the two product descriptions refer to the same real-world product? Entity 1: 'nan Nobreak APC Smart-UPS SURT 20kVA/16kW, 230V 0 BRL'. Entity 2: 'nan APC Smart-UPS RT 20kVA RM 230V - SURT20KRMXLI  16299 SGD'.",Yes
Do the two product descriptions refer to the same real-world product? Entity 1: 'nan Shimano BR-M9000 J04C Metal Finned Disc Pad 41.99 NZD'. Entity 2: 'Brother Toner Brother original amarillo TN135Y  nan nan'.,No
Do the two product descriptions refer to the same real-world product? Entity 1: 'Tissot Seastar 1000 Powermatic 80 - T120.407.11.051.00 629.00 CHF'. Entity 2: 'nan Tissot Seastar 1000 Powermatic 80 T120.407.11.041.01  840.00 EUR'.,No
"Do the two product descriptions refer to the same real-world product? Entity 1: 'nan TP-LINK EAP110 Access point - Wit 3.509E1 EUR'. Entity 2: 'nan 3M - Lightweight 300 Privacy Filter PF322WSkjermfilter mot innsyn, m/ramme 20\""-23\""W (30,7 x 48,5)  3266.25 NOK'.",No
"Do the two product descriptions refer to the same real-world product? Entity 1: 'Jabra Jabra BIZ2300 2399-823-109 DUO USB Headset MS 160.0 USD'. Entity 2: 'RAM Mounts RAM Torque 28mm-38mm Handlebar & Rail Base 1.5\"" Ball  41.95 AUD'.",No
Do the two product descriptions refer to the same real-world product? Entity 1: 'nan Elixir 12-String Light 80/20 Bronze Nanoweb Acoustic 23.99 USD'. Entity 2: 'SRAM SRAM AM BRAKE PAD GUIDE/TRL STLSIN 1 SET  25.00 USD'.,No
Do the two product descriptions refer to the same real-world product? Entity 1: 'nan Samsung T7 Portable SSD [2TB] (Indigo Blue) 629 AUD'. Entity 2: 'nan Canon Ink Jet Cartridge PGI-72 PBK/GY/PM/PC/CO Multipack 40433  55.99 nan'.,No
Do the two product descriptions refer to the same real-world product? Entity 1: 'Dymo Dymo 53713 Black On White - 24mm 15.14 GBP'. Entity 2: 'Dymo Dymo 40913 Black On White - 9mm  9.91 GBP'.,No
Do the two product descriptions refer to the same real-world product? Entity 1: 'nan Switch D-Link - Web smart - switch - 24 porte - gestito dgs-1210-24 2.9698E2 EUR'. Entity 2: 'nan OKI 44992402 Style Black Compatible Toner  21.49 GBP'.,No
"Do the two product descriptions refer to the same real-world product? Entity 1: 'Maxxis Maxxis Maxxis, High Roller II, Tire, 29''x2.30, Folding, Tubeless Ready, Dual, EXO, 60TPI, Black 88.00 CAD'. Entity 2: 'Maxxis Maxxis Maxxis, High Roller II, Tire, 27.5''x2.30, Folding, Tubeless Ready, Dual, EXO, 60TPI, Black  88.00 CAD'.",No
Do the two product descriptions refer to the same real-world product? Entity 1: 'Gigabyte Gigabyte NVIDIA GeForce GTX 1650 4GB D6 OC Turing Graphics Card 148.99 GBP'. Entity 2: 'nan 507125-B21 HP 146-GB 6G 10K 2.5 DP SAS HDD  2436850 VND'.,No
"Do the two product descriptions refer to the same real-world product? Entity 1: 'nan Samsung 50\"" 4K UHD HDR QLED Smart TV (QN50Q60TAFXZC) 849.99 CAD'. Entity 2: 'Tissot Tissot Seastar 1000 Powermatic 80 Silicium  1150.0 CAD'.",No
Do the two product descriptions refer to the same real-world product? Entity 1: 'nan AAA Replica Audemars Piguet Royal Oak Offshore Chronograph Watch 26470OR.OO.1000OR.02 nan nan'. Entity 2: 'nan Cheap Replica Audemars Piguet Royal Oak Offshore Chronograph Watch 26470OR.OO.A125CR.01  nan nan'.,No
Do the two product descriptions refer to the same real-world product? Entity 1: 'nan Ubiquiti UniFi AP AC Mesh PRO 802.11ac Dual Radio Indoor/Outdoor access point - 1750Mbps 5 pack no PoE 1661.79 AUD'. Entity 2: 'nan Ubiquiti UniFi Mesh AP OUT AC1750 5 PACK  6829.03 RON'.,Yes
"Do the two product descriptions refer to the same real-world product? Entity 1: 'nan Corsair 8GB (1x8GB) 2666MHz CL16 Vengeance LPX Black 169 PLN'. Entity 2: 'nan Western Digital Blue PC SSD 2.5\"" 7mm 250GB  470 MYR'.",No
Do the two product descriptions refer to the same real-world product? Entity 1: 'Manfrotto Manfrotto MHXPRO-2W 2-Way Head 99.99 GBP'. Entity 2: 'nan Manfrotto XPRO Fluid Tripod Head with Fluidity Selector  138.00 EUR'.,Yes
Do the two product descriptions refer to the same real-world product? Entity 1: 'nan Cooler master ventola master liquid ML120R rgb lga 775>2066 amd AM2>FM1 97.54 EUR'. Entity 2: 'Cooler Master Cooler Master MasterLiquid ML120L V2 RGB All In One Liquid CPU Cooler  59.99 GBP'.,No
"Do the two product descriptions refer to the same real-world product? Entity 1: 'nan RAM Double Socket Arm MC201C LONG 2.899E1 GBP'. Entity 2: 'Canon Canon PG-545 Black Original Ink Cartridge, E Zezë  2600 ALL'.",No
Do the two product descriptions refer to the same real-world product? Entity 1: 'nan Zebra TrueColours ix Series Monochrome - 1 - black - print ribbon 28.99 CAD'. Entity 2: 'Shimano Shimano Shimano Cs-R9100 Cassette 11-25 Dura-Ace 11-Speed  339.99 AUD'.,No
"Do the two product descriptions refer to the same real-world product? Entity 1: 'GIGABYTE Gigabyte AORUS GeForce RTX™ 2080 Ti XTREME 11G 108000 INR'. Entity 2: 'nan EPSON (T1285) Multipack róka (T1281,T1282,T1283,T1284) C13T12854010  15999 HUF'.",No
Do the two product descriptions refer to the same real-world product? Entity 1: 'nan Corsair iCue 465X RGB White nan nan'. Entity 2: 'nan Fujifilm INSTAX Mini Monochrome Instant Film (10 Exposures)  9.95 USD'.,No
Do the two product descriptions refer to the same real-world product? Entity 1: 'nan Shimano PD-R550 SPD-SL Resin Pedal 120.99 NZD'. Entity 2: 'nan Asus Radeon Dual Evo RX5500 XT 8gb Gddr6 Version OC  6456.56 MXN'.,No
Do the two product descriptions refer to the same real-world product? Entity 1: 'nan ASUS GeForce RTX 2080 SUPER 8GB DUAL OC EVO 9596.00 SEK'. Entity 2: 'nan Asus Radeon Dual Evo RX5500 XT 8gb Gddr6 Version OC  6456.56 MXN'.,No
"Do the two product descriptions refer to the same real-world product? Entity 1: 'nan RAM Long Length Double Socket Arm for 1.5\"" Balls 7.395E1 AUD'. Entity 2: 'RAM UNPKG RAM DBL SOCKET ARM B BALL C LENGTH  27.20 EUR'.",No
"Do the two product descriptions refer to the same real-world product? Entity 1: 'nan Crucial BX500 2.5\"" 480 GB Serial ATA III 88.54 EUR'. Entity 2: 'nan Kingston Technology A400 2.5 \""240 GB Serial ATA III TLC  39.68 EUR'.",No
"Do the two product descriptions refer to the same real-world product? Entity 1: 'Corsair Corsair ML140 PRO RGB LED 140MM PWM Premium Magnetic Levitation Fan - Single Pack 32.98 GBP'. Entity 2: 'nan Corsair ML140 Pro 14cm PWM RGB Case Fan, Magnetic Levitation Bearing  3.699E1 GBP'.",Yes
"Do the two product descriptions refer to the same real-world product? Entity 1: 'G.Skill Memoire DDR4 G.Skill Trident Z F4-3600C16D-16GTZNC 156.99 EUR'. Entity 2: 'nan Kingston Technology ValueRAM 4GB DDR3-1600 4GB DDR3 1600MHz memoria  26,21 € EUR'.",No
"Do the two product descriptions refer to the same real-world product? Entity 1: 'nan Evans EMAD2 Clear Bass Drum Head, 22 Inch 4.699E1 USD'. Entity 2: 'nan RAM Mount Base UBolt Mount - Requires RAM Cradle [RAM-B-149ZU]  30.99 USD'.",No
"Do the two product descriptions refer to the same real-world product? Entity 1: 'nan RAM® 3\"" Double Ball Arm for 1.5\"" Ball 19.49 USD'. Entity 2: 'nan RAM® Composite Double Socket Arm  9.49 USD'.",No
"Do the two product descriptions refer to the same real-world product? Entity 1: 'nan Sram Force22 PG-1170, 11sp cassette 130.00 CAD'. Entity 2: 'Canon Canon EF-S 10-18/4.5-5.6 IS STM  23126 EUR'.",No
"Do the two product descriptions refer to the same real-world product? Entity 1: 'nan Fujifilm Fujinon XF 27mm f/2.8 black | 2 Years Warranty 347 EUR'. Entity 2: 'nan Crucial 2TB MX500 2.5"" 7mm SATA 6Gb/s SSD  206.46 GBP'.",No
Do the two product descriptions refer to the same real-world product? Entity 1: 'ASUS Asus ROG Strix X570-F Gaming ATX - motherboard nan nan'. Entity 2: 'Razer Razer Viper Mini Ultra-Lightweight USB RGB Optical Gaming Mouse (RZ01-03250100-R3M1)  44.952 GBP'.,No
Do the two product descriptions refer to the same real-world product? Entity 1: 'nan LACIE 2TB 2.5 MOBILE PORTABLE USB 3.0 MOON SILVER 2384.81 ZAR'. Entity 2: 'nan Manfrotto XPRO Fluid Tripod Head with Fluidity Selector  138.00 EUR'.,No
Do the two product descriptions refer to the same real-world product? Entity 1: 'Logitech Logitech G G402 Hyperion Fury Oyuncu Mouse 910-004068 389.90 TRY'. Entity 2: 'nan Jabra BIZ 2300 Mono USB MS Lync Headset  101.30 GBP'.,No
Do the two product descriptions refer to the same real-world product? Entity 1: 'nan Dron DJI Mavic 2 Pro 53599.00 MXN'. Entity 2: 'DJI DJI DJI | Mavic Mini Drone Fly More Combo  649.99 CAD'.,No
"Do the two product descriptions refer to the same real-world product? Entity 1: 'AMD Processador Amd Am4 Ryzen R5-2400g 3.9ghz 6mb 0.0 BRL'. Entity 2: 'AMD YD260XBCAFBOX - AMD AM4 Ryzen 5 2600X, 6x 3.60GHz, boxed  1.3305E2 CHF'.",No
Do the two product descriptions refer to the same real-world product? Entity 1: 'Epson Epson Blekk Svart T7031 L - WP4000/4500 445 NOK'. Entity 2: 'Epson Epson T7891 Black Cart - Compatible  12.93 GBP'.,No
"Do the two product descriptions refer to the same real-world product? Entity 1: 'nan 3M - PF19 PRIVACY FILTER BLACK FOR 19,0IN / 48,3 CM / 5:4IN ACCS nan nan'. Entity 2: 'nan 3M - Privacy filter PF19 |30.2 cm x 37.7 cm|  1229.91 SEK'.",Yes
Do the two product descriptions refer to the same real-world product? Entity 1: 'Jabra Jabra BIZ 2300 USB UC Duo $168.00 USD'. Entity 2: 'nan Jabra BIZ 2300 USB MS Duo  149.00 USD'.,No
Do the two product descriptions refer to the same real-world product? Entity 1: 'nan Asus GTX1660S 6GB Dual EVO nan nan'. Entity 2: 'Gigabyte Gigabyte GeForce GTX 1650 Super OC  159.99 USD'.,No
Do the two product descriptions refer to the same real-world product? Entity 1: 'nan HPE 300GB 6G SAS 10K rpm SFF (2.5-inch) SC Enterprise 3yr Warranty HDD 92.21 USD'. Entity 2: 'nan TP-Link T1700G-28TQ JetStream 24-Port Gigabit Stackable Smart Switch with 4 10GE SFP+ Slots  532.0000 NZD'.,No
Do the two product descriptions refer to the same real-world product? Entity 1: 'Audemars Piguet Pre-Owned Audemars Piguet Royal Oak Chronograph 26331ST.OO.1220ST.03 33900.00 USD'. Entity 2: 'nan Audemars Piguet-Audemars Piguet Royal Oak Chronograph 41mm Mens Watch-26331ST.OO.1220ST.02  25000 USD'.,No
Do the two product descriptions refer to the same real-world product? Entity 1: 'Samsung Samsung Portable SSD T7 Touch 1TB - Zilver 249.00 EUR'. Entity 2: 'Samsung Samsung T7 Touch Black 1TB Portable SSD with Fingerprint ID  217.10 GBP'.,No
Do the two product descriptions refer to the same real-world product? Entity 1: 'Epson Epson WP4000/4500 Inkjet Cartridge High Yield Magenta. (Eiffel Tower) OEM: C13T70234010 EP48715 37.30 GBP'. Entity 2: 'nan Shimano CN-HG95 116 links chain  24.03 EUR'.,No
Do the two product descriptions refer to the same real-world product? Entity 1: 'nan Seagate LaCie 4TB 2.5' USB 3 to USB-C Diamond Cut External HDD. STHG4000400. 2 Years Warranty 219.00 AUD'. Entity 2: 'LaCie LaCie 4TB Rugged Thunderbolt / USB-C Mobile HDD  1059.0 AED'.,No
Do the two product descriptions refer to the same real-world product? Entity 1: 'SRAM SRAM PG-1170 11-Speed Cassette (11-25T) 90.99 USD'. Entity 2: 'nan 2012 SRAM Red XG-1090 10-Speed X-Dome 11-23 Cassette  295.00 USD'.,No
Do the two product descriptions refer to the same real-world product? Entity 1: 'Dymo Dymo 53718 Black On Yellow - 24mm 15.70 GBP'. Entity 2: 'nan GENUINE Dymo 24mm x 7m Black on Yellow Label Tape Roll SD53718  30.14 AUD'.,Yes
Do the two product descriptions refer to the same real-world product? Entity 1: 'nan BenQ SW271 Pro 27in IPS LCD Monitor 4K UHD 969.0 GBP'. Entity 2: 'nan 128GB Pendrive SanDisk Extreme PRO SSD USB 3.1 420MB/s  9400.006 ARS'.,No
Do the two product descriptions refer to the same real-world product? Entity 1: 'Cooler Master Cooler Master N300 Mesh ATX Case Black NSE-300-KKN1 | PCByte 79.0 AUD'. Entity 2: 'nan Epson Ink Cartridge - Matte Black 700ml  262.17 GBP'.,No
Do the two product descriptions refer to the same real-world product? Entity 1: 'sandisk 64GB SanDisk Extreme micro SD XC Memory Card V-Class 30 U3 4K Video A1 100MB/s 9.50 GBP'. Entity 2: 'nan DS-7216HQHI-K1 Hikvision 16 cs. TurboHD DVR  nan nan'.,No
"Do the two product descriptions refer to the same real-world product? Entity 1: 'nan SanDisk 480GB SSD Plus int 2.5\"" SATA3 SSD (SDSSDA-480G-G26) (Local Warranty with 3years with Local Distributor) 88.00 SGD'. Entity 2: 'nan SanDisk PLUS SSD Hard Drive 2.5´´ internal, 480 GB, SATA, Black  54.99 EUR'.",Yes
Do the two product descriptions refer to the same real-world product? Entity 1: 'nan Cooler Master MasterLiquid ML120L V2 RGB Universal Socket 120mm PWM 1800RPM RGB LED AiO Liquid CPU Cooler 834.99 SEK'. Entity 2: 'Cooler Master Cooler Master MasterLiquid ML120L V2 RGB All In One Liquid CPU Cooler  59.99 GBP'.,Yes
Do the two product descriptions refer to the same real-world product? Entity 1: 'nan Epson Premium Glossy Photo Paper 13x18cm 11.49 GBP'. Entity 2: 'nan EPSON Premium Glossy Photo Paper A4/30ks  17.49 nan'.,No
Do the two product descriptions refer to the same real-world product? Entity 1: 'nan Obudowa Corsair Crystal 680X RGB High Airflow TG White (CC-9011169-WW) 1299.00 PLN'. Entity 2: 'nan Western digital wd blue - hdd - 2 tb - interno - 3.5 - sata 6Gb/s - 5400 rpm - buffer: 64 mb  56.47 EUR'.,No
Do the two product descriptions refer to the same real-world product? Entity 1: 'nan Corsair 8GB (1x8GB) 3000MHz CL16 Vengeance LPX Black 159 PLN'. Entity 2: 'Corsair CORSAIR 8Gbx1 DDR4 3000Mhz Ram CMK8GX4M1D3000C16 VENGEANCE LPX Gaming RAM  0 TRY'.,Yes
"Do the two product descriptions refer to the same real-world product? Entity 1: 'Maxxis Maxxis High Roller II MaxxTerra Tire (WT) (3C/EXO/TR) (27.5 x 2.40) (Folding) 71.00 USD'. Entity 2: 'Maxxis Maxxis Maxxis High Roller II Tire: 27.5 x 2.50\"", Folding, 60tpi, 3C MaxxTerra, EXO, Tubeless Ready, Wide Trail, Black  85.00 USD'.",No
"Do the two product descriptions refer to the same real-world product? Entity 1: 'nan Razer DeathAdder V2 Ergonomic Wired Gaming Mouse (RZ01-03210100-R3M1) (Warranty 2years with Ban Leong) 99.00 SGD'. Entity 2: 'nan EPSON S042091 premium glossy photo paper 255g/m², A2/25vel  nan nan'.",No
Do the two product descriptions refer to the same real-world product? Entity 1: 'Brother Brother HL-L6300DW Business Laser Printer for Mid-Size Workgroups -HL-L6300DW 479.98 USD'. Entity 2: 'nan Impresora brother laser monocromo hl - l6300dw a4  477.99 EUR'.,Yes
"Do the two product descriptions refer to the same real-world product? Entity 1: 'nan MONITOR SAMSUNG C27F390 27\"" 1920x1080 4MS USB HDMI CURVO NEGRO 187.46 EUR'. Entity 2: 'nan Samsung C27F390FHU - Full HD Curved Monitor  180.99 EUR'.",Yes
Do the two product descriptions refer to the same real-world product? Entity 1: 'TP-Link TP-Link EAP110 Auranet Access Point 300Mps 28.29 EUR'. Entity 2: 'TP-Link Access Point TP-Link 450MBPS TL-WA901ND Wireless  0.0 BRL'.,No
Do the two product descriptions refer to the same real-world product? Entity 1: 'Cooler Master Cooler Master MasterLiquid ML120L V2 RGB All In One Liquid CPU Cooler 59.99 GBP'. Entity 2: 'Cooler Master Cooler Master MasterLiquid ML120R ARGB AIO Cooler  129 AUD'.,No
"Do the two product descriptions refer to the same real-world product? Entity 1: 'nan Ram Mout Triple Ball Adapter €46,95 EUR'. Entity 2: 'RAM MOUNTS RAM Triple 1\"" Ball Adapter - RAM-B-289U  37.99 USD'.",Yes
Do the two product descriptions refer to the same real-world product? Entity 1: 'Zotac ZOTAC GeForce RTX 2060 SUPER AMP! 8GB 256Bit GDDR6 4344.28 TRY'. Entity 2: 'nan Gigabyte Nvidia RTX 2060 SUPER Aorus OC 8Gb GDDR6  469 EUR'.,No
"Do the two product descriptions refer to the same real-world product? Entity 1: 'Sigma Sigma 35mm F1.4 DG Art HSM EOS Mount Lens 1059 AUD'. Entity 2: 'nan TP-Link TL-SG1024DE 24-Port Gigabit Easy Smart Switch, 24 10/100/1000Mbps RJ45 ports,MTU/Port/Tag-based VLAN, QoS, IGMP Snooping  9.999E1 USD'.",No
"Do the two product descriptions refer to the same real-world product? Entity 1: 'nan Kingston Technology A400 2.5 \""240 GB Serial ATA III TLC 39.68 EUR'. Entity 2: 'RAM Mounts RAM Mounts short arm for 1\"" ball  9.63 eur'.",No
"Do the two product descriptions refer to the same real-world product? Entity 1: 'Samsung Samsung CLT-K406S Black Original Standard Yield Toner Cartridge 72.71 USD'. Entity 2: 'nan Evans EC2 Clear Drum Head, 14 Inch  2.399E1 USD'.",No
Do the two product descriptions refer to the same real-world product? Entity 1: 'nan Asus PRIME B450-PLUS AM4 DDR4 ATX Motherboard 84.99 GBP'. Entity 2: 'ASUS ASUS Prime X570-P ATX Motherboard - Socket AM4 - AMD X570 - USB 3.2 Gen 3  163.97 GBP'.,No
Do the two product descriptions refer to the same real-world product? Entity 1: 'nan (C13T693500) EPSONSCT3000 UltraChrome XD Matte Black nan nan'. Entity 2: 'nan Epson Singlepack UltraChrome XD MagentaT692300(110ml)  52.40 GBP'.,No
Do the two product descriptions refer to the same real-world product? Entity 1: 'nan 2222 HYBRID SLINKY 9/46 Ernie Ball 6.90 EUR'. Entity 2: 'nan Canon EF-M 18-150mm f/3.5-6.3 IS STM (Black)  7795.00 ZAR'.,No
Do the two product descriptions refer to the same real-world product? Entity 1: 'Crucial Crucial BX500 480GB SSD Micron 3D NAND SATA III 6Gb/s 2.5 Internal Solid State Drive 59.99 USD'. Entity 2: 'nan HK DVR TURBOHD 8ch DS-7208HQHI-K2/P  651.22 RON'.,No
Do the two product descriptions refer to the same real-world product? Entity 1: 'Daniel Wellington horloges Daniel Wellington Horloge Classic Sheffield Rose DW00100036 135.20 EUR'. Entity 2: 'nan Daniel Wellington Classic Sheffield Rose 40mm -rannekello DW00100007  189 EUR'.,No
Do the two product descriptions refer to the same real-world product? Entity 1: 'nan WD BLUE 1TB SN550 NVME M.2 2280 SSD (WDS100T2B0C) 11100.00 INR'. Entity 2: 'Tissot Tissot Seastar 1000 Powermatic 80 Silicium  1150.0 CAD'.,No
Do the two product descriptions refer to the same real-world product? Entity 1: 'nan APC APCrbc110 Replacement Battery Cartridge #110 67.94 USD'. Entity 2: 'nan APC (APCRBC110) REPLACEMENT BATTERY CATRIDGE #110  176.4 AUD'.,Yes
Do the two product descriptions refer to the same real-world product? Entity 1: 'nan HDD 35 4TB Seagate IronWolf Pro NAS ST4000NE001 154.10 nan'. Entity 2: 'nan Logitech HD Pro Webcam C920 - webkamera  nan nan'.,No
Do the two product descriptions refer to the same real-world product? Entity 1: 'D-LINK D-Link Switch 24 Puertos- Red 316.5 nan'. Entity 2: 'nan Switch D-Link - Web smart - switch - 24 porte - gestito dgs-1210-24  2.9698E2 EUR'.,No
Do the two product descriptions refer to the same real-world product? Entity 1: 'Lexmark Lexmark Toner Sort 3.5k - E360/E460 Return 949 DKK'. Entity 2: 'Elixir Elixir E16052 Nanoweb Phosphor Bronze Acoustic Guitar Strings Light Gauge 12-53  24.99 AUD'.,No
"Do the two product descriptions refer to the same real-world product? Entity 1: 'nan Blaze Grill Cart for 40\"" Gas Grill 635.00 USD'. Entity 2: 'Maxxis Reifen Maxxis 29x2.30 Minion DHR II DoubleDown  56.50 EUR'.",No
Do the two product descriptions refer to the same real-world product? Entity 1: 'nan JABRA EVOLVE 20 UC Mono 66.76 SGD'. Entity 2: 'nan JABRA Evolve 20 UC USB - Mono  717.00 ZAR'.,Yes
"Do the two product descriptions refer to the same real-world product? Entity 1: 'nan Razer Basilisk V2 Wired Ergonomic Gaming Mouse, 11 Programmable Buttons | RZ01-03160100-R3M1 340.73 AED'. Entity 2: 'Sony Sony E 30mm f/3.5 Macro Lens  6395.00 ZAR'.",No
"Do the two product descriptions refer to the same real-world product? Entity 1: 'nan 3M - Privacy filter framed lightweight 18,1\""\""-20\""\"" widescreen 1686.00 SEK'. Entity 2: 'nan 3M - Framed Privacy Filter for 19 Widescreen Monitor (16:10)  164.92 EUR'.",Yes
"Do the two product descriptions refer to the same real-world product? Entity 1: 'nan D-Link DGS-1210-28P 24-port 1Gb Smart Switch, 4x SFP, PoE 296.6 EUR'. Entity 2: 'nan Audio Technica ATH-PRO7X DJ headphones  nan nan'.",No
Do the two product descriptions refer to the same real-world product? Entity 1: 'nan Asus Radeon ROG Strix RX5500 XT 8gb Gddr6 Version OC 6290 MXN'. Entity 2: 'nan Asus Radeon Dual Evo RX5500 XT 8gb Gddr6 Version OC  6456.56 MXN'.,No
Do the two product descriptions refer to the same real-world product? Entity 1: 'nan Epson Cartuccia 79xl Magenta Originale per WF-5620 WF-5690 WF-4630 C13T79034010 31.90 EUR'. Entity 2: 'nan Maintenance Unit Epson T6190 35000Pgs (C13T619000)  19.55 EUR'.,No
Do the two product descriptions refer to the same real-world product? Entity 1: 'KINGSTON KINGSTON 64GB USB 3.0 DataTraveler SE9 G2 (Kovový) DTSE9G2/64GB 369.00 czk'. Entity 2: 'nan Kingston DataTraveler microDuo 128GB USB 3.0  28.59 GBP'.,No
Do the two product descriptions refer to the same real-world product? Entity 1: 'nan Sony FE 70-200mm f/4 OSS Lens 1.39999E3 USD'. Entity 2: 'nan DVR Hikvision TurboHD 4 canale DS-7204HQHI-K1  263.27 RON'.,No
Do the two product descriptions refer to the same real-world product? Entity 1: 'nan WD Wds100t2b0a 1tb Blue 3d Nand SSD 129.98 USD'. Entity 2: 'nan Kingston Pendrive DataTraveler 100 G3 256GB USB 3.0  191.99 PLN'.,No
"Do the two product descriptions refer to the same real-world product? Entity 1: 'nan Corsair ML120 Pro LED, Red, 120mm Premium Magnetic Levitation Fan 72.40 AUD'. Entity 2: 'Corsair Corsair ML120 Pro LED 120mm Premium Mag-Lev Fan Red  39 AUD'.",Yes
"Do the two product descriptions refer to the same real-world product? Entity 1: 'EPSON Epson Premium Glossy Photo Paperphoto paper - 25 sheet(s) - A2 31.19 GBP'. Entity 2: 'nan EPSON S042091 premium glossy photo paper 255g/m², A2/25vel  nan nan'.",Yes
Do the two product descriptions refer to the same real-world product? Entity 1: 'nan Pokemon TCG Rebel Clash Booster Pack 5.31 CAD'. Entity 2: 'Nintendo PKM - Pokémon - Sword & Shield - Rebel Clash Booster  4.5 EUR'.,Yes
Do the two product descriptions refer to the same real-world product? Entity 1: 'nan 32 Oz Wide Mouth With Flex Cap W32BTS001 44.95 USD'. Entity 2: 'HYDRO FLASK HYDRO FLASK HYDRO FLASK 32OZ WIDE MOUTH BOTTLE-BLACK  44.95 USD'.,Yes
"Do the two product descriptions refer to the same real-world product? Entity 1: 'Western Digital Western Digital My PassPort, 4TB, BLACK3 Years - WDBYFT0040BBK-WESN 437.00 AED'. Entity 2: 'Shimano Shimano Shimano Cn-Hg901 11-Spd Chain Xtr / Dura Ace W/ Quick Link  69.99 AUD'.",No
Do the two product descriptions refer to the same real-world product? Entity 1: 'FujiFilm Fujinon Lens XF 23mm F1.4 R 1319 AUD'. Entity 2: 'FUJIFILM FUJIFILM XF23/1.4 XF 23mm f/1.4 R  0.0 USD'.,Yes
"Do the two product descriptions refer to the same real-world product? Entity 1: 'CLARKS CLARKS Sram, PG-730, 7sp cassette, 12-32T 19.99 USD'. Entity 2: 'nan FUJIFILM XF 8-16mm f/2.8 R LM WR Lens  1999.95 USD'.",No
Do the two product descriptions refer to the same real-world product? Entity 1: 'SanDisk SanDisk Extreme microSDHC 32GB 100/60 MB/s A1 V30 GoPro 0 nan'. Entity 2: 'CANON Canon CLI-251BK XL High-Capacity Black Ink Tank  0.0 USD'.,No
Do the two product descriptions refer to the same real-world product? Entity 1: 'nan Asus ROG STRIX B550-E GAMING AM4 ATX Motherboard 409.00 AUD'. Entity 2: 'Fujifilm Fujifilm FUJINON XF-56mm f1.2  879.00 GBP'.,No
Do the two product descriptions refer to the same real-world product? Entity 1: 'Epson Epson Papir Photo Premium Glossy 13X18cm 30-ark 255G 85 DKK'. Entity 2: 'nan Epson A3 Premium Glossy Photo Paper 255gsm (Pack of 20) C13S041315  37.04 nan'.,No
Do the two product descriptions refer to the same real-world product? Entity 1: 'Daniel Wellington Daniel Wellington Mens Classic Sheffield 40mm Rose Gold Black DW00100007 140.83 GBP'. Entity 2: 'Cooler Master Cooler Master MasterBox Lite 5 Mid Tower Case  89 AUD'.,No
"Do the two product descriptions refer to the same real-world product? Entity 1: 'nan MikroTikCloud Core Router 1036-12G-4S with Tilera Tile-Gx36 CPU (36-cores, 1.2Ghz per core), 16GB RAM, 4xSFP cage, 12xGbit LAN, RouterOS L6, 1U rackmount case, PSU, LCD panel 1602.55 CAD'. Entity 2: 'nan BROTHER HL-L6200DW WIRELESSMONO LASER PRINTER WITH2-Sided PRINTING(46 PPM, 520 Sheets Paper...  511.00 AUD'.",No
"Do the two product descriptions refer to the same real-world product? Entity 1: 'nan Kingston 16GB DataTraveler microDuo USB 3.0 OTG Flash Drive 19.99 CAD'. Entity 2: 'nan Sandisk Ixpand 64GB USB3.0 Flash Drive for Iphone, Ipad  31.99 GBP'.",No
"Do the two product descriptions refer to the same real-world product? Entity 1: 'Shimano Shimano - CLEATS SH-10 FIXED RED 35.00 AUD'. Entity 2: 'Evans Evans EC2 Clear Drum Head, 8 Inch  $13.99 USD'.",No
"Do the two product descriptions refer to the same real-world product? Entity 1: 'nan Speed Dome IP, 2 MP, IR 150m, Hikvision DS-2DE5225IW-AE 1736 LEI'. Entity 2: 'nan ADAPTADOR INALAMBRICO TP-LINK/USB 2.0/N300/QSS/TL-WN821N  175.5 MXN'.",No
Do the two product descriptions refer to the same real-world product? Entity 1: 'nan Zebra 800011-101 ZXP Series 1 Ribbon ZXP Series 1 Load-N-Go Black Monochrome Ribbon 19 USD'. Entity 2: 'zebra Zebra ZXP Series 1Black Monochrome Ribbon K - 1000 Prints 800011-101  nan nan'.,Yes
"Do the two product descriptions refer to the same real-world product? Entity 1: 'Epson Epson Tinte T6935 Matt Black UltraChrome, 350 ml 134.10 EUR'. Entity 2: 'nan Epson Singlepack UltraChrome XD MagentaT692300(110ml)  52.40 GBP'.",No
Do the two product descriptions refer to the same real-world product? Entity 1: 'nan Corsair iCue 465X RGB White nan nan'. Entity 2: 'LINOVISION DS-1273ZJ-140 Outdoor Indoor Wall Mount Bracket for Hikvision Dome Camera  31.99 USD'.,No
Do the two product descriptions refer to the same real-world product? Entity 1: 'nan Gorra New Era NY Yankees MLB 9Fifty Cap 3.19E1 EUR'. Entity 2: 'nan Gorra New Era Clean Trucker 2 NY Yankees Cap  2.19E1 EUR'.,No
Do the two product descriptions refer to the same real-world product? Entity 1: 'nan Ubiquiti UniFi Protect G4-PRO Camera 405.45 GBP'. Entity 2: 'Logitech Logitech® HD Webcam C310 - USB  39.948 GBP'.,No
"Do the two product descriptions refer to the same real-world product? Entity 1: 'Crucial Crucial 8GB (1x8GB) DDR3 1600MHz SODIMM 65 AUD'. Entity 2: 'nan ShimanoSm-Sh10 Spd-Sl Cleats, Fixed  1.999E1 GBP'.",No
Do the two product descriptions refer to the same real-world product? Entity 1: 'nan Zebra TrueColours ix Series Monochrome - 1 - black - print ribbon 28.99 CAD'. Entity 2: 'nan Zebra 800011-101 ZXP Series 1 Ribbon ZXP Series 1 Load-N-Go Black Monochrome Ribbon  19 USD'.,No
Do the two product descriptions refer to the same real-world product? Entity 1: 'nan LaCie 4TB USB Type-C Mobile Drive (Moon Silver) 134.99 USD'. Entity 2: 'nan Lacie 5TB USB-C Mobile Drive prenosni disk  nan nan'.,No
Do the two product descriptions refer to the same real-world product? Entity 1: 'nan Pokemon TCG Rebel Clash Booster Pack 5.31 CAD'. Entity 2: 'nan Pokemon TCG:Sword and Shield Rebel Clash Three Booster Blister- Dural  20.0 AUD'.,No
Do the two product descriptions refer to the same real-world product? Entity 1: 'nan Cappello New Era Clean Trucker 2 NY Yankees Cap 2.19E1 EUR'. Entity 2: 'Samsung Samsung T7 Blue 2TB Portable SSD USB-C/A Gen2  341.99 GBP'.,No
"Do the two product descriptions refer to the same real-world product? Entity 1: 'nan Sigma 105mm f1.4 DG HSM Art Lens for Canon 1599.95 USD'. Entity 2: 'nan 0000012890| Sigma 50mm f/1.4 DG HSM Art for Canon  1,289.00 AUD'.",No
Do the two product descriptions refer to the same real-world product? Entity 1: 'Brother Brother HL-L5200DW Laser Printer 313.9 AUD'. Entity 2: 'Brother Brother HL-L8360CDW Laser Printer  588.76 AUD'.,No
"Do the two product descriptions refer to the same real-world product? Entity 1: 'Garmin Orologio Garmin Fenix 6 010-02157-11 Fēnix 6X Sapphire 849.99 EUR'. Entity 2: 'EC Offroad MultiPlus Inverter/Charger C 12/2000/80-30  1,699.99 AUD'.",No
Do the two product descriptions refer to the same real-world product? Entity 1: 'nan ASUS Turbo -RTX2060S-8G-EVO NVIDIA GeForce RTX 2060 SUPER 8 GB GDDR6 395.44 EUR'. Entity 2: 'ASUS ASUS NVIDIA GeForce RTX 2060 SUPER 8GB TURBO EVO Turing Graphics Card  99999.99 GBP'.,Yes
"Do the two product descriptions refer to the same real-world product? Entity 1: 'nan EPSON (T1285) Multipack róka (T1281,T1282,T1283,T1284) C13T12854010 15999 HUF'. Entity 2: 'Epson Epson Fox Multipack \""Renard\"" (T1285) - Encre DURABrite Ultra N, C, M, J  61.89 EUR'.",Yes
Do the two product descriptions refer to the same real-world product? Entity 1: 'Canon Canon 24-70mm f/2.8L II USM EF Lens nan nan'. Entity 2: 'nan PG-730 7-Speed Cassette  18.00 USD'.,No
"Do the two product descriptions refer to the same real-world product? Entity 1: 'Epson Epson Cartouche d'encre C13T865140 (T8651) 136.24 EUR'. Entity 2: 'Epson Epson Fox Multipack \""Renard\"" (T1285) - Encre DURABrite Ultra N, C, M, J  61.89 EUR'.",No
Do the two product descriptions refer to the same real-world product? Entity 1: 'nan Gigabyte GTX 1650 SUPER OC 4G 3690 EGP'. Entity 2: 'Gigabyte Gigabyte NVIDIA GeForce GTX 1650 4GB D6 OC Turing Graphics Card  148.99 GBP'.,No
Do the two product descriptions refer to the same real-world product? Entity 1: 'DJI DJI DJI | Mavic Mini Drone Fly More Combo 649.99 CAD'. Entity 2: 'nan Zebra 800015-101 Black Monochrome Ribbon - 1000 Prints  9.54 GBP'.,No
Do the two product descriptions refer to the same real-world product? Entity 1: 'EPSON Cartucho tinta negro l epson t7031 - 24ml - big ben - para wp-4595 dnf/dtwf/ 4535dwf / 4525dnf / 4515dn / 4095dn / 4025dw / 36.5 EUR'. Entity 2: 'nan EPSON Magenta ink cartridge Discproducer  77.58 BGN'.,No
"Do the two product descriptions refer to the same real-world product? Entity 1: 'Western Digital Western Digital My PassPort, 4TB, BLACK3 Years - WDBYFT0040BBK-WESN 437.00 AED'. Entity 2: 'nan Western Digital My Passport 1TB 2,5"" USB 3.0  71.00 EUR'.",No
Do the two product descriptions refer to the same real-world product? Entity 1: 'Corsair Corsair ML140 PRO RGB LED 140MM PWM Premium Magnetic Levitation Fan - Single Pack 32.98 GBP'. Entity 2: 'nan Blaze 32 Inch 4-Burner LTE Gas Grill With Rear Burner and Built-in Lighting System - BLZ-4LTE2-NG/LP  1849.99 USD'.,No
Do the two product descriptions refer to the same real-world product? Entity 1: 'nan Logitech H151 Single Pin Stereo Headset - Black 4.899E1 NZD'. Entity 2: 'nan Hydro Flask Standard Mouth 621ml Insulated Bottle  4.995E1 AUD'.,No
Do the two product descriptions refer to the same real-world product? Entity 1: 'Maxxis Reifen Maxxis 29x2.30 Minion DHR II DoubleDown 56.50 EUR'. Entity 2: 'nan Western Digital WD10JFCX RED 1000 GB SATA3 1TB  74.05 EUR'.,No
"Do the two product descriptions refer to the same real-world product? Entity 1: 'Asus Motherboard Asus TUF B450M-PLUS GAMING, AM4, USB 3.1, SATA 6GB/S 102.00 EUR'. Entity 2: 'SHIMANO SPD-SL-CLEAT-SET-SM-SH11-(YELLOW)-[6DEGREE]  12.0 OMR'.",No
Do the two product descriptions refer to the same real-world product? Entity 1: 'LOGITECH LOGITECH AURICULARES H650E STEREO USB 78.00 EUR'. Entity 2: 'nan LOGITECH Logitech USB Headset H390  90.90 BGN'.,No
Do the two product descriptions refer to the same real-world product? Entity 1: 'RAM UNPKG RAM DBL SOCKET ARM B BALL C LENGTH 27.20 EUR'. Entity 2: 'nan RAM Double Socket Arm MC201C LONG  2.899E1 GBP'.,Yes
"Do the two product descriptions refer to the same real-world product? Entity 1: 'Jabra Jabra Evolve 80 UC stereo SKype for Business € 230,35 EUR'. Entity 2: 'Cooler Master Cooler Master Hyper H411R CPU Cooler White LED  35 AUD'.",No
Do the two product descriptions refer to the same real-world product? Entity 1: 'Tissot Tissot Seastar 1000 Powermatic 80 Silicium 1150.0 CAD'. Entity 2: 'nan Tissot Seastar 1000 Powermatic 80 T120.407.11.041.01  840.00 EUR'.,Yes
Do the two product descriptions refer to the same real-world product? Entity 1: 'nan TUF GAMING X570-PLUS Desktop Motherboard - AMD Chipset - Socket AM4 181.69 USD'. Entity 2: 'Samsung Samsung T7 Blue 2TB Portable SSD USB-C/A Gen2  341.99 GBP'.,No
Do the two product descriptions refer to the same real-world product? Entity 1: 'nan Samsung C27F390FHU - Full HD Curved Monitor 180.99 EUR'. Entity 2: 'nan Samsung 970 EVO 500GB - NVMe PCIe M.2 2280 SSD | MZ-V7E500BW  5.1975E2 AED'.,No
"Do the two product descriptions refer to the same real-world product? Entity 1: 'nan Ubiquiti UniFi Video Camera G3 FLEX 3-Pack UVC-G3-FLEX-3 Ubiquiti 200.00 EUR'. Entity 2: 'nan Garmin fenix5 Gray Optic, Black band  13990.00 CZK'.",No
Do the two product descriptions refer to the same real-world product? Entity 1: 'nan APC RBC140 Replacement Battery Cartridge 531.10 GBP'. Entity 2: 'nan APC APCrbc110 Replacement Battery Cartridge #110  67.94 USD'.,No
Do the two product descriptions refer to the same real-world product? Entity 1: 'TP-Link TP-Link AC600 T2U Wireless USB Nano Adapter 12.95 EUR'. Entity 2: 'nan ADATT. WIFI TP-LINK AC600 NANO WRLS USB  24 EUR'.,Yes
Do the two product descriptions refer to the same real-world product? Entity 1: 'nan Asus GTX1660S 6GB Dual EVO nan nan'. Entity 2: 'nan Karta VGA Gigabyte GeForce GTX 1650 OC 4GB GDDR6 128bit DVI+HDMI+DP PCIe3.0  693.00 PLN'.,No
Do the two product descriptions refer to the same real-world product? Entity 1: 'Tissot Seastar 1000 Powermatic 80 - T120.407.11.051.00 629.00 CHF'. Entity 2: 'nan TISSOT SEASTAR 1000 CHRONOGRAPH T120.417.17.041.00 (T120.417.17.041.00)  445.50 EUR'.,No
"Do the two product descriptions refer to the same real-world product? Entity 1: 'nan Evans EMAD2 Clear Bass Drum Head, 22 Inch 4.699E1 USD'. Entity 2: 'nan Evans EMAD2 Clear Bass Batter  4.699E1 USD'.",Yes
"Do the two product descriptions refer to the same real-world product? Entity 1: 'nan Ubiquiti UniFi AC Pro 5-pack UAP-AC-PRO-5 Ubiquiti 561.00 EUR'. Entity 2: 'nan UCK-G2-PlusUbiquiti Unifi Cloud Key, G2, with HDD  1.15 GHS'.",No
Do the two product descriptions refer to the same real-world product? Entity 1: 'MAXXIS MAXXIS AGGRESSOR 29X2.3 EXO/TR 70.00 AUD'. Entity 2: 'nan Maxxis Tire Assegai 3C MAXXTERRA/EXO+/TR Foldable 27.5x2.50WT  nan nan'.,No
"Do the two product descriptions refer to the same real-world product? Entity 1: 'nan Hard disk server HP Hot-Plug SC Enterprise SAS 6G 900GB 10000 RPM 2.5"" 1616.8100 RON'. Entity 2: 'nan HP 300GB 6G SAS 10K rpm SFF (2.5-inch) SC Enterprise  nan nan'.",No
"Do the two product descriptions refer to the same real-world product? Entity 1: 'nan Evans 14\"" TT14EC2S Clear Drum Head 18.99 USD'. Entity 2: 'iiyama iiyama Prolite 27\"" XUB2792QSU-B1 WQHD IPS Monitor Tilt/Swivel/Pivot  254.48 GBP'.",No
Do the two product descriptions refer to the same real-world product? Entity 1: 'nan SSD TRANSCEND SSD230S 128Gb 3D NAND SATA 3 Aluminium (TS128GSSD230S) 188 RON'. Entity 2: 'Samsung Samsung T7 Touch Black 1TB Portable SSD with Fingerprint ID  217.10 GBP'.,No
Do the two product descriptions refer to the same real-world product? Entity 1: 'nan Canon EF-S 18-200mm f/3.5-5.6 IS 699.99 USD'. Entity 2: 'Canon Canon EF-S 18-135/3.5-5.6 IS USM  5818 SEK'.,No
Do the two product descriptions refer to the same real-world product? Entity 1: 'nan Lacie 5TB USB-C Mobile Drive prenosni disk nan nan'. Entity 2: 'nan SRAM NX Eagle PG-1230 Cassetta Pignoni 11-50T 12v 2019  89.90003 EUR'.,No
Do the two product descriptions refer to the same real-world product? Entity 1: 'Ubiquiti Networks (UBNT) Ubiquiti UniFi G3 Bullet Video Camera 167.42 GBP'. Entity 2: 'UBIQUITI Ubiquiti UVC-G3-BULLET (Formerly UVC-G3-AF) UniFi Video Camera G3 1080p PoE IP Camera  118.20 GBP'.,Yes
"Do the two product descriptions refer to the same real-world product? Entity 1: 'nan Sram Force22 PG-1170, 11sp cassette 130.00 CAD'. Entity 2: 'nan Sram PG 1130 11sp cassette 11-36T  129.99 CAD'.",No
"Do the two product descriptions refer to the same real-world product? Entity 1: 'Hikvision Hikvision DS-7216HUHI-K2 Turbo 1080p HD 16CH DVR - HD-TVI AHD IPC - HDMI COAX 395.00 GBP'. Entity 2: 'SAMSUNG SAMSUNG 970 EVO PLUS M.2 2280 500GB PCIe Gen 3.0 x4, NVMe 1.3 V-NAND 3-bit MLC Internal Solid State Drive (SSD) MZ-V7S500B/AM  89.99 USD'.",No
